วันที่,ราคาเปิด,ราคาสูงสุด,ราคาต่ำสุด,ราคาปิด,ปริมาณซื้อขาย
2023-10-19 00:00:00,1958.0,1960.5,1957.0,1959.7,0
2023-10-19 01:00:00,1959.7,1960.9,1957.6,1958.7,3167
2023-10-19 02:00:00,1958.7,1960.3,1957.4,1959.2,3561
2023-10-19 03:00:00,1959.8,1964.6,1959.6,1961.0,9126
2023-10-19 04:00:00,1960.9,1966.6,1959.7,1961.4,8269
2023-10-19 05:00:00,1961.4,1962.5,1959.5,1962.5,4477
2023-10-19 06:00:00,1962.4,1963.3,1960.8,1962.8,4426
2023-10-19 07:00:00,1962.8,1964.1,1961.3,1963.9,5164
2023-10-19 08:00:00,1963.9,1968.9,1962.3,1966.7,23134
2023-10-19 09:00:00,1966.6,1968.3,1961.6,1966.2,19848
2023-10-19 10:00:00,1966.1,1966.8,1961.4,1962.0,18955
2023-10-19 11:00:00,1962.0,1972.2,1961.7,1968.0,23671
2023-10-19 12:00:00,1968.1,1974.3,1963.8,1974.1,34611
2023-10-19 13:00:00,1974.1,1985.4,1972.9,1985.1,40136
2023-10-19 14:00:00,1985.1,1987.5,1982.8,1985.5,14142
2023-10-19 15:00:00,1985.5,1990.2,1985.4,1986.8,14372
2023-10-19 16:00:00,1986.9,1987.8,1985.1,1986.8,3221
2023-10-19 18:00:00,1988.0,1988.5,1984.5,1984.5,0
2023-10-19 19:00:00,1984.5,1994.3,1984.4,1989.0,7580
2023-10-19 20:00:00,1988.9,1989.5,1985.7,1986.6,4760
2023-10-19 21:00:00,1986.5,1989.9,1983.7,1989.8,7364
2023-10-19 22:00:00,1989.7,1993.8,1988.5,1991.4,6411
2023-10-19 23:00:00,1991.4,1992.5,1989.0,1989.6,3847
2023-10-20 00:00:00,1989.6,1990.1,1988.5,1989.1,1646
2023-10-20 01:00:00,1989.1,1991.7,1987.7,1989.3,5210
2023-10-20 02:00:00,1989.3,1991.8,1985.9,1991.2,8801
2023-10-20 03:00:00,1991.1,1993.8,1990.0,1991.9,7264
2023-10-20 04:00:00,1991.9,1997.2,1991.7,1995.6,7670
2023-10-20 05:00:00,1995.6,1997.2,1992.2,1994.6,10551
2023-10-20 06:00:00,1994.5,1996.2,1994.1,1995.0,4221
2023-10-20 07:00:00,1995.0,1997.6,1987.8,1989.1,14740
2023-10-20 08:00:00,1989.0,1991.8,1984.7,1989.8,20196
2023-10-20 09:00:00,1989.9,2000.4,1988.2,1999.2,29558
2023-10-20 10:00:00,1999.1,2003.4,1996.1,2002.8,32397
2023-10-20 11:00:00,2002.9,2009.2,2001.6,2003.3,30865
2023-10-20 12:00:00,2003.4,2004.4,1992.6,1994.2,23120
2023-10-20 13:00:00,1994.2,1998.4,1985.6,1994.3,30075
2023-10-20 14:00:00,1994.4,1994.5,1988.0,1992.1,10002
2023-10-20 15:00:00,1992.2,1994.0,1990.7,1991.5,5388
2023-10-20 16:00:00,1991.4,1993.9,1990.7,1993.1,2677
2023-10-22 18:00:00,1987.7,1989.9,1971.0,1987.6,4613
2023-10-22 19:00:00,1987.7,1989.5,1981.2,1982.8,3480
2023-10-22 20:00:00,1982.7,1984.7,1975.5,1977.4,6887
2023-10-22 21:00:00,1977.5,1979.9,1975.5,1978.1,6004
2023-10-22 22:00:00,1978.0,1985.6,1977.9,1983.9,5412
2023-10-22 23:00:00,1983.8,1986.3,1982.9,1984.9,3884
2023-10-23 00:00:00,1984.9,1986.1,1984.1,1985.2,3090
2023-10-23 01:00:00,1985.1,1988.1,1984.2,1986.8,4204
2023-10-23 02:00:00,1987.0,1988.7,1986.3,1986.9,4066
2023-10-23 03:00:00,1986.9,1991.3,1985.8,1991.0,7739
2023-10-23 04:00:00,1990.9,1993.9,1990.5,1992.9,6313
2023-10-23 05:00:00,1993.0,1994.3,1988.4,1989.1,6831
2023-10-23 06:00:00,1989.2,1990.0,1986.6,1989.1,5127
2023-10-23 07:00:00,1989.0,1991.4,1987.2,1990.9,7121
2023-10-23 08:00:00,1990.8,1993.4,1987.4,1988.9,22809
2023-10-23 09:00:00,1988.9,1991.5,1981.3,1986.1,25276
2023-10-23 10:00:00,1986.1,1990.2,1983.7,1987.7,18499
2023-10-23 11:00:00,1987.7,1990.4,1984.8,1986.6,19113
2023-10-23 12:00:00,1986.6,1990.9,1985.0,1986.0,11379
2023-10-23 13:00:00,1986.0,1989.3,1983.5,1987.6,16809
2023-10-23 14:00:00,1987.7,1989.8,1987.2,1989.0,3579
2023-10-23 15:00:00,1989.0,1989.4,1982.6,1984.8,7944
2023-10-23 16:00:00,1984.8,1985.1,1983.0,1984.3,3093
2023-10-23 18:00:00,1984.1,1985.1,1984.0,1984.3,0
2023-10-23 19:00:00,1984.2,1985.2,1982.6,1984.6,1693
2023-10-23 20:00:00,1984.7,1986.9,1983.6,1985.0,3950
2023-10-23 21:00:00,1984.9,1989.9,1984.9,1987.7,4470
2023-10-23 22:00:00,1987.7,1992.0,1986.8,1988.8,6111
2023-10-23 23:00:00,1988.8,1989.3,1986.4,1987.9,3283
2023-10-24 00:00:00,1987.8,1988.4,1986.3,1987.1,2188
2023-10-24 01:00:00,1987.2,1987.6,1985.4,1987.3,2108
2023-10-24 02:00:00,1987.4,1989.1,1986.7,1988.7,3931
2023-10-24 03:00:00,1988.7,1990.3,1986.0,1986.5,6672
2023-10-24 04:00:00,1986.6,1987.1,1981.0,1983.2,11041
2023-10-24 05:00:00,1983.1,1983.5,1975.9,1977.5,15176
2023-10-24 06:00:00,1977.5,1978.6,1972.0,1973.1,9193
2023-10-24 07:00:00,1973.0,1975.3,1964.6,1974.7,16772
2023-10-24 08:00:00,1974.7,1978.0,1971.7,1976.0,13442
2023-10-24 09:00:00,1976.0,1977.4,1970.0,1975.9,22755
2023-10-24 10:00:00,1975.8,1977.2,1972.8,1975.0,15628
2023-10-24 11:00:00,1974.9,1981.5,1972.2,1981.1,15150
2023-10-24 12:00:00,1981.1,1987.8,1980.2,1985.6,13898
2023-10-24 13:00:00,1985.6,1989.0,1984.9,1987.2,12165
2023-10-24 14:00:00,1987.2,1987.6,1983.0,1985.0,5132
2023-10-24 15:00:00,1985.0,1985.3,1982.4,1984.0,3793
2023-10-24 16:00:00,1984.0,1984.5,1982.1,1982.1,2121
2023-10-24 18:00:00,1982.7,1982.9,1981.2,1981.6,0
2023-10-24 19:00:00,1981.5,1984.3,1981.5,1983.7,1648
2023-10-24 20:00:00,1983.8,1986.1,1983.0,1985.6,3584
2023-10-24 21:00:00,1985.4,1987.9,1983.8,1986.9,4395
2023-10-24 22:00:00,1987.0,1987.8,1982.2,1983.7,4244
2023-10-24 23:00:00,1983.8,1984.3,1981.6,1983.6,2631
2023-10-25 00:00:00,1983.8,1985.3,1982.6,1983.2,4217
2023-10-25 01:00:00,1983.1,1984.4,1981.5,1983.7,2321
2023-10-25 02:00:00,1983.8,1986.9,1981.8,1982.1,5593
2023-10-25 03:00:00,1982.1,1983.9,1979.2,1982.2,7311
2023-10-25 04:00:00,1982.2,1985.8,1981.4,1982.3,5979
2023-10-25 05:00:00,1982.2,1982.7,1980.2,1980.2,6178
2023-10-25 06:00:00,1980.3,1984.8,1980.2,1984.0,4653
2023-10-25 07:00:00,1983.9,1987.6,1983.4,1985.8,6336
2023-10-25 08:00:00,1985.8,1988.0,1983.4,1986.1,18824
2023-10-25 09:00:00,1986.2,1998.6,1985.8,1996.4,33131
2023-10-25 10:00:00,1996.3,1997.5,1985.9,1988.2,23568
2023-10-25 11:00:00,1988.1,1996.7,1973.6,1992.4,57634
2023-10-25 12:00:00,1992.3,1994.8,1988.5,1989.1,10267
2023-10-25 13:00:00,1989.1,1997.2,1987.4,1994.3,19476
2023-10-25 14:00:00,1994.2,1995.9,1992.0,1992.7,4962
2023-10-25 15:00:00,1992.6,1993.7,1991.5,1992.0,4267
2023-10-25 16:00:00,1992.0,1992.0,1988.6,1991.2,3456
2023-10-25 18:00:00,1991.2,1994.6,1990.4,1992.2,0
2023-10-25 19:00:00,1992.4,1993.9,1991.5,1992.8,3594
2023-10-25 20:00:00,1992.8,1994.7,1992.3,1993.3,2739
2023-10-25 21:00:00,1993.4,1996.8,1993.2,1995.3,5220
2023-10-25 22:00:00,1995.2,1997.1,1994.6,1995.0,2791
2023-10-25 23:00:00,1995.0,1997.4,1993.6,1997.3,3495
2023-10-26 00:00:00,1997.3,1999.7,1997.2,1998.8,3356
2023-10-26 01:00:00,1998.7,1999.9,1994.9,1995.9,6486
2023-10-26 02:00:00,1995.9,1998.5,1994.1,1995.2,6651
2023-10-26 03:00:00,1995.2,2000.5,1994.6,2000.5,8846
2023-10-26 04:00:00,2000.4,2003.7,1998.9,2002.3,9365
2023-10-26 05:00:00,2002.3,2002.3,1999.2,2000.9,7139
2023-10-26 06:00:00,2000.8,2001.5,1996.1,1996.8,7148
2023-10-26 07:00:00,1996.7,1997.6,1992.6,1994.4,8185
2023-10-26 08:00:00,1994.4,1996.7,1984.1,1989.5,31992
2023-10-26 09:00:00,1989.5,1991.9,1984.6,1988.8,21977
2023-10-26 10:00:00,1988.8,1990.6,1981.6,1989.5,22696
2023-10-26 11:00:00,1989.6,1991.4,1986.2,1990.2,11881
2023-10-26 12:00:00,1990.2,1996.1,1989.6,1994.4,12740
2023-10-26 13:00:00,1994.4,1999.7,1994.3,1997.3,16243
2023-10-26 14:00:00,1997.3,1997.4,1994.8,1996.3,4460
2023-10-26 15:00:00,1996.3,1997.2,1992.5,1994.7,5640
2023-10-26 16:00:00,1994.7,1995.9,1994.1,1995.0,1886
2023-10-26 18:00:00,1995.0,1995.6,1993.9,1995.3,0
2023-10-26 19:00:00,1995.4,1996.8,1993.5,1994.3,2234
2023-10-26 20:00:00,1994.3,1994.7,1992.8,1993.4,2266
2023-10-26 21:00:00,1993.3,1996.5,1993.0,1995.1,3779
2023-10-26 22:00:00,1995.5,1998.5,1995.5,1996.7,4276
2023-10-26 23:00:00,1996.7,1998.3,1996.4,1997.6,1571
2023-10-27 00:00:00,1997.8,1999.7,1997.8,1999.2,2099
2023-10-27 01:00:00,1999.2,1999.2,1996.2,1998.7,3403
2023-10-27 02:00:00,1998.8,1999.8,1996.0,1997.2,4563
2023-10-27 03:00:00,1997.2,1998.9,1995.5,1997.2,4634
2023-10-27 04:00:00,1997.2,1997.4,1995.3,1996.9,3256
2023-10-27 05:00:00,1996.9,1997.9,1995.1,1995.7,5023
2023-10-27 06:00:00,1995.7,1996.2,1990.3,1990.4,5507
2023-10-27 07:00:00,1990.3,1992.8,1989.6,1991.7,5241
2023-10-27 08:00:00,1991.6,1996.2,1986.6,1990.1,25807
2023-10-27 09:00:00,1990.0,1995.0,1986.4,1993.3,22927
2023-10-27 10:00:00,1992.9,1995.7,1990.9,1991.9,16915
2023-10-27 11:00:00,1992.0,1993.4,1988.4,1989.8,14888
2023-10-27 12:00:00,1989.8,1993.8,1989.0,1993.7,8624
2023-10-27 13:00:00,1993.7,2007.3,1993.0,2007.1,24923
2023-10-27 14:00:00,2007.2,2019.0,2006.2,2015.5,29571
2023-10-27 15:00:00,2015.5,2019.7,2014.8,2016.8,10218
2023-10-27 16:00:00,2016.8,2016.9,2014.4,2016.2,4085
2023-10-29 18:00:00,2013.5,2016.7,2007.1,2011.4,8141
2023-10-29 19:00:00,2011.5,2013.8,2010.6,2012.8,3029
2023-10-29 20:00:00,2012.8,2016.8,2012.3,2014.6,4009
2023-10-29 21:00:00,2014.6,2015.9,2012.4,2014.4,3682
2023-10-29 22:00:00,2014.4,2014.8,2011.8,2012.5,2706
2023-10-29 23:00:00,2012.5,2013.2,2011.1,2012.0,1998
2023-10-30 00:00:00,2011.7,2012.3,2009.7,2011.1,1956
2023-10-30 01:00:00,2010.9,2012.3,2009.0,2009.2,2125
2023-10-30 02:00:00,2009.2,2010.3,2004.4,2005.0,5277
2023-10-30 03:00:00,2004.9,2007.3,2002.8,2003.0,7876
2023-10-30 04:00:00,2003.1,2004.6,1999.7,2003.4,7887
2023-10-30 05:00:00,2003.5,2006.8,2001.3,2006.2,7284
2023-10-30 06:00:00,2006.3,2007.0,2003.6,2003.9,5634
2023-10-30 07:00:00,2003.9,2005.4,2002.0,2005.3,5606
2023-10-30 08:00:00,2005.4,2010.1,2003.2,2007.7,16306
2023-10-30 09:00:00,2007.7,2012.4,2005.7,2008.3,20744
2023-10-30 10:00:00,2008.2,2012.2,2001.5,2006.8,29828
2023-10-30 11:00:00,2006.8,2010.3,2005.8,2008.8,11674
2023-10-30 12:00:00,2008.9,2010.5,2007.4,2008.6,9255
2023-10-30 13:00:00,2008.7,2009.6,2004.3,2007.7,11011
2023-10-30 14:00:00,2007.8,2009.6,2007.2,2007.7,3878
2023-10-30 15:00:00,2007.6,2008.7,2004.4,2005.7,4971
2023-10-30 16:00:00,2005.7,2006.6,2005.0,2005.7,2173
2023-10-30 18:00:00,2005.6,2006.3,2004.5,2004.7,0
2023-10-30 19:00:00,2004.7,2005.7,2003.6,2004.9,1617
2023-10-30 20:00:00,2004.8,2005.6,2003.6,2004.9,1822
2023-10-30 21:00:00,2004.7,2006.5,2003.9,2005.5,2437
2023-10-30 22:00:00,2005.6,2006.4,2003.5,2003.7,1536
2023-10-30 23:00:00,2003.7,2004.3,2001.0,2001.1,4216
2023-10-31 00:00:00,2001.5,2002.4,1999.9,2002.0,2516
2023-10-31 01:00:00,2002.1,2004.5,2002.0,2002.2,2535
2023-10-31 02:00:00,2002.4,2004.3,2001.6,2004.0,2342
2023-10-31 03:00:00,2004.0,2007.0,2003.8,2005.6,4314
2023-10-31 04:00:00,2005.5,2008.6,2004.2,2006.4,5560
2023-10-31 05:00:00,2006.3,2007.7,2005.5,2006.6,3773
2023-10-31 06:00:00,2006.7,2009.4,2005.7,2009.3,4526
2023-10-31 07:00:00,2009.2,2009.7,2006.9,2009.3,4443
2023-10-31 08:00:00,2009.2,2011.0,2004.1,2004.8,19965
2023-10-31 09:00:00,2004.8,2013.9,2003.6,2012.3,23205
2023-10-31 10:00:00,2012.3,2017.7,2008.0,2008.3,32151
2023-10-31 11:00:00,2008.3,2008.6,2001.5,2003.4,26570
2023-10-31 12:00:00,2003.3,2004.0,1995.5,1999.8,20837
2023-10-31 13:00:00,1999.9,2000.4,1992.2,1992.8,19579
2023-10-31 14:00:00,1993.9,1994.0,1987.4,1993.4,13069
2023-10-31 15:00:00,1993.2,1995.6,1992.9,1993.6,5714
2023-10-31 16:00:00,1993.6,1994.0,1991.8,1992.7,2417
2023-10-31 18:00:00,1993.3,1994.8,1992.0,1993.4,0
2023-10-31 19:00:00,1993.5,1994.1,1992.0,1992.6,1296
2023-10-31 20:00:00,1992.5,1992.9,1987.7,1988.8,3533
2023-10-31 21:00:00,1988.8,1990.3,1986.7,1988.3,3841
2023-10-31 22:00:00,1988.2,1989.6,1986.9,1987.1,3360
2023-10-31 23:00:00,1986.9,1987.8,1985.4,1985.6,2421
2023-11-01 00:00:00,1985.6,1986.9,1983.7,1986.2,3269
2023-11-01 01:00:00,1986.2,1988.0,1984.9,1987.6,2450
2023-11-01 02:00:00,1987.6,1989.5,1987.6,1988.7,2882
2023-11-01 03:00:00,1988.6,1989.0,1985.0,1985.7,4212
2023-11-01 04:00:00,1985.8,1991.6,1985.7,1991.2,4756
2023-11-01 05:00:00,1991.2,1992.6,1989.2,1991.4,4437
2023-11-01 06:00:00,1991.5,1993.0,1990.8,1992.1,4104
2023-11-01 07:00:00,1992.1,1994.2,1991.2,1992.4,4411
2023-11-01 08:00:00,1992.4,1997.7,1992.2,1995.7,17579
2023-11-01 09:00:00,1995.7,1996.4,1989.8,1994.7,19167
2023-11-01 10:00:00,1994.7,2005.9,1994.7,1995.5,25126
2023-11-01 11:00:00,1995.5,1996.0,1986.8,1988.0,17584
2023-11-01 12:00:00,1988.0,1989.2,1982.8,1986.5,13834
2023-11-01 13:00:00,1986.5,1988.7,1986.1,1986.6,6856
2023-11-01 14:00:00,1986.7,1991.3,1978.2,1983.6,26119
2023-11-01 15:00:00,1983.5,1991.2,1983.3,1987.2,13342
2023-11-01 16:00:00,1987.1,1991.8,1985.7,1991.3,3256
2023-11-01 18:00:00,1992.0,1992.0,1989.3,1992.0,0
2023-11-01 19:00:00,1991.9,1993.9,1987.5,1993.4,4931
2023-11-01 20:00:00,1993.3,1994.2,1991.7,1992.5,4120
2023-11-01 21:00:00,1992.4,1996.0,1992.0,1994.1,3578
2023-11-01 22:00:00,1994.0,1994.4,1991.1,1991.5,2819
2023-11-01 23:00:00,1991.2,1993.3,1991.1,1993.2,1723
2023-11-02 00:00:00,1993.3,1994.2,1991.8,1993.8,2643
2023-11-02 01:00:00,1993.7,1994.4,1991.9,1993.2,3237
2023-11-02 02:00:00,1993.1,1994.1,1992.2,1993.7,2791
2023-11-02 03:00:00,1993.7,1994.3,1991.4,1993.2,4410
2023-11-02 04:00:00,1993.2,1996.2,1992.2,1994.4,4604
2023-11-02 05:00:00,1994.4,1997.4,1994.2,1995.9,3789
2023-11-02 06:00:00,1995.9,1997.3,1993.6,1996.7,4836
2023-11-02 07:00:00,1996.7,1998.3,1995.2,1996.3,4275
2023-11-02 08:00:00,1996.4,1999.1,1994.5,1998.3,14613
2023-11-02 09:00:00,1998.4,1999.2,1989.6,1991.9,24359
2023-11-02 10:00:00,1991.9,1993.5,1987.9,1992.0,20864
2023-11-02 11:00:00,1992.0,1992.8,1986.3,1988.8,15694
2023-11-02 12:00:00,1988.8,1991.0,1986.4,1989.3,10991
2023-11-02 13:00:00,1989.4,1994.4,1989.0,1992.8,9577
2023-11-02 14:00:00,1992.8,1994.0,1992.0,1993.6,2553
2023-11-02 15:00:00,1993.6,1994.2,1991.4,1993.0,2687
2023-11-02 16:00:00,1993.0,1993.6,1992.1,1993.3,1382
2023-11-02 18:00:00,1993.5,1994.1,1992.0,1992.4,0
2023-11-02 19:00:00,1992.4,1993.8,1991.8,1992.4,958
2023-11-02 20:00:00,1992.5,1993.7,1992.4,1993.0,1048
2023-11-02 21:00:00,1993.1,1993.1,1990.6,1991.4,2809
2023-11-02 22:00:00,1991.4,1995.4,1991.3,1994.9,2873
2023-11-02 23:00:00,1994.9,1995.0,1992.7,1992.7,1321
2023-11-03 00:00:00,1993.1,1994.2,1992.8,1993.3,2112
2023-11-03 01:00:00,1993.3,1994.7,1993.2,1994.5,1021
2023-11-03 02:00:00,1994.6,1995.8,1993.4,1995.0,2399
2023-11-03 03:00:00,1994.9,1996.8,1992.1,1994.1,5838
2023-11-03 04:00:00,1994.0,1996.6,1993.7,1996.1,3166
2023-11-03 05:00:00,1996.0,1997.6,1995.8,1996.4,5529
2023-11-03 06:00:00,1996.4,1997.2,1994.5,1995.7,4647
2023-11-03 07:00:00,1995.7,1996.1,1994.3,1995.0,3115
2023-11-03 08:00:00,1995.0,2011.9,1989.3,2007.9,40926
2023-11-03 09:00:00,2008.0,2009.9,1993.6,2003.1,58441
2023-11-03 10:00:00,2003.2,2007.4,1996.1,2002.2,29375
2023-11-03 11:00:00,2002.4,2003.6,1998.4,1999.2,12577
2023-11-03 12:00:00,1999.3,2000.7,1996.7,1997.6,13051
2023-11-03 13:00:00,1997.7,2001.1,1997.1,2000.4,11293
2023-11-03 14:00:00,2000.5,2002.6,2000.1,2002.5,3461
2023-11-03 15:00:00,2002.5,2002.6,1998.9,2000.0,2890
2023-11-03 16:00:00,1999.9,2000.3,1999.3,1999.9,1544
2023-11-05 18:00:00,1999.4,2000.1,1994.2,1995.6,2918
2023-11-05 19:00:00,1995.7,1998.8,1994.2,1998.1,2776
2023-11-05 20:00:00,1998.0,2000.0,1996.6,1999.1,4028
2023-11-05 21:00:00,1999.1,1999.9,1993.5,1993.8,3145
2023-11-05 22:00:00,1993.9,1995.1,1988.8,1992.2,6715
2023-11-05 23:00:00,1992.2,1992.2,1990.3,1990.8,1531
2023-11-06 00:00:00,1990.7,1992.2,1989.1,1990.7,3826
2023-11-06 01:00:00,1990.6,1992.2,1990.3,1991.0,3321
2023-11-06 02:00:00,1990.9,1991.7,1989.0,1990.2,3631
2023-11-06 03:00:00,1990.2,1995.0,1989.6,1992.9,5974
2023-11-06 04:00:00,1993.0,1994.4,1992.6,1993.9,4541
2023-11-06 05:00:00,1994.0,1995.4,1993.2,1994.4,3836
2023-11-06 06:00:00,1994.4,1994.8,1993.2,1994.8,3002
2023-11-06 07:00:00,1994.7,1995.2,1990.0,1991.2,8695
2023-11-06 08:00:00,1991.3,1996.3,1990.3,1993.4,14681
2023-11-06 09:00:00,1993.5,1995.4,1990.8,1991.7,16766
2023-11-06 10:00:00,1991.6,1992.8,1987.8,1988.0,17927
2023-11-06 11:00:00,1988.0,1991.2,1986.7,1990.4,13416
2023-11-06 12:00:00,1990.4,1991.5,1989.9,1990.8,4903
2023-11-06 13:00:00,1990.7,1990.7,1987.4,1988.2,6840
2023-11-06 14:00:00,1988.2,1988.4,1985.8,1987.0,4200
2023-11-06 15:00:00,1987.0,1987.0,1984.4,1984.6,4001
2023-11-06 16:00:00,1984.7,1985.8,1984.2,1984.7,1680
2023-11-06 18:00:00,1984.8,1985.2,1982.5,1983.5,0
2023-11-06 19:00:00,1983.5,1983.8,1982.1,1982.5,2137
2023-11-06 20:00:00,1982.5,1983.3,1981.2,1982.2,3291
2023-11-06 21:00:00,1982.2,1982.6,1979.5,1979.5,2723
2023-11-06 22:00:00,1979.6,1980.4,1978.9,1979.2,11373
2023-11-06 23:00:00,1979.1,1980.0,1977.4,1978.0,2672
2023-11-07 00:00:00,1977.8,1980.8,1977.6,1980.2,4232
2023-11-07 01:00:00,1980.1,1980.5,1977.6,1977.6,4580
2023-11-07 02:00:00,1977.5,1977.6,1973.6,1975.7,11172
2023-11-07 03:00:00,1975.7,1976.7,1972.5,1973.1,7901
2023-11-07 04:00:00,1972.8,1975.5,1970.6,1972.8,8075
2023-11-07 05:00:00,1972.7,1974.5,1971.9,1972.6,5020
2023-11-07 06:00:00,1972.5,1972.7,1968.6,1970.2,8341
2023-11-07 07:00:00,1970.2,1970.7,1963.4,1965.1,18564
2023-11-07 08:00:00,1965.0,1973.6,1962.8,1973.1,20651
2023-11-07 09:00:00,1973.2,1974.0,1966.5,1966.7,20277
2023-11-07 10:00:00,1966.7,1972.2,1966.5,1969.9,16258
2023-11-07 11:00:00,1969.9,1973.2,1969.7,1971.2,11090
2023-11-07 12:00:00,1971.3,1971.4,1968.2,1970.6,10528
2023-11-07 13:00:00,1970.5,1976.5,1970.2,1976.1,20089
2023-11-07 14:00:00,1976.1,1976.6,1973.9,1974.2,4628
2023-11-07 15:00:00,1974.1,1975.6,1973.6,1975.4,2670
2023-11-07 16:00:00,1975.3,1976.4,1974.7,1975.6,1365
2023-11-07 18:00:00,1975.3,1975.8,1974.5,1975.2,0
2023-11-07 19:00:00,1975.4,1976.4,1974.2,1974.5,1856
2023-11-07 20:00:00,1974.5,1976.4,1973.9,1975.1,2188
2023-11-07 21:00:00,1975.1,1977.5,1973.6,1974.8,3002
2023-11-07 22:00:00,1974.8,1975.1,1973.6,1973.8,1544
2023-11-07 23:00:00,1973.8,1974.0,1973.6,1973.8,1253
2023-11-08 00:00:00,1973.8,1974.1,1971.2,1971.6,2322
2023-11-08 01:00:00,1971.7,1975.3,1971.1,1973.3,3560
2023-11-08 02:00:00,1973.3,1974.8,1971.7,1973.8,3408
2023-11-08 03:00:00,1973.8,1975.3,1973.1,1974.4,3253
2023-11-08 04:00:00,1974.5,1974.6,1971.5,1971.7,4745
2023-11-08 05:00:00,1971.5,1971.6,1965.8,1968.1,8325
2023-11-08 06:00:00,1968.1,1971.4,1967.9,1970.7,5060
2023-11-08 07:00:00,1970.7,1970.8,1968.0,1968.9,4808
2023-11-08 08:00:00,1969.0,1973.0,1968.8,1971.0,11573
2023-11-08 09:00:00,1971.0,1972.6,1965.7,1966.3,13474
2023-11-08 10:00:00,1966.2,1966.7,1956.8,1961.7,37957
2023-11-08 11:00:00,1961.5,1964.0,1958.2,1961.0,17153
2023-11-08 12:00:00,1961.0,1962.9,1958.0,1959.8,8419
2023-11-08 13:00:00,1959.9,1960.8,1956.8,1958.0,21119
2023-11-08 14:00:00,1958.1,1958.1,1953.4,1954.0,5203
2023-11-08 15:00:00,1954.1,1956.1,1953.2,1955.7,4533
2023-11-08 16:00:00,1955.8,1956.8,1955.5,1956.2,4242
2023-11-08 18:00:00,1955.5,1957.4,1955.2,1956.1,0
2023-11-08 19:00:00,1956.1,1957.4,1954.2,1957.4,2205
2023-11-08 20:00:00,1957.3,1959.8,1956.7,1958.6,4253
2023-11-08 21:00:00,1958.7,1958.7,1954.0,1955.1,4617
2023-11-08 22:00:00,1955.0,1955.5,1952.8,1954.2,2371
2023-11-08 23:00:00,1954.2,1954.8,1953.3,1954.2,3357
2023-11-09 00:00:00,1954.4,1955.2,1952.8,1955.1,2082
2023-11-09 01:00:00,1955.0,1955.4,1954.0,1954.3,2641
2023-11-09 02:00:00,1954.2,1955.6,1953.7,1954.5,4501
2023-11-09 03:00:00,1954.5,1954.9,1948.3,1953.4,10790
2023-11-09 04:00:00,1953.4,1954.7,1951.4,1951.8,5468
2023-11-09 05:00:00,1951.7,1953.4,1950.1,1952.0,4120
2023-11-09 06:00:00,1951.9,1954.2,1950.9,1953.8,2399
2023-11-09 07:00:00,1953.8,1954.0,1950.0,1950.8,9519
2023-11-09 08:00:00,1950.8,1956.6,1949.8,1955.7,20132
2023-11-09 09:00:00,1955.8,1964.1,1953.5,1963.3,22123
2023-11-09 10:00:00,1963.3,1970.4,1960.4,1968.2,23083
2023-11-09 11:00:00,1968.1,1968.9,1964.9,1965.6,12167
2023-11-09 12:00:00,1965.6,1969.3,1965.2,1967.0,7906
2023-11-09 13:00:00,1967.0,1971.5,1963.4,1968.2,22139
2023-11-09 14:00:00,1968.3,1968.5,1961.4,1963.7,10520
2023-11-09 15:00:00,1963.7,1965.5,1962.5,1962.9,4078
2023-11-09 16:00:00,1962.7,1964.1,1962.4,1963.9,2147
2023-11-09 18:00:00,1964.1,1964.2,1962.6,1963.6,0
2023-11-09 19:00:00,1963.6,1965.5,1963.0,1965.3,2436
2023-11-09 20:00:00,1965.3,1965.6,1963.6,1964.1,3117
2023-11-09 21:00:00,1964.0,1965.0,1961.3,1963.2,3454
2023-11-09 22:00:00,1963.0,1965.3,1962.4,1964.4,2493
2023-11-09 23:00:00,1964.4,1964.5,1962.3,1962.6,1964
2023-11-10 00:00:00,1962.6,1962.7,1961.2,1961.9,1432
2023-11-10 01:00:00,1962.0,1962.9,1960.3,1961.6,2236
2023-11-10 02:00:00,1961.6,1961.7,1958.1,1960.0,4672
2023-11-10 03:00:00,1960.1,1961.9,1959.2,1959.5,3897
2023-11-10 04:00:00,1959.4,1960.0,1958.0,1958.4,3405
2023-11-10 05:00:00,1958.4,1958.9,1955.8,1958.5,4653
2023-11-10 06:00:00,1958.5,1958.6,1951.5,1952.7,8761
2023-11-10 07:00:00,1952.7,1953.8,1947.8,1951.7,16828
2023-11-10 08:00:00,1951.7,1953.2,1947.3,1950.5,19854
2023-11-10 09:00:00,1950.6,1952.1,1945.5,1946.9,20089
2023-11-10 10:00:00,1946.8,1951.5,1943.4,1946.4,28464
2023-11-10 11:00:00,1946.5,1947.9,1941.1,1943.8,24562
2023-11-10 12:00:00,1943.7,1944.4,1940.7,1941.0,9774
2023-11-10 13:00:00,1941.0,1941.8,1936.9,1939.9,35131
2023-11-10 14:00:00,1940.1,1941.5,1939.0,1939.6,3965
2023-11-10 15:00:00,1939.6,1940.8,1938.5,1940.2,3543
2023-11-10 16:00:00,1940.3,1943.1,1939.9,1942.7,3450
2023-11-12 18:00:00,1943.4,1945.0,1941.3,1944.5,2996
2023-11-12 19:00:00,1944.5,1946.1,1943.5,1943.5,3492
2023-11-12 20:00:00,1943.4,1945.0,1942.1,1944.4,3354
2023-11-12 21:00:00,1944.5,1945.4,1941.5,1941.5,3393
2023-11-12 22:00:00,1941.6,1942.0,1938.1,1939.4,4031
2023-11-12 23:00:00,1939.4,1939.6,1938.4,1939.5,1161
2023-11-13 00:00:00,1939.8,1943.8,1939.8,1943.1,3620
2023-11-13 01:00:00,1943.1,1944.1,1942.6,1942.7,2399
2023-11-13 02:00:00,1942.6,1945.3,1941.7,1942.7,5848
2023-11-13 03:00:00,1942.6,1943.3,1939.6,1940.6,11763
2023-11-13 04:00:00,1940.5,1944.6,1940.1,1942.2,4316
2023-11-13 05:00:00,1942.2,1943.7,1941.0,1943.6,3591
2023-11-13 06:00:00,1943.6,1943.8,1941.0,1941.9,3822
2023-11-13 07:00:00,1941.9,1942.3,1939.2,1940.1,6383
2023-11-13 08:00:00,1940.0,1942.1,1937.9,1940.1,12594
2023-11-13 09:00:00,1940.1,1940.3,1936.4,1936.7,13747
2023-11-13 10:00:00,1936.6,1943.0,1935.6,1942.5,19277
2023-11-13 11:00:00,1942.5,1950.9,1942.2,1950.0,16338
2023-11-13 12:00:00,1950.1,1953.5,1949.1,1950.1,22396
2023-11-13 13:00:00,1950.1,1952.2,1949.1,1952.2,11590
2023-11-13 14:00:00,1952.2,1952.3,1950.0,1950.4,4828
2023-11-13 15:00:00,1950.4,1950.9,1949.5,1950.8,2719
2023-11-13 16:00:00,1950.7,1950.9,1950.0,1950.2,1165
2023-11-13 18:00:00,1950.3,1950.7,1949.7,1950.6,0
2023-11-13 19:00:00,1950.6,1951.4,1949.9,1950.8,1660
2023-11-13 20:00:00,1950.8,1952.6,1949.5,1949.7,3169
2023-11-13 21:00:00,1949.7,1950.7,1948.4,1949.7,2534
2023-11-13 22:00:00,1949.7,1949.8,1948.5,1948.6,1451
2023-11-13 23:00:00,1948.6,1949.4,1947.7,1948.6,1627
2023-11-14 00:00:00,1948.5,1949.1,1947.4,1948.2,1668
2023-11-14 01:00:00,1948.2,1949.8,1948.0,1948.6,2646
2023-11-14 02:00:00,1948.6,1950.5,1948.2,1949.5,2590
2023-11-14 03:00:00,1949.4,1950.0,1948.0,1949.2,3617
2023-11-14 04:00:00,1949.3,1951.8,1949.1,1951.0,5820
2023-11-14 05:00:00,1951.1,1952.0,1950.1,1950.8,3809
2023-11-14 06:00:00,1950.8,1951.1,1948.9,1949.7,3350
2023-11-14 07:00:00,1949.7,1950.5,1948.6,1949.0,3292
2023-11-14 08:00:00,1949.0,1964.4,1938.8,1958.4,43983
2023-11-14 09:00:00,1958.3,1975.3,1957.7,1972.0,37670
2023-11-14 10:00:00,1971.8,1973.3,1966.2,1968.4,20743
2023-11-14 11:00:00,1968.4,1970.6,1967.0,1968.0,10602
2023-11-14 12:00:00,1968.0,1969.1,1965.6,1966.1,6253
2023-11-14 13:00:00,1966.0,1968.3,1965.3,1966.7,6688
2023-11-14 14:00:00,1966.6,1967.9,1966.3,1967.8,2737
2023-11-14 15:00:00,1967.9,1968.6,1966.9,1967.6,4802
2023-11-14 16:00:00,1967.7,1967.9,1966.4,1967.2,2670
2023-11-14 18:00:00,1966.9,1967.0,1966.0,1966.2,0
2023-11-14 19:00:00,1966.3,1967.4,1965.3,1967.2,2133
2023-11-14 20:00:00,1967.2,1967.5,1965.0,1966.2,3850
2023-11-14 21:00:00,1966.2,1968.2,1966.0,1968.0,2318
2023-11-14 22:00:00,1968.0,1970.6,1968.0,1970.4,2788
2023-11-14 23:00:00,1970.4,1971.6,1969.9,1971.2,1754
2023-11-15 00:00:00,1971.1,1971.3,1969.5,1970.6,2374
2023-11-15 01:00:00,1970.6,1974.2,1970.5,1973.2,3649
2023-11-15 02:00:00,1973.3,1974.6,1970.7,1973.9,6556
2023-11-15 03:00:00,1974.0,1976.2,1973.3,1975.3,5257
2023-11-15 04:00:00,1975.2,1976.0,1973.7,1975.1,3200
2023-11-15 05:00:00,1975.3,1977.8,1975.1,1977.0,4159
2023-11-15 06:00:00,1976.9,1977.5,1975.7,1976.8,2598
2023-11-15 07:00:00,1976.9,1977.3,1974.0,1975.4,5471
2023-11-15 08:00:00,1975.3,1979.2,1967.0,1969.4,22600
2023-11-15 09:00:00,1969.4,1970.6,1958.8,1961.0,21273
2023-11-15 10:00:00,1960.8,1968.3,1960.6,1966.8,16165
2023-11-15 11:00:00,1966.9,1967.4,1962.8,1966.1,12512
2023-11-15 12:00:00,1966.0,1966.9,1964.2,1965.0,6570
2023-11-15 13:00:00,1965.0,1965.7,1962.6,1964.0,5340
2023-11-15 14:00:00,1964.0,1965.7,1963.9,1965.2,2454
2023-11-15 15:00:00,1965.2,1965.7,1962.7,1963.2,3373
2023-11-15 16:00:00,1963.1,1964.3,1962.9,1963.1,1160
2023-11-15 18:00:00,1963.0,1964.0,1962.6,1963.3,0
2023-11-15 19:00:00,1963.3,1964.4,1961.8,1962.6,2208
2023-11-15 20:00:00,1962.5,1962.8,1960.2,1961.0,2662
2023-11-15 21:00:00,1960.9,1963.7,1959.0,1963.4,4688
2023-11-15 22:00:00,1963.5,1964.9,1963.1,1964.1,1993
2023-11-15 23:00:00,1964.1,1965.1,1963.4,1965.0,1385
2023-11-16 00:00:00,1965.2,1966.5,1964.8,1965.6,2144
2023-11-16 01:00:00,1965.6,1969.9,1965.4,1969.6,4012
2023-11-16 02:00:00,1969.6,1970.4,1968.1,1969.3,3263
2023-11-16 03:00:00,1969.1,1970.1,1967.4,1970.1,3448
2023-11-16 04:00:00,1970.1,1971.2,1968.4,1968.8,4099
2023-11-16 05:00:00,1968.8,1969.3,1967.2,1967.6,2884
2023-11-16 06:00:00,1967.5,1969.1,1967.2,1968.1,1897
2023-11-16 07:00:00,1968.2,1968.2,1964.5,1966.9,5116
2023-11-16 08:00:00,1966.8,1976.3,1966.7,1975.0,21922
2023-11-16 09:00:00,1974.9,1985.9,1974.4,1982.7,31685
2023-11-16 10:00:00,1982.7,1989.5,1982.1,1987.9,36072
2023-11-16 11:00:00,1987.9,1991.1,1983.1,1985.1,25176
2023-11-16 12:00:00,1985.1,1986.9,1983.9,1986.5,10409
2023-11-16 13:00:00,1986.6,1988.5,1986.3,1987.3,7690
2023-11-16 14:00:00,1987.3,1987.5,1986.1,1986.5,3007
2023-11-16 15:00:00,1986.5,1987.3,1983.8,1983.9,4179
2023-11-16 16:00:00,1984.0,1984.5,1983.6,1984.3,1377
2023-11-16 18:00:00,1984.2,1985.4,1983.9,1985.2,0
2023-11-16 19:00:00,1985.1,1987.5,1984.2,1987.5,1783
2023-11-16 20:00:00,1987.6,1989.5,1985.2,1986.0,3309
2023-11-16 21:00:00,1986.0,1988.3,1985.8,1987.9,2825
2023-11-16 22:00:00,1987.8,1989.3,1987.7,1989.1,3091
2023-11-16 23:00:00,1989.1,1989.6,1986.9,1988.6,2366
2023-11-17 00:00:00,1988.5,1988.6,1986.7,1986.7,1863
2023-11-17 01:00:00,1986.8,1987.2,1985.0,1986.0,1921
2023-11-17 02:00:00,1985.9,1990.2,1985.3,1990.2,3944
2023-11-17 03:00:00,1990.2,1991.9,1987.1,1991.4,7602
2023-11-17 04:00:00,1991.4,1995.3,1990.9,1994.1,6385
2023-11-17 05:00:00,1994.2,1996.4,1993.4,1994.7,5272
2023-11-17 06:00:00,1994.7,1994.7,1990.3,1991.6,5401
2023-11-17 07:00:00,1991.6,1993.6,1990.4,1991.4,3828
2023-11-17 08:00:00,1991.5,1994.4,1986.1,1987.3,19004
2023-11-17 09:00:00,1987.3,1989.2,1981.8,1982.9,18936
2023-11-17 10:00:00,1982.8,1987.0,1982.4,1986.0,11487
2023-11-17 11:00:00,1986.1,1987.9,1981.9,1983.8,10049
2023-11-17 12:00:00,1983.7,1983.9,1981.1,1983.8,7093
2023-11-17 13:00:00,1983.8,1985.5,1983.2,1984.7,5953
2023-11-17 14:00:00,1984.8,1984.8,1982.5,1983.2,1982
2023-11-17 15:00:00,1983.1,1983.8,1981.7,1983.6,2699
2023-11-17 16:00:00,1983.5,1983.6,1982.5,1983.5,1239
2023-11-19 18:00:00,1980.9,1981.4,1976.0,1977.0,2651
2023-11-19 19:00:00,1977.0,1980.1,1975.8,1980.0,3032
2023-11-19 20:00:00,1980.0,1985.6,1979.9,1983.7,5302
2023-11-19 21:00:00,1983.6,1987.8,1982.3,1985.4,4982
2023-11-19 22:00:00,1985.3,1985.6,1982.7,1984.9,2533
2023-11-19 23:00:00,1985.0,1986.1,1983.4,1983.5,2500
2023-11-20 00:00:00,1983.7,1985.6,1981.7,1982.8,2589
2023-11-20 01:00:00,1982.7,1984.1,1981.0,1982.3,4585
2023-11-20 02:00:00,1982.4,1983.2,1980.3,1980.8,3908
2023-11-20 03:00:00,1980.7,1982.2,1977.9,1979.2,6285
2023-11-20 04:00:00,1979.0,1982.6,1978.4,1981.5,4134
2023-11-20 05:00:00,1981.5,1981.6,1977.1,1978.0,5786
2023-11-20 06:00:00,1977.9,1978.4,1973.5,1975.6,5952
2023-11-20 07:00:00,1975.5,1975.6,1972.5,1974.8,11067
2023-11-20 08:00:00,1974.8,1975.7,1967.6,1970.4,27625
2023-11-20 09:00:00,1970.2,1975.1,1967.2,1972.3,25469
2023-11-20 10:00:00,1972.4,1975.4,1970.8,1974.2,12421
2023-11-20 11:00:00,1974.3,1977.7,1973.5,1977.0,7734
2023-11-20 12:00:00,1977.0,1978.6,1974.8,1976.3,8246
2023-11-20 13:00:00,1976.2,1981.5,1975.8,1979.9,17102
2023-11-20 14:00:00,1979.9,1981.4,1978.0,1980.8,3498
2023-11-20 15:00:00,1980.8,1981.3,1979.3,1980.3,2918
2023-11-20 16:00:00,1980.4,1980.6,1979.4,1980.2,1397
2023-11-20 18:00:00,1980.0,1983.5,1979.9,1983.1,0
2023-11-20 19:00:00,1983.1,1988.5,1982.6,1988.1,3690
2023-11-20 20:00:00,1988.0,1992.2,1985.6,1991.8,7486
2023-11-20 21:00:00,1991.8,1994.4,1990.6,1992.4,5683
2023-11-20 22:00:00,1992.4,1995.9,1991.4,1994.9,3537
2023-11-20 23:00:00,1994.9,1996.2,1992.8,1993.8,3827
2023-11-21 00:00:00,1994.1,1995.1,1992.6,1993.4,3837
2023-11-21 01:00:00,1993.5,1994.2,1991.3,1992.5,4284
2023-11-21 02:00:00,1992.5,1995.5,1992.2,1994.3,5306
2023-11-21 03:00:00,1994.3,1996.2,1988.3,1989.7,9124
2023-11-21 04:00:00,1989.7,1990.5,1986.1,1987.1,6206
2023-11-21 05:00:00,1987.3,1991.9,1987.1,1990.5,5941
2023-11-21 06:00:00,1990.5,1990.8,1987.9,1989.0,4944
2023-11-21 07:00:00,1989.1,1991.3,1988.5,1990.9,12758
2023-11-21 08:00:00,1991.0,2002.7,1991.0,1999.6,32682
2023-11-21 09:00:00,1999.7,2009.7,1999.3,2007.6,36358
2023-11-21 10:00:00,2007.7,2009.8,2005.2,2006.5,25776
2023-11-21 11:00:00,2006.5,2007.6,2000.9,2003.3,17914
2023-11-21 12:00:00,2003.4,2003.8,2001.2,2003.7,9145
2023-11-21 13:00:00,2003.7,2004.0,1999.9,2000.9,12047
2023-11-21 14:00:00,2000.9,2002.8,1998.3,2002.2,6328
2023-11-21 15:00:00,2002.3,2002.4,2000.4,2001.1,3132
2023-11-21 16:00:00,2001.0,2001.1,1999.8,2000.3,1830
2023-11-21 18:00:00,2000.3,2001.8,2000.0,2001.4,0
2023-11-21 19:00:00,2001.2,2001.2,1998.9,1999.4,2431
2023-11-21 20:00:00,1999.4,2000.9,1997.6,1998.2,3348
2023-11-21 21:00:00,1998.1,1999.6,1997.3,1998.4,5244
2023-11-21 22:00:00,1998.4,1999.6,1997.5,1998.1,2211
2023-11-21 23:00:00,1998.1,2001.8,1997.7,2001.0,1901
2023-11-22 00:00:00,2000.7,2001.2,1998.3,2000.2,4067
2023-11-22 01:00:00,2000.2,2002.6,1999.6,2002.1,7500
2023-11-22 02:00:00,2002.2,2005.8,2001.5,2005.5,6890
2023-11-22 03:00:00,2005.4,2008.3,2000.9,2001.4,10798
2023-11-22 04:00:00,2001.3,2005.4,2000.7,2003.9,6421
2023-11-22 05:00:00,2003.8,2004.7,2001.6,2003.0,4894
2023-11-22 06:00:00,2003.0,2005.3,2002.2,2002.5,5348
2023-11-22 07:00:00,2002.4,2005.0,2001.8,2003.6,3537
2023-11-22 08:00:00,2003.6,2005.1,1998.8,2001.0,17452
2023-11-22 09:00:00,2001.1,2004.7,2000.4,2003.8,17340
2023-11-22 10:00:00,2003.8,2003.9,1991.6,1996.9,38547
2023-11-22 11:00:00,1996.9,1997.5,1991.7,1992.8,25296
2023-11-22 12:00:00,1992.8,1994.3,1990.3,1993.4,14035
2023-11-22 13:00:00,1993.3,1994.5,1988.6,1990.3,7952
2023-11-22 14:00:00,1990.3,1993.1,1990.3,1992.5,2820
2023-11-22 15:00:00,1992.6,1993.3,1991.3,1991.6,3158
2023-11-22 16:00:00,1991.5,1992.0,1991.2,1991.5,1349
2023-11-22 18:00:00,1991.2,1992.9,1991.2,1991.5,0
2023-11-22 19:00:00,1991.6,1993.1,1991.3,1992.8,2195
2023-11-22 20:00:00,1992.8,1994.9,1992.0,1994.2,5237
2023-11-22 21:00:00,1994.3,1995.6,1993.9,1995.1,2701
2023-11-22 22:00:00,1995.0,1999.5,1993.8,1998.8,4171
2023-11-22 23:00:00,1998.9,1998.9,1994.2,1996.2,3278
2023-11-23 00:00:00,1996.1,1997.3,1995.2,1997.1,2871
2023-11-23 01:00:00,1997.1,1998.5,1996.0,1997.1,2221
2023-11-23 02:00:00,1997.0,1999.4,1995.1,1997.3,3627
2023-11-23 03:00:00,1997.3,1997.4,1994.5,1995.7,9656
2023-11-23 04:00:00,1995.7,1996.2,1992.9,1995.1,3240
2023-11-23 05:00:00,1995.1,1995.7,1993.0,1994.4,2094
2023-11-23 06:00:00,1994.4,1995.4,1993.8,1994.6,2263
2023-11-23 07:00:00,1994.7,1995.0,1992.8,1993.2,5340
2023-11-23 08:00:00,1993.2,1994.0,1992.5,1993.4,4041
2023-11-23 09:00:00,1993.5,1995.8,1992.6,1994.6,6907
2023-11-23 10:00:00,1994.6,1994.9,1992.7,1993.2,3405
2023-11-23 11:00:00,1993.1,1993.2,1990.9,1991.6,5926
2023-11-23 12:00:00,1991.6,1994.0,1991.6,1993.8,1596
2023-11-23 13:00:00,1993.9,1994.0,1992.7,1992.8,436
2023-11-23 14:00:00,1992.8,1993.7,1992.5,1993.3,239
2023-11-23 18:00:00,1993.7,1995.1,1993.3,1994.8,810
2023-11-23 19:00:00,1994.8,1995.6,1993.7,1994.5,1266
2023-11-23 20:00:00,1994.6,1995.6,1992.1,1993.6,3089
2023-11-23 21:00:00,1993.6,1995.0,1992.7,1993.1,3771
2023-11-23 22:00:00,1993.1,1994.5,1992.4,1994.5,3596
2023-11-23 23:00:00,1994.5,1995.7,1992.1,1994.6,6434
2023-11-24 09:30:00,2000.5,2003.9,2000.2,2002.3,11960
2023-11-24 10:30:00,2002.1,2004.5,1998.1,1999.1,14119
2023-11-24 11:30:00,1999.1,2001.1,1997.8,2000.8,9530
2023-11-24 12:30:00,2000.8,2003.5,2000.4,2002.0,8650
2023-11-26 18:00:00,2002.5,2004.1,2001.4,2002.9,3157
2023-11-26 19:00:00,2003.0,2004.8,2002.5,2002.8,3110
2023-11-26 20:00:00,2002.9,2018.9,2002.9,2012.7,17783
2023-11-26 21:00:00,2012.8,2012.8,2008.1,2011.9,4860
2023-11-26 22:00:00,2011.8,2012.5,2007.9,2010.2,5540
2023-11-26 23:00:00,2010.1,2014.3,2008.9,2013.7,7049
2023-11-27 00:00:00,2013.7,2014.4,2011.5,2011.7,9494
2023-11-27 01:00:00,2011.6,2012.8,2009.4,2010.2,4507
2023-11-27 02:00:00,2010.3,2011.9,2009.9,2011.5,6286
2023-11-27 03:00:00,2011.4,2014.5,2011.1,2014.5,9475
2023-11-27 04:00:00,2014.4,2016.1,2013.6,2013.9,6911
2023-11-27 05:00:00,2014.0,2016.0,2012.4,2015.2,7104
2023-11-27 06:00:00,2015.3,2015.8,2012.3,2013.4,11276
2023-11-27 07:00:00,2013.5,2015.3,2012.4,2014.4,11796
2023-11-27 08:00:00,2014.5,2017.5,2010.4,2011.8,29145
2023-11-27 09:00:00,2011.9,2013.7,2011.3,2012.1,15223
2023-11-27 10:00:00,2012.1,2015.5,2009.2,2010.8,35960
2023-11-27 11:00:00,2010.9,2011.9,2006.1,2011.5,19046
2023-11-27 12:00:00,2011.4,2011.7,2009.3,2010.6,12597
2023-11-27 13:00:00,2010.6,2013.9,2010.1,2013.0,14241
2023-11-27 14:00:00,2012.9,2014.2,2012.6,2013.4,5045
2023-11-27 15:00:00,2013.4,2015.2,2012.5,2014.8,4791
2023-11-27 16:00:00,2014.7,2015.0,2014.0,2014.4,3015
2023-11-27 18:00:00,2014.3,2015.7,2013.8,2015.6,0
2023-11-27 19:00:00,2015.6,2018.2,2015.6,2017.2,2944
2023-11-27 20:00:00,2017.2,2018.1,2013.8,2015.4,3806
2023-11-27 21:00:00,2015.4,2017.9,2014.1,2015.2,2957
2023-11-27 22:00:00,2015.1,2017.1,2014.9,2014.9,2130
2023-11-27 23:00:00,2014.9,2016.9,2014.0,2015.7,1881
2023-11-28 00:00:00,2015.6,2016.0,2014.2,2015.2,2405
2023-11-28 01:00:00,2015.2,2017.0,2014.4,2016.1,2197
2023-11-28 02:00:00,2016.1,2017.0,2012.2,2013.4,4150
2023-11-28 03:00:00,2013.5,2015.9,2012.7,2015.6,5370
2023-11-28 04:00:00,2015.6,2017.0,2014.5,2016.2,4720
2023-11-28 05:00:00,2016.2,2016.5,2013.5,2014.7,3769
2023-11-28 06:00:00,2014.7,2016.2,2014.5,2015.5,4218
2023-11-28 07:00:00,2015.6,2016.4,2014.5,2014.7,6605
2023-11-28 08:00:00,2014.8,2022.9,2011.5,2022.0,21354
2023-11-28 09:00:00,2022.0,2029.3,2020.9,2026.6,25020
2023-11-28 10:00:00,2026.6,2032.6,2024.2,2031.8,25102
2023-11-28 11:00:00,2031.7,2041.9,2031.3,2040.6,22888
2023-11-28 12:00:00,2040.6,2044.1,2039.5,2041.7,12855
2023-11-28 13:00:00,2041.8,2042.5,2039.1,2040.4,9495
2023-11-28 14:00:00,2040.4,2043.5,2040.3,2042.7,3501
2023-11-28 15:00:00,2042.7,2042.8,2040.5,2042.0,3292
2023-11-28 16:00:00,2042.0,2043.0,2040.9,2041.6,998
2023-11-28 18:00:00,2041.7,2046.1,2041.7,2045.1,0
2023-11-28 19:00:00,2045.3,2050.0,2043.8,2050.0,965
2023-11-28 20:00:00,2050.0,2052.1,2047.4,2049.3,649
2023-11-28 21:00:00,2049.1,2049.3,2046.1,2047.7,358
2023-11-28 22:00:00,2047.5,2048.0,2043.9,2045.0,333
2023-11-28 23:00:00,2044.9,2046.8,2044.2,2046.7,144
2023-11-29 00:00:00,2047.9,2049.8,2045.9,2047.0,193
2023-11-29 01:00:00,2046.3,2046.8,2044.2,2045.0,711
2023-11-29 02:00:00,2045.2,2045.5,2041.7,2043.3,454
2023-11-29 03:00:00,2043.2,2064.6,2042.2,2063.8,48113
2023-11-29 04:00:00,2063.7,2064.4,2036.0,2059.1,9579
2023-11-29 05:00:00,2059.2,2059.9,2037.5,2058.3,4337
2023-11-29 06:00:00,2058.2,2061.2,2037.9,2061.2,4941
2023-11-29 07:00:00,2061.2,2063.4,2040.0,2062.4,9941
2023-11-29 08:00:00,2062.6,2064.1,2038.0,2060.1,19065
2023-11-29 09:00:00,2040.0,2066.8,2037.9,2065.5,28388
2023-11-29 10:00:00,2045.9,2068.1,2040.3,2064.2,19621
2023-11-29 11:00:00,2064.1,2064.5,2040.7,2063.2,10311
2023-11-29 12:00:00,2063.1,2066.8,2042.7,2066.0,9734
2023-11-29 13:00:00,2066.0,2069.4,2045.9,2068.9,10244
2023-11-29 14:00:00,2069.0,2070.8,2046.5,2067.4,5300
2023-11-29 15:00:00,2067.5,2067.7,2044.5,2065.7,4475
2023-11-29 16:00:00,2065.7,2066.0,2044.7,2065.5,1310
2023-11-29 18:00:00,2046.1,2065.8,2045.3,2064.8,0
2023-11-29 19:00:00,2064.8,2067.0,2064.3,2066.8,1660
2023-11-29 20:00:00,2066.9,2066.9,2063.1,2063.3,2521
2023-11-29 21:00:00,2063.4,2066.7,2062.6,2066.2,2432
2023-11-29 22:00:00,2066.2,2067.4,2064.4,2066.2,2732
2023-11-29 23:00:00,2066.2,2066.8,2063.4,2064.3,3273
2023-11-30 00:00:00,2064.9,2065.0,2061.5,2061.9,2877
2023-11-30 01:00:00,2061.9,2066.0,2061.8,2065.9,2970
2023-11-30 02:00:00,2065.9,2067.0,2062.2,2064.5,3660
2023-11-30 03:00:00,2064.5,2065.6,2059.8,2060.4,7620
2023-11-30 04:00:00,2060.4,2062.2,2058.5,2059.7,5114
2023-11-30 05:00:00,2059.7,2060.5,2056.4,2058.3,7479
2023-11-30 06:00:00,2058.3,2058.6,2055.3,2057.1,6921
2023-11-30 07:00:00,2056.9,2059.0,2056.7,2058.3,4644
2023-11-30 08:00:00,2058.3,2066.6,2053.3,2056.4,20687
2023-11-30 09:00:00,2056.5,2059.6,2051.2,2056.3,23115
2023-11-30 10:00:00,2056.3,2058.2,2052.2,2057.9,16254
2023-11-30 11:00:00,2057.9,2060.8,2056.4,2059.6,8437
2023-11-30 12:00:00,2059.7,2061.4,2056.6,2057.0,5602
2023-11-30 13:00:00,2057.0,2058.6,2053.5,2054.8,6654
2023-11-30 14:00:00,2054.7,2057.0,2054.5,2055.9,2768
2023-11-30 15:00:00,2055.9,2056.2,2054.5,2056.0,2621
2023-11-30 16:00:00,2055.9,2056.5,2054.6,2056.1,1845
2023-11-30 18:00:00,2056.5,2060.1,2056.5,2059.5,0
2023-11-30 19:00:00,2059.6,2062.2,2059.3,2061.5,2275
2023-11-30 20:00:00,2061.5,2063.1,2060.7,2061.1,3459
2023-11-30 21:00:00,2061.1,2062.2,2059.3,2059.6,2228
2023-11-30 22:00:00,2059.6,2062.2,2058.1,2059.0,3521
2023-11-30 23:00:00,2058.9,2060.2,2058.2,2059.6,822
2023-12-01 00:00:00,2059.7,2061.2,2059.2,2060.6,1355
2023-12-01 01:00:00,2060.5,2062.5,2059.1,2060.0,2352
2023-12-01 02:00:00,2059.9,2061.5,2058.6,2058.9,3030
2023-12-01 03:00:00,2058.9,2065.7,2058.7,2065.1,6018
2023-12-01 04:00:00,2065.1,2069.7,2064.6,2066.2,9929
2023-12-01 05:00:00,2066.2,2067.0,2062.7,2063.3,3784
2023-12-01 06:00:00,2063.3,2063.8,2055.7,2056.4,7790
2023-12-01 07:00:00,2056.4,2057.9,2052.6,2055.3,8035
2023-12-01 08:00:00,2055.2,2058.7,2054.3,2057.0,10522
2023-12-01 09:00:00,2057.0,2063.0,2054.4,2062.2,13691
2023-12-01 10:00:00,2062.2,2073.0,2061.6,2069.0,39990
2023-12-01 11:00:00,2069.1,2080.5,2064.0,2078.6,41546
2023-12-01 12:00:00,2078.5,2087.7,2077.0,2087.3,19566
2023-12-01 13:00:00,2087.3,2095.7,2085.7,2091.8,28646
2023-12-01 14:00:00,2091.9,2092.2,2085.5,2087.0,9253
2023-12-01 15:00:00,2087.0,2090.8,2086.4,2090.3,8340
2023-12-01 16:00:00,2090.4,2092.1,2090.0,2091.7,3048
2023-12-03 18:00:00,2094.4,2152.3,2091.9,2136.5,48665
2023-12-03 19:00:00,2136.5,2138.4,2110.4,2115.6,21328
2023-12-03 20:00:00,2115.7,2118.3,2102.7,2107.7,15105
2023-12-03 21:00:00,2107.8,2108.8,2104.0,2108.2,4625
2023-12-03 22:00:00,2107.9,2109.3,2104.2,2105.5,3293
2023-12-03 23:00:00,2105.6,2105.7,2101.5,2104.8,3595
2023-12-04 00:00:00,2105.2,2111.1,2103.6,2105.7,4826
2023-12-04 01:00:00,2105.5,2107.5,2093.2,2096.0,10277
2023-12-04 02:00:00,2096.2,2098.3,2081.0,2083.0,17331
2023-12-04 03:00:00,2082.9,2090.1,2077.4,2089.2,14383
2023-12-04 04:00:00,2089.2,2096.5,2087.3,2089.9,9676
2023-12-04 05:00:00,2089.9,2090.0,2083.1,2087.5,6784
2023-12-04 06:00:00,2087.4,2090.8,2085.0,2089.8,6794
2023-12-04 07:00:00,2089.8,2090.4,2084.3,2088.7,9537
2023-12-04 08:00:00,2088.8,2089.5,2074.5,2076.3,23111
2023-12-04 09:00:00,2076.3,2076.7,2061.1,2068.9,40484
2023-12-04 10:00:00,2069.0,2072.8,2038.4,2041.2,65303
2023-12-04 11:00:00,2041.0,2047.0,2039.3,2044.5,21886
2023-12-04 12:00:00,2044.6,2049.5,2042.0,2044.4,13416
2023-12-04 13:00:00,2044.5,2044.6,2040.7,2042.9,12963
2023-12-04 14:00:00,2042.9,2050.3,2042.1,2049.6,5930
2023-12-04 15:00:00,2049.6,2051.0,2045.0,2045.3,6200
2023-12-04 16:00:00,2045.4,2049.0,2045.4,2048.2,2438
2023-12-04 18:00:00,2049.0,2052.5,2046.5,2052.4,0
2023-12-04 19:00:00,2052.3,2059.6,2051.1,2055.1,7503
2023-12-04 20:00:00,2055.0,2056.7,2052.3,2053.8,7062
2023-12-04 21:00:00,2053.7,2054.8,2051.6,2052.7,3689
2023-12-04 22:00:00,2052.7,2056.1,2052.7,2055.7,3738
2023-12-04 23:00:00,2055.7,2056.6,2048.3,2049.7,4267
2023-12-05 00:00:00,2050.4,2052.0,2049.1,2050.6,4432
2023-12-05 01:00:00,2050.5,2052.8,2050.0,2051.5,3606
2023-12-05 02:00:00,2051.5,2053.2,2049.4,2051.0,5897
2023-12-05 03:00:00,2051.0,2057.8,2050.9,2052.4,9292
2023-12-05 04:00:00,2052.4,2052.4,2046.4,2046.9,7265
2023-12-05 05:00:00,2046.7,2047.6,2041.0,2043.4,6992
2023-12-05 06:00:00,2043.3,2045.7,2039.6,2042.9,5457
2023-12-05 07:00:00,2042.8,2044.8,2040.4,2043.1,5122
2023-12-05 08:00:00,2043.0,2049.0,2042.6,2047.6,14087
2023-12-05 09:00:00,2047.7,2048.3,2033.4,2034.9,22010
2023-12-05 10:00:00,2034.7,2045.3,2027.6,2034.3,45615
2023-12-05 11:00:00,2034.3,2037.6,2030.1,2032.7,16775
2023-12-05 12:00:00,2032.9,2038.8,2032.7,2035.3,11252
2023-12-05 13:00:00,2035.3,2038.1,2034.7,2036.3,7219
2023-12-05 14:00:00,2036.3,2038.5,2035.6,2038.0,2754
2023-12-05 15:00:00,2037.9,2039.4,2036.6,2037.6,3727
2023-12-05 16:00:00,2037.6,2038.2,2036.9,2037.6,1080
2023-12-05 18:00:00,2037.8,2038.3,2035.3,2037.0,0
2023-12-05 19:00:00,2036.9,2040.8,2036.8,2039.8,3153
2023-12-05 20:00:00,2039.8,2040.8,2037.2,2038.7,3364
2023-12-05 21:00:00,2038.7,2040.0,2037.4,2038.8,2669
2023-12-05 22:00:00,2038.9,2041.8,2038.4,2040.7,2038
2023-12-05 23:00:00,2040.8,2041.4,2038.0,2039.1,1914
2023-12-06 00:00:00,2039.7,2042.9,2038.8,2042.3,2962
2023-12-06 01:00:00,2042.3,2044.4,2041.2,2043.7,3122
2023-12-06 02:00:00,2043.6,2053.4,2043.5,2051.5,8327
2023-12-06 03:00:00,2051.5,2052.4,2042.0,2042.8,10316
2023-12-06 04:00:00,2042.8,2045.2,2037.6,2038.6,8659
2023-12-06 05:00:00,2038.5,2041.3,2038.4,2040.3,4406
2023-12-06 06:00:00,2040.3,2040.7,2037.7,2039.1,3857
2023-12-06 07:00:00,2039.0,2045.3,2038.8,2044.1,5243
2023-12-06 08:00:00,2043.9,2049.7,2042.0,2047.9,19444
2023-12-06 09:00:00,2048.1,2051.0,2042.0,2042.8,18274
2023-12-06 10:00:00,2042.9,2049.9,2040.3,2048.2,15663
2023-12-06 11:00:00,2048.1,2049.2,2041.5,2047.8,11809
2023-12-06 12:00:00,2047.7,2047.9,2044.2,2047.3,7750
2023-12-06 13:00:00,2047.2,2049.0,2045.8,2048.3,6745
2023-12-06 14:00:00,2048.3,2048.6,2046.6,2047.8,2251
2023-12-06 15:00:00,2047.7,2047.8,2043.1,2044.6,4058
2023-12-06 16:00:00,2044.6,2045.0,2042.4,2043.4,1782
2023-12-06 18:00:00,2043.4,2044.9,2042.6,2044.2,0
2023-12-06 19:00:00,2044.0,2046.6,2043.7,2045.5,1827
2023-12-06 20:00:00,2045.6,2046.5,2042.5,2042.9,2489
2023-12-06 21:00:00,2043.0,2047.1,2042.9,2045.8,2459
2023-12-06 22:00:00,2045.8,2046.7,2043.2,2043.8,4145
2023-12-06 23:00:00,2043.7,2044.2,2042.2,2043.3,3573
2023-12-07 00:00:00,2043.0,2044.1,2042.1,2043.5,2990
2023-12-07 01:00:00,2043.6,2046.5,2042.7,2046.3,6982
2023-12-07 02:00:00,2046.4,2047.4,2044.9,2046.1,6218
2023-12-07 03:00:00,2046.1,2051.8,2045.3,2049.8,7590
2023-12-07 04:00:00,2049.8,2051.7,2048.0,2051.1,4261
2023-12-07 05:00:00,2051.1,2052.2,2049.5,2050.5,3499
2023-12-07 06:00:00,2050.7,2051.5,2046.3,2049.6,3909
2023-12-07 07:00:00,2049.4,2050.4,2047.3,2050.2,3436
2023-12-07 08:00:00,2050.3,2057.2,2046.7,2054.2,20050
2023-12-07 09:00:00,2054.2,2054.7,2041.5,2043.0,24658
2023-12-07 10:00:00,2042.9,2048.0,2042.0,2046.0,15792
2023-12-07 11:00:00,2045.9,2047.5,2042.1,2043.0,10032
2023-12-07 12:00:00,2043.1,2047.9,2036.6,2045.5,22569
2023-12-07 13:00:00,2045.5,2049.0,2044.3,2047.2,9814
2023-12-07 14:00:00,2047.2,2047.9,2046.3,2046.7,2745
2023-12-07 15:00:00,2046.8,2048.3,2045.5,2046.1,2803
2023-12-07 16:00:00,2046.1,2046.2,2045.0,2045.3,1194
2023-12-07 18:00:00,2045.7,2046.4,2043.5,2044.6,0
2023-12-07 19:00:00,2044.7,2049.7,2044.1,2047.7,4410
2023-12-07 20:00:00,2047.7,2049.6,2045.1,2048.6,3933
2023-12-07 21:00:00,2048.5,2049.9,2048.0,2048.7,2776
2023-12-07 22:00:00,2048.8,2050.4,2047.2,2048.9,2622
2023-12-07 23:00:00,2048.8,2048.8,2046.4,2047.8,1339
2023-12-08 00:00:00,2047.9,2048.3,2045.7,2046.4,2514
2023-12-08 01:00:00,2046.3,2047.4,2045.2,2046.7,2463
2023-12-08 02:00:00,2046.7,2047.9,2045.5,2047.4,4596
2023-12-08 03:00:00,2047.4,2047.4,2042.7,2044.6,11302
2023-12-08 04:00:00,2044.5,2045.5,2042.9,2044.9,4712
2023-12-08 05:00:00,2044.9,2048.7,2043.4,2046.2,12406
2023-12-08 06:00:00,2046.2,2047.4,2045.2,2046.4,4274
2023-12-08 07:00:00,2046.5,2046.6,2043.4,2044.1,3635
2023-12-08 08:00:00,2044.1,2048.0,2030.4,2034.7,38736
2023-12-08 09:00:00,2034.6,2035.5,2018.5,2024.9,45712
2023-12-08 10:00:00,2024.8,2031.3,2022.3,2025.3,23307
2023-12-08 11:00:00,2025.2,2026.0,2016.6,2018.3,15781
2023-12-08 12:00:00,2018.3,2018.6,2010.6,2013.1,19074
2023-12-08 13:00:00,2013.1,2016.8,2012.2,2015.2,10626
2023-12-08 14:00:00,2015.3,2017.2,2015.1,2016.5,4773
2023-12-08 15:00:00,2016.6,2020.0,2015.8,2018.8,5180
2023-12-08 16:00:00,2018.9,2021.2,2018.7,2020.6,2129
2023-12-10 18:00:00,2020.0,2023.4,2019.1,2023.1,3037
2023-12-10 19:00:00,2023.0,2023.7,2020.3,2020.5,2463
2023-12-10 20:00:00,2020.4,2020.7,2017.4,2017.7,4206
2023-12-10 21:00:00,2017.7,2018.5,2012.6,2014.3,4702
2023-12-10 22:00:00,2014.2,2016.5,2011.3,2012.8,4757
2023-12-10 23:00:00,2012.8,2012.9,2009.8,2012.6,3738
2023-12-11 00:00:00,2012.4,2015.7,2012.1,2014.6,2840
2023-12-11 01:00:00,2014.5,2015.2,2013.4,2014.5,2710
2023-12-11 02:00:00,2014.6,2016.1,2006.2,2008.4,6776
2023-12-11 03:00:00,2008.3,2013.5,2007.4,2011.8,5808
2023-12-11 04:00:00,2011.8,2012.8,2007.5,2009.2,4576
2023-12-11 05:00:00,2009.2,2010.5,2007.0,2008.8,3876
2023-12-11 06:00:00,2008.7,2012.1,2008.5,2012.0,5588
2023-12-11 07:00:00,2011.9,2012.5,2009.6,2010.7,5505
2023-12-11 08:00:00,2010.7,2011.4,2005.7,2009.5,11822
2023-12-11 09:00:00,2009.6,2010.2,2002.1,2002.3,17157
2023-12-11 10:00:00,2002.2,2003.8,1996.2,1998.0,18765
2023-12-11 11:00:00,1998.0,2000.0,1995.5,1997.1,10301
2023-12-11 12:00:00,1997.1,1998.4,1991.5,1992.2,10738
2023-12-11 13:00:00,1992.3,1998.0,1991.2,1997.1,14524
2023-12-11 14:00:00,1997.2,1998.7,1996.0,1997.1,3407
2023-12-11 15:00:00,1997.2,1997.8,1996.1,1996.7,2558
2023-12-11 16:00:00,1996.7,1997.8,1996.6,1997.6,1162
2023-12-11 18:00:00,1997.8,1999.8,1997.3,1998.4,0
2023-12-11 19:00:00,1998.4,2004.8,1997.8,2000.9,4045
2023-12-11 20:00:00,2000.8,2001.4,1998.0,1998.5,4051
2023-12-11 21:00:00,1998.3,1998.8,1997.0,1997.3,2197
2023-12-11 22:00:00,1997.4,2001.4,1997.2,2000.6,3120
2023-12-11 23:00:00,2000.5,2001.6,1999.8,2000.7,1230
2023-12-12 00:00:00,2000.8,2003.2,2000.0,2002.8,2575
2023-12-12 01:00:00,2002.9,2003.6,2002.5,2002.9,2553
2023-12-12 02:00:00,2002.9,2004.1,2000.6,2003.1,5031
2023-12-12 03:00:00,2003.0,2003.3,1998.7,1998.9,4436
2023-12-12 04:00:00,1998.8,2001.3,1997.8,2001.1,3750
2023-12-12 05:00:00,2001.1,2003.3,2000.2,2001.4,3603
2023-12-12 06:00:00,2001.4,2003.8,2001.1,2003.8,3727
2023-12-12 07:00:00,2003.7,2004.5,2002.1,2003.5,3973
2023-12-12 08:00:00,2003.5,2012.5,1997.7,1999.7,31358
2023-12-12 09:00:00,1999.6,2005.1,1995.2,1997.0,18744
2023-12-12 10:00:00,1997.0,1999.8,1995.6,1996.8,11503
2023-12-12 11:00:00,1996.9,1998.9,1994.3,1996.2,9259
2023-12-12 12:00:00,1996.3,1996.6,1992.3,1992.9,7492
2023-12-12 13:00:00,1992.9,1996.0,1992.6,1994.3,8354
2023-12-12 14:00:00,1994.3,1996.3,1994.2,1995.6,2704
2023-12-12 15:00:00,1995.6,1995.9,1994.7,1995.1,2153
2023-12-12 16:00:00,1995.0,1995.5,1994.5,1995.0,1221
2023-12-12 18:00:00,1995.1,1998.0,1994.9,1997.7,0
2023-12-12 19:00:00,1997.6,1997.6,1994.8,1995.9,1801
2023-12-12 20:00:00,1996.0,1996.9,1994.9,1995.3,2796
2023-12-12 21:00:00,1995.3,1995.5,1992.9,1994.3,2272
2023-12-12 22:00:00,1994.4,1995.1,1992.6,1992.9,1542
2023-12-12 23:00:00,1992.9,1994.9,1992.6,1993.0,1549
2023-12-13 00:00:00,1993.1,1994.5,1993.1,1993.5,1261
2023-12-13 01:00:00,1993.6,1993.7,1987.9,1989.3,6743
2023-12-13 02:00:00,1989.2,1995.4,1988.3,1994.1,6627
2023-12-13 03:00:00,1994.2,1997.3,1993.5,1995.2,4294
2023-12-13 04:00:00,1995.3,1997.8,1994.5,1997.5,3243
2023-12-13 05:00:00,1997.5,1998.4,1996.1,1998.4,2984
2023-12-13 06:00:00,1998.3,1998.8,1997.4,1998.1,2673
2023-12-13 07:00:00,1998.1,1998.2,1995.9,1996.5,2956
2023-12-13 08:00:00,1996.6,2001.9,1994.7,1999.7,13048
2023-12-13 09:00:00,1999.6,2001.4,1996.3,1997.0,11640
2023-12-13 10:00:00,1996.9,1997.9,1993.4,1997.0,11419
2023-12-13 11:00:00,1997.0,1998.9,1995.5,1996.3,5780
2023-12-13 12:00:00,1996.4,1998.6,1996.2,1997.1,3873
2023-12-13 13:00:00,1997.1,1997.8,1994.5,1997.1,9829
2023-12-13 14:00:00,1996.7,2033.0,1996.7,2029.1,57698
2023-12-13 15:00:00,2029.2,2039.8,2028.0,2039.4,21808
2023-12-13 16:00:00,2039.3,2043.3,2036.9,2043.1,6260
2023-12-13 18:00:00,2043.2,2047.8,2039.1,2047.4,0
2023-12-13 19:00:00,2047.4,2053.5,2045.1,2052.2,9163
2023-12-13 20:00:00,2052.3,2052.5,2044.2,2046.9,11199
2023-12-13 21:00:00,2046.8,2049.2,2045.3,2047.5,4968
2023-12-13 22:00:00,2047.4,2049.6,2044.8,2045.5,4373
2023-12-13 23:00:00,2045.4,2046.7,2044.6,2045.6,1742
2023-12-14 00:00:00,2045.7,2050.5,2044.8,2049.7,3167
2023-12-14 01:00:00,2049.8,2051.9,2048.6,2050.0,4595
2023-12-14 02:00:00,2050.0,2051.2,2043.7,2047.3,9282
2023-12-14 03:00:00,2047.2,2055.0,2046.6,2051.2,16810
2023-12-14 04:00:00,2051.4,2053.6,2048.9,2051.3,8959
2023-12-14 05:00:00,2051.2,2051.4,2046.9,2048.7,5117
2023-12-14 06:00:00,2048.7,2049.9,2047.6,2049.6,3519
2023-12-14 07:00:00,2049.7,2053.9,2048.2,2053.5,7935
2023-12-14 08:00:00,2053.6,2053.9,2042.0,2052.0,26043
2023-12-14 09:00:00,2052.0,2062.9,2049.7,2058.0,29285
2023-12-14 10:00:00,2058.0,2061.8,2051.2,2055.0,19815
2023-12-14 11:00:00,2054.9,2056.2,2052.5,2054.0,9334
2023-12-14 12:00:00,2054.0,2054.1,2049.1,2050.6,9646
2023-12-14 13:00:00,2050.6,2050.7,2043.5,2045.8,18029
2023-12-14 14:00:00,2045.9,2048.6,2044.5,2048.1,6568
2023-12-14 15:00:00,2048.1,2051.6,2047.6,2051.1,4618
2023-12-14 16:00:00,2051.1,2051.6,2050.2,2051.3,1495
2023-12-14 18:00:00,2051.3,2053.1,2049.7,2049.8,0
2023-12-14 19:00:00,2049.8,2050.6,2045.5,2046.8,3044
2023-12-14 20:00:00,2047.0,2048.0,2046.1,2046.5,2769
2023-12-14 21:00:00,2046.4,2051.7,2046.1,2050.2,3617
2023-12-14 22:00:00,2050.1,2050.7,2048.1,2050.0,2149
2023-12-14 23:00:00,2049.9,2051.7,2049.5,2050.7,2068
2023-12-15 00:00:00,2051.0,2051.5,2049.3,2049.6,2169
2023-12-15 01:00:00,2049.5,2050.6,2048.6,2050.3,1704
2023-12-15 02:00:00,2050.4,2053.6,2050.0,2052.2,3862
2023-12-15 03:00:00,2052.2,2055.4,2051.4,2054.7,4708
2023-12-15 04:00:00,2054.7,2058.9,2054.7,2057.3,6785
2023-12-15 05:00:00,2057.3,2059.1,2055.6,2057.1,4298
2023-12-15 06:00:00,2057.1,2058.1,2054.4,2056.2,4443
2023-12-15 07:00:00,2056.3,2059.6,2055.6,2055.7,4907
2023-12-15 08:00:00,2055.8,2058.8,2041.0,2045.7,30822
2023-12-15 09:00:00,2045.7,2050.7,2045.6,2047.4,17969
2023-12-15 10:00:00,2047.5,2053.4,2046.5,2049.6,12552
2023-12-15 11:00:00,2049.5,2050.9,2047.3,2048.2,8528
2023-12-15 12:00:00,2048.2,2048.8,2046.2,2047.1,4692
2023-12-15 13:00:00,2047.1,2048.0,2033.8,2033.8,23979
2023-12-15 14:00:00,2033.8,2034.2,2029.2,2033.1,10111
2023-12-15 15:00:00,2033.1,2035.6,2031.3,2032.0,5787
2023-12-15 16:00:00,2031.9,2033.9,2031.8,2033.8,1826
2023-12-17 18:00:00,2033.3,2034.9,2029.5,2031.0,2951
2023-12-17 19:00:00,2031.1,2034.1,2029.5,2033.7,2995
2023-12-17 20:00:00,2033.7,2037.7,2032.3,2033.1,6141
2023-12-17 21:00:00,2033.0,2037.0,2032.8,2035.5,2383
2023-12-17 22:00:00,2035.6,2037.8,2035.0,2036.5,2384
2023-12-17 23:00:00,2036.3,2036.9,2035.1,2036.7,1082
2023-12-18 00:00:00,2036.6,2038.4,2036.0,2036.9,1769
2023-12-18 01:00:00,2036.9,2038.8,2035.3,2037.0,3818
2023-12-18 02:00:00,2037.1,2038.2,2036.4,2036.9,4110
2023-12-18 03:00:00,2037.0,2040.7,2035.5,2038.4,13964
2023-12-18 04:00:00,2038.3,2041.5,2035.9,2036.9,14475
2023-12-18 05:00:00,2036.8,2039.1,2033.0,2033.3,8244
2023-12-18 06:00:00,2033.3,2036.6,2032.8,2036.0,3288
2023-12-18 07:00:00,2035.9,2038.1,2035.9,2037.6,4026
2023-12-18 08:00:00,2037.5,2040.5,2036.6,2039.9,8006
2023-12-18 09:00:00,2040.0,2041.0,2034.9,2038.2,12965
2023-12-18 10:00:00,2038.2,2039.2,2034.0,2036.3,9443
2023-12-18 11:00:00,2036.3,2038.8,2035.2,2036.3,5661
2023-12-18 12:00:00,2036.4,2047.9,2035.3,2047.9,13048
2023-12-18 13:00:00,2047.8,2048.0,2039.1,2040.6,10284
2023-12-18 14:00:00,2040.5,2041.9,2039.7,2040.2,2537
2023-12-18 15:00:00,2040.3,2040.8,2039.5,2040.3,2519
2023-12-18 16:00:00,2040.3,2041.3,2040.0,2041.2,1108
2023-12-18 18:00:00,2041.1,2041.8,2039.3,2041.2,0
2023-12-18 19:00:00,2041.2,2043.1,2040.2,2041.0,2551
2023-12-18 20:00:00,2041.1,2041.9,2039.5,2039.9,1522
2023-12-18 21:00:00,2039.8,2040.3,2036.9,2038.2,3316
2023-12-18 22:00:00,2038.0,2039.1,2036.1,2036.7,3200
2023-12-18 23:00:00,2036.6,2037.8,2034.8,2037.7,2143
2023-12-19 00:00:00,2037.6,2039.0,2036.1,2037.8,3101
2023-12-19 01:00:00,2037.7,2040.2,2037.0,2038.4,3493
2023-12-19 02:00:00,2038.3,2040.0,2036.4,2038.5,6618
2023-12-19 03:00:00,2038.4,2041.5,2037.3,2040.8,5255
2023-12-19 04:00:00,2040.8,2041.1,2039.2,2040.0,2913
2023-12-19 05:00:00,2040.0,2040.9,2038.0,2039.3,3552
2023-12-19 06:00:00,2039.3,2041.0,2039.0,2040.4,2382
2023-12-19 07:00:00,2040.4,2043.8,2039.8,2043.0,10278
2023-12-19 08:00:00,2043.0,2046.2,2042.0,2043.7,9454
2023-12-19 09:00:00,2043.7,2056.1,2042.6,2055.2,18588
2023-12-19 10:00:00,2055.3,2059.4,2052.8,2055.8,16861
2023-12-19 11:00:00,2055.8,2061.0,2055.1,2058.3,10449
2023-12-19 12:00:00,2058.4,2059.5,2054.0,2054.2,6318
2023-12-19 13:00:00,2054.2,2054.7,2050.4,2052.6,8316
2023-12-19 14:00:00,2052.6,2053.2,2052.0,2053.0,2970
2023-12-19 15:00:00,2053.1,2053.9,2052.2,2053.7,3626
2023-12-19 16:00:00,2053.7,2054.1,2053.0,2053.8,953
2023-12-19 18:00:00,2053.8,2055.0,2052.1,2054.0,0
2023-12-19 19:00:00,2053.9,2054.3,2052.0,2052.3,2051
2023-12-19 20:00:00,2052.4,2053.1,2050.8,2051.2,3008
2023-12-19 21:00:00,2051.2,2053.5,2049.7,2053.2,2620
2023-12-19 22:00:00,2053.1,2054.1,2052.1,2053.6,1651
2023-12-19 23:00:00,2053.6,2054.2,2053.0,2053.6,817
2023-12-20 00:00:00,2053.8,2054.6,2052.5,2054.5,1502
2023-12-20 01:00:00,2054.4,2055.9,2053.8,2054.3,2516
2023-12-20 02:00:00,2054.3,2056.9,2053.9,2055.5,5127
2023-12-20 03:00:00,2055.5,2055.5,2052.9,2054.2,4544
2023-12-20 04:00:00,2054.3,2055.6,2052.7,2053.1,3555
2023-12-20 05:00:00,2053.0,2053.5,2048.7,2049.1,4110
2023-12-20 06:00:00,2049.1,2049.1,2044.7,2046.7,6124
2023-12-20 07:00:00,2046.6,2049.4,2046.1,2047.1,4653
2023-12-20 08:00:00,2047.1,2049.8,2042.5,2049.6,11818
2023-12-20 09:00:00,2049.6,2053.5,2047.1,2051.3,15002
2023-12-20 10:00:00,2051.2,2052.2,2043.6,2045.6,16762
2023-12-20 11:00:00,2045.7,2048.6,2045.7,2048.0,5563
2023-12-20 12:00:00,2048.1,2048.6,2045.3,2048.1,4939
2023-12-20 13:00:00,2048.0,2049.9,2047.3,2049.5,5678
2023-12-20 14:00:00,2049.6,2050.4,2043.2,2045.5,5134
2023-12-20 15:00:00,2045.4,2047.0,2042.6,2042.9,5850
2023-12-20 16:00:00,2042.8,2045.2,2040.6,2044.4,3063
2023-12-20 18:00:00,2044.4,2045.2,2043.3,2044.0,0
2023-12-20 19:00:00,2043.9,2045.9,2043.8,2045.5,1610
2023-12-20 20:00:00,2045.6,2047.9,2045.2,2047.4,2696
2023-12-20 21:00:00,2047.4,2049.4,2046.8,2048.9,2702
2023-12-20 22:00:00,2048.8,2049.6,2047.4,2049.2,1587
2023-12-20 23:00:00,2049.3,2049.8,2047.9,2047.9,1383
2023-12-21 00:00:00,2048.1,2050.0,2046.7,2048.0,2156
2023-12-21 01:00:00,2048.1,2049.0,2046.2,2048.8,1657
2023-12-21 02:00:00,2048.7,2049.2,2045.7,2046.8,2856
2023-12-21 03:00:00,2046.7,2049.0,2046.7,2048.0,3432
2023-12-21 04:00:00,2048.1,2048.6,2046.3,2046.9,2015
2023-12-21 05:00:00,2046.9,2047.7,2044.5,2045.7,2832
2023-12-21 06:00:00,2045.6,2047.0,2045.4,2045.6,2286
2023-12-21 07:00:00,2045.7,2051.0,2044.8,2049.5,5055
2023-12-21 08:00:00,2049.5,2057.8,2043.5,2052.9,16842
2023-12-21 09:00:00,2053.1,2058.0,2048.2,2053.8,20070
2023-12-21 10:00:00,2053.7,2054.6,2048.4,2053.3,14213
2023-12-21 11:00:00,2053.4,2056.6,2052.8,2053.4,7967
2023-12-21 12:00:00,2053.4,2055.6,2052.1,2052.7,5020
2023-12-21 13:00:00,2052.7,2053.5,2049.2,2050.7,6456
2023-12-21 14:00:00,2050.8,2057.0,2050.7,2055.8,5170
2023-12-21 15:00:00,2055.9,2057.2,2055.1,2056.0,3650
2023-12-21 16:00:00,2055.9,2057.9,2055.8,2057.8,0
2023-12-21 18:00:00,2061.2,2066.7,2058.9,2064.3,6637
2023-12-21 19:00:00,2064.4,2065.5,2058.5,2059.6,4994
2023-12-21 20:00:00,2059.6,2062.8,2058.2,2060.0,3481
2023-12-21 21:00:00,2060.1,2062.3,2059.2,2061.7,2650
2023-12-21 22:00:00,2061.5,2062.9,2058.8,2059.8,2729
2023-12-21 23:00:00,2059.8,2062.3,2059.7,2060.8,2288
2023-12-22 00:00:00,2061.2,2061.4,2059.1,2060.0,2924
2023-12-22 01:00:00,2060.0,2060.7,2058.5,2059.3,1881
2023-12-22 02:00:00,2059.3,2062.6,2059.0,2061.6,3606
2023-12-22 03:00:00,2061.7,2063.9,2061.3,2063.3,3669
2023-12-22 04:00:00,2063.3,2066.5,2063.3,2065.4,4621
2023-12-22 05:00:00,2065.3,2069.3,2065.3,2067.7,3917
2023-12-22 06:00:00,2067.7,2075.2,2067.2,2072.6,12093
2023-12-22 07:00:00,2072.8,2078.2,2071.3,2072.0,15648
2023-12-22 08:00:00,2072.0,2081.3,2069.3,2079.2,21138
2023-12-22 09:00:00,2079.3,2082.5,2076.1,2080.6,16712
2023-12-22 10:00:00,2080.8,2083.0,2071.6,2072.9,14676
2023-12-22 11:00:00,2073.0,2074.4,2063.3,2065.5,15243
2023-12-22 12:00:00,2065.5,2067.9,2064.4,2067.5,7256
2023-12-22 13:00:00,2067.5,2070.1,2066.9,2069.1,7127
2023-12-22 14:00:00,2069.2,2069.2,2063.5,2065.8,4462
2023-12-22 15:00:00,2065.8,2065.9,2063.7,2064.9,3010
2023-12-22 16:00:00,2064.9,2065.4,2064.0,2064.5,1530
2023-12-26 00:00:00,2075.1,2075.5,2072.4,2073.8,2862
2023-12-26 01:00:00,2073.9,2076.3,2073.2,2075.2,1631
2023-12-26 02:00:00,2075.3,2075.9,2074.0,2075.5,1672
2023-12-26 03:00:00,2075.4,2075.8,2072.4,2072.6,1801
2023-12-26 04:00:00,2072.5,2074.1,2071.8,2072.8,2404
2023-12-26 05:00:00,2073.0,2074.9,2072.9,2074.9,1136
2023-12-26 06:00:00,2074.9,2075.2,2073.9,2074.7,1390
2023-12-26 07:00:00,2074.6,2074.7,2072.3,2072.9,2372
2023-12-26 08:00:00,2072.9,2075.3,2070.0,2070.0,5982
2023-12-26 09:00:00,2069.9,2073.2,2065.5,2068.3,11402
2023-12-26 10:00:00,2068.2,2071.1,2067.3,2068.0,5430
2023-12-26 11:00:00,2068.0,2071.2,2067.7,2070.9,3544
2023-12-26 12:00:00,2070.8,2071.0,2068.2,2068.9,2588
2023-12-26 13:00:00,2068.9,2071.2,2068.6,2069.4,4473
2023-12-26 14:00:00,2069.5,2073.1,2069.4,2072.6,2019
2023-12-26 15:00:00,2072.7,2079.9,2072.7,2079.6,6866
2023-12-26 16:00:00,2079.5,2080.5,2077.3,2079.2,2580
2023-12-26 18:00:00,2079.3,2079.8,2077.2,2077.4,0
2023-12-26 19:00:00,2077.4,2077.6,2075.2,2076.9,2783
2023-12-26 20:00:00,2076.9,2079.3,2076.2,2078.0,3274
2023-12-26 21:00:00,2078.1,2078.5,2076.1,2076.5,2234
2023-12-26 22:00:00,2076.5,2077.8,2075.6,2075.8,1729
2023-12-26 23:00:00,2075.8,2077.2,2075.2,2077.1,788
2023-12-27 00:00:00,2077.0,2077.5,2075.4,2075.9,2013
2023-12-27 01:00:00,2075.9,2078.7,2075.5,2076.2,2505
2023-12-27 02:00:00,2076.3,2077.5,2075.8,2077.0,2050
2023-12-27 03:00:00,2077.2,2079.6,2076.9,2078.6,3529
2023-12-27 04:00:00,2078.6,2080.8,2078.5,2079.7,3179
2023-12-27 05:00:00,2079.7,2080.1,2072.8,2076.2,7199
2023-12-27 06:00:00,2076.2,2080.4,2076.1,2079.7,3508
2023-12-27 07:00:00,2079.8,2082.0,2075.8,2079.3,7272
2023-12-27 08:00:00,2079.2,2081.3,2077.4,2079.6,7168
2023-12-27 09:00:00,2079.7,2084.2,2077.9,2081.6,12065
2023-12-27 10:00:00,2081.5,2093.8,2080.3,2090.5,23728
2023-12-27 11:00:00,2090.6,2093.9,2088.2,2093.0,11766
2023-12-27 12:00:00,2093.0,2093.8,2090.7,2093.1,5936
2023-12-27 13:00:00,2093.1,2095.8,2087.4,2090.0,12212
2023-12-27 14:00:00,2090.0,2090.4,2087.6,2089.2,3351
2023-12-27 15:00:00,2089.3,2090.0,2088.0,2089.9,2625
2023-12-27 16:00:00,2089.9,2090.3,2088.4,2089.4,1525
2023-12-27 18:00:00,2089.5,2090.3,2088.6,2090.0,0
2023-12-27 19:00:00,2090.0,2091.4,2089.5,2090.1,2697
2023-12-27 20:00:00,2090.1,2097.7,2089.9,2096.9,5263
2023-12-27 21:00:00,2097.0,2098.2,2095.4,2097.7,3502
2023-12-27 22:00:00,2097.6,2098.2,2095.7,2097.0,1717
2023-12-27 23:00:00,2096.8,2097.3,2095.8,2096.5,1992
2023-12-28 00:00:00,2096.7,2097.7,2094.7,2095.9,3264
2023-12-28 01:00:00,2095.8,2097.1,2094.2,2096.0,3195
2023-12-28 02:00:00,2095.9,2097.7,2094.2,2096.3,3600
2023-12-28 03:00:00,2096.4,2096.7,2086.8,2087.6,9313
2023-12-28 04:00:00,2087.7,2088.4,2082.8,2087.1,9059
2023-12-28 05:00:00,2087.1,2089.3,2084.7,2087.2,3847
2023-12-28 06:00:00,2087.2,2088.5,2084.9,2085.3,2416
2023-12-28 07:00:00,2085.4,2086.7,2081.1,2086.3,5872
2023-12-28 08:00:00,2086.3,2089.1,2082.1,2083.1,11365
2023-12-28 09:00:00,2083.2,2089.3,2082.2,2088.7,10965
2023-12-28 10:00:00,2088.7,2091.2,2085.6,2087.2,10751
2023-12-28 11:00:00,2087.2,2087.3,2083.2,2084.3,7920
2023-12-28 12:00:00,2084.4,2086.3,2082.3,2085.0,6916
2023-12-28 13:00:00,2085.0,2085.5,2081.4,2082.9,8033
2023-12-28 14:00:00,2082.7,2083.1,2075.9,2078.0,6415
2023-12-28 15:00:00,2078.0,2078.9,2076.2,2076.8,4012
2023-12-28 16:00:00,2076.8,2077.3,2074.6,2075.7,2337
2023-12-28 18:00:00,2076.1,2077.2,2075.8,2076.5,0
2023-12-28 19:00:00,2076.4,2077.6,2075.6,2076.4,2199
2023-12-28 20:00:00,2076.5,2081.0,2076.2,2080.3,5282
2023-12-28 21:00:00,2080.2,2080.9,2077.5,2077.9,3873
2023-12-28 22:00:00,2077.9,2079.7,2076.9,2078.7,1960
2023-12-28 23:00:00,2078.7,2080.0,2078.1,2079.4,882
2023-12-29 00:00:00,2079.2,2081.6,2079.1,2081.6,1554
2023-12-29 01:00:00,2081.4,2082.6,2081.1,2082.0,2045
2023-12-29 02:00:00,2081.9,2084.1,2081.0,2081.1,2431
2023-12-29 03:00:00,2081.2,2082.7,2077.9,2078.0,4565
2023-12-29 04:00:00,2078.0,2079.1,2074.0,2074.7,4311
2023-12-29 05:00:00,2074.8,2075.0,2071.4,2074.0,5980
2023-12-29 06:00:00,2074.0,2077.5,2074.0,2076.9,3738
2023-12-29 07:00:00,2077.0,2078.1,2073.8,2074.8,3234
2023-12-29 08:00:00,2074.7,2075.6,2067.6,2068.6,8405
2023-12-29 09:00:00,2068.6,2074.6,2067.8,2072.2,11027
2023-12-29 10:00:00,2072.3,2075.3,2070.9,2074.1,9235
2023-12-29 11:00:00,2074.1,2077.3,2072.8,2075.7,6891
2023-12-29 12:00:00,2075.5,2077.6,2074.0,2076.0,5378
2023-12-29 13:00:00,2076.0,2076.0,2070.4,2074.3,9642
2023-12-29 14:00:00,2074.4,2077.3,2073.5,2076.8,2942
2023-12-29 15:00:00,2076.7,2076.8,2072.2,2072.8,3177
2023-12-29 16:00:00,2072.9,2073.4,2071.8,2071.8,2029
2024-01-02 00:00:00,2078.7,2084.0,2078.4,2083.2,4161
2024-01-02 01:00:00,2083.2,2085.7,2081.5,2082.7,4863
2024-01-02 02:00:00,2082.7,2085.1,2081.9,2082.1,5491
2024-01-02 03:00:00,2082.1,2083.4,2081.1,2082.2,6647
2024-01-02 04:00:00,2082.3,2088.1,2082.2,2086.1,6302
2024-01-02 05:00:00,2086.2,2086.9,2082.6,2085.0,6155
2024-01-02 06:00:00,2085.0,2085.3,2077.1,2078.2,9190
2024-01-02 07:00:00,2078.1,2078.4,2073.8,2076.9,8084
2024-01-02 08:00:00,2076.7,2080.0,2073.5,2075.1,11940
2024-01-02 09:00:00,2075.3,2079.4,2071.0,2079.4,16180
2024-01-02 10:00:00,2079.4,2079.7,2064.3,2068.2,22049
2024-01-02 11:00:00,2068.2,2076.0,2068.0,2074.9,11156
2024-01-02 12:00:00,2075.0,2075.9,2070.6,2071.5,5811
2024-01-02 13:00:00,2071.6,2073.8,2069.2,2069.9,6470
2024-01-02 14:00:00,2069.9,2070.9,2069.1,2069.6,2286
2024-01-02 15:00:00,2069.7,2070.4,2066.8,2067.1,3908
2024-01-02 16:00:00,2067.2,2068.0,2066.8,2067.6,1747
2024-01-02 18:00:00,2067.9,2068.4,2067.2,2067.8,0
2024-01-02 19:00:00,2067.7,2070.3,2067.4,2068.7,3029
2024-01-02 20:00:00,2068.7,2070.8,2067.9,2070.6,4422
2024-01-02 21:00:00,2070.6,2073.4,2069.8,2073.0,3667
2024-01-02 22:00:00,2072.9,2073.9,2071.5,2073.4,2316
2024-01-02 23:00:00,2073.4,2073.8,2072.7,2072.9,1181
2024-01-03 00:00:00,2073.0,2074.3,2071.6,2072.5,2195
2024-01-03 01:00:00,2072.3,2073.7,2071.6,2072.7,2299
2024-01-03 02:00:00,2072.5,2072.6,2069.1,2071.3,4983
2024-01-03 03:00:00,2071.1,2072.6,2067.0,2068.3,5819
2024-01-03 04:00:00,2068.3,2068.8,2062.3,2065.0,7517
2024-01-03 05:00:00,2064.9,2065.4,2060.6,2063.0,5502
2024-01-03 06:00:00,2063.0,2063.8,2054.7,2055.7,10447
2024-01-03 07:00:00,2055.6,2056.3,2049.8,2053.6,18812
2024-01-03 08:00:00,2053.6,2056.1,2046.6,2049.0,20473
2024-01-03 09:00:00,2049.1,2050.4,2039.6,2045.7,29281
2024-01-03 10:00:00,2045.5,2057.1,2039.8,2040.6,37545
2024-01-03 11:00:00,2040.7,2044.1,2039.2,2040.4,13247
2024-01-03 12:00:00,2040.4,2041.9,2038.3,2041.3,7821
2024-01-03 13:00:00,2041.4,2044.3,2040.8,2043.8,7759
2024-01-03 14:00:00,2043.8,2050.3,2038.5,2044.6,14025
2024-01-03 15:00:00,2044.7,2050.3,2044.5,2049.2,7455
2024-01-03 16:00:00,2049.3,2049.9,2048.4,2049.6,1878
2024-01-03 18:00:00,2049.3,2051.1,2049.0,2050.1,0
2024-01-03 19:00:00,2050.1,2050.4,2048.6,2049.3,1374
2024-01-03 20:00:00,2049.2,2050.4,2047.0,2049.0,4302
2024-01-03 21:00:00,2049.0,2051.8,2049.0,2051.6,4398
2024-01-03 22:00:00,2051.7,2054.1,2051.1,2051.7,2748
2024-01-03 23:00:00,2051.8,2051.9,2049.7,2050.3,2931
2024-01-04 00:00:00,2050.2,2051.6,2049.6,2051.1,1795
2024-01-04 01:00:00,2051.1,2055.9,2051.0,2054.6,5366
2024-01-04 02:00:00,2054.5,2056.6,2053.4,2054.7,5528
2024-01-04 03:00:00,2054.8,2055.7,2052.5,2053.9,5676
2024-01-04 04:00:00,2053.8,2058.0,2053.3,2055.1,7217
2024-01-04 05:00:00,2055.0,2058.1,2053.8,2055.2,4253
2024-01-04 06:00:00,2055.1,2055.8,2052.1,2052.4,4654
2024-01-04 07:00:00,2052.4,2053.6,2050.6,2053.3,4866
2024-01-04 08:00:00,2053.4,2054.7,2046.1,2047.4,16244
2024-01-04 09:00:00,2047.5,2049.8,2043.3,2046.5,14046
2024-01-04 10:00:00,2046.5,2055.2,2046.2,2052.5,14361
2024-01-04 11:00:00,2052.6,2054.3,2051.4,2052.0,6958
2024-01-04 12:00:00,2052.1,2052.3,2048.2,2050.7,5845
2024-01-04 13:00:00,2050.6,2051.4,2048.8,2050.6,5066
2024-01-04 14:00:00,2050.6,2052.4,2049.9,2051.8,2395
2024-01-04 15:00:00,2051.8,2052.3,2050.4,2050.7,2628
2024-01-04 16:00:00,2050.7,2051.9,2050.6,2051.0,1113
2024-01-04 18:00:00,2051.4,2052.0,2049.9,2051.2,0
2024-01-04 19:00:00,2051.3,2051.7,2050.2,2051.3,1368
2024-01-04 20:00:00,2051.3,2055.0,2051.0,2052.8,4976
2024-01-04 21:00:00,2052.7,2054.6,2052.3,2052.9,3076
2024-01-04 22:00:00,2053.0,2053.1,2051.6,2052.0,2568
2024-01-04 23:00:00,2052.0,2053.1,2051.3,2051.7,1017
2024-01-05 00:00:00,2051.2,2051.8,2049.8,2051.2,1931
2024-01-05 01:00:00,2051.2,2051.8,2047.6,2049.2,3715
2024-01-05 02:00:00,2049.1,2053.8,2048.8,2050.0,5146
2024-01-05 03:00:00,2050.0,2051.3,2048.6,2049.3,3257
2024-01-05 04:00:00,2049.2,2050.8,2045.2,2045.8,4376
2024-01-05 05:00:00,2045.7,2047.1,2044.2,2046.9,5260
2024-01-05 06:00:00,2047.0,2047.2,2043.8,2046.0,3406
2024-01-05 07:00:00,2046.1,2047.7,2045.1,2046.9,5986
2024-01-05 08:00:00,2047.0,2049.0,2030.8,2046.9,46977
2024-01-05 09:00:00,2047.0,2056.4,2045.6,2054.2,28395
2024-01-05 10:00:00,2054.2,2071.1,2054.2,2061.9,40135
2024-01-05 11:00:00,2061.8,2063.3,2050.9,2051.8,13788
2024-01-05 12:00:00,2051.9,2052.3,2047.2,2048.8,13738
2024-01-05 13:00:00,2048.7,2055.4,2047.3,2055.0,8139
2024-01-05 14:00:00,2055.1,2057.2,2051.8,2052.6,3968
2024-01-05 15:00:00,2052.6,2052.6,2049.9,2050.8,2928
2024-01-05 16:00:00,2050.8,2053.2,2050.8,2052.7,1762
2024-01-07 18:00:00,2052.6,2052.6,2049.8,2051.1,2304
2024-01-07 19:00:00,2051.1,2053.0,2050.6,2052.5,1571
2024-01-07 20:00:00,2052.6,2053.3,2049.3,2050.2,3624
2024-01-07 21:00:00,2050.2,2050.3,2047.7,2047.8,4549
2024-01-07 22:00:00,2047.7,2048.0,2041.7,2042.9,4967
2024-01-07 23:00:00,2042.8,2044.4,2042.2,2042.3,2440
2024-01-08 00:00:00,2042.4,2042.6,2033.4,2037.2,12153
2024-01-08 01:00:00,2037.1,2039.6,2036.7,2039.3,5497
2024-01-08 02:00:00,2039.2,2039.5,2034.8,2037.7,7273
2024-01-08 03:00:00,2037.6,2038.0,2033.5,2034.4,7097
2024-01-08 04:00:00,2034.4,2038.1,2032.7,2035.5,6424
2024-01-08 05:00:00,2035.5,2035.8,2033.3,2033.9,4656
2024-01-08 06:00:00,2033.9,2034.3,2022.7,2026.4,18513
2024-01-08 07:00:00,2026.3,2031.3,2025.2,2031.0,7672
2024-01-08 08:00:00,2031.0,2031.9,2024.8,2025.2,21790
2024-01-08 09:00:00,2025.2,2033.6,2024.7,2032.8,19460
2024-01-08 10:00:00,2032.7,2041.4,2031.8,2040.9,23042
2024-01-08 11:00:00,2040.9,2043.6,2037.8,2038.8,14172
2024-01-08 12:00:00,2038.8,2039.6,2033.5,2034.1,8544
2024-01-08 13:00:00,2034.2,2034.7,2032.6,2032.8,12999
2024-01-08 14:00:00,2032.8,2035.9,2032.7,2035.7,4484
2024-01-08 15:00:00,2035.6,2036.2,2032.3,2033.4,3874
2024-01-08 16:00:00,2033.3,2035.0,2033.3,2034.1,1898
2024-01-08 18:00:00,2034.5,2036.8,2034.0,2036.7,0
2024-01-08 19:00:00,2036.6,2040.9,2036.6,2040.4,4179
2024-01-08 20:00:00,2040.3,2042.7,2037.2,2038.2,5417
2024-01-08 21:00:00,2038.1,2041.8,2038.0,2040.1,4812
2024-01-08 22:00:00,2040.2,2040.9,2039.1,2039.6,2518
2024-01-08 23:00:00,2039.6,2040.9,2038.2,2039.0,3189
2024-01-09 00:00:00,2038.9,2039.4,2036.2,2038.6,3511
2024-01-09 01:00:00,2038.7,2041.0,2037.1,2039.0,4507
2024-01-09 02:00:00,2039.0,2043.0,2037.9,2041.9,5723
2024-01-09 03:00:00,2041.8,2044.2,2037.2,2040.3,8096
2024-01-09 04:00:00,2040.3,2043.1,2039.3,2041.6,4800
2024-01-09 05:00:00,2041.7,2044.8,2041.0,2041.4,8318
2024-01-09 06:00:00,2041.5,2041.8,2039.7,2041.1,3356
2024-01-09 07:00:00,2041.1,2042.4,2040.0,2042.3,13584
2024-01-09 08:00:00,2042.4,2048.6,2037.5,2044.9,21880
2024-01-09 09:00:00,2044.9,2046.4,2039.8,2040.6,20344
2024-01-09 10:00:00,2040.6,2041.6,2034.5,2034.7,17586
2024-01-09 11:00:00,2034.6,2037.6,2031.9,2037.2,20699
2024-01-09 12:00:00,2037.2,2038.1,2032.8,2033.4,9217
2024-01-09 13:00:00,2033.4,2035.5,2032.5,2034.8,17590
2024-01-09 14:00:00,2034.9,2035.9,2033.5,2034.7,7044
2024-01-09 15:00:00,2034.7,2037.0,2034.1,2034.3,3574
2024-01-09 16:00:00,2034.4,2036.4,2034.3,2035.9,2681
2024-01-09 18:00:00,2036.0,2037.0,2034.1,2036.7,0
2024-01-09 19:00:00,2036.6,2037.1,2035.5,2036.1,2408
2024-01-09 20:00:00,2036.1,2037.9,2032.9,2037.2,5759
2024-01-09 21:00:00,2037.2,2038.4,2035.7,2037.2,2925
2024-01-09 22:00:00,2037.2,2037.5,2033.6,2034.3,2937
2024-01-09 23:00:00,2034.3,2036.0,2033.9,2035.4,1980
2024-01-10 00:00:00,2035.4,2035.6,2030.8,2032.0,4054
2024-01-10 01:00:00,2032.0,2032.5,2029.2,2030.0,4952
2024-01-10 02:00:00,2029.6,2037.3,2029.6,2036.7,8063
2024-01-10 03:00:00,2036.6,2041.6,2035.8,2041.2,10835
2024-01-10 04:00:00,2041.1,2042.3,2040.5,2041.5,5186
2024-01-10 05:00:00,2041.5,2046.2,2040.3,2040.6,6704
2024-01-10 06:00:00,2040.6,2041.1,2038.5,2039.9,9235
2024-01-10 07:00:00,2039.9,2041.5,2036.7,2037.1,6083
2024-01-10 08:00:00,2037.1,2040.0,2035.5,2035.9,12292
2024-01-10 09:00:00,2035.8,2039.7,2031.9,2033.1,18275
2024-01-10 10:00:00,2033.0,2035.3,2030.4,2033.3,15157
2024-01-10 11:00:00,2033.4,2034.1,2030.2,2032.5,11573
2024-01-10 12:00:00,2032.6,2033.3,2027.6,2029.6,8514
2024-01-10 13:00:00,2029.6,2030.0,2026.8,2029.1,28123
2024-01-10 14:00:00,2029.1,2029.8,2025.9,2029.4,5690
2024-01-10 15:00:00,2029.4,2030.5,2027.3,2029.1,7828
2024-01-10 16:00:00,2029.1,2030.0,2028.8,2029.8,1851
2024-01-10 18:00:00,2029.4,2032.2,2029.1,2030.8,0
2024-01-10 19:00:00,2031.0,2032.7,2030.7,2032.1,2698
2024-01-10 20:00:00,2032.2,2034.5,2031.3,2033.8,3691
2024-01-10 21:00:00,2033.7,2036.0,2032.9,2033.6,4207
2024-01-10 22:00:00,2033.6,2035.1,2032.8,2035.0,2532
2024-01-10 23:00:00,2035.0,2036.3,2035.0,2036.0,1590
2024-01-11 00:00:00,2036.1,2038.6,2035.1,2037.0,3365
2024-01-11 01:00:00,2037.0,2039.3,2036.3,2038.3,3954
2024-01-11 02:00:00,2038.2,2040.0,2037.9,2038.3,3489
2024-01-11 03:00:00,2038.3,2038.4,2035.0,2035.4,5721
2024-01-11 04:00:00,2035.3,2037.1,2034.8,2035.8,4615
2024-01-11 05:00:00,2035.9,2037.2,2035.1,2036.4,3086
2024-01-11 06:00:00,2036.5,2038.9,2035.7,2038.8,6146
2024-01-11 07:00:00,2038.9,2039.6,2036.1,2036.9,7896
2024-01-11 08:00:00,2037.0,2056.1,2029.3,2033.7,47103
2024-01-11 09:00:00,2033.8,2039.6,2028.9,2034.3,35366
2024-01-11 10:00:00,2034.2,2037.6,2029.2,2033.4,27523
2024-01-11 11:00:00,2033.4,2034.0,2017.6,2020.8,40239
2024-01-11 12:00:00,2020.8,2022.6,2017.3,2018.5,16651
2024-01-11 13:00:00,2018.3,2021.2,2017.9,2021.1,27055
2024-01-11 14:00:00,2021.1,2032.3,2021.0,2030.9,11908
2024-01-11 15:00:00,2031.0,2033.0,2027.9,2031.9,6795
2024-01-11 16:00:00,2031.9,2034.0,2031.8,2033.1,2479
2024-01-11 18:00:00,2033.2,2039.9,2033.1,2039.5,0
2024-01-11 19:00:00,2039.4,2039.6,2034.7,2035.4,3638
2024-01-11 20:00:00,2035.4,2039.1,2034.3,2038.1,4481
2024-01-11 21:00:00,2038.2,2039.5,2037.3,2038.1,3125
2024-01-11 22:00:00,2038.0,2039.7,2037.7,2038.0,2269
2024-01-11 23:00:00,2037.9,2039.2,2036.8,2038.8,2061
2024-01-12 00:00:00,2038.8,2041.2,2037.8,2040.1,3103
2024-01-12 01:00:00,2040.0,2040.8,2039.1,2039.3,3129
2024-01-12 02:00:00,2039.3,2043.7,2038.3,2041.9,7303
2024-01-12 03:00:00,2041.9,2044.5,2041.6,2043.2,7711
2024-01-12 04:00:00,2043.2,2044.6,2042.3,2042.7,4520
2024-01-12 05:00:00,2042.6,2050.8,2042.6,2050.5,8400
2024-01-12 06:00:00,2050.6,2052.1,2048.9,2050.1,10808
2024-01-12 07:00:00,2050.2,2058.7,2050.2,2052.6,21258
2024-01-12 08:00:00,2052.6,2061.6,2049.0,2061.0,34523
2024-01-12 09:00:00,2061.0,2067.3,2058.1,2060.7,35372
2024-01-12 10:00:00,2060.6,2065.1,2055.6,2058.3,27766
2024-01-12 11:00:00,2058.3,2060.3,2052.7,2052.9,17682
2024-01-12 12:00:00,2052.8,2053.2,2045.7,2048.3,19177
2024-01-12 13:00:00,2048.4,2053.1,2047.4,2051.9,22076
2024-01-12 14:00:00,2052.0,2053.6,2050.6,2051.7,3310
2024-01-12 15:00:00,2051.6,2052.1,2050.3,2051.8,3489
2024-01-12 16:00:00,2051.8,2053.6,2051.2,2053.6,1756
2024-01-14 18:00:00,2053.4,2053.4,2050.3,2051.3,2239
2024-01-14 19:00:00,2051.4,2052.4,2049.5,2051.9,1779
2024-01-14 20:00:00,2052.5,2055.3,2051.2,2054.8,3998
2024-01-14 21:00:00,2054.8,2060.3,2053.8,2060.3,5321
2024-01-14 22:00:00,2060.2,2061.9,2059.3,2061.2,3834
2024-01-14 23:00:00,2061.2,2061.4,2057.4,2058.3,1841
2024-01-16 00:00:00,2053.0,2053.1,2050.9,2052.0,3200
2024-01-16 01:00:00,2051.8,2054.1,2050.8,2054.1,2786
2024-01-16 02:00:00,2054.0,2054.5,2051.6,2053.2,4926
2024-01-16 03:00:00,2053.1,2053.9,2045.7,2046.7,9587
2024-01-16 04:00:00,2046.8,2047.6,2042.4,2045.1,8507
2024-01-16 05:00:00,2045.1,2046.3,2042.8,2044.6,5021
2024-01-16 06:00:00,2044.6,2044.8,2041.7,2043.6,4993
2024-01-16 07:00:00,2043.6,2043.8,2039.1,2042.2,8268
2024-01-16 08:00:00,2042.0,2048.9,2034.6,2041.3,38027
2024-01-16 09:00:00,2041.2,2046.8,2040.5,2041.9,14284
2024-01-16 10:00:00,2041.9,2045.8,2041.1,2044.9,13388
2024-01-16 11:00:00,2044.9,2045.0,2035.9,2037.0,27182
2024-01-16 12:00:00,2037.0,2037.3,2028.3,2028.7,28784
2024-01-16 13:00:00,2028.7,2032.4,2027.6,2028.5,13379
2024-01-16 14:00:00,2028.6,2033.7,2028.4,2032.8,4989
2024-01-16 15:00:00,2032.9,2033.2,2031.2,2031.8,2850
2024-01-16 16:00:00,2031.9,2032.1,2030.6,2031.7,0
2024-01-16 18:00:00,2031.7,2031.8,2029.1,2031.3,3405
2024-01-16 19:00:00,2031.3,2032.1,2029.0,2031.6,2532
2024-01-16 20:00:00,2031.7,2033.9,2030.0,2033.4,4852
2024-01-16 21:00:00,2033.3,2036.1,2030.0,2032.0,5865
2024-01-16 22:00:00,2032.1,2032.3,2026.5,2027.2,4409
2024-01-16 23:00:00,2027.2,2029.1,2026.6,2028.5,2729
2024-01-17 00:00:00,2028.5,2028.6,2022.3,2023.8,8259
2024-01-17 01:00:00,2023.9,2023.9,2020.5,2022.3,7403
2024-01-17 02:00:00,2022.4,2029.1,2020.9,2028.6,11910
2024-01-17 03:00:00,2028.5,2029.5,2024.3,2024.5,6976
2024-01-17 04:00:00,2024.4,2027.5,2022.0,2026.8,7008
2024-01-17 05:00:00,2026.8,2031.6,2025.9,2029.1,9245
2024-01-17 06:00:00,2029.1,2029.8,2026.8,2027.0,4057
2024-01-17 07:00:00,2027.1,2032.5,2026.8,2031.8,10481
2024-01-17 08:00:00,2031.8,2032.1,2022.0,2025.6,26621
2024-01-17 09:00:00,2025.6,2026.4,2014.5,2015.4,34009
2024-01-17 10:00:00,2015.2,2017.1,2008.9,2011.9,36609
2024-01-17 11:00:00,2011.8,2014.7,2006.9,2008.4,18208
2024-01-17 12:00:00,2008.3,2011.0,2006.0,2009.9,11811
2024-01-17 13:00:00,2010.0,2010.1,2004.6,2007.7,18219
2024-01-17 14:00:00,2007.7,2009.9,2007.3,2008.5,5308
2024-01-17 15:00:00,2008.6,2009.7,2007.6,2009.0,3783
2024-01-17 16:00:00,2009.1,2009.3,2008.1,2008.8,0
2024-01-17 18:00:00,2009.1,2011.6,2008.6,2011.3,3563
2024-01-17 19:00:00,2011.4,2012.7,2009.9,2012.7,2930
2024-01-17 20:00:00,2012.7,2013.8,2011.1,2013.4,5599
2024-01-17 21:00:00,2013.3,2013.7,2009.2,2009.3,3683
2024-01-17 22:00:00,2009.3,2011.2,2008.3,2009.9,3734
2024-01-17 23:00:00,2009.9,2011.2,2009.8,2010.1,1419
2024-01-18 00:00:00,2010.0,2011.2,2007.7,2011.0,3483
2024-01-18 01:00:00,2011.1,2014.7,2010.7,2014.4,5734
2024-01-18 02:00:00,2014.3,2015.9,2012.7,2014.2,6057
2024-01-18 03:00:00,2014.1,2014.2,2011.5,2011.6,5285
2024-01-18 04:00:00,2011.6,2015.4,2010.0,2012.3,7660
2024-01-18 05:00:00,2012.3,2014.4,2011.3,2013.7,3365
2024-01-18 06:00:00,2013.7,2015.5,2012.9,2014.5,6879
2024-01-18 07:00:00,2014.6,2019.6,2014.6,2017.2,11258
2024-01-18 08:00:00,2017.2,2017.2,2009.1,2011.1,17277
2024-01-18 09:00:00,2011.2,2015.8,2011.2,2015.0,21487
2024-01-18 10:00:00,2014.9,2017.9,2013.7,2015.8,11532
2024-01-18 11:00:00,2015.7,2019.9,2015.1,2017.2,11335
2024-01-18 12:00:00,2017.1,2018.8,2015.5,2018.7,8538
2024-01-18 13:00:00,2018.8,2024.0,2017.9,2023.1,13647
2024-01-18 14:00:00,2023.0,2023.1,2020.8,2022.2,5899
2024-01-18 15:00:00,2022.3,2025.2,2022.3,2024.7,5170
2024-01-18 16:00:00,2024.6,2025.6,2024.2,2025.1,1464
2024-01-18 18:00:00,2027.4,2027.4,2023.2,2025.7,0
2024-01-18 19:00:00,2025.7,2026.1,2024.5,2025.0,1695
2024-01-18 20:00:00,2025.0,2027.3,2023.9,2025.8,4116
2024-01-18 21:00:00,2025.7,2026.8,2024.3,2025.9,3435
2024-01-18 22:00:00,2025.9,2026.0,2023.6,2024.7,1479
2024-01-18 23:00:00,2024.7,2024.8,2022.5,2022.9,1227
2024-01-19 00:00:00,2022.9,2023.8,2022.2,2023.4,2311
2024-01-19 01:00:00,2023.4,2026.1,2022.6,2025.7,3526
2024-01-19 02:00:00,2025.8,2031.8,2025.6,2030.1,9525
2024-01-19 03:00:00,2030.1,2032.3,2028.4,2031.9,4944
2024-01-19 04:00:00,2031.8,2033.2,2029.8,2032.0,4526
2024-01-19 05:00:00,2032.1,2033.2,2031.1,2032.6,4039
2024-01-19 06:00:00,2032.6,2034.3,2030.9,2033.8,5589
2024-01-19 07:00:00,2033.8,2037.5,2033.8,2035.2,10375
2024-01-19 08:00:00,2035.1,2041.9,2034.8,2037.4,23141
2024-01-19 09:00:00,2037.5,2038.0,2028.6,2032.0,17914
2024-01-19 10:00:00,2032.1,2035.7,2025.2,2030.0,20429
2024-01-19 11:00:00,2029.8,2031.7,2025.4,2027.0,10859
2024-01-19 12:00:00,2027.0,2031.4,2026.5,2031.2,7668
2024-01-19 13:00:00,2031.2,2031.7,2028.6,2030.2,9000
2024-01-19 14:00:00,2030.3,2031.9,2030.0,2031.6,10251
2024-01-19 15:00:00,2031.5,2031.9,2030.0,2030.7,3802
2024-01-19 16:00:00,2030.7,2032.3,2030.5,2031.8,1714
2024-01-21 18:00:00,2031.8,2032.2,2028.8,2029.3,2095
2024-01-21 19:00:00,2029.3,2031.0,2027.3,2030.9,2518
2024-01-21 20:00:00,2030.8,2033.8,2030.6,2030.8,3391
2024-01-21 21:00:00,2030.8,2031.8,2030.0,2031.4,1995
2024-01-21 22:00:00,2031.3,2031.4,2027.4,2028.5,3379
2024-01-21 23:00:00,2028.6,2028.7,2026.1,2026.8,2665
2024-01-22 00:00:00,2026.8,2027.0,2023.4,2024.7,5453
2024-01-22 01:00:00,2024.6,2025.9,2021.5,2022.3,5933
2024-01-22 02:00:00,2022.3,2025.9,2020.6,2023.4,5805
2024-01-22 03:00:00,2023.3,2027.9,2021.9,2023.8,5876
2024-01-22 04:00:00,2023.7,2025.6,2022.1,2023.3,3588
2024-01-22 05:00:00,2023.2,2026.2,2022.6,2024.4,3751
2024-01-22 06:00:00,2024.4,2028.3,2023.8,2027.8,5051
2024-01-22 07:00:00,2027.8,2032.0,2026.9,2031.4,9731
2024-01-22 08:00:00,2031.4,2031.5,2022.8,2024.7,15769
2024-01-22 09:00:00,2024.8,2026.1,2017.4,2024.4,21597
2024-01-22 10:00:00,2024.3,2028.4,2022.4,2025.8,12962
2024-01-22 11:00:00,2025.7,2025.9,2023.0,2025.3,7942
2024-01-22 12:00:00,2025.3,2026.2,2022.9,2023.1,5057
2024-01-22 13:00:00,2023.1,2023.5,2021.3,2022.8,6990
2024-01-22 14:00:00,2022.9,2023.1,2020.7,2022.7,4540
2024-01-22 15:00:00,2022.6,2022.6,2020.7,2022.3,4588
2024-01-22 16:00:00,2022.3,2023.3,2021.7,2023.1,1019
2024-01-22 18:00:00,2023.2,2023.5,2021.8,2022.0,0
2024-01-22 19:00:00,2022.1,2024.4,2022.1,2024.2,1387
2024-01-22 20:00:00,2024.1,2024.3,2020.8,2022.9,4731
2024-01-22 21:00:00,2022.8,2025.4,2021.9,2023.8,2887
2024-01-22 22:00:00,2023.7,2029.3,2022.8,2028.7,3730
2024-01-22 23:00:00,2028.7,2029.1,2028.0,2028.9,6760
2024-01-23 00:00:00,2028.9,2032.9,2028.6,2031.9,5090
2024-01-23 01:00:00,2031.9,2037.2,2030.1,2036.3,9289
2024-01-23 02:00:00,2036.3,2039.3,2029.3,2033.1,11534
2024-01-23 03:00:00,2033.2,2033.2,2029.2,2030.3,4817
2024-01-23 04:00:00,2030.2,2032.9,2028.2,2030.0,6794
2024-01-23 05:00:00,2029.9,2029.9,2026.0,2026.4,5287
2024-01-23 06:00:00,2026.3,2027.4,2023.5,2025.2,5374
2024-01-23 07:00:00,2025.2,2028.3,2024.4,2027.1,5863
2024-01-23 08:00:00,2027.2,2032.4,2024.5,2026.2,13917
2024-01-23 09:00:00,2026.1,2027.5,2022.6,2024.4,12070
2024-01-23 10:00:00,2024.4,2028.1,2024.1,2026.5,11615
2024-01-23 11:00:00,2026.5,2028.9,2024.5,2027.0,9979
2024-01-23 12:00:00,2027.1,2027.4,2023.8,2025.5,11978
2024-01-23 13:00:00,2025.6,2027.0,2024.2,2026.4,8178
2024-01-23 14:00:00,2026.4,2032.0,2025.9,2031.2,6662
2024-01-23 15:00:00,2031.2,2031.5,2029.4,2029.9,3111
2024-01-23 16:00:00,2029.9,2030.7,2029.2,2030.6,1783
2024-01-23 18:00:00,2030.7,2030.9,2028.6,2030.5,0
2024-01-23 19:00:00,2030.4,2030.4,2028.0,2028.5,1750
2024-01-23 20:00:00,2028.4,2030.0,2027.3,2028.2,2731
2024-01-23 21:00:00,2028.2,2028.5,2024.8,2025.1,2491
2024-01-23 22:00:00,2025.0,2026.6,2024.5,2025.7,2320
2024-01-23 23:00:00,2025.7,2026.6,2024.8,2025.3,917
2024-01-24 00:00:00,2025.2,2026.5,2023.6,2025.2,2639
2024-01-24 01:00:00,2025.3,2028.8,2024.5,2026.8,3802
2024-01-24 02:00:00,2026.7,2032.8,2026.6,2030.7,7673
2024-01-24 03:00:00,2030.7,2033.4,2029.2,2032.0,6956
2024-01-24 04:00:00,2032.0,2035.8,2031.1,2031.9,6233
2024-01-24 05:00:00,2031.8,2034.2,2030.5,2033.9,4225
2024-01-24 06:00:00,2034.0,2035.5,2032.0,2034.6,4778
2024-01-24 07:00:00,2034.6,2035.8,2032.8,2033.8,14669
2024-01-24 08:00:00,2033.8,2037.9,2032.1,2035.1,30160
2024-01-24 09:00:00,2035.2,2035.9,2024.0,2025.5,35290
2024-01-24 10:00:00,2025.5,2026.4,2015.6,2016.0,36501
2024-01-24 11:00:00,2016.1,2017.1,2012.6,2016.3,26253
2024-01-24 12:00:00,2016.2,2020.8,2016.2,2020.3,10244
2024-01-24 13:00:00,2020.3,2020.8,2014.3,2015.9,12663
2024-01-24 14:00:00,2016.0,2016.1,2011.7,2012.9,7984
2024-01-24 15:00:00,2012.9,2014.5,2012.4,2013.0,3128
2024-01-24 16:00:00,2013.0,2015.2,2012.7,2014.4,1466
2024-01-24 18:00:00,2014.8,2017.7,2014.0,2016.3,0
2024-01-24 19:00:00,2016.3,2016.8,2014.7,2015.4,2646
2024-01-24 20:00:00,2015.3,2017.4,2014.3,2016.3,3989
2024-01-24 21:00:00,2016.3,2016.8,2014.4,2015.1,2186
2024-01-24 22:00:00,2015.0,2016.6,2014.9,2015.5,1377
2024-01-24 23:00:00,2015.6,2016.2,2014.5,2015.6,1934
2024-01-25 00:00:00,2015.5,2016.4,2014.6,2015.4,2750
2024-01-25 01:00:00,2015.4,2016.4,2014.3,2015.7,4756
2024-01-25 02:00:00,2015.7,2018.0,2013.3,2015.7,6455
2024-01-25 03:00:00,2015.8,2015.9,2012.4,2013.6,10730
2024-01-25 04:00:00,2013.9,2018.0,2012.7,2017.8,8436
2024-01-25 05:00:00,2017.9,2019.6,2017.2,2019.4,4828
2024-01-25 06:00:00,2019.3,2019.6,2016.6,2017.7,5220
2024-01-25 07:00:00,2017.7,2017.8,2013.5,2013.7,4608
2024-01-25 08:00:00,2013.7,2023.8,2004.0,2019.5,29387
2024-01-25 09:00:00,2019.4,2025.6,2018.5,2023.8,25946
2024-01-25 10:00:00,2023.7,2024.9,2016.6,2020.3,18465
2024-01-25 11:00:00,2020.3,2021.7,2013.6,2014.4,12228
2024-01-25 12:00:00,2014.5,2016.4,2012.4,2014.9,12109
2024-01-25 13:00:00,2014.9,2018.7,2014.0,2014.3,13847
2024-01-25 14:00:00,2014.3,2018.6,2013.4,2018.0,7809
2024-01-25 15:00:00,2018.0,2020.6,2017.2,2020.5,3382
2024-01-25 16:00:00,2020.4,2021.3,2019.2,2021.0,0
2024-01-25 18:00:00,2021.0,2021.5,2020.0,2020.4,1804
2024-01-25 19:00:00,2020.5,2021.6,2019.1,2021.0,1638
2024-01-25 20:00:00,2021.1,2024.2,2020.9,2021.8,3860
2024-01-25 21:00:00,2021.7,2023.6,2021.5,2021.6,1886
2024-01-25 22:00:00,2021.6,2022.6,2021.0,2021.5,2285
2024-01-25 23:00:00,2021.5,2022.1,2020.7,2020.9,1093
2024-01-26 00:00:00,2020.8,2023.3,2020.7,2022.8,1931
2024-01-26 01:00:00,2022.8,2023.1,2021.2,2021.2,1641
2024-01-26 02:00:00,2021.3,2022.6,2019.4,2021.2,3730
2024-01-26 03:00:00,2020.9,2021.9,2019.9,2020.3,3840
2024-01-26 04:00:00,2020.3,2022.2,2017.9,2020.6,4161
2024-01-26 05:00:00,2020.6,2023.9,2020.6,2023.5,3897
2024-01-26 06:00:00,2023.5,2024.7,2022.4,2023.3,4583
2024-01-26 07:00:00,2023.4,2024.4,2020.1,2021.4,9034
2024-01-26 08:00:00,2021.3,2028.1,2018.6,2024.7,18180
2024-01-26 09:00:00,2024.5,2026.0,2018.9,2020.1,12435
2024-01-26 10:00:00,2020.1,2020.1,2015.9,2016.9,14610
2024-01-26 11:00:00,2016.8,2019.3,2015.6,2017.8,8489
2024-01-26 12:00:00,2017.8,2018.6,2016.0,2016.2,7239
2024-01-26 13:00:00,2016.2,2018.0,2015.6,2016.9,5401
2024-01-26 14:00:00,2017.1,2017.6,2015.8,2016.8,2081
2024-01-26 15:00:00,2016.9,2019.0,2016.1,2018.2,2071
2024-01-26 16:00:00,2018.2,2018.9,2017.8,2018.2,1698
2024-01-28 18:00:00,2024.4,2029.0,2021.1,2021.6,6260
2024-01-28 19:00:00,2021.6,2021.6,2018.8,2021.1,2362
2024-01-28 20:00:00,2021.0,2024.8,2020.6,2022.4,2433
2024-01-28 21:00:00,2022.4,2024.5,2020.6,2024.4,2165
2024-01-28 22:00:00,2024.5,2025.4,2023.2,2024.7,4460
2024-01-28 23:00:00,2024.8,2026.5,2024.5,2025.0,1185
2024-01-29 00:00:00,2025.3,2025.8,2023.7,2024.5,2049
2024-01-29 01:00:00,2024.4,2028.2,2023.9,2028.0,4060
2024-01-29 02:00:00,2027.9,2033.2,2027.8,2030.7,5317
2024-01-29 03:00:00,2030.5,2032.9,2030.4,2030.9,5655
2024-01-29 04:00:00,2030.9,2031.3,2027.3,2027.8,4569
2024-01-29 05:00:00,2027.8,2028.0,2025.1,2026.9,3178
2024-01-29 06:00:00,2026.9,2027.9,2024.7,2027.5,4370
2024-01-29 07:00:00,2027.6,2029.7,2027.5,2027.7,3738
2024-01-29 08:00:00,2027.9,2037.2,2027.0,2036.5,9918
2024-01-29 09:00:00,2036.6,2036.8,2020.6,2023.9,21267
2024-01-29 10:00:00,2023.7,2025.2,2019.4,2024.4,14725
2024-01-29 11:00:00,2024.4,2026.9,2022.8,2026.0,11345
2024-01-29 12:00:00,2026.0,2030.4,2025.5,2028.5,21650
2024-01-29 13:00:00,2028.5,2028.8,2024.0,2024.9,3440
2024-01-29 14:00:00,2024.9,2027.0,2024.2,2026.0,7313
2024-01-29 15:00:00,2026.1,2034.6,2026.1,2031.8,4573
2024-01-29 16:00:00,2031.9,2032.7,2030.3,2032.7,0
2024-01-29 18:00:00,2032.5,2032.7,2028.6,2030.7,545
2024-01-29 19:00:00,2030.2,2032.8,2030.0,2032.5,333
2024-01-29 20:00:00,2032.5,2032.6,2029.5,2030.1,302
2024-01-29 21:00:00,2029.8,2031.1,2028.9,2031.0,151
2024-01-29 22:00:00,2030.8,2031.1,2030.2,2030.8,143
2024-01-29 23:00:00,2030.7,2031.8,2029.9,2030.2,130
2024-01-30 00:00:00,2030.3,2031.8,2030.3,2030.9,318
2024-01-30 01:00:00,2030.7,2034.2,2030.7,2032.8,204
2024-01-30 02:00:00,2032.8,2040.0,2032.8,2036.5,1476
2024-01-30 03:00:00,2036.5,2057.1,2036.1,2056.6,29648
2024-01-30 04:00:00,2056.6,2056.9,2034.0,2054.0,6534
2024-01-30 05:00:00,2054.0,2055.6,2034.0,2053.8,4455
2024-01-30 06:00:00,2053.8,2054.4,2029.3,2052.7,6129
2024-01-30 07:00:00,2052.6,2054.7,2032.4,2054.4,6185
2024-01-30 08:00:00,2054.3,2056.2,2032.2,2055.9,14758
2024-01-30 09:00:00,2056.0,2067.2,2036.3,2065.2,45214
2024-01-30 10:00:00,2045.7,2068.0,2028.1,2050.9,52136
2024-01-30 11:00:00,2050.9,2054.3,2030.8,2054.1,16781
2024-01-30 12:00:00,2054.1,2054.3,2032.1,2052.2,7339
2024-01-30 13:00:00,2052.2,2052.2,2030.8,2051.1,7307
2024-01-30 14:00:00,2051.0,2055.4,2050.6,2054.4,4294
2024-01-30 15:00:00,2054.4,2055.0,2053.6,2054.3,2872
2024-01-30 16:00:00,2054.3,2055.4,2054.2,2055.3,1102
2024-01-30 18:00:00,2055.3,2055.7,2053.7,2054.5,0
2024-01-30 19:00:00,2054.5,2056.7,2053.9,2054.1,2339
2024-01-30 20:00:00,2054.1,2055.3,2052.7,2052.7,3141
2024-01-30 21:00:00,2052.8,2052.9,2050.9,2051.8,2300
2024-01-30 22:00:00,2051.8,2052.4,2051.1,2052.0,1104
2024-01-30 23:00:00,2052.1,2052.9,2051.2,2052.6,710
2024-01-31 00:00:00,2052.6,2053.2,2051.3,2052.9,1523
2024-01-31 01:00:00,2053.0,2053.7,2051.5,2052.2,1779
2024-01-31 02:00:00,2052.2,2056.5,2051.8,2054.6,4792
2024-01-31 03:00:00,2054.5,2058.6,2054.1,2057.2,5780
2024-01-31 04:00:00,2057.2,2058.0,2056.0,2056.3,3757
2024-01-31 05:00:00,2056.4,2056.6,2053.9,2055.0,3156
2024-01-31 06:00:00,2054.9,2057.0,2054.7,2055.2,2315
2024-01-31 07:00:00,2055.3,2057.7,2055.0,2056.6,2930
2024-01-31 08:00:00,2056.6,2061.4,2054.0,2060.1,18789
2024-01-31 09:00:00,2060.2,2073.8,2058.8,2070.0,41431
2024-01-31 10:00:00,2069.9,2074.6,2068.8,2070.6,25936
2024-01-31 11:00:00,2070.7,2072.0,2065.4,2068.1,16699
2024-01-31 12:00:00,2068.1,2069.2,2067.4,2067.7,6319
2024-01-31 13:00:00,2067.7,2068.1,2064.0,2064.6,11670
2024-01-31 14:00:00,2064.7,2069.4,2057.4,2063.1,35302
2024-01-31 15:00:00,2063.1,2064.2,2048.8,2053.1,27155
2024-01-31 16:00:00,2053.0,2058.4,2051.5,2057.7,5950
2024-01-31 18:00:00,2057.9,2058.7,2056.6,2057.2,0
2024-01-31 19:00:00,2057.3,2060.1,2056.5,2058.0,3160
2024-01-31 20:00:00,2058.1,2059.3,2057.3,2058.7,3722
2024-01-31 21:00:00,2058.6,2067.0,2058.5,2064.3,5079
2024-01-31 22:00:00,2064.3,2065.7,2062.8,2063.6,2811
2024-01-31 23:00:00,2063.6,2063.9,2062.2,2063.2,1315
2024-02-01 00:00:00,2063.0,2063.6,2061.6,2061.8,2443
2024-02-01 01:00:00,2061.8,2062.1,2059.6,2060.7,3198
2024-02-01 02:00:00,2060.6,2061.3,2058.2,2060.0,4770
2024-02-01 03:00:00,2059.9,2060.0,2056.1,2059.1,7746
2024-02-01 04:00:00,2059.0,2060.1,2057.4,2058.3,3295
2024-02-01 05:00:00,2058.3,2058.4,2047.5,2048.8,9748
2024-02-01 06:00:00,2048.8,2051.4,2046.7,2050.3,11422
2024-02-01 07:00:00,2050.2,2051.4,2046.4,2051.1,8143
2024-02-01 08:00:00,2051.1,2059.2,2047.7,2056.9,25439
2024-02-01 09:00:00,2057.0,2068.3,2056.8,2063.7,31779
2024-02-01 10:00:00,2063.4,2070.8,2056.8,2069.5,30381
2024-02-01 11:00:00,2069.5,2083.2,2069.4,2076.9,44878
2024-02-01 12:00:00,2077.0,2080.0,2068.6,2072.0,24494
2024-02-01 13:00:00,2071.8,2075.9,2069.4,2072.8,16648
2024-02-01 14:00:00,2072.8,2075.3,2071.3,2072.0,4936
2024-02-01 15:00:00,2072.1,2073.2,2070.7,2073.0,3547
2024-02-01 16:00:00,2072.9,2072.9,2071.3,2072.3,1987
2024-02-01 18:00:00,2072.0,2073.3,2071.6,2071.8,0
2024-02-01 19:00:00,2071.7,2073.8,2071.6,2072.0,1696
2024-02-01 20:00:00,2072.0,2073.2,2070.1,2071.9,3857
2024-02-01 21:00:00,2072.0,2072.7,2069.0,2071.1,2624
2024-02-01 22:00:00,2071.1,2072.2,2070.8,2071.7,1906
2024-02-01 23:00:00,2071.7,2073.1,2071.2,2072.3,1319
2024-02-02 00:00:00,2072.2,2073.8,2071.5,2072.7,2274
2024-02-02 01:00:00,2072.6,2074.1,2071.3,2072.6,2451
2024-02-02 02:00:00,2072.7,2074.2,2071.9,2072.1,2669
2024-02-02 03:00:00,2072.1,2074.0,2070.7,2071.1,3759
2024-02-02 04:00:00,2071.0,2072.0,2069.6,2070.1,4367
2024-02-02 05:00:00,2070.0,2072.7,2069.9,2071.7,3284
2024-02-02 06:00:00,2071.7,2073.2,2070.7,2073.2,2865
2024-02-02 07:00:00,2073.3,2073.4,2070.7,2072.2,5045
2024-02-02 08:00:00,2072.3,2074.7,2046.1,2048.4,67892
2024-02-02 09:00:00,2048.3,2052.9,2044.2,2052.1,43024
2024-02-02 10:00:00,2052.0,2052.4,2045.3,2052.0,22174
2024-02-02 11:00:00,2051.9,2054.6,2049.9,2053.3,12203
2024-02-02 12:00:00,2053.3,2054.1,2050.9,2052.3,6743
2024-02-02 13:00:00,2052.2,2055.8,2051.3,2054.4,9696
2024-02-02 14:00:00,2054.5,2055.5,2053.4,2055.2,3790
2024-02-02 15:00:00,2055.2,2055.5,2053.0,2053.1,3284
2024-02-02 16:00:00,2053.2,2057.1,2053.1,2057.1,2167
2024-02-04 18:00:00,2057.9,2059.1,2055.8,2056.1,3239
2024-02-04 19:00:00,2056.1,2056.6,2050.1,2052.1,4979
2024-02-04 20:00:00,2052.0,2054.6,2050.8,2054.3,3718
2024-02-04 21:00:00,2054.3,2055.0,2049.2,2049.8,3119
2024-02-04 22:00:00,2049.7,2050.8,2045.3,2048.6,4233
2024-02-04 23:00:00,2048.5,2049.8,2047.9,2048.3,1621
2024-02-05 00:00:00,2048.1,2048.3,2045.2,2046.1,4453
2024-02-05 01:00:00,2046.0,2047.4,2042.1,2047.1,4755
2024-02-05 02:00:00,2047.1,2047.8,2043.1,2043.8,6205
2024-02-05 03:00:00,2043.9,2044.0,2038.4,2039.6,10758
2024-02-05 04:00:00,2039.6,2040.3,2036.8,2038.8,6462
2024-02-05 05:00:00,2038.9,2041.4,2038.3,2040.6,5058
2024-02-05 06:00:00,2040.7,2044.5,2040.3,2043.8,4236
2024-02-05 07:00:00,2043.9,2044.3,2038.8,2038.8,5037
2024-02-05 08:00:00,2038.8,2039.0,2030.9,2031.9,23105
2024-02-05 09:00:00,2032.0,2040.0,2030.8,2039.9,18841
2024-02-05 10:00:00,2039.7,2039.7,2031.6,2034.0,18946
2024-02-05 11:00:00,2034.0,2038.8,2034.0,2038.5,7991
2024-02-05 12:00:00,2038.5,2042.8,2037.6,2042.0,8454
2024-02-05 13:00:00,2042.1,2043.5,2041.7,2042.2,8755
2024-02-05 14:00:00,2042.3,2043.9,2041.4,2042.3,4203
2024-02-05 15:00:00,2042.2,2042.7,2040.4,2041.5,3603
2024-02-05 16:00:00,2041.5,2041.7,2040.6,2041.6,1395
2024-02-05 18:00:00,2041.4,2041.7,2039.9,2041.2,0
2024-02-05 19:00:00,2041.2,2043.8,2041.1,2043.0,1757
2024-02-05 20:00:00,2043.1,2044.7,2042.5,2043.2,2483
2024-02-05 21:00:00,2043.3,2043.4,2040.8,2042.0,1980
2024-02-05 22:00:00,2041.9,2042.3,2039.4,2039.8,1705
2024-02-05 23:00:00,2039.8,2042.2,2039.4,2041.9,1176
2024-02-06 00:00:00,2042.3,2045.7,2041.7,2045.3,3313
2024-02-06 01:00:00,2045.3,2045.5,2042.0,2042.6,3251
2024-02-06 02:00:00,2042.7,2044.9,2042.1,2042.2,2696
2024-02-06 03:00:00,2042.2,2042.6,2039.2,2039.8,4343
2024-02-06 04:00:00,2039.7,2041.3,2038.8,2039.5,3062
2024-02-06 05:00:00,2039.4,2042.1,2039.3,2039.9,2902
2024-02-06 06:00:00,2039.8,2043.5,2038.8,2042.7,3836
2024-02-06 07:00:00,2042.6,2044.0,2040.5,2043.8,4564
2024-02-06 08:00:00,2043.7,2048.1,2042.3,2045.4,11783
2024-02-06 09:00:00,2045.3,2049.4,2043.0,2046.9,13552
2024-02-06 10:00:00,2046.8,2054.5,2045.7,2052.6,23615
2024-02-06 11:00:00,2052.5,2055.3,2051.5,2053.0,9622
2024-02-06 12:00:00,2052.9,2054.7,2048.3,2053.3,11208
2024-02-06 13:00:00,2053.3,2054.5,2050.1,2052.9,6435
2024-02-06 14:00:00,2053.0,2053.2,2051.3,2052.3,2346
2024-02-06 15:00:00,2052.4,2053.4,2051.5,2052.3,3176
2024-02-06 16:00:00,2052.2,2052.7,2051.5,2052.5,1194
2024-02-06 18:00:00,2052.6,2052.6,2050.6,2051.3,0
2024-02-06 19:00:00,2051.3,2052.2,2050.5,2051.0,1429
2024-02-06 20:00:00,2051.1,2051.9,2050.3,2051.2,1553
2024-02-06 21:00:00,2051.2,2051.7,2050.0,2050.5,1219
2024-02-06 22:00:00,2050.4,2051.5,2050.1,2050.3,1141
2024-02-06 23:00:00,2050.4,2051.4,2050.1,2051.3,642
2024-02-07 00:00:00,2051.1,2051.4,2049.2,2049.3,1622
2024-02-07 01:00:00,2049.2,2050.3,2048.4,2049.6,2155
2024-02-07 02:00:00,2049.5,2052.3,2049.3,2051.3,3924
2024-02-07 03:00:00,2051.3,2051.4,2047.7,2048.8,5265
2024-02-07 04:00:00,2048.9,2050.8,2048.2,2050.3,2622
2024-02-07 05:00:00,2050.2,2050.3,2048.5,2049.0,2713
2024-02-07 06:00:00,2049.0,2051.8,2048.6,2050.0,2671
2024-02-07 07:00:00,2050.0,2050.1,2046.4,2049.2,5220
2024-02-07 08:00:00,2049.3,2052.5,2048.0,2052.1,9131
2024-02-07 09:00:00,2052.1,2061.3,2048.6,2058.8,28431
2024-02-07 10:00:00,2058.8,2059.6,2051.4,2054.4,19396
2024-02-07 11:00:00,2054.3,2057.0,2053.6,2054.6,6485
2024-02-07 12:00:00,2054.5,2054.6,2050.2,2051.8,8509
2024-02-07 13:00:00,2051.8,2053.4,2050.0,2050.9,8618
2024-02-07 14:00:00,2051.0,2051.8,2050.3,2051.7,1965
2024-02-07 15:00:00,2051.5,2051.8,2050.3,2050.6,2853
2024-02-07 16:00:00,2050.5,2051.0,2049.5,2050.9,1731
2024-02-07 18:00:00,2051.0,2051.5,2049.9,2051.4,0
2024-02-07 19:00:00,2051.3,2052.7,2051.2,2052.3,1755
2024-02-07 20:00:00,2052.3,2053.2,2051.7,2052.4,2001
2024-02-07 21:00:00,2052.5,2053.8,2051.1,2051.3,2010
2024-02-07 22:00:00,2051.5,2051.9,2047.2,2048.3,3213
2024-02-07 23:00:00,2048.2,2049.4,2046.8,2047.5,2067
2024-02-08 00:00:00,2047.4,2049.0,2046.2,2048.7,2506
2024-02-08 01:00:00,2048.7,2049.3,2047.4,2048.3,2013
2024-02-08 02:00:00,2048.3,2050.1,2046.5,2047.8,3976
2024-02-08 03:00:00,2047.8,2048.3,2043.6,2045.6,5969
2024-02-08 04:00:00,2045.6,2050.8,2044.5,2050.0,4754
2024-02-08 05:00:00,2050.2,2053.3,2049.5,2051.0,6150
2024-02-08 06:00:00,2051.1,2051.3,2042.7,2044.0,7886
2024-02-08 07:00:00,2044.0,2044.1,2038.3,2039.7,10754
2024-02-08 08:00:00,2039.7,2041.2,2035.6,2035.8,17421
2024-02-08 09:00:00,2035.8,2049.1,2034.6,2043.2,23331
2024-02-08 10:00:00,2043.4,2048.2,2042.4,2047.0,9755
2024-02-08 11:00:00,2047.0,2047.2,2042.7,2047.0,6374
2024-02-08 12:00:00,2047.0,2048.2,2045.3,2046.7,5262
2024-02-08 13:00:00,2046.7,2050.5,2046.1,2047.2,8925
2024-02-08 14:00:00,2047.2,2048.6,2046.5,2047.6,2526
2024-02-08 15:00:00,2047.7,2049.0,2047.7,2048.1,2195
2024-02-08 16:00:00,2048.1,2049.8,2048.0,2049.7,1038
2024-02-08 18:00:00,2049.7,2050.1,2048.7,2049.1,0
2024-02-08 19:00:00,2049.1,2049.3,2046.7,2046.9,1792
2024-02-08 20:00:00,2046.9,2049.9,2046.8,2049.0,2061
2024-02-08 21:00:00,2049.0,2049.9,2048.7,2049.1,1136
2024-02-08 22:00:00,2049.2,2049.6,2047.8,2048.3,1203
2024-02-08 23:00:00,2048.4,2048.6,2047.1,2047.5,750
2024-02-09 00:00:00,2047.4,2048.8,2046.8,2047.6,1369
2024-02-09 01:00:00,2047.7,2049.2,2047.0,2048.6,1148
2024-02-09 02:00:00,2048.7,2049.8,2047.6,2048.3,2352
2024-02-09 03:00:00,2048.4,2048.8,2045.2,2046.9,3376
2024-02-09 04:00:00,2047.0,2048.2,2045.7,2046.2,1933
2024-02-09 05:00:00,2046.1,2047.6,2045.5,2047.3,2613
2024-02-09 06:00:00,2047.4,2048.0,2046.0,2046.0,1882
2024-02-09 07:00:00,2046.1,2046.7,2043.0,2043.2,4856
2024-02-09 08:00:00,2043.1,2051.9,2039.9,2041.7,21461
2024-02-09 09:00:00,2041.6,2045.5,2037.4,2039.6,17328
2024-02-09 10:00:00,2039.6,2041.9,2036.2,2036.9,10389
2024-02-09 11:00:00,2036.0,2038.1,2034.3,2035.8,12905
2024-02-09 12:00:00,2035.8,2039.1,2035.4,2039.0,5590
2024-02-09 13:00:00,2039.0,2040.7,2037.0,2038.0,7201
2024-02-09 14:00:00,2037.9,2040.5,2037.6,2039.0,2261
2024-02-09 15:00:00,2039.0,2040.5,2038.1,2039.3,2754
2024-02-09 16:00:00,2039.2,2039.8,2038.2,2038.7,1558
2024-02-11 18:00:00,2038.2,2041.2,2037.5,2039.6,2004
2024-02-11 19:00:00,2039.7,2040.2,2039.1,2039.4,717
2024-02-11 20:00:00,2039.4,2040.8,2037.5,2037.5,2041
2024-02-11 21:00:00,2037.5,2037.8,2036.0,2036.2,1358
2024-02-11 22:00:00,2036.2,2036.8,2035.7,2036.6,1009
2024-02-11 23:00:00,2036.6,2037.9,2036.3,2036.9,1017
2024-02-12 00:00:00,2037.0,2037.9,2036.8,2037.7,843
2024-02-12 01:00:00,2037.6,2038.6,2037.3,2038.0,1121
2024-02-12 02:00:00,2038.0,2040.4,2036.9,2039.6,2706
2024-02-12 03:00:00,2039.5,2041.0,2037.4,2037.5,3361
2024-02-12 04:00:00,2037.6,2037.9,2033.7,2034.6,5332
2024-02-12 05:00:00,2034.5,2035.2,2033.7,2035.0,3714
2024-02-12 06:00:00,2035.1,2036.7,2034.3,2035.9,2990
2024-02-12 07:00:00,2035.9,2036.4,2034.5,2035.4,2710
2024-02-12 08:00:00,2035.4,2041.8,2032.2,2032.8,17811
2024-02-12 09:00:00,2032.8,2034.2,2026.7,2028.7,19997
2024-02-12 10:00:00,2028.5,2030.8,2025.6,2026.8,11733
2024-02-12 11:00:00,2026.8,2030.1,2025.4,2029.6,8503
2024-02-12 12:00:00,2029.6,2034.4,2029.3,2033.1,7966
2024-02-12 13:00:00,2033.1,2035.3,2031.5,2035.2,8132
2024-02-12 14:00:00,2035.2,2035.3,2032.2,2032.8,3326
2024-02-12 15:00:00,2032.8,2034.3,2032.6,2033.9,2338
2024-02-12 16:00:00,2033.9,2034.4,2033.4,2033.8,928
2024-02-12 18:00:00,2033.7,2034.1,2032.4,2032.5,0
2024-02-12 19:00:00,2032.6,2033.1,2031.9,2033.0,1721
2024-02-12 20:00:00,2033.1,2034.7,2032.9,2033.6,1804
2024-02-12 21:00:00,2033.7,2033.7,2032.3,2032.3,1064
2024-02-12 22:00:00,2032.3,2032.4,2030.2,2031.8,1543
2024-02-12 23:00:00,2031.9,2033.0,2031.8,2032.4,854
2024-02-13 00:00:00,2032.4,2035.0,2032.4,2034.1,1741
2024-02-13 01:00:00,2034.1,2037.6,2034.0,2036.9,2404
2024-02-13 02:00:00,2037.0,2039.7,2036.7,2038.7,4453
2024-02-13 03:00:00,2038.8,2039.8,2037.9,2039.8,4203
2024-02-13 04:00:00,2039.8,2040.4,2038.6,2040.2,2846
2024-02-13 05:00:00,2040.2,2041.9,2039.5,2040.3,4237
2024-02-13 06:00:00,2040.3,2043.0,2039.8,2041.3,6616
2024-02-13 07:00:00,2041.3,2042.7,2041.0,2042.0,3987
2024-02-13 08:00:00,2042.0,2047.3,2016.2,2017.6,53615
2024-02-13 09:00:00,2017.6,2019.1,2005.3,2008.5,48231
2024-02-13 10:00:00,2008.6,2009.0,2002.8,2004.8,23355
2024-02-13 11:00:00,2004.9,2010.8,2004.9,2008.0,12290
2024-02-13 12:00:00,2008.0,2009.0,2005.6,2006.6,6275
2024-02-13 13:00:00,2006.7,2008.7,2006.1,2006.4,9197
2024-02-13 14:00:00,2006.5,2006.7,2004.2,2004.6,4389
2024-02-13 15:00:00,2004.6,2006.5,2004.1,2005.5,4198
2024-02-13 16:00:00,2005.5,2006.5,2005.0,2006.0,1563
2024-02-13 18:00:00,2006.3,2006.3,2003.2,2004.0,0
2024-02-13 19:00:00,2004.0,2005.8,2003.3,2005.1,2140
2024-02-13 20:00:00,2005.0,2005.4,2000.9,2005.3,3834
2024-02-13 21:00:00,2005.3,2006.1,2003.8,2004.7,2675
2024-02-13 22:00:00,2004.9,2005.6,2003.9,2005.0,1081
2024-02-13 23:00:00,2005.1,2005.5,2004.5,2005.1,1199
2024-02-14 00:00:00,2005.0,2006.1,2004.7,2005.6,1673
2024-02-14 01:00:00,2005.6,2005.7,2003.5,2004.9,1923
2024-02-14 02:00:00,2004.8,2005.7,2002.0,2002.2,4689
2024-02-14 03:00:00,2002.1,2003.3,1998.2,2001.1,9167
2024-02-14 04:00:00,2001.1,2004.4,2001.0,2004.0,5387
2024-02-14 05:00:00,2003.9,2006.3,2002.8,2005.6,4328
2024-02-14 06:00:00,2005.6,2006.0,2003.3,2004.9,5921
2024-02-14 07:00:00,2004.9,2005.9,2002.1,2002.9,4643
2024-02-14 08:00:00,2002.9,2006.0,2001.3,2001.9,13958
2024-02-14 09:00:00,2001.9,2005.0,1998.7,1999.9,17813
2024-02-14 10:00:00,2000.0,2001.6,1996.4,2000.6,21165
2024-02-14 11:00:00,2000.6,2006.6,2000.2,2006.1,25010
2024-02-14 12:00:00,2006.0,2008.2,2003.3,2007.1,19186
2024-02-14 13:00:00,2007.1,2008.8,2003.8,2004.4,25219
2024-02-14 14:00:00,2004.4,2004.8,2002.3,2004.4,6167
2024-02-14 15:00:00,2004.4,2004.5,2002.4,2003.9,2678
2024-02-14 16:00:00,2004.1,2005.7,2003.3,2005.0,2366
2024-02-14 18:00:00,2004.8,2005.7,2004.3,2005.5,0
2024-02-14 19:00:00,2005.6,2006.1,2004.0,2005.4,8170
2024-02-14 20:00:00,2005.4,2006.2,2003.9,2004.2,6589
2024-02-14 21:00:00,2004.2,2005.2,2003.8,2004.8,1551
2024-02-14 22:00:00,2004.8,2004.9,2001.8,2002.4,1817
2024-02-14 23:00:00,2002.3,2003.7,2002.1,2003.6,1080
2024-02-15 00:00:00,2003.6,2004.6,2003.2,2003.5,1217
2024-02-15 01:00:00,2003.5,2005.2,2003.2,2005.0,2090
2024-02-15 02:00:00,2004.9,2006.3,2003.9,2005.3,3846
2024-02-15 03:00:00,2005.3,2007.6,2005.0,2006.8,4664
2024-02-15 04:00:00,2006.8,2008.8,2005.4,2008.0,3306
2024-02-15 05:00:00,2008.0,2009.5,2007.3,2007.3,12463
2024-02-15 06:00:00,2007.4,2009.6,2007.2,2009.1,10221
2024-02-15 07:00:00,2009.1,2010.7,2007.9,2009.6,13999
2024-02-15 08:00:00,2009.7,2016.2,2007.1,2015.4,28565
2024-02-15 09:00:00,2015.3,2020.2,2012.9,2015.5,22942
2024-02-15 10:00:00,2015.4,2019.9,2011.1,2012.3,25082
2024-02-15 11:00:00,2012.3,2013.1,2009.9,2011.7,19733
2024-02-15 12:00:00,2011.7,2016.2,2011.7,2015.2,7047
2024-02-15 13:00:00,2015.3,2016.6,2014.3,2016.2,10142
2024-02-15 14:00:00,2016.1,2018.1,2015.4,2016.8,8172
2024-02-15 15:00:00,2016.8,2016.8,2015.2,2016.1,2506
2024-02-15 16:00:00,2016.2,2016.5,2014.9,2016.1,1159
2024-02-15 18:00:00,2016.1,2016.7,2015.0,2015.1,0
2024-02-15 19:00:00,2015.1,2015.3,2013.9,2014.1,1758
2024-02-15 20:00:00,2014.2,2017.5,2013.9,2017.3,2855
2024-02-15 21:00:00,2017.3,2017.5,2015.8,2016.3,1848
2024-02-15 22:00:00,2016.3,2016.6,2015.1,2016.0,1097
2024-02-15 23:00:00,2016.1,2016.1,2015.1,2015.5,1736
2024-02-16 00:00:00,2015.4,2016.5,2015.2,2016.3,959
2024-02-16 01:00:00,2016.3,2016.6,2014.4,2015.4,2349
2024-02-16 02:00:00,2015.4,2018.2,2015.1,2016.8,3012
2024-02-16 03:00:00,2016.8,2017.3,2015.4,2016.6,3348
2024-02-16 04:00:00,2016.6,2018.1,2015.9,2016.7,2464
2024-02-16 05:00:00,2016.7,2019.0,2016.4,2018.7,3332
2024-02-16 06:00:00,2018.7,2019.6,2017.8,2019.0,2987
2024-02-16 07:00:00,2019.0,2020.1,2018.1,2018.5,3607
2024-02-16 08:00:00,2018.4,2018.7,2006.6,2013.1,33083
2024-02-16 09:00:00,2013.0,2015.1,2006.9,2009.5,18442
2024-02-16 10:00:00,2009.8,2023.4,2008.7,2019.7,30579
2024-02-16 11:00:00,2019.8,2022.9,2019.1,2021.1,9544
2024-02-16 12:00:00,2021.1,2027.2,2020.6,2025.3,11145
2024-02-16 13:00:00,2025.4,2027.1,2022.9,2025.6,12149
2024-02-16 14:00:00,2025.6,2026.9,2023.4,2024.4,3730
2024-02-16 15:00:00,2024.4,2024.9,2022.9,2023.8,2957
2024-02-16 16:00:00,2023.9,2026.0,2023.8,2025.2,1310
2024-02-18 18:00:00,2027.7,2028.0,2023.9,2025.7,3749
2024-02-18 19:00:00,2025.7,2032.8,2025.7,2030.6,4787
2024-02-18 20:00:00,2030.7,2032.6,2028.1,2031.2,9552
2024-02-18 21:00:00,2031.2,2034.3,2030.0,2033.7,3454
2024-02-18 22:00:00,2033.7,2033.7,2030.5,2031.2,1966
2024-02-18 23:00:00,2031.2,2031.2,2029.6,2030.5,1628
2024-02-20 00:00:00,2030.7,2030.7,2028.6,2029.4,1988
2024-02-20 01:00:00,2029.5,2031.8,2028.8,2030.3,2974
2024-02-20 02:00:00,2030.4,2033.9,2029.7,2032.5,5223
2024-02-20 03:00:00,2032.5,2034.3,2031.8,2034.1,5497
2024-02-20 04:00:00,2034.0,2036.6,2033.8,2035.3,6767
2024-02-20 05:00:00,2035.3,2039.2,2034.8,2037.4,7123
2024-02-20 06:00:00,2037.4,2038.7,2036.3,2037.9,8663
2024-02-20 07:00:00,2038.0,2039.3,2037.5,2038.0,6622
2024-02-20 08:00:00,2038.0,2042.7,2037.4,2041.5,18253
2024-02-20 09:00:00,2041.5,2042.4,2036.8,2039.6,17512
2024-02-20 10:00:00,2039.7,2041.6,2037.2,2039.0,11321
2024-02-20 11:00:00,2039.0,2039.9,2037.7,2038.5,5312
2024-02-20 12:00:00,2038.5,2040.1,2037.1,2040.0,5367
2024-02-20 13:00:00,2040.1,2040.2,2038.1,2038.6,6829
2024-02-20 14:00:00,2038.6,2039.1,2036.2,2036.5,3015
2024-02-20 15:00:00,2036.6,2036.6,2034.9,2035.8,4475
2024-02-20 16:00:00,2035.9,2036.3,2035.1,2036.0,1634
2024-02-20 18:00:00,2036.2,2036.3,2035.1,2035.4,0
2024-02-20 19:00:00,2035.5,2035.6,2034.2,2034.8,1491
2024-02-20 20:00:00,2034.9,2037.3,2034.6,2036.5,3854
2024-02-20 21:00:00,2036.5,2040.3,2036.4,2039.0,3454
2024-02-20 22:00:00,2038.9,2041.9,2038.9,2041.4,2324
2024-02-20 23:00:00,2041.4,2042.1,2040.9,2041.7,2354
2024-02-21 00:00:00,2041.7,2043.5,2040.2,2041.7,3782
2024-02-21 01:00:00,2041.8,2042.0,2040.0,2040.8,2491
2024-02-21 02:00:00,2040.7,2041.4,2039.2,2039.8,3516
2024-02-21 03:00:00,2039.8,2040.3,2037.1,2037.5,3638
2024-02-21 04:00:00,2037.5,2039.6,2036.9,2039.1,4287
2024-02-21 05:00:00,2039.0,2041.3,2038.8,2041.1,3134
2024-02-21 06:00:00,2041.1,2041.1,2038.3,2039.1,3099
2024-02-21 07:00:00,2039.1,2041.0,2038.8,2040.5,4241
2024-02-21 08:00:00,2040.6,2042.5,2038.3,2039.7,10628
2024-02-21 09:00:00,2039.7,2041.3,2038.0,2038.6,8960
2024-02-21 10:00:00,2038.5,2041.4,2034.9,2035.1,12816
2024-02-21 11:00:00,2035.1,2036.9,2033.8,2035.0,9096
2024-02-21 12:00:00,2035.0,2035.5,2032.4,2035.1,7405
2024-02-21 13:00:00,2035.2,2035.7,2032.1,2032.5,9993
2024-02-21 14:00:00,2032.7,2037.3,2030.9,2036.8,7656
2024-02-21 15:00:00,2036.8,2037.8,2034.8,2035.2,3768
2024-02-21 16:00:00,2035.3,2037.0,2034.7,2036.8,4071
2024-02-21 18:00:00,2036.5,2036.7,2035.0,2035.8,0
2024-02-21 19:00:00,2035.7,2036.7,2035.0,2036.3,4110
2024-02-21 20:00:00,2036.4,2038.3,2036.0,2036.9,7228
2024-02-21 21:00:00,2036.9,2038.2,2036.3,2037.7,2948
2024-02-21 22:00:00,2037.6,2038.2,2035.9,2036.1,1393
2024-02-21 23:00:00,2036.2,2038.7,2035.2,2038.7,2402
2024-02-22 00:00:00,2038.7,2039.9,2038.1,2038.3,3090
2024-02-22 01:00:00,2038.3,2040.8,2038.3,2039.3,3509
2024-02-22 02:00:00,2039.4,2042.2,2039.0,2041.6,4070
2024-02-22 03:00:00,2041.6,2045.5,2041.5,2043.5,13239
2024-02-22 04:00:00,2043.5,2043.5,2038.5,2040.3,6165
2024-02-22 05:00:00,2040.3,2041.2,2039.0,2039.4,3658
2024-02-22 06:00:00,2039.4,2039.8,2037.1,2039.0,3917
2024-02-22 07:00:00,2038.9,2040.0,2037.6,2038.2,5489
2024-02-22 08:00:00,2038.3,2038.7,2032.0,2035.5,19302
2024-02-22 09:00:00,2035.6,2036.6,2031.7,2034.9,16737
2024-02-22 10:00:00,2034.8,2035.4,2029.9,2033.3,16332
2024-02-22 11:00:00,2033.3,2034.2,2029.3,2030.7,7162
2024-02-22 12:00:00,2030.6,2034.7,2030.2,2032.9,6877
2024-02-22 13:00:00,2033.0,2033.2,2029.5,2032.7,7030
2024-02-22 14:00:00,2032.7,2033.6,2030.7,2033.1,1722
2024-02-22 15:00:00,2033.1,2034.6,2032.5,2034.5,3009
2024-02-22 16:00:00,2034.5,2034.9,2033.8,2034.3,1335
2024-02-22 18:00:00,2034.1,2035.8,2033.9,2034.4,0
2024-02-22 19:00:00,2034.4,2035.7,2032.3,2034.1,2423
2024-02-22 20:00:00,2034.0,2036.7,2033.9,2036.2,3277
2024-02-22 21:00:00,2036.2,2036.8,2033.7,2033.8,2306
2024-02-22 22:00:00,2033.7,2035.8,2033.5,2035.2,2115
2024-02-22 23:00:00,2035.2,2035.9,2035.2,2035.5,711
2024-02-23 00:00:00,2035.5,2035.6,2031.5,2031.8,3136
2024-02-23 01:00:00,2031.8,2032.0,2027.5,2030.2,5972
2024-02-23 02:00:00,2030.2,2032.0,2028.8,2031.3,4413
2024-02-23 03:00:00,2031.3,2032.1,2027.6,2028.8,13235
2024-02-23 04:00:00,2028.7,2029.2,2025.4,2026.1,7222
2024-02-23 05:00:00,2026.1,2032.6,2026.0,2032.4,7192
2024-02-23 06:00:00,2032.3,2033.5,2031.6,2033.4,6905
2024-02-23 07:00:00,2033.4,2038.3,2032.5,2037.5,14817
2024-02-23 08:00:00,2037.5,2039.1,2034.0,2034.8,18319
2024-02-23 09:00:00,2034.8,2038.3,2033.7,2037.1,17148
2024-02-23 10:00:00,2037.1,2041.4,2035.3,2040.0,17303
2024-02-23 11:00:00,2040.0,2048.5,2040.0,2048.3,28616
2024-02-23 12:00:00,2048.3,2049.8,2046.4,2048.0,13529
2024-02-23 13:00:00,2048.0,2053.2,2047.5,2050.6,16831
2024-02-23 14:00:00,2050.5,2050.6,2046.9,2047.5,5956
2024-02-23 15:00:00,2047.5,2047.7,2045.9,2046.7,4408
2024-02-23 16:00:00,2046.7,2046.8,2045.2,2045.8,2703
2024-02-25 18:00:00,2044.2,2044.9,2042.1,2043.5,2448
2024-02-25 19:00:00,2043.6,2043.6,2039.6,2040.0,4233
2024-02-25 20:00:00,2040.1,2043.9,2039.6,2041.1,5209
2024-02-25 21:00:00,2041.2,2041.9,2040.3,2040.6,2046
2024-02-25 22:00:00,2040.5,2042.1,2040.4,2042.0,1176
2024-02-25 23:00:00,2042.0,2042.6,2041.6,2041.7,1222
2024-02-26 00:00:00,2041.7,2043.8,2041.7,2042.5,3277
2024-02-26 01:00:00,2042.5,2043.6,2041.3,2042.3,2530
2024-02-26 02:00:00,2042.2,2044.8,2041.8,2044.5,3953
2024-02-26 03:00:00,2044.5,2046.0,2043.1,2043.6,6015
2024-02-26 04:00:00,2043.5,2044.0,2041.6,2042.4,5903
2024-02-26 05:00:00,2042.4,2045.0,2041.1,2041.6,5026
2024-02-26 06:00:00,2041.6,2042.4,2040.2,2040.2,5070
2024-02-26 07:00:00,2040.3,2043.6,2040.1,2042.5,4421
2024-02-26 08:00:00,2042.4,2044.2,2041.3,2042.3,9431
2024-02-26 09:00:00,2042.3,2042.6,2034.8,2037.0,17959
2024-02-26 10:00:00,2037.0,2039.5,2034.1,2038.7,12914
2024-02-26 11:00:00,2038.6,2038.9,2035.9,2037.1,9162
2024-02-26 12:00:00,2037.1,2038.3,2035.8,2038.1,5128
2024-02-26 13:00:00,2038.1,2039.5,2037.5,2038.8,7774
2024-02-26 14:00:00,2038.8,2039.8,2038.2,2039.6,3402
2024-02-26 15:00:00,2039.5,2043.5,2039.5,2042.1,4694
2024-02-26 16:00:00,2042.1,2042.2,2040.7,2040.9,1275
2024-02-26 18:00:00,2041.2,2041.3,2040.3,2040.8,0
2024-02-26 19:00:00,2040.8,2041.8,2040.4,2040.8,1845
2024-02-26 20:00:00,2040.8,2043.0,2040.5,2042.8,4902
2024-02-26 21:00:00,2042.8,2043.7,2041.7,2042.0,3075
2024-02-26 22:00:00,2042.0,2042.8,2041.4,2042.6,1147
2024-02-26 23:00:00,2042.7,2043.9,2042.6,2043.1,1273
2024-02-27 00:00:00,2043.1,2043.2,2042.0,2042.9,1384
2024-02-27 01:00:00,2042.9,2044.3,2042.5,2042.8,2280
2024-02-27 02:00:00,2042.8,2045.7,2042.6,2045.0,3505
2024-02-27 03:00:00,2045.0,2049.1,2044.2,2047.6,9917
2024-02-27 04:00:00,2047.7,2047.7,2044.8,2045.9,5139
2024-02-27 05:00:00,2046.0,2046.0,2043.9,2045.8,5006
2024-02-27 06:00:00,2045.9,2048.2,2044.9,2047.5,5112
2024-02-27 07:00:00,2047.6,2048.5,2046.7,2047.7,11922
2024-02-27 08:00:00,2047.7,2047.9,2044.4,2044.8,11521
2024-02-27 09:00:00,2044.8,2046.0,2043.0,2044.4,17691
2024-02-27 10:00:00,2044.4,2047.3,2042.1,2043.1,16181
2024-02-27 11:00:00,2043.2,2043.9,2041.1,2042.7,7887
2024-02-27 12:00:00,2042.6,2042.6,2039.1,2041.7,8784
2024-02-27 13:00:00,2041.7,2045.6,2041.4,2041.8,14648
2024-02-27 14:00:00,2041.9,2042.0,2038.8,2039.7,3775
2024-02-27 15:00:00,2039.6,2039.8,2038.1,2039.5,3068
2024-02-27 16:00:00,2039.5,2040.0,2039.1,2039.4,955
2024-02-27 18:00:00,2039.7,2039.9,2038.8,2038.8,0
2024-02-27 19:00:00,2038.9,2040.1,2037.9,2039.6,2987
2024-02-27 20:00:00,2039.5,2042.5,2038.6,2042.2,5259
2024-02-27 21:00:00,2042.1,2042.3,2039.4,2039.8,2770
2024-02-27 22:00:00,2039.8,2040.6,2038.6,2039.8,1495
2024-02-27 23:00:00,2039.8,2040.0,2038.6,2039.0,2466
2024-02-28 00:00:00,2039.0,2039.9,2038.8,2039.8,1188
2024-02-28 01:00:00,2039.8,2040.9,2037.4,2038.1,2689
2024-02-28 02:00:00,2038.2,2038.2,2036.6,2036.9,4027
2024-02-28 03:00:00,2036.9,2038.2,2035.6,2035.7,4365
2024-02-28 04:00:00,2035.7,2036.3,2033.8,2033.9,6728
2024-02-28 05:00:00,2033.8,2036.6,2033.4,2036.4,6028
2024-02-28 06:00:00,2036.3,2037.0,2035.6,2036.4,5992
2024-02-28 07:00:00,2036.3,2039.5,2036.0,2038.7,5048
2024-02-28 08:00:00,2038.6,2045.6,2038.1,2045.1,24964
2024-02-28 09:00:00,2045.1,2047.4,2040.1,2041.0,19053
2024-02-28 10:00:00,2040.9,2043.3,2039.6,2041.1,9061
2024-02-28 11:00:00,2041.1,2043.3,2040.9,2042.9,5484
2024-02-28 12:00:00,2042.9,2045.0,2041.6,2043.1,5936
2024-02-28 13:00:00,2043.2,2044.2,2040.7,2040.9,6687
2024-02-28 14:00:00,2040.8,2041.6,2040.1,2041.4,2808
2024-02-28 15:00:00,2041.5,2043.5,2041.3,2043.1,3405
2024-02-28 16:00:00,2043.0,2044.6,2042.3,2043.5,2290
2024-02-28 18:00:00,2043.8,2043.8,2042.9,2043.0,0
2024-02-28 19:00:00,2043.1,2043.9,2042.1,2042.4,1679
2024-02-28 20:00:00,2042.4,2044.8,2042.4,2044.7,2852
2024-02-28 21:00:00,2044.7,2045.5,2043.7,2044.8,3226
2024-02-28 22:00:00,2044.8,2045.0,2043.5,2044.8,1888
2024-02-28 23:00:00,2044.8,2044.8,2043.3,2043.6,1049
2024-02-29 00:00:00,2043.5,2044.2,2042.6,2043.8,1885
2024-02-29 01:00:00,2043.9,2045.4,2043.7,2045.2,1893
2024-02-29 02:00:00,2045.1,2046.2,2044.1,2045.6,3914
2024-02-29 03:00:00,2045.6,2045.9,2043.8,2045.6,3820
2024-02-29 04:00:00,2045.7,2045.9,2042.2,2042.9,5008
2024-02-29 05:00:00,2042.8,2043.0,2038.6,2038.9,6994
2024-02-29 06:00:00,2038.8,2039.8,2036.4,2038.4,8799
2024-02-29 07:00:00,2038.3,2038.7,2036.0,2038.4,5973
2024-02-29 08:00:00,2038.4,2057.4,2038.3,2056.2,54813
2024-02-29 09:00:00,2056.3,2059.0,2054.4,2056.2,38082
2024-02-29 10:00:00,2056.4,2059.4,2054.3,2056.7,21772
2024-02-29 11:00:00,2056.8,2057.0,2052.1,2053.4,14753
2024-02-29 12:00:00,2053.4,2054.5,2051.8,2054.4,13540
2024-02-29 13:00:00,2054.3,2055.5,2053.6,2054.9,13742
2024-02-29 14:00:00,2054.9,2055.5,2052.7,2053.0,4152
2024-02-29 15:00:00,2053.0,2054.1,2052.2,2052.7,4326
2024-02-29 16:00:00,2052.7,2053.0,2051.4,2052.8,2686
2024-02-29 18:00:00,2052.8,2052.9,2051.3,2052.5,0
2024-02-29 19:00:00,2052.5,2052.5,2051.1,2052.1,2361
2024-02-29 20:00:00,2052.1,2053.1,2051.4,2052.7,2490
2024-02-29 21:00:00,2052.6,2054.4,2052.4,2053.8,3256
2024-02-29 22:00:00,2053.9,2055.3,2053.7,2055.0,2505
2024-02-29 23:00:00,2055.0,2055.0,2053.6,2053.9,1015
2024-03-01 00:00:00,2053.9,2054.0,2051.7,2053.1,2803
2024-03-01 01:00:00,2053.2,2056.3,2052.9,2055.1,3147
2024-03-01 02:00:00,2055.0,2057.2,2053.4,2053.7,7298
2024-03-01 03:00:00,2053.7,2053.9,2047.0,2048.0,10639
2024-03-01 04:00:00,2047.9,2056.0,2047.5,2054.8,10955
2024-03-01 05:00:00,2054.8,2063.9,2054.3,2063.3,15983
2024-03-01 06:00:00,2063.4,2066.1,2062.4,2063.8,10015
2024-03-01 07:00:00,2063.9,2065.5,2060.6,2060.9,16460
2024-03-01 08:00:00,2060.8,2063.0,2058.3,2060.0,17219
2024-03-01 09:00:00,2060.0,2065.2,2051.0,2054.7,24702
2024-03-01 10:00:00,2054.7,2079.8,2054.7,2077.9,53426
2024-03-01 11:00:00,2077.9,2090.8,2077.9,2089.9,49499
2024-03-01 12:00:00,2089.9,2094.6,2088.7,2093.6,37394
2024-03-01 13:00:00,2093.6,2097.1,2091.0,2094.5,23825
2024-03-01 14:00:00,2094.6,2095.6,2093.5,2094.1,7108
2024-03-01 15:00:00,2094.0,2094.1,2092.0,2092.4,7351
2024-03-01 16:00:00,2092.4,2093.0,2091.7,2091.9,3338
2024-03-03 18:00:00,2091.6,2095.1,2091.0,2092.2,5984
2024-03-03 19:00:00,2092.3,2093.1,2091.0,2091.2,7491
2024-03-03 20:00:00,2091.4,2091.6,2088.1,2088.9,7398
2024-03-03 21:00:00,2089.0,2092.0,2088.5,2090.1,3947
2024-03-03 22:00:00,2090.1,2090.6,2088.9,2090.0,2393
2024-03-03 23:00:00,2090.0,2090.2,2088.9,2089.4,1123
2024-03-04 00:00:00,2089.3,2090.8,2089.0,2090.0,1795
2024-03-04 01:00:00,2090.1,2092.4,2089.5,2092.1,3521
2024-03-04 02:00:00,2092.1,2097.0,2092.1,2096.0,8123
2024-03-04 03:00:00,2096.0,2096.2,2091.8,2092.2,10029
2024-03-04 04:00:00,2092.2,2094.4,2091.4,2093.3,7142
2024-03-04 05:00:00,2093.4,2094.0,2091.6,2092.1,6773
2024-03-04 06:00:00,2092.2,2092.8,2090.2,2090.4,7337
2024-03-04 07:00:00,2090.5,2091.8,2090.1,2091.1,5864
2024-03-04 08:00:00,2091.1,2101.9,2089.6,2100.2,30545
2024-03-04 09:00:00,2100.1,2110.1,2099.0,2109.4,47872
2024-03-04 10:00:00,2109.3,2118.1,2106.0,2117.7,39395
2024-03-04 11:00:00,2117.7,2128.4,2116.4,2127.8,54168
2024-03-04 12:00:00,2127.9,2128.4,2122.1,2125.2,23414
2024-03-04 13:00:00,2125.1,2126.7,2122.2,2124.0,15971
2024-03-04 14:00:00,2124.0,2126.0,2122.0,2125.0,6564
2024-03-04 15:00:00,2125.0,2127.1,2124.0,2125.3,9342
2024-03-04 16:00:00,2125.3,2126.0,2122.9,2123.1,4131
2024-03-04 18:00:00,2123.3,2124.2,2122.0,2122.9,0
2024-03-04 19:00:00,2122.9,2126.3,2122.5,2123.7,2143
2024-03-04 20:00:00,2123.8,2125.1,2118.5,2120.8,12062
2024-03-04 21:00:00,2120.8,2121.5,2119.3,2120.2,4068
2024-03-04 22:00:00,2120.1,2122.0,2119.2,2120.9,2383
2024-03-04 23:00:00,2120.9,2123.9,2120.6,2123.8,2663
2024-03-05 00:00:00,2123.8,2128.0,2123.3,2127.5,4991
2024-03-05 01:00:00,2127.5,2127.9,2123.4,2125.4,4989
2024-03-05 02:00:00,2125.4,2125.9,2122.2,2122.7,6111
2024-03-05 03:00:00,2122.7,2130.4,2122.7,2128.9,11535
2024-03-05 04:00:00,2129.0,2133.7,2127.3,2132.7,8292
2024-03-05 05:00:00,2132.6,2135.8,2131.6,2132.0,8892
2024-03-05 06:00:00,2132.0,2135.4,2130.8,2132.8,8142
2024-03-05 07:00:00,2132.8,2133.6,2129.2,2132.6,12615
2024-03-05 08:00:00,2132.7,2150.5,2130.4,2135.9,54929
2024-03-05 09:00:00,2136.0,2141.8,2132.3,2136.6,27332
2024-03-05 10:00:00,2136.9,2148.2,2132.1,2135.2,38517
2024-03-05 11:00:00,2135.1,2137.3,2132.0,2136.7,15075
2024-03-05 12:00:00,2136.8,2139.5,2136.0,2139.4,8285
2024-03-05 13:00:00,2139.3,2142.1,2138.0,2139.1,16548
2024-03-05 14:00:00,2139.2,2143.8,2138.1,2138.1,10984
2024-03-05 15:00:00,2138.1,2139.4,2136.9,2138.1,6902
2024-03-05 16:00:00,2138.1,2138.6,2135.5,2136.4,2560
2024-03-05 18:00:00,2136.4,2136.7,2135.1,2136.2,0
2024-03-05 19:00:00,2136.1,2136.2,2134.2,2134.9,3108
2024-03-05 20:00:00,2135.1,2136.1,2133.3,2133.7,6888
2024-03-05 21:00:00,2133.8,2135.1,2132.1,2134.7,3541
2024-03-05 22:00:00,2134.6,2134.9,2131.9,2133.0,2331
2024-03-05 23:00:00,2133.0,2134.4,2132.9,2134.3,1756
2024-03-06 00:00:00,2134.1,2136.0,2133.4,2133.5,3174
2024-03-06 01:00:00,2133.5,2135.8,2133.1,2135.5,2109
2024-03-06 02:00:00,2135.4,2139.6,2135.3,2136.4,6184
2024-03-06 03:00:00,2136.5,2137.3,2132.3,2133.2,9641
2024-03-06 04:00:00,2133.2,2138.1,2132.9,2136.7,7700
2024-03-06 05:00:00,2136.7,2136.8,2132.7,2133.8,9348
2024-03-06 06:00:00,2133.8,2141.6,2133.8,2140.7,9904
2024-03-06 07:00:00,2140.7,2143.1,2139.3,2142.3,8991
2024-03-06 08:00:00,2142.3,2147.9,2139.7,2147.6,34582
2024-03-06 09:00:00,2147.6,2157.5,2143.7,2153.0,40937
2024-03-06 10:00:00,2153.1,2154.2,2140.3,2149.1,52492
2024-03-06 11:00:00,2149.1,2158.1,2148.6,2156.4,29942
2024-03-06 12:00:00,2156.5,2158.4,2150.4,2153.2,21466
2024-03-06 13:00:00,2153.1,2160.7,2152.4,2155.5,25690
2024-03-06 14:00:00,2155.7,2155.8,2147.8,2152.7,15018
2024-03-06 15:00:00,2152.7,2155.6,2151.5,2155.0,5430
2024-03-06 16:00:00,2154.9,2157.4,2152.8,2156.5,3974
2024-03-06 18:00:00,2156.7,2158.9,2153.6,2154.8,0
2024-03-06 19:00:00,2154.9,2157.1,2154.9,2156.3,2806
2024-03-06 20:00:00,2156.4,2156.6,2151.7,2153.7,6970
2024-03-06 21:00:00,2153.7,2159.7,2153.1,2158.4,6644
2024-03-06 22:00:00,2158.3,2159.9,2157.2,2159.2,2757
2024-03-06 23:00:00,2159.2,2169.0,2159.2,2165.8,11231
2024-03-07 00:00:00,2165.5,2166.2,2161.7,2161.8,5890
2024-03-07 01:00:00,2161.7,2164.1,2158.8,2162.7,7972
2024-03-07 02:00:00,2162.8,2165.6,2159.7,2163.6,6937
2024-03-07 03:00:00,2163.6,2167.1,2161.6,2162.4,8771
2024-03-07 04:00:00,2162.4,2165.2,2161.6,2165.2,6532
2024-03-07 05:00:00,2165.2,2166.3,2163.5,2164.9,7718
2024-03-07 06:00:00,2165.0,2165.1,2160.5,2163.3,8171
2024-03-07 07:00:00,2163.3,2166.3,2161.4,2165.9,6738
2024-03-07 08:00:00,2165.8,2172.2,2164.8,2166.9,29773
2024-03-07 09:00:00,2166.9,2167.2,2155.2,2161.4,32647
2024-03-07 10:00:00,2161.2,2165.1,2159.2,2160.9,19742
2024-03-07 11:00:00,2160.9,2165.9,2156.4,2163.5,16726
2024-03-07 12:00:00,2163.6,2166.3,2162.7,2165.7,8257
2024-03-07 13:00:00,2165.7,2166.7,2163.4,2164.5,19847
2024-03-07 14:00:00,2164.5,2168.3,2163.5,2167.4,4759
2024-03-07 15:00:00,2167.4,2167.9,2165.4,2166.0,4961
2024-03-07 16:00:00,2165.9,2167.5,2165.6,2167.4,2212
2024-03-07 18:00:00,2166.6,2169.8,2165.9,2169.0,0
2024-03-07 19:00:00,2169.1,2170.7,2166.8,2168.1,3719
2024-03-07 20:00:00,2168.1,2168.9,2164.8,2165.0,3159
2024-03-07 21:00:00,2164.9,2165.6,2162.2,2162.5,3729
2024-03-07 22:00:00,2162.6,2165.9,2161.2,2164.7,2380
2024-03-07 23:00:00,2164.6,2166.2,2163.4,2164.5,2326
2024-03-08 00:00:00,2164.7,2165.6,2163.5,2164.9,2894
2024-03-08 01:00:00,2164.9,2169.0,2163.5,2168.1,4165
2024-03-08 02:00:00,2168.0,2169.0,2166.1,2168.4,4685
2024-03-08 03:00:00,2168.4,2175.8,2168.1,2172.0,9900
2024-03-08 04:00:00,2172.0,2178.0,2171.5,2175.9,12046
2024-03-08 05:00:00,2176.0,2177.4,2173.6,2175.5,9046
2024-03-08 06:00:00,2175.4,2176.7,2173.3,2175.4,5151
2024-03-08 07:00:00,2175.4,2176.4,2173.1,2173.1,5575
2024-03-08 08:00:00,2173.1,2192.7,2163.2,2178.3,57290
2024-03-08 09:00:00,2178.1,2181.8,2170.6,2177.9,33999
2024-03-08 10:00:00,2177.9,2184.4,2174.7,2184.2,24668
2024-03-08 11:00:00,2184.2,2188.0,2179.4,2187.8,18603
2024-03-08 12:00:00,2187.8,2203.0,2187.8,2192.1,51208
2024-03-08 13:00:00,2192.2,2192.2,2180.7,2181.2,80173
2024-03-08 14:00:00,2181.2,2184.8,2175.3,2183.3,11100
2024-03-08 15:00:00,2183.4,2185.0,2182.5,2184.1,4083
2024-03-08 16:00:00,2184.1,2186.2,2183.7,2186.2,2488
2024-03-10 18:00:00,2187.6,2188.6,2184.0,2184.0,2330
2024-03-10 19:00:00,2184.1,2190.6,2184.0,2188.3,7157
2024-03-10 20:00:00,2188.3,2195.5,2186.1,2193.1,7444
2024-03-10 21:00:00,2193.2,2193.3,2185.7,2186.8,7739
2024-03-10 22:00:00,2186.8,2187.0,2183.4,2184.0,3054
2024-03-10 23:00:00,2184.0,2187.0,2183.6,2186.3,2993
2024-03-11 00:00:00,2186.2,2188.1,2186.1,2187.1,1934
2024-03-11 01:00:00,2187.2,2188.2,2183.2,2184.6,3628
2024-03-11 02:00:00,2184.6,2186.4,2183.8,2185.9,2797
2024-03-11 03:00:00,2185.9,2189.3,2184.3,2188.8,6779
2024-03-11 04:00:00,2188.8,2189.6,2183.1,2183.7,11792
2024-03-11 05:00:00,2183.8,2188.0,2182.1,2186.9,10596
2024-03-11 06:00:00,2186.8,2187.2,2183.2,2184.1,4901
2024-03-11 07:00:00,2184.1,2186.0,2182.8,2185.3,6822
2024-03-11 08:00:00,2185.3,2187.3,2182.9,2183.8,16678
2024-03-11 09:00:00,2183.6,2191.6,2180.9,2188.2,22971
2024-03-11 10:00:00,2188.2,2189.8,2181.9,2188.5,21723
2024-03-11 11:00:00,2188.3,2192.2,2186.4,2190.7,13384
2024-03-11 12:00:00,2190.6,2191.0,2184.8,2187.2,18081
2024-03-11 13:00:00,2187.2,2190.5,2184.5,2186.0,24165
2024-03-11 14:00:00,2186.1,2187.3,2183.4,2187.2,11799
2024-03-11 15:00:00,2187.2,2190.4,2187.0,2187.7,5432
2024-03-11 16:00:00,2187.6,2189.3,2187.4,2189.0,1385
2024-03-11 18:00:00,2189.1,2190.8,2186.7,2187.2,0
2024-03-11 19:00:00,2187.2,2189.9,2187.2,2189.8,3285
2024-03-11 20:00:00,2189.8,2190.6,2186.3,2186.4,5914
2024-03-11 21:00:00,2186.6,2189.2,2186.0,2188.8,2368
2024-03-11 22:00:00,2188.9,2188.9,2184.7,2185.1,2539
2024-03-11 23:00:00,2185.0,2185.0,2183.0,2183.4,3406
2024-03-12 00:00:00,2183.6,2185.5,2183.4,2184.5,1753
2024-03-12 01:00:00,2184.5,2185.4,2180.2,2182.2,5847
2024-03-12 02:00:00,2182.2,2183.1,2179.2,2181.4,5570
2024-03-12 03:00:00,2181.4,2183.6,2180.8,2183.2,3694
2024-03-12 04:00:00,2183.1,2184.5,2182.0,2183.8,4815
2024-03-12 05:00:00,2183.8,2185.1,2182.3,2183.0,5502
2024-03-12 06:00:00,2183.0,2183.6,2181.3,2182.3,5390
2024-03-12 07:00:00,2182.4,2182.4,2176.2,2177.8,15438
2024-03-12 08:00:00,2177.7,2187.8,2165.8,2175.4,54159
2024-03-12 09:00:00,2175.5,2175.7,2161.9,2166.0,58384
2024-03-12 10:00:00,2166.1,2172.1,2158.2,2167.6,38098
2024-03-12 11:00:00,2167.6,2170.4,2163.1,2168.5,15418
2024-03-12 12:00:00,2168.6,2172.2,2167.0,2171.5,8439
2024-03-12 13:00:00,2171.4,2171.4,2160.2,2160.5,27569
2024-03-12 14:00:00,2160.5,2162.3,2158.5,2159.1,10760
2024-03-12 15:00:00,2159.1,2163.0,2156.2,2163.0,7850
2024-03-12 16:00:00,2162.9,2164.5,2161.6,2163.9,2699
2024-03-12 18:00:00,2163.6,2166.6,2161.4,2164.1,0
2024-03-12 19:00:00,2164.0,2164.6,2161.3,2162.4,4331
2024-03-12 20:00:00,2162.5,2165.9,2162.1,2164.6,4359
2024-03-12 21:00:00,2164.7,2164.9,2162.5,2163.8,2823
2024-03-12 22:00:00,2163.7,2166.7,2162.4,2165.5,5118
2024-03-12 23:00:00,2165.6,2165.7,2162.5,2164.3,2190
2024-03-13 00:00:00,2164.3,2164.9,2162.3,2164.5,1462
2024-03-13 01:00:00,2164.4,2165.9,2163.9,2165.4,2508
2024-03-13 02:00:00,2165.3,2166.9,2163.1,2164.6,2925
2024-03-13 03:00:00,2164.5,2166.0,2163.7,2165.1,3484
2024-03-13 04:00:00,2165.0,2166.5,2163.2,2163.6,8656
2024-03-13 05:00:00,2163.5,2165.6,2162.8,2163.9,7358
2024-03-13 06:00:00,2163.8,2169.1,2163.4,2168.7,7478
2024-03-13 07:00:00,2168.7,2169.6,2167.0,2169.3,6550
2024-03-13 08:00:00,2169.4,2171.7,2167.5,2168.9,14479
2024-03-13 09:00:00,2168.9,2176.9,2166.7,2171.5,41090
2024-03-13 10:00:00,2171.6,2175.4,2169.0,2174.4,15843
2024-03-13 11:00:00,2174.3,2180.0,2173.6,2177.1,17952
2024-03-13 12:00:00,2177.2,2180.5,2175.0,2179.1,12578
2024-03-13 13:00:00,2179.0,2185.6,2178.6,2179.9,24988
2024-03-13 14:00:00,2180.0,2182.0,2179.7,2180.2,6044
2024-03-13 15:00:00,2180.2,2180.9,2177.0,2177.9,5571
2024-03-13 16:00:00,2177.9,2180.4,2177.6,2179.4,3659
2024-03-13 18:00:00,2179.5,2179.7,2178.3,2179.0,0
2024-03-13 19:00:00,2178.9,2180.6,2178.9,2179.8,1878
2024-03-13 20:00:00,2179.8,2181.0,2178.3,2180.8,1745
2024-03-13 21:00:00,2180.7,2181.3,2177.4,2179.0,2903
2024-03-13 22:00:00,2179.0,2179.7,2176.7,2176.9,2932
2024-03-13 23:00:00,2176.9,2178.2,2175.3,2176.3,2279
2024-03-14 00:00:00,2176.5,2176.7,2175.2,2176.0,1253
2024-03-14 01:00:00,2175.9,2176.1,2172.9,2173.1,3273
2024-03-14 02:00:00,2173.2,2174.6,2171.6,2172.9,5978
2024-03-14 03:00:00,2172.8,2173.1,2171.6,2172.8,5343
2024-03-14 04:00:00,2172.7,2174.6,2172.3,2173.9,6310
2024-03-14 05:00:00,2173.8,2176.3,2172.1,2174.4,5460
2024-03-14 06:00:00,2174.5,2175.4,2172.4,2175.1,4005
2024-03-14 07:00:00,2175.0,2175.4,2171.6,2173.0,4407
2024-03-14 08:00:00,2173.0,2174.6,2164.7,2167.0,28623
2024-03-14 09:00:00,2167.1,2171.5,2162.8,2166.9,25263
2024-03-14 10:00:00,2166.8,2168.3,2162.0,2166.4,18869
2024-03-14 11:00:00,2166.4,2166.6,2157.0,2161.5,34055
2024-03-14 12:00:00,2161.4,2164.5,2160.9,2162.9,14554
2024-03-14 13:00:00,2162.9,2169.5,2162.3,2164.5,22245
2024-03-14 14:00:00,2164.7,2166.8,2164.5,2165.7,3836
2024-03-14 15:00:00,2165.7,2167.9,2164.9,2167.8,3767
2024-03-14 16:00:00,2167.8,2168.3,2166.0,2166.5,1724
2024-03-14 18:00:00,2166.2,2166.5,2165.4,2165.5,0
2024-03-14 19:00:00,2165.5,2166.0,2164.8,2165.5,1267
2024-03-14 20:00:00,2165.6,2167.1,2164.4,2166.7,3049
2024-03-14 21:00:00,2166.6,2170.0,2166.4,2166.7,3931
2024-03-14 22:00:00,2166.6,2166.9,2165.6,2166.2,2340
2024-03-14 23:00:00,2166.3,2168.8,2165.7,2168.7,2643
2024-03-15 00:00:00,2168.6,2169.4,2167.7,2168.4,1652
2024-03-15 01:00:00,2168.5,2173.4,2167.6,2173.3,4128
2024-03-15 02:00:00,2173.4,2174.3,2171.1,2172.8,4317
2024-03-15 03:00:00,2172.9,2174.0,2170.7,2171.1,4265
2024-03-15 04:00:00,2171.1,2173.7,2169.4,2173.4,5987
2024-03-15 05:00:00,2173.4,2176.9,2171.7,2175.9,8390
2024-03-15 06:00:00,2176.0,2176.7,2172.7,2173.5,7407
2024-03-15 07:00:00,2173.4,2173.5,2170.2,2171.0,5891
2024-03-15 08:00:00,2171.0,2171.4,2161.4,2165.7,21251
2024-03-15 09:00:00,2165.6,2167.3,2160.4,2164.0,16163
2024-03-15 10:00:00,2164.3,2170.7,2163.1,2168.2,18113
2024-03-15 11:00:00,2168.2,2168.2,2161.8,2163.8,12911
2024-03-15 12:00:00,2163.8,2167.4,2161.6,2162.6,21041
2024-03-15 13:00:00,2162.7,2164.4,2158.8,2160.4,25925
2024-03-15 14:00:00,2160.5,2163.9,2160.2,2163.0,4261
2024-03-15 15:00:00,2163.1,2163.2,2160.1,2160.7,5161
2024-03-15 16:00:00,2160.7,2162.0,2158.7,2159.4,2214
2024-03-17 18:00:00,2159.9,2159.9,2155.1,2158.2,4800
2024-03-17 19:00:00,2158.1,2160.2,2157.0,2159.7,2762
2024-03-17 20:00:00,2159.7,2160.8,2158.2,2159.9,4284
2024-03-17 21:00:00,2159.9,2159.9,2153.3,2155.6,14539
2024-03-17 22:00:00,2155.6,2156.7,2149.4,2151.1,11696
2024-03-17 23:00:00,2151.1,2151.3,2149.3,2149.7,4274
2024-03-18 00:00:00,2149.9,2151.5,2149.2,2150.4,2648
2024-03-18 01:00:00,2150.5,2151.8,2149.4,2150.5,3283
2024-03-18 02:00:00,2150.5,2152.6,2150.1,2151.5,2309
2024-03-18 03:00:00,2151.4,2155.7,2150.7,2155.6,4764
2024-03-18 04:00:00,2155.7,2157.9,2153.6,2156.9,9991
2024-03-18 05:00:00,2156.9,2159.3,2156.7,2158.4,6234
2024-03-18 06:00:00,2158.4,2162.1,2158.1,2161.8,10762
2024-03-18 07:00:00,2161.8,2165.0,2161.8,2164.6,15734
2024-03-18 08:00:00,2164.7,2167.2,2161.7,2162.6,32474
2024-03-18 09:00:00,2162.5,2164.7,2159.1,2160.2,20757
2024-03-18 10:00:00,2160.2,2164.4,2160.1,2161.8,11611
2024-03-18 11:00:00,2161.7,2164.8,2160.4,2161.9,9496
2024-03-18 12:00:00,2161.8,2164.4,2158.0,2163.6,13561
2024-03-18 13:00:00,2163.7,2164.8,2161.7,2163.6,10920
2024-03-18 14:00:00,2163.6,2164.2,2162.8,2163.0,3901
2024-03-18 15:00:00,2163.0,2164.7,2162.9,2163.7,3941
2024-03-18 16:00:00,2163.7,2164.2,2163.0,2163.9,1310
2024-03-18 18:00:00,2164.0,2165.8,2163.5,2164.6,0
2024-03-18 19:00:00,2164.6,2165.8,2163.8,2165.5,2176
2024-03-18 20:00:00,2165.6,2166.3,2163.9,2164.1,3167
2024-03-18 21:00:00,2164.0,2165.6,2161.8,2163.6,4920
2024-03-18 22:00:00,2163.7,2166.0,2163.2,2164.2,4533
2024-03-18 23:00:00,2164.2,2165.7,2163.1,2165.0,3836
2024-03-19 00:00:00,2164.8,2165.5,2163.0,2163.5,1366
2024-03-19 01:00:00,2163.5,2163.6,2160.1,2160.7,3947
2024-03-19 02:00:00,2160.8,2160.8,2157.0,2159.7,6860
2024-03-19 03:00:00,2159.8,2160.4,2157.1,2158.8,5071
2024-03-19 04:00:00,2159.0,2159.1,2150.2,2156.1,17132
2024-03-19 05:00:00,2156.2,2157.6,2154.6,2156.3,5976
2024-03-19 06:00:00,2156.3,2159.4,2155.5,2157.4,9095
2024-03-19 07:00:00,2157.3,2159.8,2157.1,2158.8,5643
2024-03-19 08:00:00,2158.7,2162.0,2154.0,2160.2,19159
2024-03-19 09:00:00,2160.1,2162.0,2153.2,2154.3,15091
2024-03-19 10:00:00,2154.3,2158.8,2151.3,2158.0,20787
2024-03-19 11:00:00,2158.0,2158.8,2153.8,2157.4,9054
2024-03-19 12:00:00,2157.5,2159.3,2156.3,2157.7,9967
2024-03-19 13:00:00,2157.8,2160.6,2157.6,2160.2,12240
2024-03-19 14:00:00,2160.3,2161.1,2158.8,2160.1,3503
2024-03-19 15:00:00,2160.1,2161.4,2159.6,2161.1,2928
2024-03-19 16:00:00,2161.1,2161.9,2159.7,2160.9,2365
2024-03-19 18:00:00,2161.4,2162.8,2160.8,2161.8,0
2024-03-19 19:00:00,2161.8,2161.8,2159.9,2160.1,1333
2024-03-19 20:00:00,2160.1,2160.5,2158.2,2160.1,1641
2024-03-19 21:00:00,2160.2,2163.0,2159.6,2161.9,3546
2024-03-19 22:00:00,2161.8,2162.9,2160.4,2162.1,2150
2024-03-19 23:00:00,2162.1,2162.8,2161.5,2162.6,1688
2024-03-20 00:00:00,2163.0,2163.3,2159.8,2159.8,3350
2024-03-20 01:00:00,2159.9,2161.2,2159.5,2160.4,1582
2024-03-20 02:00:00,2160.3,2161.1,2159.2,2159.8,3279
2024-03-20 03:00:00,2159.9,2162.4,2159.7,2161.0,3805
2024-03-20 04:00:00,2160.9,2161.2,2157.3,2158.9,6001
2024-03-20 05:00:00,2158.9,2159.0,2155.6,2157.5,9348
2024-03-20 06:00:00,2157.4,2157.7,2155.1,2157.1,6298
2024-03-20 07:00:00,2157.1,2158.0,2155.0,2156.7,7830
2024-03-20 08:00:00,2156.8,2158.1,2152.3,2155.9,13754
2024-03-20 09:00:00,2156.0,2161.7,2153.2,2160.9,18661
2024-03-20 10:00:00,2161.0,2168.2,2158.6,2160.1,23749
2024-03-20 11:00:00,2160.1,2161.8,2157.6,2158.8,8845
2024-03-20 12:00:00,2158.8,2161.9,2158.5,2160.9,8645
2024-03-20 13:00:00,2160.8,2162.7,2159.8,2160.4,7305
2024-03-20 14:00:00,2160.3,2187.3,2160.0,2185.6,63007
2024-03-20 15:00:00,2185.8,2192.2,2181.8,2186.0,22795
2024-03-20 16:00:00,2186.1,2190.4,2186.0,2189.6,6240
2024-03-20 18:00:00,2190.2,2225.3,2190.0,2202.9,0
2024-03-20 19:00:00,2203.1,2208.4,2198.5,2205.8,8377
2024-03-20 20:00:00,2205.9,2205.9,2194.5,2201.2,10380
2024-03-20 21:00:00,2201.1,2214.7,2200.2,2207.2,15917
2024-03-20 22:00:00,2207.1,2208.8,2204.9,2205.6,4057
2024-03-20 23:00:00,2205.6,2207.4,2204.0,2204.8,2636
2024-03-21 00:00:00,2205.1,2206.4,2204.0,2205.5,2337
2024-03-21 01:00:00,2205.6,2207.2,2204.0,2206.7,2735
2024-03-21 02:00:00,2206.9,2211.9,2206.6,2209.4,7013
2024-03-21 03:00:00,2209.2,2212.4,2208.5,2208.7,6711
2024-03-21 04:00:00,2208.7,2208.8,2198.7,2203.5,13783
2024-03-21 05:00:00,2203.6,2208.3,2201.8,2207.8,12127
2024-03-21 06:00:00,2207.7,2214.1,2207.4,2209.8,16752
2024-03-21 07:00:00,2209.9,2211.0,2207.3,2209.6,10702
2024-03-21 08:00:00,2209.6,2211.0,2205.1,2210.0,22335
2024-03-21 09:00:00,2210.0,2210.3,2193.7,2194.1,41460
2024-03-21 10:00:00,2193.9,2194.1,2177.3,2178.4,71315
2024-03-21 11:00:00,2178.4,2178.7,2168.2,2176.4,37679
2024-03-21 12:00:00,2176.5,2182.5,2174.7,2181.9,23862
2024-03-21 13:00:00,2182.0,2185.9,2180.6,2183.0,22324
2024-03-21 14:00:00,2183.1,2186.3,2182.7,2185.1,4864
2024-03-21 15:00:00,2185.1,2185.9,2182.4,2183.7,4704
2024-03-21 16:00:00,2183.7,2184.7,2182.7,2183.3,2051
2024-03-21 18:00:00,2183.4,2184.5,2182.8,2183.1,0
2024-03-21 19:00:00,2183.1,2183.8,2182.8,2183.6,1450
2024-03-21 20:00:00,2183.6,2188.0,2182.9,2186.9,3071
2024-03-21 21:00:00,2186.9,2187.8,2174.5,2175.4,6986
2024-03-21 22:00:00,2175.4,2179.0,2173.5,2174.4,6500
2024-03-21 23:00:00,2174.3,2177.7,2174.0,2175.2,3095
2024-03-22 00:00:00,2175.1,2176.8,2174.4,2174.9,1745
2024-03-22 01:00:00,2174.9,2177.0,2174.2,2175.5,2171
2024-03-22 02:00:00,2175.6,2177.6,2171.1,2171.5,5489
2024-03-22 03:00:00,2171.4,2171.8,2163.8,2169.9,16309
2024-03-22 04:00:00,2169.8,2170.7,2166.3,2169.3,7928
2024-03-22 05:00:00,2169.4,2171.4,2167.0,2168.0,7538
2024-03-22 06:00:00,2168.1,2170.0,2167.3,2168.6,4542
2024-03-22 07:00:00,2168.6,2169.4,2166.4,2167.5,7401
2024-03-22 08:00:00,2167.5,2177.7,2167.2,2176.1,16272
2024-03-22 09:00:00,2176.1,2181.8,2174.0,2179.7,19175
2024-03-22 10:00:00,2179.7,2181.5,2172.7,2175.6,21473
2024-03-22 11:00:00,2175.5,2175.5,2167.0,2167.9,15749
2024-03-22 12:00:00,2167.7,2169.1,2163.2,2164.1,14392
2024-03-22 13:00:00,2164.2,2166.4,2158.4,2160.6,21470
2024-03-22 14:00:00,2160.7,2166.2,2160.2,2164.5,7660
2024-03-22 15:00:00,2164.6,2166.4,2163.3,2165.4,5303
2024-03-22 16:00:00,2165.4,2168.6,2165.0,2166.5,3842
2024-03-24 18:00:00,2166.6,2169.0,2166.3,2167.7,2201
2024-03-24 19:00:00,2167.6,2170.1,2167.1,2169.4,3993
2024-03-24 20:00:00,2169.5,2170.5,2165.2,2166.8,6346
2024-03-24 21:00:00,2166.7,2177.9,2165.2,2176.3,21311
2024-03-24 22:00:00,2176.3,2179.5,2174.9,2176.4,4853
2024-03-24 23:00:00,2176.2,2176.2,2171.2,2171.6,3921
2024-03-25 00:00:00,2171.8,2172.9,2170.2,2170.6,2371
2024-03-25 01:00:00,2170.6,2172.1,2168.7,2170.8,3809
2024-03-25 02:00:00,2170.9,2171.5,2165.3,2166.5,5379
2024-03-25 03:00:00,2166.4,2169.8,2164.4,2167.0,7982
2024-03-25 04:00:00,2167.0,2170.0,2164.8,2166.7,5854
2024-03-25 05:00:00,2166.8,2169.9,2165.3,2169.5,5502
2024-03-25 06:00:00,2169.6,2172.3,2168.7,2169.6,4955
2024-03-25 07:00:00,2169.5,2173.0,2169.1,2171.5,6595
2024-03-25 08:00:00,2171.5,2178.2,2171.4,2175.6,16867
2024-03-25 09:00:00,2175.7,2182.5,2174.0,2178.3,21113
2024-03-25 10:00:00,2178.4,2181.5,2176.3,2178.9,24863
2024-03-25 11:00:00,2179.0,2179.0,2175.6,2177.1,14159
2024-03-25 12:00:00,2176.8,2178.9,2176.0,2176.8,14597
2024-03-25 13:00:00,2176.7,2177.7,2175.2,2175.8,10533
2024-03-25 14:00:00,2175.7,2175.7,2174.0,2174.3,5029
2024-03-25 15:00:00,2174.3,2174.7,2171.8,2172.1,4082
2024-03-25 16:00:00,2172.2,2173.4,2171.9,2173.0,5175
2024-03-25 18:00:00,2173.0,2174.1,2172.3,2172.8,0
2024-03-25 19:00:00,2172.7,2173.9,2171.9,2173.4,1581
2024-03-25 20:00:00,2173.3,2175.0,2172.8,2174.4,1466
2024-03-25 21:00:00,2174.4,2174.7,2168.3,2170.0,5246
2024-03-25 22:00:00,2170.0,2172.1,2169.8,2171.2,3166
2024-03-25 23:00:00,2171.3,2173.0,2170.0,2170.7,1921
2024-03-26 00:00:00,2170.7,2173.0,2170.5,2172.6,1188
2024-03-26 01:00:00,2172.6,2173.8,2171.9,2173.3,1885
2024-03-26 02:00:00,2173.2,2174.5,2170.9,2171.8,3151
2024-03-26 03:00:00,2171.9,2174.7,2169.9,2173.5,3375
2024-03-26 04:00:00,2173.5,2179.8,2172.1,2178.8,9511
2024-03-26 05:00:00,2178.8,2195.6,2178.8,2191.4,11258
2024-03-26 06:00:00,2191.4,2200.6,2191.1,2198.4,8129
2024-03-26 07:00:00,2198.4,2199.7,2195.8,2197.2,20994
2024-03-26 08:00:00,2197.1,2198.0,2187.1,2188.5,22187
2024-03-26 09:00:00,2188.5,2193.3,2178.8,2183.5,24195
2024-03-26 10:00:00,2183.3,2186.6,2179.6,2180.1,22130
2024-03-26 11:00:00,2180.1,2182.2,2172.2,2174.8,16684
2024-03-26 12:00:00,2174.8,2178.7,2174.7,2176.9,11920
2024-03-26 13:00:00,2176.9,2179.6,2176.2,2177.0,12092
2024-03-26 14:00:00,2177.0,2178.9,2176.4,2178.0,6419
2024-03-26 15:00:00,2178.0,2178.7,2177.0,2178.6,7044
2024-03-26 16:00:00,2178.6,2179.8,2175.3,2179.5,1173
2024-03-26 18:00:00,2179.4,2179.4,2176.9,2177.4,0
2024-03-26 19:00:00,2177.4,2178.1,2177.2,2178.0,203
2024-03-26 20:00:00,2178.5,2178.7,2175.4,2176.1,419
2024-03-26 21:00:00,2176.1,2178.7,2172.1,2173.9,1244
2024-03-26 22:00:00,2174.0,2176.2,2173.3,2174.5,422
2024-03-26 23:00:00,2174.5,2180.3,2174.5,2177.0,493
2024-03-27 00:00:00,2176.6,2178.8,2176.2,2177.2,325
2024-03-27 01:00:00,2177.0,2177.2,2174.5,2175.5,244
2024-03-27 02:00:00,2175.3,2178.1,2174.9,2176.2,282
2024-03-27 03:00:00,2176.1,2201.4,2175.8,2201.2,27666
2024-03-27 04:00:00,2201.2,2203.3,2175.7,2197.8,5797
2024-03-27 05:00:00,2197.7,2214.5,2175.5,2209.6,13825
2024-03-27 06:00:00,2209.5,2215.5,2187.6,2214.6,10858
2024-03-27 07:00:00,2214.5,2218.3,2186.7,2209.2,16546
2024-03-27 08:00:00,2209.2,2210.0,2183.3,2206.7,14691
2024-03-27 09:00:00,2206.7,2214.3,2182.3,2214.2,20004
2024-03-27 10:00:00,2214.2,2216.1,2188.5,2214.2,16800
2024-03-27 11:00:00,2214.2,2214.9,2186.4,2211.2,18878
2024-03-27 12:00:00,2189.0,2213.6,2188.5,2213.3,7576
2024-03-27 13:00:00,2213.2,2214.9,2187.7,2211.0,14324
2024-03-27 14:00:00,2211.0,2213.1,2187.7,2213.1,4230
2024-03-27 15:00:00,2213.1,2214.9,2189.9,2214.1,4264
2024-03-27 16:00:00,2214.0,2215.9,2191.6,2215.4,3904
2024-03-27 18:00:00,2215.7,2215.9,2190.0,2212.7,0
2024-03-27 19:00:00,2212.6,2212.8,2190.5,2210.9,912
2024-03-27 20:00:00,2211.0,2211.2,2187.4,2209.3,3319
2024-03-27 21:00:00,2209.4,2210.8,2187.1,2209.5,2679
2024-03-27 22:00:00,2209.6,2217.0,2188.6,2215.3,5399
2024-03-27 23:00:00,2215.5,2217.2,2193.8,2215.0,2787
2024-03-28 00:00:00,2215.4,2217.6,2194.2,2216.3,1386
2024-03-28 01:00:00,2216.3,2222.2,2194.2,2217.8,5069
2024-03-28 02:00:00,2217.7,2219.4,2195.8,2219.1,3801
2024-03-28 03:00:00,2219.2,2219.3,2193.4,2214.0,7067
2024-03-28 04:00:00,2214.0,2217.8,2191.8,2215.1,8100
2024-03-28 05:00:00,2215.2,2218.5,2212.8,2218.4,4938
2024-03-28 06:00:00,2218.5,2234.4,2199.2,2232.7,24613
2024-03-28 07:00:00,2232.8,2234.0,2208.8,2231.1,14999
2024-03-28 08:00:00,2231.0,2237.6,2205.7,2236.3,30756
2024-03-28 09:00:00,2236.5,2238.7,2204.0,2227.0,26831
2024-03-28 10:00:00,2227.3,2235.6,2204.0,2234.9,20516
2024-03-28 11:00:00,2234.9,2237.5,2213.5,2236.4,13875
2024-03-28 12:00:00,2236.4,2246.8,2215.2,2241.2,23565
2024-03-28 13:00:00,2241.2,2244.2,2237.4,2242.9,14218
2024-03-28 14:00:00,2242.7,2243.1,2239.0,2241.2,5544
2024-03-28 15:00:00,2241.1,2242.9,2238.7,2242.5,6944
2024-03-28 16:00:00,2242.4,2256.9,2240.2,2254.8,9752
2024-03-31 18:00:00,2259.2,2266.0,2255.5,2257.3,7466
2024-03-31 19:00:00,2257.4,2267.8,2256.0,2266.2,5374
2024-03-31 20:00:00,2266.4,2276.8,2264.2,2270.5,9522
2024-03-31 21:00:00,2270.5,2280.0,2270.5,2276.3,13351
2024-03-31 22:00:00,2276.4,2279.0,2275.4,2277.9,3130
2024-03-31 23:00:00,2277.8,2285.9,2277.0,2285.4,6671
2024-04-01 00:00:00,2285.3,2286.4,2278.8,2281.3,4441
2024-04-01 01:00:00,2281.1,2284.2,2278.8,2282.4,4828
2024-04-01 02:00:00,2282.3,2283.4,2279.6,2281.2,4205
2024-04-01 03:00:00,2280.9,2283.0,2277.6,2278.3,4455
2024-04-01 04:00:00,2278.2,2280.8,2276.4,2277.9,4461
2024-04-01 05:00:00,2277.9,2279.0,2269.5,2272.3,7296
2024-04-01 06:00:00,2272.3,2273.9,2266.2,2268.6,6729
2024-04-01 07:00:00,2268.5,2271.6,2267.0,2267.2,6683
2024-04-01 08:00:00,2267.3,2273.7,2264.1,2273.4,12205
2024-04-01 09:00:00,2273.4,2279.0,2259.8,2267.6,29024
2024-04-01 10:00:00,2267.4,2267.4,2249.1,2256.7,34170
2024-04-01 11:00:00,2256.6,2261.5,2254.4,2260.3,12171
2024-04-01 12:00:00,2260.3,2264.5,2257.5,2258.6,14459
2024-04-01 13:00:00,2258.6,2259.9,2255.1,2259.7,7812
2024-04-01 14:00:00,2259.8,2261.8,2258.6,2259.9,3001
2024-04-01 15:00:00,2259.8,2265.2,2259.6,2265.1,4582
2024-04-01 16:00:00,2265.1,2273.1,2263.5,2272.5,6620
2024-04-01 18:00:00,2272.7,2276.0,2269.2,2273.8,0
2024-04-01 19:00:00,2273.9,2273.9,2268.8,2269.4,2189
2024-04-01 20:00:00,2269.3,2274.3,2268.2,2270.8,7318
2024-04-01 21:00:00,2270.9,2270.9,2267.1,2269.2,5678
2024-04-01 22:00:00,2269.1,2275.4,2268.0,2274.7,4755
2024-04-01 23:00:00,2274.8,2275.7,2271.5,2271.6,3802
2024-04-02 00:00:00,2271.8,2280.1,2270.4,2276.9,4963
2024-04-02 01:00:00,2276.7,2277.3,2272.7,2274.1,3665
2024-04-02 02:00:00,2274.1,2276.4,2272.9,2276.1,5045
2024-04-02 03:00:00,2275.9,2278.0,2273.3,2276.8,6074
2024-04-02 04:00:00,2276.7,2283.4,2276.5,2281.7,11484
2024-04-02 05:00:00,2281.8,2287.5,2280.2,2281.3,14250
2024-04-02 06:00:00,2281.2,2285.1,2275.5,2282.5,12338
2024-04-02 07:00:00,2282.6,2282.6,2276.2,2281.1,11875
2024-04-02 08:00:00,2281.0,2281.9,2273.6,2277.9,19440
2024-04-02 09:00:00,2277.8,2287.9,2274.8,2285.9,27847
2024-04-02 10:00:00,2285.9,2297.9,2277.6,2281.2,49913
2024-04-02 11:00:00,2281.2,2281.6,2271.1,2279.2,23196
2024-04-02 12:00:00,2279.1,2281.9,2274.6,2280.6,10551
2024-04-02 13:00:00,2280.8,2287.6,2279.9,2286.7,9628
2024-04-02 14:00:00,2286.7,2293.7,2286.2,2292.3,13478
2024-04-02 15:00:00,2292.3,2300.2,2291.9,2298.1,11154
2024-04-02 16:00:00,2298.1,2301.9,2296.3,2301.0,4914
2024-04-02 18:00:00,2301.7,2308.8,2300.4,2302.0,0
2024-04-02 19:00:00,2302.2,2304.2,2298.1,2300.1,3480
2024-04-02 20:00:00,2300.1,2306.1,2299.5,2303.3,9709
2024-04-02 21:00:00,2303.5,2303.6,2296.8,2302.9,9965
2024-04-02 22:00:00,2302.9,2304.8,2301.7,2303.8,4167
2024-04-02 23:00:00,2303.7,2308.3,2303.3,2305.2,4280
2024-04-03 00:00:00,2305.2,2307.3,2303.7,2303.9,2722
2024-04-03 01:00:00,2303.8,2306.2,2301.1,2306.2,5130
2024-04-03 02:00:00,2306.1,2306.2,2301.1,2302.2,6028
2024-04-03 03:00:00,2302.1,2302.2,2290.3,2291.3,13373
2024-04-03 04:00:00,2291.2,2296.3,2287.7,2293.3,13083
2024-04-03 05:00:00,2293.4,2295.2,2289.7,2292.2,6566
2024-04-03 06:00:00,2292.1,2293.6,2290.1,2292.9,10022
2024-04-03 07:00:00,2292.9,2294.9,2289.0,2294.0,6234
2024-04-03 08:00:00,2294.0,2295.5,2285.7,2295.2,20949
2024-04-03 09:00:00,2295.2,2299.5,2292.1,2295.8,20814
2024-04-03 10:00:00,2295.8,2306.0,2294.5,2303.2,29020
2024-04-03 11:00:00,2303.2,2309.2,2300.9,2306.7,18576
2024-04-03 12:00:00,2306.7,2316.0,2301.2,2314.4,23304
2024-04-03 13:00:00,2314.3,2316.3,2309.4,2315.6,13518
2024-04-03 14:00:00,2315.6,2318.5,2314.5,2317.0,5025
2024-04-03 15:00:00,2317.1,2319.7,2315.2,2318.1,9107
2024-04-03 16:00:00,2318.0,2321.8,2317.7,2320.9,4136
2024-04-03 18:00:00,2321.0,2322.7,2319.1,2321.5,0
2024-04-03 19:00:00,2321.5,2321.5,2316.2,2317.4,4129
2024-04-03 20:00:00,2317.4,2322.2,2317.1,2321.9,4757
2024-04-03 21:00:00,2321.9,2324.8,2317.3,2320.7,6712
2024-04-03 22:00:00,2320.7,2321.8,2317.4,2319.2,2868
2024-04-03 23:00:00,2319.1,2319.9,2317.2,2318.5,3040
2024-04-04 00:00:00,2318.6,2319.4,2317.5,2318.1,1499
2024-04-04 01:00:00,2318.1,2320.0,2314.5,2314.9,3954
2024-04-04 02:00:00,2314.8,2316.9,2314.2,2315.4,4279
2024-04-04 03:00:00,2315.4,2317.5,2310.8,2312.2,9923
2024-04-04 04:00:00,2312.1,2313.9,2310.1,2310.9,5757
2024-04-04 05:00:00,2310.8,2313.4,2310.1,2312.5,5419
2024-04-04 06:00:00,2312.6,2314.4,2311.8,2313.9,5201
2024-04-04 07:00:00,2313.9,2314.6,2308.0,2308.5,6869
2024-04-04 08:00:00,2308.6,2309.2,2301.8,2307.5,24448
2024-04-04 09:00:00,2307.6,2310.4,2304.2,2306.7,18074
2024-04-04 10:00:00,2306.7,2318.9,2306.3,2314.4,26197
2024-04-04 11:00:00,2314.4,2314.8,2309.4,2311.3,10066
2024-04-04 12:00:00,2311.2,2312.4,2305.6,2306.1,8228
2024-04-04 13:00:00,2306.2,2313.3,2305.7,2313.2,11727
2024-04-04 14:00:00,2313.2,2325.3,2312.2,2323.5,24664
2024-04-04 15:00:00,2323.6,2324.2,2298.7,2304.3,29978
2024-04-04 16:00:00,2304.2,2311.0,2304.2,2310.4,6101
2024-04-04 18:00:00,2309.5,2312.3,2307.2,2308.7,0
2024-04-04 19:00:00,2308.7,2310.0,2307.5,2307.6,1094
2024-04-04 20:00:00,2307.7,2309.2,2301.5,2301.7,6036
2024-04-04 21:00:00,2301.6,2302.7,2286.2,2290.5,15907
2024-04-04 22:00:00,2290.5,2293.6,2289.6,2292.5,4070
2024-04-04 23:00:00,2292.5,2298.1,2292.3,2295.4,4789
2024-04-05 00:00:00,2295.3,2298.5,2295.1,2296.6,3389
2024-04-05 01:00:00,2296.5,2301.0,2296.0,2298.4,4438
2024-04-05 02:00:00,2298.5,2301.8,2295.4,2298.0,5641
2024-04-05 03:00:00,2297.9,2309.8,2297.9,2308.2,11319
2024-04-05 04:00:00,2308.1,2310.9,2303.9,2307.1,6988
2024-04-05 05:00:00,2307.1,2312.6,2305.7,2310.1,5950
2024-04-05 06:00:00,2310.1,2315.4,2309.9,2313.1,5887
2024-04-05 07:00:00,2313.2,2313.9,2308.9,2310.4,4072
2024-04-05 08:00:00,2310.2,2315.7,2299.6,2310.0,29959
2024-04-05 09:00:00,2310.2,2323.0,2306.1,2319.0,34590
2024-04-05 10:00:00,2319.0,2344.5,2315.0,2337.0,61482
2024-04-05 11:00:00,2337.0,2348.0,2334.2,2345.6,26597
2024-04-05 12:00:00,2345.7,2349.0,2341.5,2346.7,14045
2024-04-05 13:00:00,2346.7,2350.0,2344.0,2345.8,15190
2024-04-05 14:00:00,2345.9,2348.0,2343.2,2344.6,6068
2024-04-05 15:00:00,2344.7,2344.8,2339.7,2342.4,8066
2024-04-05 16:00:00,2342.4,2349.7,2341.9,2349.1,4183
2024-04-07 18:00:00,2343.6,2348.1,2323.1,2326.7,12063
2024-04-07 19:00:00,2326.5,2333.5,2325.1,2330.1,5627
2024-04-07 20:00:00,2330.5,2331.2,2325.0,2325.1,9194
2024-04-07 21:00:00,2325.0,2344.3,2321.7,2343.3,17042
2024-04-07 22:00:00,2343.3,2372.5,2340.5,2366.8,24047
2024-04-07 23:00:00,2366.9,2368.8,2359.8,2361.9,9000
2024-04-08 00:00:00,2364.5,2364.5,2358.2,2360.7,5031
2024-04-08 01:00:00,2360.8,2362.3,2350.4,2353.3,10962
2024-04-08 02:00:00,2353.2,2360.0,2350.4,2355.0,9728
2024-04-08 03:00:00,2355.1,2357.9,2352.5,2356.5,7095
2024-04-08 04:00:00,2356.5,2360.3,2352.1,2355.0,8003
2024-04-08 05:00:00,2355.0,2356.8,2353.0,2356.5,4971
2024-04-08 06:00:00,2356.4,2362.6,2354.0,2359.2,7177
2024-04-08 07:00:00,2359.3,2361.5,2355.4,2356.2,8664
2024-04-08 08:00:00,2356.2,2357.0,2341.3,2348.0,35067
2024-04-08 09:00:00,2348.2,2354.8,2344.4,2346.4,25291
2024-04-08 10:00:00,2346.5,2348.2,2336.8,2347.8,29878
2024-04-08 11:00:00,2347.7,2350.7,2344.5,2346.7,10638
2024-04-08 12:00:00,2346.8,2349.1,2344.6,2347.4,7324
2024-04-08 13:00:00,2347.4,2358.2,2346.4,2356.8,14421
2024-04-08 14:00:00,2357.1,2361.3,2356.0,2358.1,7000
2024-04-08 15:00:00,2358.1,2359.8,2356.3,2357.7,4993
2024-04-08 16:00:00,2357.5,2358.7,2357.0,2358.4,2231
2024-04-08 18:00:00,2358.1,2358.2,2355.7,2357.6,0
2024-04-08 19:00:00,2357.8,2359.4,2356.5,2357.7,2000
2024-04-08 20:00:00,2357.8,2360.5,2357.4,2359.5,2770
2024-04-08 21:00:00,2359.6,2367.5,2356.3,2358.4,13006
2024-04-08 22:00:00,2358.5,2364.4,2356.9,2363.8,5009
2024-04-08 23:00:00,2363.8,2365.2,2361.7,2362.6,3162
2024-04-09 00:00:00,2362.6,2364.7,2361.5,2362.7,2911
2024-04-09 01:00:00,2362.7,2366.5,2362.4,2363.6,4021
2024-04-09 02:00:00,2363.6,2365.3,2361.5,2363.1,5219
2024-04-09 03:00:00,2363.0,2376.0,2362.9,2372.8,17074
2024-04-09 04:00:00,2372.8,2378.2,2370.3,2376.5,9277
2024-04-09 05:00:00,2376.6,2384.5,2376.1,2382.1,12584
2024-04-09 06:00:00,2382.2,2383.2,2374.8,2375.2,11479
2024-04-09 07:00:00,2375.3,2375.6,2368.1,2373.2,10560
2024-04-09 08:00:00,2373.2,2376.0,2364.1,2368.0,24270
2024-04-09 09:00:00,2368.0,2379.7,2366.8,2374.2,31249
2024-04-09 10:00:00,2374.1,2383.1,2363.8,2371.5,42226
2024-04-09 11:00:00,2371.4,2372.3,2357.0,2359.1,30165
2024-04-09 12:00:00,2359.1,2365.9,2358.8,2363.5,13964
2024-04-09 13:00:00,2363.5,2368.3,2360.6,2365.8,13468
2024-04-09 14:00:00,2365.8,2368.6,2364.0,2368.2,5792
2024-04-09 15:00:00,2368.1,2370.1,2363.8,2369.6,5582
2024-04-09 16:00:00,2369.8,2373.1,2369.2,2372.0,3087
2024-04-09 18:00:00,2372.4,2372.6,2368.8,2370.9,0
2024-04-09 19:00:00,2370.7,2374.2,2370.0,2373.4,2251
2024-04-09 20:00:00,2373.4,2374.3,2369.5,2370.2,2945
2024-04-09 21:00:00,2370.3,2370.6,2362.9,2367.4,8916
2024-04-09 22:00:00,2367.3,2372.2,2366.9,2370.0,4522
2024-04-09 23:00:00,2370.1,2371.6,2368.8,2369.6,2265
2024-04-10 00:00:00,2369.4,2375.1,2369.1,2374.3,2998
2024-04-10 01:00:00,2374.2,2378.1,2373.7,2375.4,6661
2024-04-10 02:00:00,2375.5,2378.0,2372.1,2373.4,7101
2024-04-10 03:00:00,2374.9,2375.9,2370.7,2371.2,6287
2024-04-10 04:00:00,2371.3,2374.3,2370.6,2372.9,4512
2024-04-10 05:00:00,2372.8,2373.1,2364.1,2365.9,9432
2024-04-10 06:00:00,2365.8,2368.7,2363.5,2365.9,6200
2024-04-10 07:00:00,2366.0,2368.0,2363.3,2365.6,9513
2024-04-10 08:00:00,2365.6,2369.4,2346.1,2356.9,50697
2024-04-10 09:00:00,2357.0,2358.1,2337.1,2352.4,65323
2024-04-10 10:00:00,2352.3,2371.0,2350.6,2364.6,48569
2024-04-10 11:00:00,2364.8,2366.3,2348.0,2355.3,27493
2024-04-10 12:00:00,2355.5,2359.3,2354.4,2355.7,9312
2024-04-10 13:00:00,2355.6,2363.7,2343.9,2356.1,37504
2024-04-10 14:00:00,2356.1,2359.4,2344.2,2345.6,9826
2024-04-10 15:00:00,2345.6,2349.1,2345.4,2347.8,14227
2024-04-10 16:00:00,2347.8,2352.9,2347.7,2352.4,3578
2024-04-10 18:00:00,2351.7,2354.4,2350.7,2353.3,0
2024-04-10 19:00:00,2353.5,2354.5,2351.4,2352.9,1420
2024-04-10 20:00:00,2353.0,2353.3,2350.6,2352.5,2001
2024-04-10 21:00:00,2352.4,2359.5,2351.2,2357.9,5291
2024-04-10 22:00:00,2357.9,2363.2,2356.9,2361.2,3650
2024-04-10 23:00:00,2361.3,2364.1,2360.4,2361.3,3365
2024-04-11 00:00:00,2361.1,2363.3,2358.6,2360.0,3478
2024-04-11 01:00:00,2360.1,2361.7,2356.0,2359.0,4048
2024-04-11 02:00:00,2359.0,2359.4,2350.9,2353.2,7289
2024-04-11 03:00:00,2353.3,2358.0,2352.4,2353.9,7101
2024-04-11 04:00:00,2353.9,2355.5,2343.1,2345.3,10026
2024-04-11 05:00:00,2345.4,2350.6,2345.4,2348.3,8883
2024-04-11 06:00:00,2348.2,2356.7,2348.2,2356.0,6828
2024-04-11 07:00:00,2356.0,2357.0,2353.0,2354.8,5234
2024-04-11 08:00:00,2354.7,2362.2,2349.2,2359.0,23643
2024-04-11 09:00:00,2358.9,2365.2,2354.5,2360.9,23976
2024-04-11 10:00:00,2360.9,2364.5,2349.4,2356.3,35686
2024-04-11 11:00:00,2356.4,2363.0,2354.9,2362.3,13149
2024-04-11 12:00:00,2362.3,2368.5,2360.2,2367.4,17301
2024-04-11 13:00:00,2367.4,2375.0,2365.6,2374.0,23132
2024-04-11 14:00:00,2374.0,2382.8,2373.4,2379.2,17082
2024-04-11 15:00:00,2379.2,2392.5,2379.2,2390.7,14874
2024-04-11 16:00:00,2390.8,2395.6,2389.4,2390.6,8163
2024-04-11 18:00:00,2389.4,2397.2,2388.6,2391.5,0
2024-04-11 19:00:00,2391.7,2394.7,2391.5,2394.3,2581
2024-04-11 20:00:00,2394.5,2396.5,2392.1,2395.9,5704
2024-04-11 21:00:00,2396.1,2408.8,2396.1,2407.9,20299
2024-04-11 22:00:00,2408.2,2412.8,2405.0,2407.7,13142
2024-04-11 23:00:00,2407.7,2408.4,2400.2,2401.5,7821
2024-04-12 00:00:00,2401.6,2404.5,2400.0,2401.6,3565
2024-04-12 01:00:00,2401.6,2407.3,2400.9,2404.7,6498
2024-04-12 02:00:00,2404.6,2412.9,2401.8,2412.5,10261
2024-04-12 03:00:00,2412.6,2418.0,2410.4,2417.4,15601
2024-04-12 04:00:00,2417.4,2418.2,2411.2,2414.1,10099
2024-04-12 05:00:00,2414.0,2417.6,2410.7,2415.4,8209
2024-04-12 06:00:00,2415.4,2417.9,2413.2,2415.5,8243
2024-04-12 07:00:00,2415.4,2415.5,2407.5,2412.7,13081
2024-04-12 08:00:00,2412.7,2415.0,2408.6,2413.1,20408
2024-04-12 09:00:00,2413.3,2424.3,2410.6,2422.2,36475
2024-04-12 10:00:00,2422.2,2446.4,2417.9,2443.9,49685
2024-04-12 11:00:00,2443.8,2448.8,2399.2,2412.8,79933
2024-04-12 12:00:00,2412.6,2412.6,2377.5,2386.1,58116
2024-04-12 13:00:00,2386.2,2390.3,2363.0,2372.0,48357
2024-04-12 14:00:00,2371.9,2373.6,2352.1,2355.5,21854
2024-04-12 15:00:00,2355.5,2362.3,2350.6,2360.1,15356
2024-04-12 16:00:00,2360.3,2361.9,2358.5,2360.2,3974
2024-04-14 18:00:00,2369.4,2389.6,2363.0,2373.0,18604
2024-04-14 19:00:00,2372.8,2382.1,2370.9,2381.2,5381
2024-04-14 20:00:00,2381.2,2382.4,2366.4,2369.0,10868
2024-04-14 21:00:00,2369.3,2374.2,2364.2,2371.8,13412
2024-04-14 22:00:00,2371.8,2380.8,2369.4,2375.9,8360
2024-04-14 23:00:00,2376.1,2376.6,2371.1,2374.9,4761
2024-04-15 00:00:00,2374.6,2374.8,2371.6,2372.9,2761
2024-04-15 01:00:00,2372.6,2378.8,2369.6,2377.3,6049
2024-04-15 02:00:00,2377.3,2377.7,2369.2,2371.2,9398
2024-04-15 03:00:00,2371.0,2372.9,2366.2,2369.2,11079
2024-04-15 04:00:00,2369.2,2372.4,2360.6,2368.0,15226
2024-04-15 05:00:00,2368.1,2370.3,2363.6,2366.1,8799
2024-04-15 06:00:00,2366.2,2373.9,2365.5,2373.5,7949
2024-04-15 07:00:00,2373.5,2378.0,2372.2,2374.7,10870
2024-04-15 08:00:00,2374.7,2376.1,2367.6,2374.0,17685
2024-04-15 09:00:00,2374.2,2378.2,2359.6,2365.2,27055
2024-04-15 10:00:00,2365.1,2369.0,2340.2,2366.0,56064
2024-04-15 11:00:00,2366.0,2369.3,2358.9,2368.3,18718
2024-04-15 12:00:00,2368.2,2376.6,2362.6,2373.7,14855
2024-04-15 13:00:00,2373.6,2387.3,2370.5,2382.2,25202
2024-04-15 14:00:00,2382.3,2395.0,2380.4,2392.7,12972
2024-04-15 15:00:00,2392.6,2404.3,2390.7,2403.1,22280
2024-04-15 16:00:00,2403.2,2403.5,2396.8,2399.3,5342
2024-04-15 18:00:00,2399.1,2408.5,2397.1,2400.7,0
2024-04-15 19:00:00,2400.6,2403.7,2397.4,2398.4,2474
2024-04-15 20:00:00,2398.3,2404.1,2396.6,2400.0,7933
2024-04-15 21:00:00,2399.8,2403.5,2395.6,2400.2,8050
2024-04-15 22:00:00,2400.3,2404.5,2397.0,2402.6,5134
2024-04-15 23:00:00,2402.4,2405.9,2400.8,2404.1,5104
2024-04-16 00:00:00,2404.5,2404.8,2400.3,2402.4,4977
2024-04-16 01:00:00,2402.5,2405.3,2401.1,2402.5,3209
2024-04-16 02:00:00,2402.5,2404.3,2384.8,2389.1,15388
2024-04-16 03:00:00,2389.1,2391.5,2379.2,2381.9,12072
2024-04-16 04:00:00,2381.9,2388.1,2381.3,2385.6,7543
2024-04-16 05:00:00,2385.7,2389.4,2383.6,2388.3,5632
2024-04-16 06:00:00,2388.5,2391.7,2384.8,2386.4,10443
2024-04-16 07:00:00,2386.4,2391.6,2385.9,2390.4,7548
2024-04-16 08:00:00,2390.5,2394.6,2384.7,2392.5,14324
2024-04-16 09:00:00,2392.6,2395.6,2381.7,2382.7,31496
2024-04-16 10:00:00,2382.6,2399.8,2379.6,2399.6,39833
2024-04-16 11:00:00,2399.4,2409.8,2394.3,2402.6,31444
2024-04-16 12:00:00,2402.5,2414.8,2402.1,2414.0,18928
2024-04-16 13:00:00,2414.0,2414.2,2396.3,2401.4,27448
2024-04-16 14:00:00,2401.3,2413.1,2400.1,2409.0,17516
2024-04-16 15:00:00,2408.9,2412.0,2405.7,2406.4,6321
2024-04-16 16:00:00,2406.3,2407.0,2395.2,2399.5,4067
2024-04-16 18:00:00,2398.0,2403.3,2397.8,2401.2,0
2024-04-16 19:00:00,2401.3,2403.1,2398.6,2398.8,5113
2024-04-16 20:00:00,2398.9,2400.9,2396.9,2400.6,6085
2024-04-16 21:00:00,2400.7,2401.8,2397.5,2400.8,9499
2024-04-16 22:00:00,2400.9,2402.3,2398.5,2398.6,2781
2024-04-16 23:00:00,2398.5,2399.9,2397.0,2398.0,2990
2024-04-17 00:00:00,2397.8,2399.2,2396.4,2398.0,1501
2024-04-17 01:00:00,2398.1,2398.1,2390.1,2393.8,4661
2024-04-17 02:00:00,2393.9,2397.9,2389.0,2397.3,7153
2024-04-17 03:00:00,2397.3,2399.4,2394.3,2398.7,5640
2024-04-17 04:00:00,2398.8,2409.8,2398.8,2409.0,10548
2024-04-17 05:00:00,2409.1,2410.6,2406.0,2408.3,8960
2024-04-17 06:00:00,2408.4,2410.1,2401.2,2402.8,9366
2024-04-17 07:00:00,2402.8,2406.6,2402.1,2403.6,6407
2024-04-17 08:00:00,2403.7,2404.3,2394.1,2399.3,19530
2024-04-17 09:00:00,2399.3,2411.5,2399.0,2409.7,23762
2024-04-17 10:00:00,2409.6,2412.0,2402.4,2406.7,23043
2024-04-17 11:00:00,2406.9,2410.0,2397.9,2398.4,20147
2024-04-17 12:00:00,2398.5,2400.8,2376.5,2388.3,39448
2024-04-17 13:00:00,2388.2,2391.9,2383.9,2388.0,25459
2024-04-17 14:00:00,2388.0,2395.0,2387.7,2390.1,22470
2024-04-17 15:00:00,2390.1,2390.8,2383.6,2388.4,15647
2024-04-17 16:00:00,2388.4,2389.1,2370.7,2376.6,7446
2024-04-17 18:00:00,2377.9,2383.3,2377.2,2380.5,0
2024-04-17 19:00:00,2380.4,2383.3,2378.9,2382.8,2483
2024-04-17 20:00:00,2383.0,2385.0,2381.9,2384.8,2803
2024-04-17 21:00:00,2384.6,2386.9,2378.7,2382.1,6159
2024-04-17 22:00:00,2382.1,2389.5,2381.4,2387.7,4953
2024-04-17 23:00:00,2387.7,2390.0,2386.9,2389.5,4248
2024-04-18 00:00:00,2389.5,2391.2,2387.8,2389.7,2653
2024-04-18 01:00:00,2389.8,2392.0,2388.5,2391.6,4349
2024-04-18 02:00:00,2391.6,2395.6,2391.1,2395.3,6805
2024-04-18 03:00:00,2395.3,2395.6,2389.2,2392.6,6757
2024-04-18 04:00:00,2392.7,2395.8,2392.2,2394.8,5547
2024-04-18 05:00:00,2394.8,2395.5,2392.5,2394.4,4383
2024-04-18 06:00:00,2394.2,2399.0,2392.1,2398.0,6747
2024-04-18 07:00:00,2397.9,2400.3,2393.8,2395.8,9167
2024-04-18 08:00:00,2395.9,2402.4,2395.6,2400.7,16447
2024-04-18 09:00:00,2400.6,2408.0,2390.5,2394.8,30910
2024-04-18 10:00:00,2394.7,2400.0,2384.3,2395.2,27365
2024-04-18 11:00:00,2395.0,2400.6,2393.5,2399.2,12119
2024-04-18 12:00:00,2399.4,2403.9,2396.5,2403.1,12868
2024-04-18 13:00:00,2403.2,2404.5,2397.2,2399.9,13177
2024-04-18 14:00:00,2399.9,2399.9,2394.5,2396.7,4984
2024-04-18 15:00:00,2396.8,2400.4,2392.9,2395.4,6038
2024-04-18 16:00:00,2395.4,2395.6,2392.0,2394.4,2212
2024-04-18 18:00:00,2394.0,2395.5,2393.2,2394.0,0
2024-04-18 19:00:00,2394.1,2396.4,2394.0,2394.7,1621
2024-04-18 20:00:00,2394.6,2394.7,2388.5,2394.3,5095
2024-04-18 21:00:00,2394.2,2433.3,2393.7,2424.9,39064
2024-04-18 22:00:00,2424.8,2430.0,2410.2,2415.6,22669
2024-04-18 23:00:00,2415.6,2417.6,2397.5,2405.3,21484
2024-04-19 00:00:00,2405.9,2405.9,2393.7,2398.2,9568
2024-04-19 01:00:00,2398.2,2399.0,2394.7,2395.8,6926
2024-04-19 02:00:00,2395.9,2406.7,2393.1,2404.9,11510
2024-04-19 03:00:00,2404.9,2408.8,2399.2,2400.2,8058
2024-04-19 04:00:00,2400.0,2401.0,2392.5,2398.8,11755
2024-04-19 05:00:00,2398.9,2400.8,2395.1,2395.7,6915
2024-04-19 06:00:00,2395.7,2397.8,2394.1,2395.8,5051
2024-04-19 07:00:00,2395.8,2395.8,2386.8,2391.5,12983
2024-04-19 08:00:00,2391.7,2399.4,2389.1,2396.3,11407
2024-04-19 09:00:00,2396.2,2401.7,2387.7,2393.4,18029
2024-04-19 10:00:00,2393.3,2406.9,2393.2,2405.9,17195
2024-04-19 11:00:00,2405.8,2410.9,2404.1,2409.7,14324
2024-04-19 12:00:00,2410.0,2414.7,2404.7,2414.6,11250
2024-04-19 13:00:00,2414.7,2417.1,2407.3,2408.6,14355
2024-04-19 14:00:00,2408.7,2413.1,2407.8,2413.1,4542
2024-04-19 15:00:00,2413.0,2413.2,2401.5,2402.5,6295
2024-04-19 16:00:00,2402.6,2407.3,2401.6,2406.7,3197
2024-04-21 18:00:00,2403.7,2404.3,2396.0,2398.3,5092
2024-04-21 19:00:00,2398.3,2402.0,2397.4,2400.7,5153
2024-04-21 20:00:00,2400.7,2400.7,2395.6,2396.5,4161
2024-04-21 21:00:00,2396.5,2398.7,2390.4,2392.3,8246
2024-04-21 22:00:00,2392.4,2392.4,2386.7,2386.8,5366
2024-04-21 23:00:00,2386.8,2386.8,2374.0,2383.0,14373
2024-04-22 00:00:00,2383.0,2386.7,2382.4,2383.4,4216
2024-04-22 01:00:00,2383.4,2384.1,2374.5,2379.2,7358
2024-04-22 02:00:00,2379.1,2380.7,2365.2,2369.7,13657
2024-04-22 03:00:00,2369.7,2375.0,2369.0,2374.8,9014
2024-04-22 04:00:00,2374.8,2376.9,2371.8,2373.5,6065
2024-04-22 05:00:00,2373.5,2377.7,2373.0,2375.1,6367
2024-04-22 06:00:00,2375.2,2375.4,2370.0,2371.5,6643
2024-04-22 07:00:00,2371.6,2371.6,2353.0,2356.0,23179
2024-04-22 08:00:00,2356.0,2364.4,2346.8,2350.5,25188
2024-04-22 09:00:00,2350.6,2357.9,2344.7,2352.5,32638
2024-04-22 10:00:00,2352.5,2358.0,2347.0,2355.2,18136
2024-04-22 11:00:00,2355.4,2355.9,2346.5,2348.6,14217
2024-04-22 12:00:00,2348.6,2350.4,2342.8,2343.7,14442
2024-04-22 13:00:00,2343.8,2348.9,2343.4,2344.0,14247
2024-04-22 14:00:00,2344.1,2345.0,2338.2,2341.4,9082
2024-04-22 15:00:00,2341.5,2345.7,2341.4,2343.3,6411
2024-04-22 16:00:00,2343.3,2344.4,2339.5,2341.1,2542
2024-04-22 18:00:00,2342.3,2345.4,2340.9,2344.3,0
2024-04-22 19:00:00,2344.2,2347.6,2341.9,2347.4,3863
2024-04-22 20:00:00,2347.2,2347.5,2343.2,2346.2,3520
2024-04-22 21:00:00,2346.1,2347.9,2308.7,2312.1,30288
2024-04-22 22:00:00,2312.2,2327.9,2311.6,2315.0,18561
2024-04-22 23:00:00,2315.0,2320.6,2314.0,2316.4,5454
2024-04-23 00:00:00,2315.9,2321.7,2315.0,2318.8,3557
2024-04-23 01:00:00,2318.9,2328.4,2317.8,2321.8,7228
2024-04-23 02:00:00,2321.6,2323.6,2312.3,2315.4,9479
2024-04-23 03:00:00,2315.0,2324.8,2314.6,2322.7,8341
2024-04-23 04:00:00,2322.7,2323.3,2315.4,2316.8,7387
2024-04-23 05:00:00,2316.5,2317.0,2304.6,2309.0,17922
2024-04-23 06:00:00,2309.1,2320.4,2308.8,2317.0,9151
2024-04-23 07:00:00,2316.9,2317.3,2313.4,2315.9,6155
2024-04-23 08:00:00,2315.9,2327.3,2315.0,2325.5,17770
2024-04-23 09:00:00,2325.4,2344.5,2323.0,2342.9,30665
2024-04-23 10:00:00,2342.9,2345.8,2327.8,2333.9,30472
2024-04-23 11:00:00,2333.9,2338.4,2328.7,2336.9,11108
2024-04-23 12:00:00,2337.0,2344.9,2335.4,2344.2,10798
2024-04-23 13:00:00,2344.1,2345.2,2338.7,2340.2,11097
2024-04-23 14:00:00,2340.1,2343.6,2337.3,2338.0,9629
2024-04-23 15:00:00,2338.1,2338.9,2334.9,2335.9,4805
2024-04-23 16:00:00,2336.1,2337.1,2335.2,2335.7,1965
2024-04-23 18:00:00,2335.7,2336.6,2334.8,2335.3,0
2024-04-23 19:00:00,2335.5,2337.9,2335.3,2336.8,2027
2024-04-23 20:00:00,2336.7,2337.1,2333.2,2334.4,2866
2024-04-23 21:00:00,2334.5,2336.7,2329.5,2331.7,5692
2024-04-23 22:00:00,2331.6,2335.5,2329.0,2334.8,5326
2024-04-23 23:00:00,2335.0,2341.4,2334.1,2341.1,3964
2024-04-24 00:00:00,2341.1,2343.6,2338.4,2339.9,3238
2024-04-24 01:00:00,2339.8,2343.1,2337.7,2341.8,3225
2024-04-24 02:00:00,2341.9,2344.4,2337.2,2339.8,5626
2024-04-24 03:00:00,2339.8,2339.8,2333.6,2333.6,4809
2024-04-24 04:00:00,2333.6,2334.9,2329.1,2332.4,6520
2024-04-24 05:00:00,2332.3,2332.5,2324.8,2328.2,10813
2024-04-24 06:00:00,2328.1,2331.6,2327.0,2329.9,4151
2024-04-24 07:00:00,2329.9,2330.2,2326.2,2329.3,4323
2024-04-24 08:00:00,2329.3,2336.7,2325.1,2336.5,13014
2024-04-24 09:00:00,2336.6,2339.5,2329.0,2334.6,22211
2024-04-24 10:00:00,2334.5,2343.9,2330.1,2343.1,16958
2024-04-24 11:00:00,2343.3,2350.9,2335.9,2336.0,22059
2024-04-24 12:00:00,2335.9,2339.9,2334.7,2338.6,8746
2024-04-24 13:00:00,2338.5,2344.0,2335.1,2337.7,14173
2024-04-24 14:00:00,2337.7,2337.9,2331.7,2333.6,9005
2024-04-24 15:00:00,2333.6,2335.6,2330.9,2332.1,4358
2024-04-24 16:00:00,2332.2,2332.7,2326.7,2328.9,3395
2024-04-24 18:00:00,2327.4,2330.7,2327.2,2330.0,0
2024-04-24 19:00:00,2329.9,2330.3,2327.4,2328.2,4107
2024-04-24 20:00:00,2328.3,2331.4,2327.4,2331.0,3547
2024-04-24 21:00:00,2331.0,2332.5,2327.8,2330.8,3549
2024-04-24 22:00:00,2330.8,2333.9,2330.5,2331.6,1960
2024-04-24 23:00:00,2331.5,2332.6,2316.4,2325.0,10534
2024-04-25 00:00:00,2324.9,2327.6,2324.0,2327.0,2223
2024-04-25 01:00:00,2327.1,2332.7,2326.1,2331.3,3449
2024-04-25 02:00:00,2331.4,2336.7,2329.5,2334.9,6092
2024-04-25 03:00:00,2334.9,2338.6,2332.5,2338.0,4650
2024-04-25 04:00:00,2338.1,2341.3,2337.2,2339.3,6838
2024-04-25 05:00:00,2339.2,2340.0,2336.4,2337.2,4617
2024-04-25 06:00:00,2337.3,2341.0,2336.7,2340.5,3274
2024-04-25 07:00:00,2340.4,2343.0,2338.9,2340.7,5953
2024-04-25 08:00:00,2340.6,2347.4,2335.4,2343.1,20828
2024-04-25 09:00:00,2343.2,2343.7,2323.8,2331.1,36839
2024-04-25 10:00:00,2331.3,2357.6,2329.2,2346.2,48968
2024-04-25 11:00:00,2346.3,2349.2,2338.2,2342.5,16876
2024-04-25 12:00:00,2342.7,2344.7,2335.2,2340.9,10165
2024-04-25 13:00:00,2341.2,2344.5,2338.4,2344.5,9797
2024-04-25 14:00:00,2344.6,2347.4,2342.9,2345.3,5047
2024-04-25 15:00:00,2345.2,2348.8,2343.8,2345.3,5972
2024-04-25 16:00:00,2345.4,2346.1,2343.2,2344.6,1434
2024-04-25 18:00:00,2344.2,2348.0,2343.9,2344.7,0
2024-04-25 19:00:00,2344.6,2344.8,2342.1,2342.5,1366
2024-04-25 20:00:00,2342.5,2343.4,2340.6,2341.8,1060
2024-04-25 21:00:00,2341.9,2345.4,2338.1,2344.3,3743
2024-04-25 22:00:00,2344.1,2348.4,2343.2,2345.9,4054
2024-04-25 23:00:00,2346.0,2347.1,2344.2,2347.0,2202
2024-04-26 00:00:00,2346.9,2351.5,2345.7,2348.1,3600
2024-04-26 01:00:00,2348.0,2350.7,2346.0,2349.9,3625
2024-04-26 02:00:00,2349.9,2355.0,2349.4,2352.7,7469
2024-04-26 03:00:00,2352.7,2359.6,2349.8,2357.6,9694
2024-04-26 04:00:00,2357.4,2362.8,2355.6,2358.9,10586
2024-04-26 05:00:00,2358.9,2364.4,2358.7,2361.2,5630
2024-04-26 06:00:00,2361.3,2362.3,2357.0,2359.7,5296
2024-04-26 07:00:00,2359.7,2360.6,2355.2,2356.8,4647
2024-04-26 08:00:00,2357.0,2363.9,2352.5,2356.7,16422
2024-04-26 09:00:00,2356.9,2362.6,2348.5,2353.1,22129
2024-04-26 10:00:00,2353.0,2357.2,2340.2,2345.3,22624
2024-04-26 11:00:00,2345.5,2349.7,2343.0,2348.5,9598
2024-04-26 12:00:00,2348.6,2351.0,2344.7,2345.3,7570
2024-04-26 13:00:00,2345.3,2352.2,2344.3,2350.2,10103
2024-04-26 14:00:00,2350.2,2353.2,2349.4,2352.6,3720
2024-04-26 15:00:00,2352.5,2352.6,2347.8,2351.5,4272
2024-04-26 16:00:00,2351.6,2351.8,2348.2,2349.6,2660
2024-04-28 18:00:00,2347.6,2349.0,2344.0,2346.1,4615
2024-04-28 19:00:00,2346.1,2348.4,2345.8,2347.4,1150
2024-04-28 20:00:00,2347.5,2347.8,2342.2,2343.7,5174
2024-04-28 21:00:00,2343.5,2343.5,2331.0,2342.4,11060
2024-04-28 22:00:00,2342.2,2342.9,2335.3,2335.5,3517
2024-04-28 23:00:00,2335.4,2340.3,2334.9,2339.7,2373
2024-04-29 00:00:00,2339.4,2344.4,2338.4,2343.6,6284
2024-04-29 01:00:00,2343.6,2347.7,2340.3,2341.6,5005
2024-04-29 02:00:00,2341.7,2344.8,2338.8,2340.5,5086
2024-04-29 03:00:00,2340.6,2349.2,2340.3,2348.8,8506
2024-04-29 04:00:00,2348.8,2353.0,2347.6,2349.7,5359
2024-04-29 05:00:00,2349.7,2356.0,2348.3,2354.7,9430
2024-04-29 06:00:00,2354.9,2355.8,2351.2,2352.7,5942
2024-04-29 07:00:00,2352.6,2354.4,2346.5,2348.4,5596
2024-04-29 08:00:00,2348.4,2349.0,2339.8,2343.4,11073
2024-04-29 09:00:00,2343.3,2348.0,2336.8,2345.2,15412
2024-04-29 10:00:00,2345.4,2351.2,2345.2,2349.4,13476
2024-04-29 11:00:00,2349.4,2350.6,2344.1,2349.5,7694
2024-04-29 12:00:00,2349.4,2358.9,2349.1,2354.6,20593
2024-04-29 13:00:00,2354.7,2358.4,2351.4,2353.8,13328
2024-04-29 14:00:00,2353.9,2355.6,2349.1,2353.0,6008
2024-04-29 15:00:00,2353.0,2353.1,2344.6,2347.4,11306
2024-04-29 16:00:00,2347.4,2348.9,2347.0,2347.5,1702
2024-04-29 18:00:00,2347.0,2347.6,2345.5,2346.4,0
2024-04-29 19:00:00,2346.4,2346.5,2343.9,2344.3,2695
2024-04-29 20:00:00,2344.5,2346.0,2343.1,2345.2,5407
2024-04-29 21:00:00,2345.3,2347.4,2343.6,2345.2,4916
2024-04-29 22:00:00,2345.3,2345.6,2337.8,2342.5,4320
2024-04-29 23:00:00,2342.5,2343.0,2339.8,2340.3,2280
2024-04-30 00:00:00,2340.6,2340.8,2336.0,2337.6,2956
2024-04-30 01:00:00,2337.7,2338.0,2332.5,2333.8,5990
2024-04-30 02:00:00,2333.9,2334.5,2329.6,2333.5,8663
2024-04-30 03:00:00,2333.5,2333.8,2325.7,2328.6,8949
2024-04-30 04:00:00,2328.6,2329.4,2321.4,2323.8,8153
2024-04-30 05:00:00,2323.7,2328.4,2323.2,2325.8,9222
2024-04-30 06:00:00,2325.8,2329.0,2325.2,2326.4,4385
2024-04-30 07:00:00,2326.4,2326.6,2320.2,2323.7,10328
2024-04-30 08:00:00,2323.7,2324.4,2315.0,2316.9,19224
2024-04-30 09:00:00,2316.8,2324.4,2313.1,2318.6,18517
2024-04-30 10:00:00,2318.6,2321.6,2305.4,2307.5,31099
2024-04-30 11:00:00,2304.2,2311.3,2304.0,2306.8,17774
2024-04-30 12:00:00,2306.7,2310.3,2305.3,2305.7,9128
2024-04-30 13:00:00,2305.7,2308.3,2302.1,2306.8,15470
2024-04-30 14:00:00,2306.9,2308.5,2300.0,2301.1,12187
2024-04-30 15:00:00,2301.0,2305.9,2300.3,2301.9,12978
2024-04-30 16:00:00,2301.9,2304.8,2296.2,2297.3,6329
2024-04-30 18:00:00,2298.2,2302.9,2296.8,2302.3,0
2024-04-30 19:00:00,2302.3,2304.0,2300.7,2302.0,2525
2024-04-30 20:00:00,2302.0,2303.4,2295.8,2297.2,5721
2024-04-30 21:00:00,2297.2,2299.9,2296.3,2298.4,3715
2024-04-30 22:00:00,2298.3,2299.1,2297.1,2298.2,1249
2024-04-30 23:00:00,2298.3,2298.7,2292.8,2294.5,3654
2024-05-01 00:00:00,2294.2,2295.9,2291.7,2293.6,3910
2024-05-01 01:00:00,2293.5,2299.0,2293.0,2298.0,2881
2024-05-01 02:00:00,2298.1,2300.4,2296.9,2297.4,2491
2024-05-01 03:00:00,2297.4,2298.6,2293.8,2296.3,4455
2024-05-01 04:00:00,2296.2,2297.2,2294.2,2296.7,2948
2024-05-01 05:00:00,2296.7,2304.0,2296.3,2302.7,8824
2024-05-01 06:00:00,2302.6,2305.1,2299.6,2303.8,7053
2024-05-01 07:00:00,2303.9,2307.9,2302.1,2305.3,6403
2024-05-01 08:00:00,2305.4,2310.8,2304.9,2309.0,16950
2024-05-01 09:00:00,2309.1,2314.3,2305.5,2314.0,14611
2024-05-01 10:00:00,2314.0,2321.5,2308.0,2315.2,26718
2024-05-01 11:00:00,2315.3,2321.3,2313.2,2317.9,11030
2024-05-01 12:00:00,2318.1,2318.2,2312.4,2314.5,7492
2024-05-01 13:00:00,2314.4,2315.8,2308.3,2310.4,10550
2024-05-01 14:00:00,2310.4,2339.5,2305.8,2336.3,41769
2024-05-01 15:00:00,2336.5,2338.9,2320.6,2320.8,20492
2024-05-01 16:00:00,2320.6,2331.5,2317.9,2330.2,0
2024-05-01 18:00:00,2329.9,2332.8,2328.2,2330.4,2035
2024-05-01 19:00:00,2330.6,2334.6,2330.3,2333.4,2044
2024-05-01 20:00:00,2333.5,2335.6,2332.6,2334.1,2372
2024-05-01 21:00:00,2334.0,2336.1,2331.4,2333.7,3320
2024-05-01 22:00:00,2333.6,2335.3,2328.0,2329.6,2941
2024-05-01 23:00:00,2329.6,2329.9,2326.7,2329.0,2484
2024-05-02 00:00:00,2328.8,2330.3,2327.3,2327.4,1186
2024-05-02 01:00:00,2327.3,2327.6,2322.2,2324.3,4026
2024-05-02 02:00:00,2324.3,2328.7,2321.8,2323.2,6208
2024-05-02 03:00:00,2323.0,2324.5,2317.5,2318.5,5245
2024-05-02 04:00:00,2318.7,2320.5,2311.7,2313.4,7044
2024-05-02 05:00:00,2313.3,2314.8,2308.6,2311.2,6816
2024-05-02 06:00:00,2311.1,2311.2,2304.1,2308.6,8732
2024-05-02 07:00:00,2308.6,2313.0,2306.7,2308.3,7581
2024-05-02 08:00:00,2308.2,2314.6,2302.5,2303.7,15745
2024-05-02 09:00:00,2303.9,2305.2,2294.3,2300.5,24992
2024-05-02 10:00:00,2301.0,2314.3,2297.0,2313.4,21511
2024-05-02 11:00:00,2313.5,2316.5,2306.4,2309.2,21685
2024-05-02 12:00:00,2309.3,2313.3,2307.3,2308.8,12791
2024-05-02 13:00:00,2308.8,2317.9,2308.2,2317.4,8463
2024-05-02 14:00:00,2317.4,2318.7,2314.3,2317.4,4487
2024-05-02 15:00:00,2317.3,2317.5,2310.6,2312.4,7714
2024-05-02 16:00:00,2312.4,2313.6,2310.1,2313.4,2391
2024-05-02 18:00:00,2313.5,2315.0,2312.8,2313.3,0
2024-05-02 19:00:00,2313.3,2313.9,2311.6,2313.5,1311
2024-05-02 20:00:00,2313.4,2314.0,2309.1,2313.1,3938
2024-05-02 21:00:00,2313.0,2315.6,2310.9,2311.7,2441
2024-05-02 22:00:00,2311.5,2312.0,2308.6,2309.9,3117
2024-05-02 23:00:00,2309.8,2311.0,2309.4,2310.9,1186
2024-05-03 00:00:00,2311.3,2316.9,2310.8,2316.1,3066
2024-05-03 01:00:00,2316.3,2317.6,2314.6,2314.9,1842
2024-05-03 02:00:00,2314.8,2315.4,2306.6,2307.2,4655
2024-05-03 03:00:00,2307.1,2310.2,2306.4,2308.0,5161
2024-05-03 04:00:00,2307.9,2311.3,2307.1,2310.0,3709
2024-05-03 05:00:00,2310.0,2311.6,2308.0,2310.2,5538
2024-05-03 06:00:00,2310.2,2310.4,2306.6,2307.9,3081
2024-05-03 07:00:00,2307.7,2308.6,2304.8,2307.0,4249
2024-05-03 08:00:00,2307.1,2330.7,2303.2,2313.3,36352
2024-05-03 09:00:00,2313.3,2317.6,2285.2,2298.2,58364
2024-05-03 10:00:00,2299.6,2312.7,2291.5,2299.8,32168
2024-05-03 11:00:00,2299.9,2307.7,2298.1,2302.3,17437
2024-05-03 12:00:00,2302.4,2309.2,2301.4,2308.0,8096
2024-05-03 13:00:00,2308.1,2312.0,2305.1,2310.8,16675
2024-05-03 14:00:00,2311.0,2311.8,2306.1,2308.3,3888
2024-05-03 15:00:00,2308.2,2310.3,2304.7,2310.2,6112
2024-05-03 16:00:00,2310.3,2312.3,2309.6,2310.1,2553
2024-05-05 18:00:00,2312.8,2314.6,2309.2,2310.6,1574
2024-05-05 19:00:00,2310.7,2311.7,2302.1,2302.7,5720
2024-05-05 20:00:00,2302.7,2307.0,2300.6,2304.9,7291
2024-05-05 21:00:00,2304.8,2318.2,2304.4,2317.4,10553
2024-05-05 22:00:00,2317.4,2324.5,2316.4,2320.1,6373
2024-05-05 23:00:00,2320.0,2321.0,2317.1,2318.2,1997
2024-05-06 00:00:00,2318.3,2320.7,2317.1,2318.1,1701
2024-05-06 01:00:00,2318.0,2322.8,2317.7,2322.2,3410
2024-05-06 02:00:00,2322.2,2323.5,2320.5,2322.9,3628
2024-05-06 03:00:00,2322.6,2333.1,2321.1,2331.6,9575
2024-05-06 04:00:00,2331.6,2331.8,2326.0,2327.1,7235
2024-05-06 05:00:00,2327.2,2331.0,2324.3,2330.0,8861
2024-05-06 06:00:00,2330.1,2330.8,2327.1,2328.0,4828
2024-05-06 07:00:00,2328.1,2331.2,2324.6,2326.8,9711
2024-05-06 08:00:00,2326.8,2339.2,2322.9,2332.1,15978
2024-05-06 09:00:00,2332.0,2341.9,2330.3,2336.7,19481
2024-05-06 10:00:00,2336.8,2339.4,2327.6,2329.8,20136
2024-05-06 11:00:00,2329.7,2334.2,2328.1,2333.4,7710
2024-05-06 12:00:00,2333.6,2336.4,2326.3,2334.3,15054
2024-05-06 13:00:00,2334.2,2335.0,2329.7,2333.6,17124
2024-05-06 14:00:00,2333.6,2335.5,2333.1,2335.2,2856
2024-05-06 15:00:00,2335.0,2336.0,2332.3,2333.6,4148
2024-05-06 16:00:00,2333.6,2337.4,2332.2,2332.9,3780
2024-05-06 18:00:00,2334.8,2335.5,2333.0,2335.3,0
2024-05-06 19:00:00,2335.4,2335.6,2330.9,2334.6,3160
2024-05-06 20:00:00,2334.8,2338.2,2334.3,2338.0,3441
2024-05-06 21:00:00,2338.0,2338.6,2331.1,2331.5,4231
2024-05-06 22:00:00,2331.4,2332.8,2328.2,2329.8,3634
2024-05-06 23:00:00,2330.0,2333.5,2329.5,2333.2,9840
2024-05-07 00:00:00,2333.3,2333.5,2329.7,2331.1,3343
2024-05-07 01:00:00,2331.1,2331.5,2328.5,2329.7,2942
2024-05-07 02:00:00,2329.6,2329.6,2326.6,2328.6,4249
2024-05-07 03:00:00,2328.7,2330.9,2325.4,2327.6,6226
2024-05-07 04:00:00,2327.6,2328.2,2320.0,2324.0,6889
2024-05-07 05:00:00,2323.9,2325.6,2321.0,2322.2,4505
2024-05-07 06:00:00,2322.1,2324.4,2320.6,2324.0,5853
2024-05-07 07:00:00,2323.8,2325.0,2320.5,2320.8,5186
2024-05-07 08:00:00,2320.6,2325.8,2318.2,2324.5,15747
2024-05-07 09:00:00,2324.5,2332.5,2323.7,2326.9,24618
2024-05-07 10:00:00,2327.0,2331.1,2320.1,2322.6,15997
2024-05-07 11:00:00,2322.5,2327.7,2320.9,2323.2,24357
2024-05-07 12:00:00,2323.1,2324.5,2320.7,2320.9,13196
2024-05-07 13:00:00,2320.9,2325.8,2319.3,2322.3,15876
2024-05-07 14:00:00,2322.3,2323.8,2321.3,2322.8,3831
2024-05-07 15:00:00,2322.8,2323.9,2320.0,2323.1,5009
2024-05-07 16:00:00,2323.1,2323.8,2321.0,2322.5,2293
2024-05-07 18:00:00,2322.0,2325.2,2321.4,2322.5,0
2024-05-07 19:00:00,2322.4,2324.4,2322.1,2323.3,584
2024-05-07 20:00:00,2323.2,2324.3,2321.7,2322.2,4646
2024-05-07 21:00:00,2322.0,2322.4,2314.1,2315.5,5768
2024-05-07 22:00:00,2315.3,2325.1,2315.0,2324.8,5476
2024-05-07 23:00:00,2324.8,2325.8,2323.0,2324.2,3074
2024-05-08 00:00:00,2324.7,2327.5,2324.6,2327.2,2754
2024-05-08 01:00:00,2327.4,2329.6,2325.5,2325.7,2537
2024-05-08 02:00:00,2325.7,2326.9,2321.2,2322.6,4569
2024-05-08 03:00:00,2322.5,2322.6,2312.7,2313.5,8414
2024-05-08 04:00:00,2313.4,2317.6,2311.4,2315.2,8655
2024-05-08 05:00:00,2315.3,2319.3,2315.0,2318.7,5152
2024-05-08 06:00:00,2318.7,2324.9,2318.5,2323.2,7684
2024-05-08 07:00:00,2323.4,2326.0,2320.5,2322.4,8600
2024-05-08 08:00:00,2322.5,2327.1,2321.3,2322.5,14586
2024-05-08 09:00:00,2322.4,2324.1,2314.2,2317.7,28900
2024-05-08 10:00:00,2317.5,2325.8,2316.7,2323.5,20406
2024-05-08 11:00:00,2323.4,2328.3,2320.5,2328.3,24067
2024-05-08 12:00:00,2328.2,2329.0,2323.6,2324.8,7639
2024-05-08 13:00:00,2324.9,2325.3,2321.0,2321.7,20703
2024-05-08 14:00:00,2321.5,2321.6,2319.1,2320.5,3564
2024-05-08 15:00:00,2320.5,2320.6,2315.8,2316.1,4417
2024-05-08 16:00:00,2316.2,2317.6,2315.5,2316.1,2488
2024-05-08 18:00:00,2316.5,2318.1,2315.2,2316.6,0
2024-05-08 19:00:00,2316.7,2316.9,2315.0,2315.8,2313
2024-05-08 20:00:00,2315.9,2317.4,2314.6,2316.2,2968
2024-05-08 21:00:00,2316.2,2319.2,2315.7,2316.7,3326
2024-05-08 22:00:00,2316.6,2318.4,2314.6,2317.2,3482
2024-05-08 23:00:00,2317.3,2320.2,2316.3,2319.4,2635
2024-05-09 00:00:00,2319.3,2322.1,2318.9,2321.2,3131
2024-05-09 01:00:00,2321.4,2326.5,2321.3,2323.3,5796
2024-05-09 02:00:00,2323.2,2323.8,2320.3,2320.9,3775
2024-05-09 03:00:00,2321.0,2321.6,2313.4,2315.9,7504
2024-05-09 04:00:00,2315.7,2320.0,2315.6,2317.1,5693
2024-05-09 05:00:00,2317.1,2318.7,2312.9,2314.4,6274
2024-05-09 06:00:00,2314.2,2319.4,2314.0,2318.3,5293
2024-05-09 07:00:00,2318.2,2323.4,2317.5,2322.4,6679
2024-05-09 08:00:00,2322.6,2336.6,2321.2,2333.6,35800
2024-05-09 09:00:00,2333.5,2333.6,2318.0,2331.2,33675
2024-05-09 10:00:00,2331.1,2345.8,2330.2,2340.2,38468
2024-05-09 11:00:00,2340.1,2344.6,2334.7,2337.2,17673
2024-05-09 12:00:00,2337.3,2341.3,2336.3,2336.4,6526
2024-05-09 13:00:00,2336.4,2342.0,2335.8,2341.7,12044
2024-05-09 14:00:00,2341.5,2344.6,2340.7,2344.3,3945
2024-05-09 15:00:00,2344.4,2351.2,2342.4,2350.6,11706
2024-05-09 16:00:00,2350.6,2354.2,2340.3,2353.1,6366
2024-05-09 18:00:00,2353.5,2354.8,2352.0,2353.2,0
2024-05-09 19:00:00,2353.3,2355.4,2352.7,2353.4,1492
2024-05-09 20:00:00,2353.5,2355.9,2352.8,2354.0,4141
2024-05-09 21:00:00,2354.1,2362.8,2353.8,2357.1,12330
2024-05-09 22:00:00,2357.0,2358.7,2353.9,2356.5,3432
2024-05-09 23:00:00,2356.3,2360.9,2355.9,2359.8,2907
2024-05-10 00:00:00,2360.3,2361.3,2358.0,2360.8,2069
2024-05-10 01:00:00,2360.8,2365.9,2360.7,2364.0,5417
2024-05-10 02:00:00,2364.0,2375.9,2362.9,2375.3,18299
2024-05-10 03:00:00,2375.2,2377.2,2371.8,2373.5,9400
2024-05-10 04:00:00,2373.5,2379.3,2372.5,2376.8,6419
2024-05-10 05:00:00,2376.8,2382.9,2376.6,2379.4,10616
2024-05-10 06:00:00,2379.3,2385.3,2378.5,2381.6,7642
2024-05-10 07:00:00,2381.7,2382.6,2377.8,2378.9,9569
2024-05-10 08:00:00,2378.8,2382.5,2367.5,2371.4,25636
2024-05-10 09:00:00,2371.3,2378.7,2366.6,2374.5,26012
2024-05-10 10:00:00,2373.9,2380.0,2364.4,2367.3,32939
2024-05-10 11:00:00,2367.2,2373.1,2363.1,2371.4,13557
2024-05-10 12:00:00,2371.5,2376.6,2368.1,2375.0,14349
2024-05-10 13:00:00,2375.0,2376.8,2373.5,2376.3,24984
2024-05-10 14:00:00,2376.4,2377.7,2373.2,2373.9,3621
2024-05-10 15:00:00,2373.8,2374.1,2368.8,2369.8,5900
2024-05-10 16:00:00,2370.0,2371.6,2366.2,2366.9,3098
2024-05-12 18:00:00,2369.1,2370.5,2366.5,2367.8,2643
2024-05-12 19:00:00,2367.8,2368.8,2365.8,2366.6,2187
2024-05-12 20:00:00,2366.6,2370.8,2366.1,2370.3,3261
2024-05-12 21:00:00,2370.3,2370.5,2361.1,2365.5,5871
2024-05-12 22:00:00,2365.6,2366.1,2363.8,2365.3,2542
2024-05-12 23:00:00,2365.3,2365.8,2362.6,2364.0,1628
2024-05-13 00:00:00,2363.5,2363.5,2360.4,2360.6,1707
2024-05-13 01:00:00,2360.6,2361.3,2357.2,2358.8,3285
2024-05-13 02:00:00,2358.8,2360.7,2353.2,2355.8,11691
2024-05-13 03:00:00,2355.7,2357.4,2352.4,2354.6,6207
2024-05-13 04:00:00,2354.6,2356.5,2347.5,2349.3,8602
2024-05-13 05:00:00,2349.5,2350.5,2345.0,2346.1,8887
2024-05-13 06:00:00,2346.1,2350.3,2345.1,2349.5,6779
2024-05-13 07:00:00,2349.5,2352.9,2344.1,2350.6,18555
2024-05-13 08:00:00,2350.5,2356.3,2349.9,2353.1,20783
2024-05-13 09:00:00,2353.2,2355.5,2346.2,2350.1,19093
2024-05-13 10:00:00,2350.0,2352.5,2346.8,2349.9,25764
2024-05-13 11:00:00,2349.8,2349.9,2338.7,2342.0,28727
2024-05-13 12:00:00,2341.9,2343.9,2340.6,2342.7,12421
2024-05-13 13:00:00,2342.7,2344.6,2340.3,2341.9,16758
2024-05-13 14:00:00,2342.2,2344.1,2341.8,2343.5,6182
2024-05-13 15:00:00,2343.3,2344.6,2341.9,2343.5,3990
2024-05-13 16:00:00,2343.6,2343.7,2341.3,2342.3,3899
2024-05-13 18:00:00,2343.0,2344.4,2342.6,2343.4,0
2024-05-13 19:00:00,2343.4,2345.1,2343.3,2344.1,1486
2024-05-13 20:00:00,2344.0,2345.4,2340.5,2342.0,3497
2024-05-13 21:00:00,2342.0,2347.5,2342.0,2347.4,5245
2024-05-13 22:00:00,2347.5,2349.9,2345.6,2346.1,3801
2024-05-13 23:00:00,2346.0,2349.3,2345.5,2348.7,2019
2024-05-14 00:00:00,2348.7,2350.6,2348.2,2349.7,1878
2024-05-14 01:00:00,2349.6,2351.5,2348.2,2350.1,3102
2024-05-14 02:00:00,2350.0,2350.6,2341.9,2343.7,6544
2024-05-14 03:00:00,2343.6,2345.5,2341.6,2344.8,6319
2024-05-14 04:00:00,2344.9,2349.7,2343.3,2349.4,5231
2024-05-14 05:00:00,2349.5,2354.0,2349.4,2351.5,9070
2024-05-14 06:00:00,2351.6,2353.3,2348.3,2351.5,11909
2024-05-14 07:00:00,2351.5,2352.0,2348.1,2349.3,4121
2024-05-14 08:00:00,2349.3,2356.2,2342.0,2354.0,23195
2024-05-14 09:00:00,2354.0,2361.1,2350.5,2359.6,22066
2024-05-14 10:00:00,2359.5,2362.9,2353.8,2358.7,27566
2024-05-14 11:00:00,2358.6,2359.7,2352.8,2353.5,11041
2024-05-14 12:00:00,2353.4,2361.2,2351.6,2360.0,12107
2024-05-14 13:00:00,2359.9,2362.3,2357.6,2361.6,10390
2024-05-14 14:00:00,2361.6,2365.2,2361.4,2363.2,5999
2024-05-14 15:00:00,2363.2,2363.6,2360.7,2362.1,5059
2024-05-14 16:00:00,2362.2,2364.0,2361.5,2363.5,1634
2024-05-14 18:00:00,2362.9,2363.3,2361.4,2362.8,0
2024-05-14 19:00:00,2362.7,2362.8,2360.3,2361.4,1618
2024-05-14 20:00:00,2361.4,2362.4,2360.5,2361.3,1451
2024-05-14 21:00:00,2361.5,2364.8,2360.5,2362.8,4543
2024-05-14 22:00:00,2363.0,2364.5,2362.0,2364.0,2259
2024-05-14 23:00:00,2364.0,2366.8,2363.2,2366.2,3552
2024-05-15 00:00:00,2366.0,2366.3,2361.4,2362.2,3572
2024-05-15 01:00:00,2362.2,2364.5,2361.0,2363.9,2823
2024-05-15 02:00:00,2363.9,2365.1,2362.1,2364.2,3865
2024-05-15 03:00:00,2364.0,2371.8,2363.9,2368.0,7597
2024-05-15 04:00:00,2368.0,2380.2,2368.0,2378.9,10511
2024-05-15 05:00:00,2379.0,2380.0,2374.1,2374.9,7117
2024-05-15 06:00:00,2375.0,2376.6,2370.3,2371.7,4800
2024-05-15 07:00:00,2371.5,2372.6,2367.7,2368.5,5102
2024-05-15 08:00:00,2368.5,2386.4,2362.7,2378.4,31639
2024-05-15 09:00:00,2378.2,2381.3,2357.1,2363.5,39775
2024-05-15 10:00:00,2363.4,2379.6,2358.8,2379.6,31271
2024-05-15 11:00:00,2379.5,2392.6,2378.8,2383.3,25818
2024-05-15 12:00:00,2383.3,2392.3,2382.7,2389.1,20032
2024-05-15 13:00:00,2389.2,2396.1,2389.1,2395.0,14896
2024-05-15 14:00:00,2395.0,2395.2,2389.3,2391.2,9453
2024-05-15 15:00:00,2391.2,2393.3,2389.5,2391.9,6566
2024-05-15 16:00:00,2392.0,2394.8,2391.3,2391.8,5820
2024-05-15 18:00:00,2391.5,2394.9,2390.1,2393.9,0
2024-05-15 19:00:00,2393.8,2396.8,2393.8,2396.5,2704
2024-05-15 20:00:00,2396.6,2399.9,2394.9,2399.6,2929
2024-05-15 21:00:00,2399.7,2402.7,2394.2,2396.4,7589
2024-05-15 22:00:00,2396.4,2396.6,2391.3,2392.1,5691
2024-05-15 23:00:00,2392.2,2395.3,2391.2,2393.0,2090
2024-05-16 00:00:00,2393.4,2396.5,2391.4,2395.7,2706
2024-05-16 01:00:00,2395.7,2398.8,2394.5,2394.5,4370
2024-05-16 02:00:00,2394.6,2394.8,2390.9,2391.3,4115
2024-05-16 03:00:00,2391.6,2395.7,2388.6,2393.8,6281
2024-05-16 04:00:00,2393.8,2396.0,2389.8,2390.9,4309
2024-05-16 05:00:00,2390.7,2392.5,2388.2,2389.9,4046
2024-05-16 06:00:00,2390.1,2390.3,2385.4,2389.3,4840
2024-05-16 07:00:00,2389.4,2391.1,2385.9,2389.0,5391
2024-05-16 08:00:00,2389.1,2391.0,2382.0,2383.6,15978
2024-05-16 09:00:00,2383.6,2386.5,2376.0,2379.4,34417
2024-05-16 10:00:00,2379.4,2383.4,2375.2,2377.4,24488
2024-05-16 11:00:00,2377.6,2386.9,2377.5,2386.0,19748
2024-05-16 12:00:00,2386.1,2388.3,2383.6,2386.4,13688
2024-05-16 13:00:00,2386.5,2387.0,2384.3,2386.0,6558
2024-05-16 14:00:00,2386.1,2386.5,2382.8,2384.2,3614
2024-05-16 15:00:00,2384.2,2386.3,2382.3,2382.7,2926
2024-05-16 16:00:00,2382.9,2383.0,2380.4,2380.8,2743
2024-05-16 18:00:00,2381.4,2383.8,2381.3,2382.7,0
2024-05-16 19:00:00,2382.8,2384.2,2382.1,2382.1,595
2024-05-16 20:00:00,2382.1,2383.9,2381.7,2382.1,1462
2024-05-16 21:00:00,2382.2,2382.9,2380.2,2382.2,2739
2024-05-16 22:00:00,2382.5,2385.0,2377.8,2379.1,4535
2024-05-16 23:00:00,2379.1,2381.2,2378.6,2381.1,1476
2024-05-17 00:00:00,2381.6,2382.9,2380.3,2382.6,1147
2024-05-17 01:00:00,2382.5,2386.8,2382.4,2385.5,3934
2024-05-17 02:00:00,2385.4,2391.2,2385.0,2390.3,6863
2024-05-17 03:00:00,2390.3,2392.2,2386.9,2387.8,5890
2024-05-17 04:00:00,2387.9,2390.5,2385.5,2388.4,5795
2024-05-17 05:00:00,2388.4,2391.0,2386.1,2386.8,6431
2024-05-17 06:00:00,2386.6,2391.8,2386.0,2391.6,5177
2024-05-17 07:00:00,2391.6,2394.4,2390.0,2394.1,6611
2024-05-17 08:00:00,2394.0,2398.8,2391.1,2397.8,14884
2024-05-17 09:00:00,2397.8,2409.8,2397.8,2406.1,38287
2024-05-17 10:00:00,2406.0,2420.1,2403.2,2417.8,31384
2024-05-17 11:00:00,2417.9,2423.7,2408.2,2412.3,25199
2024-05-17 12:00:00,2412.4,2418.7,2412.3,2412.4,11229
2024-05-17 13:00:00,2412.4,2419.1,2410.3,2418.9,9412
2024-05-17 14:00:00,2418.9,2423.9,2417.9,2422.2,11872
2024-05-17 15:00:00,2422.2,2422.5,2416.2,2420.8,7161
2024-05-17 16:00:00,2421.0,2427.4,2418.1,2419.8,6417
2024-05-19 18:00:00,2422.2,2429.8,2421.2,2422.2,4950
2024-05-19 19:00:00,2422.2,2425.3,2421.6,2424.9,3325
2024-05-19 20:00:00,2425.0,2431.0,2421.0,2429.8,5356
2024-05-19 21:00:00,2430.0,2445.0,2430.0,2438.8,20419
2024-05-19 22:00:00,2439.0,2441.3,2432.7,2438.1,6262
2024-05-19 23:00:00,2438.0,2442.8,2434.7,2441.3,6005
2024-05-20 00:00:00,2441.5,2443.6,2438.9,2441.2,3372
2024-05-20 01:00:00,2441.2,2454.2,2440.9,2453.5,11537
2024-05-20 02:00:00,2453.6,2453.7,2435.8,2442.6,14498
2024-05-20 03:00:00,2442.6,2447.7,2439.6,2446.3,10173
2024-05-20 04:00:00,2446.2,2447.7,2441.0,2444.4,6196
2024-05-20 05:00:00,2444.3,2451.5,2443.0,2446.1,8976
2024-05-20 06:00:00,2446.1,2447.6,2438.8,2440.5,9242
2024-05-20 07:00:00,2440.6,2441.6,2431.4,2434.6,11566
2024-05-20 08:00:00,2434.4,2434.7,2411.1,2417.4,34766
2024-05-20 09:00:00,2417.3,2426.7,2414.1,2424.2,38387
2024-05-20 10:00:00,2424.2,2427.9,2418.7,2427.1,17998
2024-05-20 11:00:00,2427.0,2431.3,2423.4,2429.0,20944
2024-05-20 12:00:00,2429.1,2432.4,2426.5,2430.5,7629
2024-05-20 13:00:00,2430.8,2441.0,2429.7,2439.6,14704
2024-05-20 14:00:00,2439.7,2441.5,2435.9,2439.3,6215
2024-05-20 15:00:00,2439.4,2439.5,2430.2,2430.8,8695
2024-05-20 16:00:00,2431.0,2432.2,2427.6,2430.3,4536
2024-05-20 18:00:00,2431.5,2434.5,2430.2,2431.2,0
2024-05-20 19:00:00,2431.3,2432.5,2429.0,2430.1,1314
2024-05-20 20:00:00,2430.2,2433.7,2428.2,2432.8,2811
2024-05-20 21:00:00,2432.7,2436.9,2423.1,2424.2,12031
2024-05-20 22:00:00,2424.1,2426.3,2414.7,2417.2,16504
2024-05-20 23:00:00,2417.2,2420.7,2408.5,2417.4,10484
2024-05-21 00:00:00,2416.9,2419.2,2413.4,2415.7,5480
2024-05-21 01:00:00,2415.8,2422.0,2415.4,2419.9,5561
2024-05-21 02:00:00,2419.8,2420.9,2413.1,2414.1,9855
2024-05-21 03:00:00,2414.2,2425.9,2412.1,2423.0,12938
2024-05-21 04:00:00,2423.2,2423.8,2418.0,2422.5,11772
2024-05-21 05:00:00,2422.4,2424.2,2415.9,2419.9,8004
2024-05-21 06:00:00,2419.8,2424.0,2417.7,2423.7,5233
2024-05-21 07:00:00,2423.6,2427.8,2421.2,2427.5,7460
2024-05-21 08:00:00,2427.5,2434.2,2426.2,2430.2,17471
2024-05-21 09:00:00,2430.2,2435.6,2424.3,2431.7,31131
2024-05-21 10:00:00,2431.7,2435.8,2429.3,2433.6,15955
2024-05-21 11:00:00,2433.7,2438.2,2423.8,2427.1,19440
2024-05-21 12:00:00,2427.2,2427.6,2421.8,2426.9,10719
2024-05-21 13:00:00,2427.0,2427.9,2422.6,2424.0,7422
2024-05-21 14:00:00,2423.9,2424.7,2421.3,2424.6,5401
2024-05-21 15:00:00,2424.6,2429.2,2424.1,2427.5,4595
2024-05-21 16:00:00,2427.5,2427.6,2424.7,2425.2,2157
2024-05-21 18:00:00,2425.4,2426.2,2424.7,2425.9,0
2024-05-21 19:00:00,2425.8,2426.0,2425.0,2425.4,1395
2024-05-21 20:00:00,2425.3,2427.6,2423.9,2424.0,2360
2024-05-21 21:00:00,2423.9,2427.0,2422.8,2425.6,4298
2024-05-21 22:00:00,2425.5,2430.5,2419.4,2421.3,6112
2024-05-21 23:00:00,2421.2,2423.1,2415.8,2417.6,5835
2024-05-22 00:00:00,2417.3,2419.6,2415.3,2416.2,3591
2024-05-22 01:00:00,2416.2,2420.9,2414.6,2420.6,4986
2024-05-22 02:00:00,2420.7,2421.6,2417.3,2420.4,5505
2024-05-22 03:00:00,2420.6,2422.1,2416.0,2420.8,7102
2024-05-22 04:00:00,2420.7,2421.1,2414.0,2420.3,7567
2024-05-22 05:00:00,2420.3,2421.5,2417.9,2421.0,6430
2024-05-22 06:00:00,2420.9,2422.9,2417.8,2418.4,5935
2024-05-22 07:00:00,2418.3,2419.0,2408.0,2412.0,13761
2024-05-22 08:00:00,2412.1,2418.7,2412.0,2415.9,16445
2024-05-22 09:00:00,2415.9,2416.8,2409.0,2415.2,19617
2024-05-22 10:00:00,2415.0,2415.0,2385.3,2390.8,59662
2024-05-22 11:00:00,2391.3,2398.9,2390.0,2395.5,17646
2024-05-22 12:00:00,2395.4,2398.4,2392.6,2395.2,10077
2024-05-22 13:00:00,2395.3,2397.7,2389.7,2391.6,12553
2024-05-22 14:00:00,2391.6,2393.9,2378.0,2381.1,21794
2024-05-22 15:00:00,2380.9,2383.3,2380.0,2382.4,8259
2024-05-22 16:00:00,2382.4,2383.9,2380.7,2382.3,4024
2024-05-22 18:00:00,2383.0,2383.5,2381.2,2382.7,0
2024-05-22 19:00:00,2382.7,2384.7,2382.4,2384.2,1893
2024-05-22 20:00:00,2384.2,2385.7,2380.4,2381.9,3813
2024-05-22 21:00:00,2381.8,2383.6,2368.4,2375.0,16114
2024-05-22 22:00:00,2374.8,2377.6,2370.1,2371.6,5701
2024-05-22 23:00:00,2371.5,2375.0,2370.1,2374.4,4104
2024-05-23 00:00:00,2374.4,2375.8,2373.5,2374.6,3674
2024-05-23 01:00:00,2374.6,2375.0,2360.2,2362.0,9988
2024-05-23 02:00:00,2362.2,2369.3,2356.8,2366.4,11370
2024-05-23 03:00:00,2366.4,2366.9,2357.2,2358.3,10388
2024-05-23 04:00:00,2358.1,2363.7,2357.0,2362.5,8088
2024-05-23 05:00:00,2362.4,2366.4,2360.9,2366.1,5819
2024-05-23 06:00:00,2366.2,2369.7,2365.6,2368.1,4541
2024-05-23 07:00:00,2368.5,2371.6,2367.6,2370.3,6137
2024-05-23 08:00:00,2370.2,2371.4,2362.5,2364.6,14957
2024-05-23 09:00:00,2364.7,2372.2,2352.1,2360.6,35774
2024-05-23 10:00:00,2360.3,2365.8,2342.5,2347.6,47611
2024-05-23 11:00:00,2347.7,2351.6,2341.2,2347.8,21428
2024-05-23 12:00:00,2347.7,2351.8,2341.4,2342.5,12119
2024-05-23 13:00:00,2342.5,2344.6,2332.4,2333.7,21065
2024-05-23 14:00:00,2333.7,2338.0,2333.2,2336.3,7259
2024-05-23 15:00:00,2336.1,2336.5,2332.5,2333.3,6038
2024-05-23 16:00:00,2333.3,2334.4,2328.1,2330.6,3741
2024-05-23 18:00:00,2330.4,2333.6,2330.0,2332.5,0
2024-05-23 19:00:00,2332.4,2334.9,2331.9,2333.3,1747
2024-05-23 20:00:00,2333.4,2333.7,2328.2,2330.2,3404
2024-05-23 21:00:00,2330.2,2336.5,2327.6,2335.2,7430
2024-05-23 22:00:00,2335.1,2335.7,2326.3,2331.8,9519
2024-05-23 23:00:00,2331.8,2332.8,2329.6,2331.7,2248
2024-05-24 00:00:00,2331.6,2336.2,2331.6,2336.1,3640
2024-05-24 01:00:00,2336.0,2340.2,2334.1,2339.7,5698
2024-05-24 02:00:00,2339.6,2340.6,2336.4,2339.8,5890
2024-05-24 03:00:00,2339.9,2341.7,2338.3,2338.7,5536
2024-05-24 04:00:00,2338.7,2342.7,2337.0,2341.4,17061
2024-05-24 05:00:00,2341.5,2344.5,2338.8,2338.8,7508
2024-05-24 06:00:00,2338.7,2345.4,2338.2,2341.8,8654
2024-05-24 07:00:00,2341.9,2343.5,2339.0,2339.5,7354
2024-05-24 08:00:00,2339.5,2342.3,2335.8,2340.5,11117
2024-05-24 09:00:00,2340.5,2349.0,2337.9,2338.4,19765
2024-05-24 10:00:00,2338.4,2344.5,2336.7,2339.6,17059
2024-05-24 11:00:00,2339.7,2341.5,2333.6,2335.8,13010
2024-05-24 12:00:00,2335.8,2338.2,2334.0,2335.5,7131
2024-05-24 13:00:00,2335.4,2335.7,2332.8,2333.8,7148
2024-05-24 14:00:00,2333.9,2337.9,2333.7,2336.0,3254
2024-05-24 15:00:00,2335.9,2336.0,2332.8,2335.0,3921
2024-05-24 16:00:00,2335.1,2336.4,2334.7,2335.2,1957
2024-05-26 18:00:00,2338.0,2342.2,2333.8,2341.8,3364
2024-05-26 19:00:00,2341.6,2342.1,2338.1,2338.7,1389
2024-05-26 20:00:00,2338.8,2338.9,2335.8,2337.8,1487
2024-05-26 21:00:00,2337.6,2341.8,2335.9,2341.2,3210
2024-05-26 22:00:00,2341.2,2348.0,2340.2,2347.7,4041
2024-05-26 23:00:00,2347.7,2348.9,2345.1,2347.5,3585
2024-05-28 00:00:00,2351.9,2352.9,2351.5,2351.8,2400
2024-05-28 01:00:00,2351.8,2354.4,2350.5,2351.3,3682
2024-05-28 02:00:00,2351.2,2351.3,2342.2,2342.6,10081
2024-05-28 03:00:00,2342.5,2345.6,2342.5,2344.7,6698
2024-05-28 04:00:00,2344.7,2345.8,2340.8,2345.7,10232
2024-05-28 05:00:00,2345.5,2346.0,2343.1,2344.6,6525
2024-05-28 06:00:00,2344.6,2347.4,2344.0,2346.5,3554
2024-05-28 07:00:00,2346.5,2349.6,2344.5,2348.6,7922
2024-05-28 08:00:00,2348.5,2358.7,2347.1,2354.2,23562
2024-05-28 09:00:00,2354.2,2365.5,2353.2,2355.7,29113
2024-05-28 10:00:00,2355.6,2357.8,2348.6,2356.2,21497
2024-05-28 11:00:00,2356.3,2363.0,2353.9,2361.3,17386
2024-05-28 12:00:00,2361.2,2363.0,2356.0,2357.4,12207
2024-05-28 13:00:00,2357.3,2360.8,2353.7,2357.6,17687
2024-05-28 14:00:00,2357.5,2358.6,2353.5,2358.0,4811
2024-05-28 15:00:00,2357.9,2361.0,2356.5,2358.9,4262
2024-05-28 16:00:00,2358.9,2362.5,2358.6,2362.4,4341
2024-05-28 18:00:00,2362.5,2363.7,2358.9,2360.1,0
2024-05-28 19:00:00,2360.2,2361.9,2359.4,2360.7,942
2024-05-28 20:00:00,2360.5,2361.8,2358.0,2358.4,1006
2024-05-28 21:00:00,2358.5,2360.1,2356.3,2357.1,1842
2024-05-28 22:00:00,2357.0,2361.6,2355.0,2356.3,1871
2024-05-28 23:00:00,2356.6,2359.9,2356.3,2358.8,2775
2024-05-29 00:00:00,2359.1,2359.8,2357.7,2359.1,1296
2024-05-29 01:00:00,2359.0,2361.8,2356.6,2357.0,3553
2024-05-29 02:00:00,2356.7,2356.9,2351.3,2356.2,5626
2024-05-29 03:00:00,2356.0,2356.5,2350.5,2350.9,3984
2024-05-29 04:00:00,2351.1,2352.3,2345.2,2345.8,7104
2024-05-29 05:00:00,2345.8,2346.5,2341.1,2346.2,4731
2024-05-29 06:00:00,2346.1,2347.8,2343.4,2347.1,4692
2024-05-29 07:00:00,2346.9,2347.5,2338.6,2341.9,5182
2024-05-29 08:00:00,2341.7,2344.2,2334.2,2338.0,10873
2024-05-29 09:00:00,2337.9,2347.7,2336.1,2346.1,13626
2024-05-29 10:00:00,2346.1,2346.8,2341.8,2343.4,11900
2024-05-29 11:00:00,2343.8,2343.8,2336.6,2339.0,6880
2024-05-29 12:00:00,2338.8,2341.6,2335.8,2341.5,11963
2024-05-29 13:00:00,2341.5,2343.9,2338.9,2343.3,6759
2024-05-29 14:00:00,2343.3,2343.9,2337.6,2337.8,2729
2024-05-29 15:00:00,2337.9,2338.8,2335.9,2336.2,3191
2024-05-29 16:00:00,2336.4,2338.4,2335.1,2336.9,1042
2024-05-29 18:00:00,2336.9,2337.7,2336.1,2336.1,0
2024-05-29 19:00:00,2336.7,2337.7,2336.5,2337.3,746
2024-05-29 20:00:00,2336.5,2336.5,2333.0,2336.2,446
2024-05-29 21:00:00,2335.4,2339.1,2331.6,2333.3,1107
2024-05-29 22:00:00,2332.7,2335.2,2326.6,2329.6,304
2024-05-29 23:00:00,2328.7,2333.4,2328.0,2332.6,305
2024-05-30 00:00:00,2332.9,2335.1,2332.6,2333.5,243
2024-05-30 01:00:00,2333.0,2333.7,2320.8,2323.7,617
2024-05-30 02:00:00,2323.4,2331.7,2322.8,2331.7,1913
2024-05-30 03:00:00,2331.4,2356.9,2331.4,2355.7,45741
2024-05-30 04:00:00,2355.8,2357.3,2330.6,2356.3,13770
2024-05-30 05:00:00,2356.5,2359.5,2329.8,2354.5,7000
2024-05-30 06:00:00,2354.3,2363.1,2328.7,2362.3,6949
2024-05-30 07:00:00,2362.2,2362.3,2333.9,2357.2,8537
2024-05-30 08:00:00,2357.2,2366.8,2330.3,2362.8,21630
2024-05-30 09:00:00,2362.8,2370.3,2337.7,2370.3,16959
2024-05-30 10:00:00,2370.4,2373.7,2341.0,2365.5,20817
2024-05-30 11:00:00,2365.5,2367.3,2339.7,2365.2,11253
2024-05-30 12:00:00,2365.2,2369.5,2338.6,2369.3,6614
2024-05-30 13:00:00,2369.4,2370.3,2340.8,2365.8,6262
2024-05-30 14:00:00,2365.7,2365.9,2339.9,2363.9,2603
2024-05-30 15:00:00,2363.8,2364.0,2337.8,2362.6,3655
2024-05-30 16:00:00,2339.6,2366.5,2339.6,2364.5,1752
2024-05-30 18:00:00,2344.1,2368.7,2341.5,2365.1,0
2024-05-30 19:00:00,2365.0,2367.3,2344.0,2365.0,1807
2024-05-30 20:00:00,2365.0,2368.8,2341.2,2367.6,2305
2024-05-30 21:00:00,2367.5,2368.8,2344.8,2367.9,3302
2024-05-30 22:00:00,2367.8,2369.0,2342.0,2363.9,2571
2024-05-30 23:00:00,2363.8,2364.7,2338.8,2364.1,5985
2024-05-31 00:00:00,2364.8,2366.9,2342.9,2365.1,3149
2024-05-31 01:00:00,2365.0,2365.6,2341.0,2363.5,2597
2024-05-31 02:00:00,2363.4,2368.0,2363.0,2366.7,3614
2024-05-31 03:00:00,2366.6,2366.7,2338.3,2361.3,4252
2024-05-31 04:00:00,2361.3,2364.9,2341.3,2364.3,3696
2024-05-31 05:00:00,2364.3,2365.7,2341.8,2363.1,3569
2024-05-31 06:00:00,2363.1,2365.6,2341.7,2365.0,2002
2024-05-31 07:00:00,2365.0,2365.9,2341.0,2364.8,2867
2024-05-31 08:00:00,2364.7,2378.3,2341.9,2376.2,18234
2024-05-31 09:00:00,2376.1,2381.2,2347.5,2369.6,23331
2024-05-31 10:00:00,2369.7,2370.5,2333.6,2356.1,24465
2024-05-31 11:00:00,2356.2,2357.0,2326.0,2351.3,19362
2024-05-31 12:00:00,2351.1,2357.9,2329.2,2354.0,8860
2024-05-31 13:00:00,2353.9,2354.9,2322.3,2346.8,19487
2024-05-31 14:00:00,2346.8,2348.1,2319.5,2343.5,6247
2024-05-31 15:00:00,2343.5,2349.0,2319.0,2348.4,7713
2024-05-31 16:00:00,2348.3,2351.2,2347.6,2347.7,3262
2024-06-02 18:00:00,2348.0,2349.8,2343.5,2346.6,3744
2024-06-02 19:00:00,2346.7,2346.9,2344.2,2346.1,1333
2024-06-02 20:00:00,2346.2,2347.6,2344.1,2347.4,2020
2024-06-02 21:00:00,2347.2,2351.4,2346.3,2351.0,4698
2024-06-02 22:00:00,2350.9,2351.3,2345.3,2346.6,2995
2024-06-02 23:00:00,2346.5,2348.3,2340.5,2342.0,4007
2024-06-03 00:00:00,2341.8,2342.9,2340.3,2341.5,2748
2024-06-03 01:00:00,2341.5,2344.3,2335.4,2340.4,7676
2024-06-03 02:00:00,2340.4,2343.1,2334.8,2342.8,7695
2024-06-03 03:00:00,2342.7,2349.5,2342.5,2346.5,6256
2024-06-03 04:00:00,2346.5,2349.1,2345.1,2345.9,5597
2024-06-03 05:00:00,2345.8,2349.3,2344.6,2348.0,4363
2024-06-03 06:00:00,2348.2,2354.0,2346.6,2351.4,8956
2024-06-03 07:00:00,2351.3,2352.9,2349.3,2350.3,4445
2024-06-03 08:00:00,2350.4,2355.2,2345.9,2354.7,10910
2024-06-03 09:00:00,2354.6,2357.5,2350.4,2354.1,14604
2024-06-03 10:00:00,2354.3,2366.6,2354.3,2362.3,26461
2024-06-03 11:00:00,2362.1,2364.5,2355.7,2363.4,14934
2024-06-03 12:00:00,2363.4,2371.8,2361.9,2369.9,9864
2024-06-03 13:00:00,2369.8,2375.5,2366.8,2369.1,14327
2024-06-03 14:00:00,2369.2,2370.1,2367.1,2368.9,2981
2024-06-03 15:00:00,2368.9,2369.7,2365.3,2368.0,3584
2024-06-03 16:00:00,2368.1,2371.4,2367.4,2371.4,0
2024-06-03 18:00:00,2371.3,2372.5,2370.3,2371.1,994
2024-06-03 19:00:00,2371.0,2371.4,2370.0,2370.9,1263
2024-06-03 20:00:00,2370.8,2373.1,2370.4,2370.8,1573
2024-06-03 21:00:00,2370.9,2372.7,2363.5,2367.6,4406
2024-06-03 22:00:00,2367.6,2370.1,2366.1,2367.2,1999
2024-06-03 23:00:00,2367.2,2367.3,2364.4,2366.5,3276
2024-06-04 00:00:00,2366.0,2370.4,2365.4,2369.9,2822
2024-06-04 01:00:00,2369.7,2370.1,2367.4,2367.9,2984
2024-06-04 02:00:00,2367.6,2372.0,2364.3,2364.5,6002
2024-06-04 03:00:00,2364.5,2365.2,2359.0,2359.7,7032
2024-06-04 04:00:00,2359.6,2359.8,2352.3,2353.3,9521
2024-06-04 05:00:00,2353.3,2354.2,2346.6,2349.9,11442
2024-06-04 06:00:00,2349.9,2354.9,2348.8,2349.1,5849
2024-06-04 07:00:00,2349.1,2349.7,2345.2,2347.9,7061
2024-06-04 08:00:00,2347.8,2356.1,2346.4,2355.3,9864
2024-06-04 09:00:00,2355.4,2358.4,2341.8,2344.1,19962
2024-06-04 10:00:00,2344.2,2352.6,2335.1,2337.3,31740
2024-06-04 11:00:00,2338.7,2348.8,2337.3,2346.0,13994
2024-06-04 12:00:00,2346.1,2349.7,2342.3,2343.7,8085
2024-06-04 13:00:00,2343.7,2350.1,2343.6,2348.7,7713
2024-06-04 14:00:00,2348.6,2349.6,2345.8,2348.1,3038
2024-06-04 15:00:00,2348.1,2348.1,2345.8,2347.1,3569
2024-06-04 16:00:00,2347.1,2347.5,2345.8,2346.4,0
2024-06-04 18:00:00,2347.1,2348.0,2346.4,2347.2,842
2024-06-04 19:00:00,2347.1,2348.4,2347.0,2348.3,1400
2024-06-04 20:00:00,2348.4,2349.1,2347.1,2347.9,1814
2024-06-04 21:00:00,2347.7,2350.7,2345.3,2350.0,3392
2024-06-04 22:00:00,2350.0,2353.3,2349.4,2353.1,3624
2024-06-04 23:00:00,2353.0,2358.0,2352.6,2356.9,5017
2024-06-05 00:00:00,2357.2,2358.1,2355.6,2357.8,2176
2024-06-05 01:00:00,2357.9,2361.7,2357.2,2357.2,5628
2024-06-05 02:00:00,2357.2,2358.4,2347.8,2352.6,8076
2024-06-05 03:00:00,2352.5,2353.4,2348.7,2351.1,4019
2024-06-05 04:00:00,2351.1,2354.7,2351.0,2352.1,4328
2024-06-05 05:00:00,2352.3,2353.5,2350.5,2352.0,5137
2024-06-05 06:00:00,2352.1,2355.6,2348.7,2353.6,11687
2024-06-05 07:00:00,2353.5,2355.4,2350.7,2352.2,6674
2024-06-05 08:00:00,2352.1,2364.0,2351.9,2362.0,17063
2024-06-05 09:00:00,2362.0,2366.1,2358.0,2365.2,14501
2024-06-05 10:00:00,2365.3,2370.4,2353.8,2368.8,28407
2024-06-05 11:00:00,2369.0,2377.6,2369.0,2373.7,21329
2024-06-05 12:00:00,2373.8,2375.0,2371.2,2372.6,5959
2024-06-05 13:00:00,2372.7,2375.8,2371.6,2375.1,6671
2024-06-05 14:00:00,2375.3,2377.0,2373.5,2376.0,4055
2024-06-05 15:00:00,2375.8,2376.2,2372.7,2374.0,3800
2024-06-05 16:00:00,2374.1,2375.4,2372.8,2375.3,2062
2024-06-05 18:00:00,2375.3,2377.0,2374.2,2375.9,0
2024-06-05 19:00:00,2375.9,2376.6,2373.8,2374.0,1508
2024-06-05 20:00:00,2374.0,2374.9,2373.4,2374.7,1820
2024-06-05 21:00:00,2374.6,2394.0,2374.5,2386.6,15263
2024-06-05 22:00:00,2386.6,2394.2,2384.2,2393.9,6394
2024-06-05 23:00:00,2393.9,2394.6,2386.9,2387.8,4518
2024-06-06 00:00:00,2387.8,2389.7,2386.2,2388.5,2546
2024-06-06 01:00:00,2388.6,2390.5,2385.4,2386.9,3162
2024-06-06 02:00:00,2386.9,2387.0,2382.1,2386.3,5074
2024-06-06 03:00:00,2386.3,2387.7,2380.9,2381.7,6715
2024-06-06 04:00:00,2381.6,2382.0,2378.6,2381.7,4575
2024-06-06 05:00:00,2381.8,2382.8,2377.4,2380.5,4230
2024-06-06 06:00:00,2380.5,2380.8,2378.3,2380.1,2781
2024-06-06 07:00:00,2380.0,2381.1,2378.2,2378.8,2926
2024-06-06 08:00:00,2378.8,2384.5,2374.2,2376.6,12786
2024-06-06 09:00:00,2376.7,2386.3,2372.2,2379.3,28136
2024-06-06 10:00:00,2379.4,2385.6,2377.0,2383.4,13101
2024-06-06 11:00:00,2383.3,2397.8,2383.2,2393.3,16468
2024-06-06 12:00:00,2393.5,2396.3,2389.5,2391.8,13420
2024-06-06 13:00:00,2391.9,2393.2,2389.6,2392.4,6413
2024-06-06 14:00:00,2392.2,2392.9,2388.0,2391.3,4063
2024-06-06 15:00:00,2391.2,2394.6,2390.3,2391.6,3599
2024-06-06 16:00:00,2391.6,2395.2,2391.3,2395.2,0
2024-06-06 18:00:00,2395.7,2395.9,2394.2,2395.6,1324
2024-06-06 19:00:00,2395.7,2397.0,2395.0,2395.5,1235
2024-06-06 20:00:00,2395.5,2398.2,2394.8,2397.3,2849
2024-06-06 21:00:00,2397.4,2398.9,2389.2,2390.2,6198
2024-06-06 22:00:00,2390.0,2397.4,2388.3,2395.8,6713
2024-06-06 23:00:00,2395.8,2400.6,2394.0,2398.8,3834
2024-06-07 00:00:00,2398.9,2406.2,2398.0,2405.4,4634
2024-06-07 01:00:00,2405.4,2406.7,2393.0,2394.8,9719
2024-06-07 02:00:00,2394.6,2396.7,2391.9,2394.4,6708
2024-06-07 03:00:00,2394.2,2398.2,2391.5,2392.3,4736
2024-06-07 04:00:00,2392.2,2392.7,2360.7,2365.7,35656
2024-06-07 05:00:00,2365.6,2366.4,2355.7,2357.5,13967
2024-06-07 06:00:00,2357.5,2357.5,2350.1,2351.7,10143
2024-06-07 07:00:00,2351.7,2357.8,2349.0,2355.0,13139
2024-06-07 08:00:00,2354.9,2357.5,2330.6,2337.2,41815
2024-06-07 09:00:00,2337.1,2346.2,2322.5,2327.2,36325
2024-06-07 10:00:00,2327.3,2339.5,2325.4,2331.6,26284
2024-06-07 11:00:00,2331.6,2333.7,2322.1,2322.7,18634
2024-06-07 12:00:00,2322.7,2332.5,2320.2,2329.7,15494
2024-06-07 13:00:00,2329.8,2330.4,2321.5,2323.3,11636
2024-06-07 14:00:00,2323.4,2325.1,2317.4,2319.0,8571
2024-06-07 15:00:00,2319.1,2319.1,2305.1,2305.8,13182
2024-06-07 16:00:00,2305.8,2325.0,2304.2,2325.0,6478
2024-06-09 18:00:00,2311.0,2315.6,2305.9,2314.2,4265
2024-06-09 19:00:00,2314.1,2317.0,2313.3,2315.5,2230
2024-06-09 20:00:00,2315.5,2316.7,2311.0,2313.9,3416
2024-06-09 21:00:00,2313.8,2314.8,2310.8,2314.8,2306
2024-06-09 22:00:00,2314.7,2318.3,2312.5,2313.3,4107
2024-06-09 23:00:00,2313.2,2314.8,2311.7,2312.0,2275
2024-06-10 00:00:00,2312.1,2312.7,2309.2,2311.6,2580
2024-06-10 01:00:00,2311.9,2314.2,2308.8,2312.6,4089
2024-06-10 02:00:00,2312.7,2313.5,2304.5,2308.1,7717
2024-06-10 03:00:00,2308.1,2314.5,2307.3,2313.7,7409
2024-06-10 04:00:00,2313.6,2314.7,2309.6,2309.7,5335
2024-06-10 05:00:00,2309.6,2314.4,2308.9,2312.2,5243
2024-06-10 06:00:00,2312.3,2316.3,2312.3,2316.0,4687
2024-06-10 07:00:00,2315.6,2323.4,2315.1,2322.7,9123
2024-06-10 08:00:00,2322.7,2326.3,2320.4,2323.6,10681
2024-06-10 09:00:00,2323.6,2325.3,2317.6,2323.1,10934
2024-06-10 10:00:00,2322.9,2324.6,2318.6,2319.9,11490
2024-06-10 11:00:00,2320.0,2326.0,2318.4,2324.6,9557
2024-06-10 12:00:00,2324.7,2331.3,2324.2,2330.5,12285
2024-06-10 13:00:00,2330.6,2331.0,2326.6,2329.3,8146
2024-06-10 14:00:00,2329.5,2329.5,2327.5,2328.6,2654
2024-06-10 15:00:00,2328.6,2329.8,2326.0,2326.4,4542
2024-06-10 16:00:00,2326.4,2328.6,2326.1,2328.0,1867
2024-06-10 18:00:00,2329.5,2329.9,2326.7,2327.1,0
2024-06-10 19:00:00,2326.9,2327.8,2326.0,2327.0,1123
2024-06-10 20:00:00,2327.1,2329.1,2326.3,2328.0,2113
2024-06-10 21:00:00,2328.0,2328.0,2318.8,2319.9,9600
2024-06-10 22:00:00,2320.0,2321.6,2315.7,2319.1,6996
2024-06-10 23:00:00,2319.0,2321.6,2318.0,2320.6,2391
2024-06-11 00:00:00,2320.5,2320.8,2318.3,2320.5,2058
2024-06-11 01:00:00,2320.4,2321.4,2314.5,2316.3,4878
2024-06-11 02:00:00,2316.5,2321.5,2315.5,2318.9,4414
2024-06-11 03:00:00,2318.8,2322.4,2318.6,2321.4,3088
2024-06-11 04:00:00,2321.5,2324.5,2320.2,2322.8,3946
2024-06-11 05:00:00,2322.8,2324.3,2319.1,2323.3,5352
2024-06-11 06:00:00,2323.4,2325.8,2322.1,2324.9,3996
2024-06-11 07:00:00,2324.9,2325.3,2322.4,2324.9,3364
2024-06-11 08:00:00,2324.9,2337.3,2324.7,2335.2,16475
2024-06-11 09:00:00,2335.2,2336.9,2325.7,2331.9,29303
2024-06-11 10:00:00,2331.8,2335.3,2329.5,2331.9,9967
2024-06-11 11:00:00,2331.9,2333.1,2327.0,2327.2,7113
2024-06-11 12:00:00,2327.4,2329.7,2322.7,2325.8,9116
2024-06-11 13:00:00,2325.9,2330.7,2325.0,2330.0,7751
2024-06-11 14:00:00,2330.1,2332.8,2329.3,2330.9,3229
2024-06-11 15:00:00,2330.8,2332.8,2329.6,2332.4,2898
2024-06-11 16:00:00,2332.6,2334.1,2332.0,2333.9,1563
2024-06-11 18:00:00,2334.0,2334.4,2331.9,2333.7,0
2024-06-11 19:00:00,2333.8,2334.3,2330.9,2332.1,2646
2024-06-11 20:00:00,2332.2,2332.6,2330.4,2330.5,1260
2024-06-11 21:00:00,2330.5,2332.3,2327.8,2331.4,3560
2024-06-11 22:00:00,2331.4,2332.5,2327.2,2330.3,4112
2024-06-11 23:00:00,2330.3,2333.3,2330.2,2330.7,1386
2024-06-12 00:00:00,2330.5,2331.0,2329.1,2329.4,1129
2024-06-12 01:00:00,2329.5,2332.1,2329.2,2331.7,1944
2024-06-12 02:00:00,2331.6,2334.5,2330.6,2331.4,3840
2024-06-12 03:00:00,2331.4,2332.1,2328.2,2331.2,4429
2024-06-12 04:00:00,2331.1,2332.5,2327.6,2329.6,3468
2024-06-12 05:00:00,2329.5,2332.2,2328.6,2330.7,4542
2024-06-12 06:00:00,2330.5,2331.3,2329.0,2330.1,2306
2024-06-12 07:00:00,2330.0,2331.4,2328.8,2329.7,8716
2024-06-12 08:00:00,2329.5,2354.7,2328.2,2353.0,33980
2024-06-12 09:00:00,2353.0,2358.8,2341.8,2346.7,47279
2024-06-12 10:00:00,2346.7,2346.8,2337.1,2342.2,17762
2024-06-12 11:00:00,2342.3,2354.4,2341.6,2352.2,23483
2024-06-12 12:00:00,2352.4,2355.3,2350.1,2354.8,13811
2024-06-12 13:00:00,2354.8,2356.7,2350.0,2352.2,11821
2024-06-12 14:00:00,2351.5,2352.2,2336.1,2339.5,25342
2024-06-12 15:00:00,2339.4,2341.4,2332.2,2337.7,11258
2024-06-12 16:00:00,2337.8,2341.5,2336.8,2340.7,2709
2024-06-12 18:00:00,2340.9,2341.3,2337.2,2337.4,0
2024-06-12 19:00:00,2337.4,2338.0,2335.6,2336.2,1551
2024-06-12 20:00:00,2336.1,2338.9,2333.2,2336.8,2730
2024-06-12 21:00:00,2336.8,2337.5,2323.8,2328.3,9897
2024-06-12 22:00:00,2328.4,2331.9,2326.2,2329.6,3848
2024-06-12 23:00:00,2329.7,2331.9,2328.1,2329.7,2165
2024-06-13 00:00:00,2329.7,2330.4,2324.8,2327.3,2337
2024-06-13 01:00:00,2327.3,2327.8,2324.4,2327.1,2890
2024-06-13 02:00:00,2327.0,2331.8,2326.6,2331.3,4293
2024-06-13 03:00:00,2331.2,2334.2,2328.8,2332.5,4500
2024-06-13 04:00:00,2332.7,2332.8,2329.6,2331.3,2782
2024-06-13 05:00:00,2331.1,2334.1,2329.0,2331.0,4067
2024-06-13 06:00:00,2331.0,2336.0,2330.8,2332.2,3638
2024-06-13 07:00:00,2332.1,2332.3,2319.2,2322.5,10902
2024-06-13 08:00:00,2322.4,2342.4,2320.4,2339.3,25395
2024-06-13 09:00:00,2339.3,2340.5,2323.8,2326.1,18591
2024-06-13 10:00:00,2326.0,2330.1,2321.2,2329.3,18153
2024-06-13 11:00:00,2329.4,2332.9,2313.2,2314.4,27372
2024-06-13 12:00:00,2314.3,2315.9,2310.9,2314.8,13071
2024-06-13 13:00:00,2314.9,2320.0,2314.6,2317.0,10310
2024-06-13 14:00:00,2316.9,2319.5,2315.5,2318.6,2119
2024-06-13 15:00:00,2318.6,2320.5,2318.2,2319.0,4082
2024-06-13 16:00:00,2319.1,2320.0,2318.5,2319.7,1093
2024-06-13 18:00:00,2319.6,2319.6,2318.0,2318.2,0
2024-06-13 19:00:00,2318.2,2318.6,2317.1,2317.6,1005
2024-06-13 20:00:00,2317.7,2320.9,2316.7,2320.1,1987
2024-06-13 21:00:00,2320.0,2322.2,2318.2,2321.0,3680
2024-06-13 22:00:00,2321.0,2322.2,2319.1,2321.7,2365
2024-06-13 23:00:00,2321.8,2323.8,2320.0,2320.5,2341
2024-06-14 00:00:00,2320.5,2321.2,2318.6,2320.9,2121
2024-06-14 01:00:00,2320.8,2326.6,2320.5,2324.8,4262
2024-06-14 02:00:00,2324.7,2327.7,2322.2,2327.5,4858
2024-06-14 03:00:00,2327.5,2331.9,2324.3,2330.6,7609
2024-06-14 04:00:00,2330.5,2337.2,2329.9,2332.6,8296
2024-06-14 05:00:00,2332.8,2338.2,2330.6,2338.1,7181
2024-06-14 06:00:00,2338.2,2348.4,2336.4,2346.1,14910
2024-06-14 07:00:00,2346.0,2352.3,2341.2,2347.6,15697
2024-06-14 08:00:00,2347.7,2349.0,2342.7,2345.9,14099
2024-06-14 09:00:00,2345.7,2348.6,2339.5,2345.9,14326
2024-06-14 10:00:00,2345.8,2351.3,2343.4,2345.7,15441
2024-06-14 11:00:00,2345.5,2347.8,2339.6,2341.7,8535
2024-06-14 12:00:00,2341.7,2347.6,2341.0,2344.5,7087
2024-06-14 13:00:00,2344.5,2351.6,2344.0,2349.9,9589
2024-06-14 14:00:00,2349.9,2350.9,2347.9,2350.4,2892
2024-06-14 15:00:00,2350.3,2351.1,2347.7,2348.1,4290
2024-06-14 16:00:00,2348.2,2348.7,2346.6,2348.4,2170
2024-06-16 18:00:00,2348.5,2348.7,2342.7,2344.0,1803
2024-06-16 19:00:00,2344.0,2344.7,2342.4,2343.8,1623
2024-06-16 20:00:00,2343.6,2343.7,2340.0,2341.3,2268
2024-06-16 21:00:00,2341.4,2343.9,2337.1,2341.2,5730
2024-06-16 22:00:00,2341.0,2341.0,2336.2,2337.4,3796
2024-06-16 23:00:00,2337.4,2340.2,2336.5,2339.3,2366
2024-06-17 00:00:00,2339.3,2341.2,2337.5,2338.4,2282
2024-06-17 01:00:00,2338.4,2338.5,2332.2,2333.1,5420
2024-06-17 02:00:00,2333.0,2333.8,2330.1,2332.0,4790
2024-06-17 03:00:00,2332.0,2334.9,2330.3,2331.7,5192
2024-06-17 04:00:00,2331.6,2337.1,2331.0,2336.1,4172
2024-06-17 05:00:00,2336.1,2337.4,2333.8,2334.6,3494
2024-06-17 06:00:00,2334.6,2337.2,2334.0,2335.1,2947
2024-06-17 07:00:00,2335.2,2336.6,2332.2,2332.7,4710
2024-06-17 08:00:00,2332.8,2336.0,2331.3,2334.3,7278
2024-06-17 09:00:00,2334.3,2341.3,2333.5,2335.8,12548
2024-06-17 10:00:00,2335.7,2342.6,2333.2,2339.3,9848
2024-06-17 11:00:00,2339.5,2340.5,2324.3,2327.1,17652
2024-06-17 12:00:00,2327.2,2331.9,2327.2,2331.6,6716
2024-06-17 13:00:00,2331.6,2333.2,2328.0,2331.6,5965
2024-06-17 14:00:00,2331.6,2334.2,2331.0,2332.7,3455
2024-06-17 15:00:00,2332.8,2335.5,2332.7,2335.0,2904
2024-06-17 16:00:00,2335.0,2335.6,2333.3,2333.6,1533
2024-06-17 18:00:00,2333.7,2335.9,2333.7,2335.7,0
2024-06-17 19:00:00,2335.6,2335.8,2333.8,2335.5,1255
2024-06-17 20:00:00,2335.6,2341.1,2335.6,2339.0,3106
2024-06-17 21:00:00,2339.1,2340.5,2334.0,2337.3,2712
2024-06-17 22:00:00,2337.5,2340.5,2336.5,2339.5,2708
2024-06-17 23:00:00,2339.3,2340.1,2337.9,2339.5,1170
2024-06-18 00:00:00,2339.1,2339.6,2336.6,2337.3,2206
2024-06-18 01:00:00,2337.1,2338.3,2333.9,2336.7,4400
2024-06-18 02:00:00,2336.7,2337.2,2333.3,2334.6,2504
2024-06-18 03:00:00,2334.6,2334.6,2329.5,2330.0,3449
2024-06-18 04:00:00,2329.9,2329.9,2324.6,2325.8,7214
2024-06-18 05:00:00,2325.7,2328.9,2325.3,2325.5,4842
2024-06-18 06:00:00,2325.5,2326.9,2320.2,2322.7,6806
2024-06-18 07:00:00,2322.8,2328.6,2320.9,2328.0,5936
2024-06-18 08:00:00,2327.9,2338.8,2326.0,2328.4,18452
2024-06-18 09:00:00,2328.5,2342.4,2328.3,2341.4,31018
2024-06-18 10:00:00,2341.3,2342.0,2336.8,2338.3,11678
2024-06-18 11:00:00,2338.4,2344.8,2333.3,2341.7,13796
2024-06-18 12:00:00,2341.9,2345.7,2341.2,2345.3,6181
2024-06-18 13:00:00,2345.3,2348.2,2343.1,2344.6,9950
2024-06-18 14:00:00,2344.6,2346.4,2342.2,2346.1,5412
2024-06-18 15:00:00,2346.0,2346.0,2343.2,2344.1,3268
2024-06-18 16:00:00,2344.2,2345.6,2343.7,2344.2,1413
2024-06-18 18:00:00,2344.2,2345.0,2342.2,2342.9,0
2024-06-18 19:00:00,2342.9,2344.2,2342.7,2343.0,923
2024-06-18 20:00:00,2343.0,2344.6,2342.5,2344.1,1533
2024-06-18 21:00:00,2343.9,2345.5,2341.1,2344.7,2628
2024-06-18 22:00:00,2344.7,2345.8,2343.4,2344.9,1375
2024-06-18 23:00:00,2344.9,2346.3,2342.5,2342.9,1473
2024-06-20 00:00:00,2347.4,2354.9,2347.4,2354.2,5415
2024-06-20 01:00:00,2354.3,2358.8,2353.5,2354.1,6478
2024-06-20 02:00:00,2354.0,2359.2,2353.8,2357.6,5435
2024-06-20 03:00:00,2357.7,2358.6,2351.9,2352.1,6808
2024-06-20 04:00:00,2352.2,2352.2,2346.1,2347.0,9408
2024-06-20 05:00:00,2346.9,2349.1,2345.2,2348.0,5223
2024-06-20 06:00:00,2348.0,2354.0,2346.8,2352.8,3556
2024-06-20 07:00:00,2352.9,2354.9,2351.2,2352.8,4638
2024-06-20 08:00:00,2353.0,2358.5,2348.7,2351.9,21939
2024-06-20 09:00:00,2352.0,2363.3,2350.0,2363.1,19445
2024-06-20 10:00:00,2363.2,2379.0,2362.7,2377.9,37147
2024-06-20 11:00:00,2377.9,2379.5,2364.9,2367.3,19411
2024-06-20 12:00:00,2367.3,2370.8,2366.3,2370.0,6279
2024-06-20 13:00:00,2370.0,2371.6,2368.1,2370.9,6731
2024-06-20 14:00:00,2371.0,2374.6,2370.9,2371.5,4038
2024-06-20 15:00:00,2371.6,2373.4,2371.1,2372.4,3358
2024-06-20 16:00:00,2372.5,2373.7,2371.5,2373.6,2086
2024-06-20 18:00:00,2373.8,2374.4,2371.5,2372.7,0
2024-06-20 19:00:00,2372.7,2374.5,2372.1,2374.3,1884
2024-06-20 20:00:00,2374.2,2378.3,2374.1,2377.6,2200
2024-06-20 21:00:00,2377.6,2377.7,2370.6,2373.2,5306
2024-06-20 22:00:00,2373.1,2375.2,2371.6,2372.8,3161
2024-06-20 23:00:00,2372.8,2375.7,2372.2,2375.7,1955
2024-06-21 00:00:00,2375.8,2376.6,2374.6,2376.5,1142
2024-06-21 01:00:00,2376.5,2379.3,2375.7,2378.2,3149
2024-06-21 02:00:00,2378.1,2378.1,2371.5,2372.1,5075
2024-06-21 03:00:00,2371.9,2378.1,2368.6,2376.7,10093
2024-06-21 04:00:00,2376.7,2381.9,2376.4,2379.0,6062
2024-06-21 05:00:00,2379.0,2381.1,2376.3,2377.4,3971
2024-06-21 06:00:00,2377.4,2377.7,2374.9,2377.3,3571
2024-06-21 07:00:00,2377.2,2382.6,2377.0,2380.0,4217
2024-06-21 08:00:00,2380.1,2381.8,2373.9,2374.4,7976
2024-06-21 09:00:00,2374.1,2377.4,2347.7,2353.6,35033
2024-06-21 10:00:00,2353.5,2353.6,2341.5,2343.1,28149
2024-06-21 11:00:00,2343.1,2348.1,2336.1,2340.9,20884
2024-06-21 12:00:00,2341.0,2342.3,2336.7,2337.9,8200
2024-06-21 13:00:00,2337.9,2338.4,2329.5,2332.1,18622
2024-06-21 14:00:00,2332.1,2335.8,2329.2,2335.0,6866
2024-06-21 15:00:00,2335.2,2336.3,2333.3,2335.0,4553
2024-06-21 16:00:00,2335.0,2335.6,2333.6,2334.7,2429
2024-06-23 18:00:00,2333.5,2336.1,2330.1,2333.8,1964
2024-06-23 19:00:00,2333.6,2333.6,2329.5,2331.3,2315
2024-06-23 20:00:00,2331.2,2333.9,2330.1,2333.1,2250
2024-06-23 21:00:00,2333.2,2338.7,2331.2,2336.0,4739
2024-06-23 22:00:00,2335.9,2337.9,2332.0,2337.2,3035
2024-06-23 23:00:00,2337.2,2339.1,2336.8,2338.1,2333
2024-06-24 00:00:00,2338.0,2339.0,2336.4,2336.8,1702
2024-06-24 01:00:00,2336.8,2339.7,2335.9,2337.5,2495
2024-06-24 02:00:00,2337.5,2337.6,2333.6,2335.7,4125
2024-06-24 03:00:00,2335.6,2344.4,2334.3,2343.2,7376
2024-06-24 04:00:00,2343.3,2345.4,2341.9,2343.3,5413
2024-06-24 05:00:00,2343.4,2343.7,2332.9,2337.3,10193
2024-06-24 06:00:00,2337.1,2339.5,2336.7,2337.4,3050
2024-06-24 07:00:00,2337.5,2340.5,2336.4,2338.5,3536
2024-06-24 08:00:00,2338.5,2340.5,2335.6,2340.0,6424
2024-06-24 09:00:00,2339.9,2346.5,2338.3,2340.7,17424
2024-06-24 10:00:00,2340.5,2346.3,2339.4,2343.2,12473
2024-06-24 11:00:00,2343.2,2345.7,2340.1,2340.1,4861
2024-06-24 12:00:00,2340.2,2344.9,2339.3,2344.4,3318
2024-06-24 13:00:00,2344.3,2346.0,2343.2,2344.7,5234
2024-06-24 14:00:00,2344.6,2347.5,2344.6,2346.6,3730
2024-06-24 15:00:00,2346.5,2346.5,2343.7,2344.6,3511
2024-06-24 16:00:00,2344.6,2347.5,2344.5,2347.2,1495
2024-06-24 18:00:00,2346.8,2347.1,2344.2,2344.2,0
2024-06-24 19:00:00,2344.2,2344.4,2342.6,2343.3,1328
2024-06-24 20:00:00,2343.3,2343.4,2340.5,2342.4,1838
2024-06-24 21:00:00,2342.5,2343.3,2335.6,2338.3,4632
2024-06-24 22:00:00,2338.3,2339.5,2336.8,2338.9,3249
2024-06-24 23:00:00,2339.0,2341.2,2336.5,2336.6,2224
2024-06-25 00:00:00,2336.7,2339.8,2334.8,2339.4,3859
2024-06-25 01:00:00,2339.3,2342.3,2336.4,2337.0,3420
2024-06-25 02:00:00,2337.0,2340.2,2335.5,2339.0,4389
2024-06-25 03:00:00,2339.0,2339.7,2336.1,2337.0,3713
2024-06-25 04:00:00,2336.7,2342.9,2335.1,2342.0,8520
2024-06-25 05:00:00,2341.9,2346.5,2341.6,2345.5,4834
2024-06-25 06:00:00,2345.5,2349.7,2344.9,2347.9,4547
2024-06-25 07:00:00,2348.0,2348.3,2340.0,2342.7,6387
2024-06-25 08:00:00,2342.7,2343.2,2336.6,2336.8,10062
2024-06-25 09:00:00,2336.9,2340.2,2332.3,2338.0,18727
2024-06-25 10:00:00,2337.9,2340.5,2331.6,2339.6,19833
2024-06-25 11:00:00,2339.7,2340.2,2327.6,2337.0,15217
2024-06-25 12:00:00,2337.0,2337.4,2327.1,2329.9,8056
2024-06-25 13:00:00,2329.8,2332.4,2328.9,2331.4,8020
2024-06-25 14:00:00,2331.5,2332.0,2329.1,2331.4,2632
2024-06-25 15:00:00,2331.3,2332.7,2331.0,2331.9,2354
2024-06-25 16:00:00,2331.8,2332.0,2330.0,2331.7,1439
2024-06-25 18:00:00,2331.8,2333.2,2330.8,2332.4,0
2024-06-25 19:00:00,2332.4,2333.2,2330.4,2331.6,1980
2024-06-25 20:00:00,2331.8,2335.8,2329.5,2330.2,3495
2024-06-25 21:00:00,2329.8,2332.6,2322.0,2324.6,10546
2024-06-25 22:00:00,2324.5,2333.1,2323.8,2331.0,6680
2024-06-25 23:00:00,2330.9,2332.6,2328.2,2328.6,2432
2024-06-26 00:00:00,2328.8,2329.3,2326.7,2328.3,1633
2024-06-26 01:00:00,2328.4,2329.8,2323.4,2323.7,4853
2024-06-26 02:00:00,2323.6,2329.0,2321.3,2328.7,6874
2024-06-26 03:00:00,2328.7,2329.0,2324.6,2327.8,4410
2024-06-26 04:00:00,2327.7,2329.8,2324.4,2327.2,4256
2024-06-26 05:00:00,2327.3,2330.1,2327.3,2327.8,4105
2024-06-26 06:00:00,2327.8,2328.1,2318.5,2319.7,9014
2024-06-26 07:00:00,2319.7,2325.8,2315.7,2324.8,14195
2024-06-26 08:00:00,2324.8,2329.8,2321.8,2321.8,13553
2024-06-26 09:00:00,2321.7,2323.5,2304.7,2307.6,38406
2024-06-26 10:00:00,2307.5,2312.5,2306.6,2309.0,18764
2024-06-26 11:00:00,2308.8,2315.6,2307.3,2311.4,13578
2024-06-26 12:00:00,2311.4,2313.6,2309.8,2311.0,5499
2024-06-26 13:00:00,2311.0,2314.3,2310.7,2313.3,6474
2024-06-26 14:00:00,2313.3,2313.5,2310.0,2310.5,3365
2024-06-26 15:00:00,2310.5,2311.6,2308.2,2310.2,4219
2024-06-26 16:00:00,2310.2,2310.7,2308.6,2309.8,2100
2024-06-26 18:00:00,2309.4,2310.2,2308.7,2308.7,0
2024-06-26 19:00:00,2308.7,2309.2,2307.2,2308.9,1469
2024-06-26 20:00:00,2308.9,2311.0,2308.5,2309.8,2404
2024-06-26 21:00:00,2309.8,2310.5,2307.4,2308.7,2143
2024-06-26 22:00:00,2308.6,2310.8,2308.6,2310.0,1960
2024-06-26 23:00:00,2310.1,2310.5,2308.7,2309.6,1748
2024-06-27 00:00:00,2309.5,2311.8,2309.3,2310.9,1544
2024-06-27 01:00:00,2311.1,2311.1,2307.3,2308.0,2392
2024-06-27 02:00:00,2308.0,2314.2,2306.8,2311.7,5125
2024-06-27 03:00:00,2311.8,2313.1,2310.4,2312.8,3642
2024-06-27 04:00:00,2312.6,2319.0,2312.4,2318.0,5068
2024-06-27 05:00:00,2318.2,2323.9,2317.9,2322.7,8586
2024-06-27 06:00:00,2322.9,2325.8,2322.6,2325.5,4498
2024-06-27 07:00:00,2325.6,2328.5,2323.7,2327.6,6001
2024-06-27 08:00:00,2327.7,2337.7,2326.8,2333.4,21384
2024-06-27 09:00:00,2333.6,2335.7,2330.2,2334.1,14642
2024-06-27 10:00:00,2334.0,2342.0,2333.4,2339.6,19372
2024-06-27 11:00:00,2339.7,2342.0,2335.6,2338.3,9927
2024-06-27 12:00:00,2338.2,2339.1,2334.8,2336.2,5258
2024-06-27 13:00:00,2336.2,2338.9,2335.1,2336.7,9133
2024-06-27 14:00:00,2336.6,2337.3,2333.3,2337.0,3706
2024-06-27 15:00:00,2337.1,2338.5,2336.4,2336.8,3026
2024-06-27 16:00:00,2336.7,2339.4,2336.3,2338.7,1754
2024-06-27 18:00:00,2338.6,2338.6,2336.4,2337.4,0
2024-06-27 19:00:00,2337.3,2338.5,2336.9,2338.2,1218
2024-06-27 20:00:00,2338.1,2338.7,2331.8,2332.0,3208
2024-06-27 21:00:00,2332.1,2335.3,2329.7,2331.1,6486
2024-06-27 22:00:00,2331.0,2335.0,2330.6,2334.4,3611
2024-06-27 23:00:00,2334.4,2335.6,2331.5,2332.1,3364
2024-06-28 00:00:00,2332.5,2332.6,2330.3,2331.9,1642
2024-06-28 01:00:00,2331.7,2337.8,2331.6,2336.5,2879
2024-06-28 02:00:00,2336.4,2338.9,2335.8,2338.3,3953
2024-06-28 03:00:00,2338.2,2339.6,2335.4,2337.8,4621
2024-06-28 04:00:00,2337.9,2342.9,2337.1,2339.1,5583
2024-06-28 05:00:00,2339.1,2340.7,2337.6,2340.6,3915
2024-06-28 06:00:00,2340.5,2347.2,2339.7,2346.2,5998
2024-06-28 07:00:00,2346.3,2347.6,2343.8,2344.4,3439
2024-06-28 08:00:00,2344.6,2350.3,2341.1,2346.2,15227
2024-06-28 09:00:00,2346.1,2350.6,2336.6,2341.1,18597
2024-06-28 10:00:00,2340.8,2344.3,2333.2,2336.8,13399
2024-06-28 11:00:00,2336.8,2340.9,2334.3,2339.0,7988
2024-06-28 12:00:00,2339.1,2343.0,2338.2,2340.5,4766
2024-06-28 13:00:00,2340.6,2343.3,2336.8,2337.4,8933
2024-06-28 14:00:00,2337.4,2339.0,2335.8,2336.2,3837
2024-06-28 15:00:00,2336.2,2336.7,2333.3,2335.5,5536
2024-06-28 16:00:00,2335.4,2337.1,2333.1,2336.9,2246
2024-06-30 18:00:00,2336.2,2337.4,2333.1,2334.7,1211
2024-06-30 19:00:00,2334.5,2336.3,2333.2,2335.1,1539
2024-06-30 20:00:00,2334.9,2335.5,2332.3,2335.0,2201
2024-06-30 21:00:00,2334.9,2338.9,2333.7,2338.1,2301
2024-06-30 22:00:00,2338.0,2338.0,2334.8,2337.1,2703
2024-06-30 23:00:00,2337.0,2338.0,2334.7,2335.1,1619
2024-07-01 00:00:00,2334.9,2336.3,2331.2,2333.7,3576
2024-07-01 01:00:00,2333.6,2334.0,2328.2,2331.6,5591
2024-07-01 02:00:00,2331.6,2338.8,2331.0,2336.2,5698
2024-07-01 03:00:00,2336.2,2336.8,2333.4,2333.4,3564
2024-07-01 04:00:00,2333.4,2336.1,2331.7,2335.7,3637
2024-07-01 05:00:00,2335.6,2339.4,2335.3,2337.3,4334
2024-07-01 06:00:00,2337.4,2342.7,2337.2,2342.7,4655
2024-07-01 07:00:00,2342.6,2348.5,2342.2,2348.3,8053
2024-07-01 08:00:00,2348.3,2348.8,2337.0,2337.3,11454
2024-07-01 09:00:00,2337.4,2344.0,2332.0,2336.9,16291
2024-07-01 10:00:00,2337.1,2344.1,2329.1,2333.8,22669
2024-07-01 11:00:00,2333.9,2339.2,2332.8,2337.9,11407
2024-07-01 12:00:00,2337.9,2342.1,2336.8,2338.2,8782
2024-07-01 13:00:00,2338.2,2340.0,2336.7,2339.3,7942
2024-07-01 14:00:00,2339.2,2340.8,2337.0,2339.9,2695
2024-07-01 15:00:00,2339.8,2341.5,2338.8,2341.0,3411
2024-07-01 16:00:00,2341.0,2342.4,2340.9,2341.9,1350
2024-07-01 18:00:00,2341.6,2342.6,2341.0,2341.3,0
2024-07-01 19:00:00,2341.2,2342.1,2341.2,2341.7,1184
2024-07-01 20:00:00,2341.6,2343.3,2341.2,2342.6,2248
2024-07-01 21:00:00,2342.6,2343.6,2340.7,2343.4,2846
2024-07-01 22:00:00,2343.6,2343.8,2340.6,2341.5,2115
2024-07-01 23:00:00,2341.5,2341.8,2335.2,2335.7,4159
2024-07-02 00:00:00,2335.3,2337.4,2334.4,2336.8,2261
2024-07-02 01:00:00,2336.7,2340.1,2335.8,2339.2,3016
2024-07-02 02:00:00,2339.2,2341.0,2336.7,2339.6,2979
2024-07-02 03:00:00,2339.5,2340.2,2332.4,2340.1,8367
2024-07-02 04:00:00,2340.2,2341.8,2337.6,2340.5,4937
2024-07-02 05:00:00,2340.4,2341.2,2333.3,2334.1,4708
2024-07-02 06:00:00,2334.1,2335.7,2332.0,2333.7,5103
2024-07-02 07:00:00,2333.6,2334.8,2328.6,2329.7,7080
2024-07-02 08:00:00,2329.8,2337.9,2327.4,2336.5,17333
2024-07-02 09:00:00,2336.5,2346.1,2335.0,2343.7,20735
2024-07-02 10:00:00,2343.9,2345.4,2331.9,2335.6,22267
2024-07-02 11:00:00,2335.6,2339.4,2332.9,2333.6,8579
2024-07-02 12:00:00,2333.5,2333.8,2329.7,2331.5,7953
2024-07-02 13:00:00,2331.6,2334.1,2330.9,2333.5,8101
2024-07-02 14:00:00,2333.6,2337.9,2333.4,2337.3,2920
2024-07-02 15:00:00,2337.3,2340.4,2337.1,2339.8,4240
2024-07-02 16:00:00,2339.8,2340.0,2337.6,2338.6,2302
2024-07-02 18:00:00,2338.6,2340.4,2338.6,2339.3,0
2024-07-02 19:00:00,2339.3,2340.6,2338.8,2339.5,769
2024-07-02 20:00:00,2339.5,2341.3,2339.3,2339.4,1536
2024-07-02 21:00:00,2339.3,2340.8,2337.5,2338.1,2780
2024-07-02 22:00:00,2338.2,2340.3,2335.7,2337.9,3459
2024-07-02 23:00:00,2337.9,2341.7,2337.2,2341.1,2803
2024-07-03 09:30:00,2359.8,2368.1,2356.9,2365.0,19799
2024-07-03 10:30:00,2365.4,2374.5,2365.4,2371.9,31806
2024-07-03 11:30:00,2372.0,2373.6,2369.4,2372.5,13031
2024-07-03 12:30:00,2372.5,2372.6,2364.5,2366.0,10210
2024-07-05 00:00:00,2370.2,2373.0,2369.7,2372.1,51889
2024-07-05 01:00:00,2372.0,2373.5,2370.8,2373.0,2413
2024-07-05 02:00:00,2372.9,2374.6,2371.7,2372.3,3867
2024-07-05 03:00:00,2372.2,2375.8,2370.3,2373.3,4953
2024-07-05 04:00:00,2373.4,2376.3,2372.8,2374.5,6368
2024-07-05 05:00:00,2374.6,2375.0,2370.0,2370.3,4581
2024-07-05 06:00:00,2370.2,2373.4,2369.7,2372.9,4120
2024-07-05 07:00:00,2372.8,2373.9,2370.1,2373.6,4776
2024-07-05 08:00:00,2373.7,2385.2,2356.0,2380.2,42817
2024-07-05 09:00:00,2380.3,2393.6,2378.7,2391.4,40511
2024-07-05 10:00:00,2391.4,2392.6,2382.6,2388.8,24382
2024-07-05 11:00:00,2388.9,2396.7,2386.7,2393.0,21849
2024-07-05 12:00:00,2392.9,2395.9,2392.2,2394.7,8680
2024-07-05 13:00:00,2394.7,2398.3,2392.8,2394.1,16844
2024-07-05 14:00:00,2394.1,2401.1,2393.3,2399.5,10702
2024-07-05 15:00:00,2399.5,2401.5,2396.3,2397.2,5833
2024-07-05 16:00:00,2397.2,2400.1,2396.7,2399.8,2830
2024-07-07 18:00:00,2396.2,2398.4,2393.0,2393.5,2749
2024-07-07 19:00:00,2393.5,2395.2,2393.0,2394.2,1540
2024-07-07 20:00:00,2394.3,2396.0,2392.7,2395.0,2977
2024-07-07 21:00:00,2394.9,2399.3,2392.1,2394.7,6574
2024-07-07 22:00:00,2394.6,2395.4,2389.3,2391.1,3251
2024-07-07 23:00:00,2391.0,2392.4,2389.2,2390.6,2789
2024-07-08 00:00:00,2391.2,2393.2,2390.1,2393.1,1621
2024-07-08 01:00:00,2393.0,2394.7,2389.6,2390.7,3999
2024-07-08 02:00:00,2390.8,2392.2,2384.7,2385.0,6165
2024-07-08 03:00:00,2385.0,2389.2,2384.7,2385.8,5510
2024-07-08 04:00:00,2385.8,2386.8,2379.7,2380.8,7910
2024-07-08 05:00:00,2380.7,2381.8,2376.1,2378.0,9604
2024-07-08 06:00:00,2378.0,2382.2,2377.4,2381.9,5178
2024-07-08 07:00:00,2381.9,2383.5,2380.5,2383.2,6413
2024-07-08 08:00:00,2383.1,2385.2,2377.3,2380.5,12041
2024-07-08 09:00:00,2380.4,2384.7,2377.8,2383.2,14083
2024-07-08 10:00:00,2383.1,2387.4,2380.8,2380.9,29835
2024-07-08 11:00:00,2380.8,2382.6,2358.3,2362.9,47662
2024-07-08 12:00:00,2362.8,2366.4,2358.3,2366.2,17578
2024-07-08 13:00:00,2366.2,2367.3,2362.9,2364.8,19497
2024-07-08 14:00:00,2364.7,2365.7,2362.2,2364.1,4374
2024-07-08 15:00:00,2364.1,2367.4,2363.5,2366.8,3890
2024-07-08 16:00:00,2366.8,2367.4,2365.4,2366.4,1368
2024-07-08 18:00:00,2366.5,2367.2,2365.8,2366.9,0
2024-07-08 19:00:00,2367.0,2369.3,2366.9,2368.8,1437
2024-07-08 20:00:00,2369.0,2370.9,2367.8,2368.9,4215
2024-07-08 21:00:00,2368.9,2372.5,2368.4,2370.5,3394
2024-07-08 22:00:00,2370.3,2373.6,2367.4,2370.9,4270
2024-07-08 23:00:00,2370.8,2374.8,2370.2,2374.4,3593
2024-07-09 00:00:00,2374.5,2375.5,2373.1,2374.0,3383
2024-07-09 01:00:00,2374.1,2375.0,2370.9,2371.5,3231
2024-07-09 02:00:00,2371.5,2372.3,2369.3,2371.0,3438
2024-07-09 03:00:00,2370.9,2371.3,2365.1,2365.9,5891
2024-07-09 04:00:00,2365.9,2369.3,2365.2,2368.5,5890
2024-07-09 05:00:00,2368.8,2372.5,2368.6,2371.3,5939
2024-07-09 06:00:00,2371.4,2372.6,2369.0,2370.2,3674
2024-07-09 07:00:00,2370.0,2370.0,2364.2,2367.7,6072
2024-07-09 08:00:00,2367.6,2368.3,2362.8,2367.0,16027
2024-07-09 09:00:00,2366.9,2375.2,2366.4,2374.5,29778
2024-07-09 10:00:00,2374.4,2378.3,2360.7,2361.6,24695
2024-07-09 11:00:00,2361.6,2369.5,2356.0,2369.0,56492
2024-07-09 12:00:00,2369.0,2370.2,2363.1,2364.1,13094
2024-07-09 13:00:00,2364.1,2369.3,2364.1,2368.6,19274
2024-07-09 14:00:00,2368.6,2372.3,2367.8,2371.4,7333
2024-07-09 15:00:00,2371.4,2372.4,2369.6,2370.0,3579
2024-07-09 16:00:00,2370.8,2371.9,2370.5,2371.1,1853
2024-07-09 18:00:00,2371.0,2371.4,2370.0,2371.1,0
2024-07-09 19:00:00,2371.1,2372.7,2370.9,2371.5,2682
2024-07-09 20:00:00,2371.5,2373.3,2370.8,2371.3,1632
2024-07-09 21:00:00,2371.2,2376.3,2369.7,2374.5,6616
2024-07-09 22:00:00,2374.6,2376.8,2373.2,2375.7,2286
2024-07-09 23:00:00,2375.8,2376.2,2372.8,2374.5,1617
2024-07-10 00:00:00,2374.5,2375.3,2372.9,2374.2,1809
2024-07-10 01:00:00,2374.0,2376.8,2373.8,2374.8,1980
2024-07-10 02:00:00,2374.9,2379.1,2373.5,2378.3,3766
2024-07-10 03:00:00,2378.4,2381.5,2377.8,2379.2,4690
2024-07-10 04:00:00,2379.1,2380.8,2377.8,2379.3,2865
2024-07-10 05:00:00,2379.3,2380.5,2378.1,2378.4,2743
2024-07-10 06:00:00,2378.5,2382.0,2378.3,2379.1,3400
2024-07-10 07:00:00,2379.1,2385.0,2379.1,2384.9,10399
2024-07-10 08:00:00,2385.0,2388.6,2383.8,2384.5,13496
2024-07-10 09:00:00,2384.5,2393.4,2382.8,2392.9,20402
2024-07-10 10:00:00,2389.1,2391.7,2380.4,2381.3,19516
2024-07-10 11:00:00,2381.3,2387.4,2380.5,2385.4,9803
2024-07-10 12:00:00,2385.5,2387.9,2383.1,2384.3,5414
2024-07-10 13:00:00,2384.2,2385.0,2376.9,2379.5,21740
2024-07-10 14:00:00,2379.4,2380.2,2376.3,2378.9,3808
2024-07-10 15:00:00,2379.0,2379.0,2376.9,2378.4,3289
2024-07-10 16:00:00,2378.5,2379.0,2377.4,2377.9,1716
2024-07-10 18:00:00,2377.4,2378.5,2376.8,2378.3,0
2024-07-10 19:00:00,2378.3,2378.5,2377.8,2378.4,1069
2024-07-10 20:00:00,2378.5,2380.1,2377.1,2379.9,2321
2024-07-10 21:00:00,2380.0,2381.9,2378.6,2381.5,2792
2024-07-10 22:00:00,2381.5,2383.5,2379.6,2382.7,3210
2024-07-10 23:00:00,2382.7,2385.4,2382.3,2383.8,2518
2024-07-11 00:00:00,2383.9,2387.6,2383.8,2387.1,2562
2024-07-11 01:00:00,2387.2,2388.2,2386.4,2387.7,2704
2024-07-11 02:00:00,2387.6,2388.4,2383.6,2386.9,4264
2024-07-11 03:00:00,2386.9,2387.1,2383.9,2385.1,4282
2024-07-11 04:00:00,2385.0,2389.4,2384.7,2386.8,10160
2024-07-11 05:00:00,2386.8,2390.0,2386.8,2389.5,4532
2024-07-11 06:00:00,2389.5,2389.6,2386.0,2387.8,8383
2024-07-11 07:00:00,2387.8,2388.8,2384.3,2386.4,5157
2024-07-11 08:00:00,2386.3,2415.5,2383.1,2411.8,66654
2024-07-11 09:00:00,2411.9,2418.7,2401.2,2412.2,48315
2024-07-11 10:00:00,2412.1,2423.7,2409.8,2423.5,27241
2024-07-11 11:00:00,2423.5,2430.4,2418.1,2423.0,27408
2024-07-11 12:00:00,2423.0,2425.1,2417.2,2417.5,10649
2024-07-11 13:00:00,2417.4,2422.4,2415.6,2419.2,25834
2024-07-11 14:00:00,2419.2,2422.3,2418.4,2422.1,5101
2024-07-11 15:00:00,2422.0,2424.3,2419.6,2419.8,6420
2024-07-11 16:00:00,2419.8,2421.4,2418.7,2420.9,4503
2024-07-11 18:00:00,2421.0,2421.7,2416.4,2419.3,0
2024-07-11 19:00:00,2419.2,2421.6,2417.3,2421.4,3203
2024-07-11 20:00:00,2421.3,2421.8,2416.4,2417.4,2784
2024-07-11 21:00:00,2417.3,2419.8,2412.5,2413.3,5770
2024-07-11 22:00:00,2413.3,2416.4,2412.1,2415.0,4141
2024-07-11 23:00:00,2414.9,2415.6,2413.9,2414.2,1632
2024-07-12 00:00:00,2414.1,2415.3,2413.5,2414.0,1305
2024-07-12 01:00:00,2414.0,2415.4,2410.7,2413.3,3579
2024-07-12 02:00:00,2413.2,2413.6,2407.6,2409.6,5996
2024-07-12 03:00:00,2409.5,2410.9,2405.5,2409.4,6091
2024-07-12 04:00:00,2409.3,2413.5,2409.0,2412.7,4480
2024-07-12 05:00:00,2412.7,2413.6,2408.3,2410.1,3981
2024-07-12 06:00:00,2410.0,2410.7,2404.6,2405.1,5331
2024-07-12 07:00:00,2405.3,2407.9,2403.2,2406.8,5634
2024-07-12 08:00:00,2406.8,2409.6,2396.3,2402.9,36864
2024-07-12 09:00:00,2403.9,2410.8,2401.6,2408.6,22086
2024-07-12 10:00:00,2408.4,2416.0,2408.4,2414.0,18928
2024-07-12 11:00:00,2414.1,2418.9,2413.2,2416.9,11389
2024-07-12 12:00:00,2416.9,2422.1,2416.9,2421.0,14057
2024-07-12 13:00:00,2421.1,2423.2,2419.6,2422.8,21326
2024-07-12 14:00:00,2422.9,2423.0,2418.7,2419.0,9217
2024-07-12 15:00:00,2419.1,2419.7,2417.0,2417.7,3277
2024-07-12 16:00:00,2417.6,2417.7,2415.6,2416.0,2607
2024-07-14 18:00:00,2419.3,2420.0,2411.3,2412.0,3210
2024-07-14 19:00:00,2412.0,2413.3,2410.1,2413.2,2031
2024-07-14 20:00:00,2413.2,2413.7,2411.0,2413.2,2441
2024-07-14 21:00:00,2413.3,2415.2,2409.6,2414.9,3482
2024-07-14 22:00:00,2415.0,2415.7,2412.9,2414.0,2509
2024-07-14 23:00:00,2414.0,2416.8,2413.1,2416.4,1246
2024-07-15 00:00:00,2416.5,2418.2,2415.4,2416.2,1329
2024-07-15 01:00:00,2416.3,2418.7,2412.8,2412.8,3738
2024-07-15 02:00:00,2413.0,2413.1,2406.8,2408.0,5030
2024-07-15 03:00:00,2408.0,2412.7,2406.1,2412.6,6153
2024-07-15 04:00:00,2412.6,2416.8,2411.5,2416.7,6474
2024-07-15 05:00:00,2416.7,2417.3,2413.3,2415.3,6993
2024-07-15 06:00:00,2415.4,2420.7,2415.4,2419.7,6187
2024-07-15 07:00:00,2419.7,2425.4,2419.5,2423.0,10964
2024-07-15 08:00:00,2423.2,2425.8,2418.2,2419.6,11763
2024-07-15 09:00:00,2419.5,2424.0,2416.3,2423.7,16493
2024-07-15 10:00:00,2423.7,2437.0,2422.8,2436.5,28887
2024-07-15 11:00:00,2436.5,2442.4,2436.3,2438.2,23613
2024-07-15 12:00:00,2438.2,2445.0,2434.6,2435.3,19069
2024-07-15 13:00:00,2435.3,2435.3,2425.2,2426.3,13525
2024-07-15 14:00:00,2426.3,2429.5,2424.5,2427.1,7001
2024-07-15 15:00:00,2427.0,2428.0,2424.8,2426.0,5241
2024-07-15 16:00:00,2426.1,2428.9,2425.5,2427.4,1710
2024-07-15 18:00:00,2427.1,2427.3,2425.5,2425.7,0
2024-07-15 19:00:00,2425.6,2427.3,2425.6,2427.1,975
2024-07-15 20:00:00,2427.1,2427.4,2424.5,2425.8,2301
2024-07-15 21:00:00,2425.9,2432.6,2425.8,2431.9,5318
2024-07-15 22:00:00,2432.0,2435.2,2430.8,2435.0,4927
2024-07-15 23:00:00,2434.9,2436.3,2431.6,2433.6,3577
2024-07-16 00:00:00,2433.4,2434.2,2429.9,2433.9,3333
2024-07-16 01:00:00,2433.6,2437.5,2432.8,2436.5,4448
2024-07-16 02:00:00,2436.5,2438.3,2432.4,2438.3,5513
2024-07-16 03:00:00,2438.4,2443.9,2437.4,2441.6,11309
2024-07-16 04:00:00,2441.5,2443.4,2438.2,2441.3,6548
2024-07-16 05:00:00,2441.5,2448.1,2439.9,2447.1,9572
2024-07-16 06:00:00,2447.2,2448.2,2444.4,2444.8,5514
2024-07-16 07:00:00,2444.8,2447.0,2442.8,2444.3,10323
2024-07-16 08:00:00,2444.1,2448.5,2433.8,2437.3,35537
2024-07-16 09:00:00,2437.0,2452.6,2435.4,2447.5,29147
2024-07-16 10:00:00,2447.5,2458.8,2445.2,2456.8,27679
2024-07-16 11:00:00,2456.9,2470.2,2456.8,2468.1,32124
2024-07-16 12:00:00,2468.2,2468.4,2462.7,2463.9,13193
2024-07-16 13:00:00,2463.9,2471.6,2463.4,2469.5,11102
2024-07-16 14:00:00,2469.5,2471.4,2467.3,2470.3,5132
2024-07-16 15:00:00,2470.3,2473.6,2468.0,2473.5,6488
2024-07-16 16:00:00,2473.4,2474.5,2471.7,2473.6,4020
2024-07-16 18:00:00,2473.2,2474.8,2470.8,2473.7,0
2024-07-16 19:00:00,2473.7,2474.5,2472.2,2473.0,1785
2024-07-16 20:00:00,2473.0,2478.0,2470.8,2473.4,5640
2024-07-16 21:00:00,2473.3,2486.2,2473.2,2484.6,12270
2024-07-16 22:00:00,2484.3,2487.4,2474.6,2479.7,8822
2024-07-16 23:00:00,2479.6,2479.7,2469.0,2476.6,8914
2024-07-17 00:00:00,2476.7,2477.6,2472.4,2472.6,3741
2024-07-17 01:00:00,2472.5,2475.6,2470.2,2470.2,4512
2024-07-17 02:00:00,2470.2,2472.6,2466.6,2471.4,7387
2024-07-17 03:00:00,2471.4,2479.2,2468.9,2479.1,10355
2024-07-17 04:00:00,2479.1,2483.4,2476.2,2479.6,10478
2024-07-17 05:00:00,2479.6,2480.0,2474.3,2479.5,6751
2024-07-17 06:00:00,2479.7,2480.9,2470.8,2472.3,5906
2024-07-17 07:00:00,2472.2,2478.0,2471.8,2474.6,6257
2024-07-17 08:00:00,2474.6,2480.1,2473.2,2478.2,13641
2024-07-17 09:00:00,2478.2,2488.2,2475.8,2487.7,36625
2024-07-17 10:00:00,2487.6,2488.4,2465.4,2468.0,44535
2024-07-17 11:00:00,2468.0,2470.7,2462.1,2468.0,19439
2024-07-17 12:00:00,2468.1,2469.7,2457.1,2459.9,19040
2024-07-17 13:00:00,2459.8,2463.7,2456.0,2456.7,11774
2024-07-17 14:00:00,2456.6,2462.4,2455.5,2462.1,4051
2024-07-17 15:00:00,2462.2,2464.7,2461.2,2462.3,5299
2024-07-17 16:00:00,2462.4,2463.7,2461.4,2463.1,1243
2024-07-17 18:00:00,2462.5,2463.1,2461.4,2462.6,0
2024-07-17 19:00:00,2462.5,2465.5,2462.5,2465.0,2312
2024-07-17 20:00:00,2465.0,2465.2,2461.1,2462.4,2847
2024-07-17 21:00:00,2462.3,2467.9,2461.2,2466.0,5361
2024-07-17 22:00:00,2465.8,2469.4,2463.6,2469.1,3162
2024-07-17 23:00:00,2469.0,2472.4,2468.7,2471.7,4120
2024-07-18 00:00:00,2471.7,2472.0,2468.2,2468.8,4050
2024-07-18 01:00:00,2468.8,2473.4,2468.5,2470.4,5190
2024-07-18 02:00:00,2470.3,2475.4,2467.8,2474.9,7715
2024-07-18 03:00:00,2475.0,2478.5,2474.2,2475.3,6185
2024-07-18 04:00:00,2475.5,2477.1,2469.0,2469.4,6422
2024-07-18 05:00:00,2469.4,2471.0,2468.1,2468.9,6180
2024-07-18 06:00:00,2468.9,2469.5,2464.7,2467.3,7240
2024-07-18 07:00:00,2467.3,2469.8,2465.4,2467.7,3809
2024-07-18 08:00:00,2467.9,2472.4,2465.8,2467.2,12783
2024-07-18 09:00:00,2467.2,2469.5,2460.2,2467.4,23565
2024-07-18 10:00:00,2467.4,2473.2,2463.2,2471.7,22088
2024-07-18 11:00:00,2471.8,2472.4,2464.3,2464.4,11646
2024-07-18 12:00:00,2464.5,2465.3,2458.8,2459.1,10208
2024-07-18 13:00:00,2459.2,2460.4,2454.4,2459.3,17775
2024-07-18 14:00:00,2459.3,2459.5,2453.6,2454.3,5259
2024-07-18 15:00:00,2454.4,2454.6,2442.9,2445.6,15421
2024-07-18 16:00:00,2445.7,2456.4,2443.8,2447.9,3380
2024-07-18 18:00:00,2448.0,2448.4,2446.0,2446.8,0
2024-07-18 19:00:00,2446.6,2447.5,2443.6,2443.7,2422
2024-07-18 20:00:00,2443.8,2443.8,2429.0,2437.3,13261
2024-07-18 21:00:00,2437.0,2437.5,2423.2,2428.7,10374
2024-07-18 22:00:00,2428.4,2431.3,2425.0,2431.0,6030
2024-07-18 23:00:00,2430.8,2432.0,2427.3,2431.7,3719
2024-07-19 00:00:00,2431.1,2431.8,2426.6,2428.2,3316
2024-07-19 01:00:00,2428.1,2428.6,2423.4,2425.8,5721
2024-07-19 02:00:00,2425.7,2426.5,2416.9,2422.3,15027
2024-07-19 03:00:00,2422.3,2424.5,2415.3,2420.4,10921
2024-07-19 04:00:00,2420.5,2423.9,2418.6,2422.6,7109
2024-07-19 05:00:00,2422.7,2423.4,2416.9,2418.2,6423
2024-07-19 06:00:00,2418.2,2418.5,2412.6,2414.6,8430
2024-07-19 07:00:00,2414.7,2416.5,2410.6,2412.1,9085
2024-07-19 08:00:00,2412.2,2412.3,2403.6,2405.8,25832
2024-07-19 09:00:00,2405.8,2408.7,2395.7,2405.8,37898
2024-07-19 10:00:00,2405.7,2406.7,2397.7,2399.9,19928
2024-07-19 11:00:00,2399.9,2410.7,2399.8,2407.3,17146
2024-07-19 12:00:00,2407.3,2407.9,2401.0,2401.5,7889
2024-07-19 13:00:00,2401.7,2402.7,2397.3,2400.8,13803
2024-07-19 14:00:00,2400.8,2401.9,2398.9,2400.3,4029
2024-07-19 15:00:00,2400.4,2402.0,2398.8,2400.7,5784
2024-07-19 16:00:00,2400.7,2402.6,2399.6,2402.5,2802
2024-07-21 18:00:00,2403.7,2413.2,2402.5,2412.8,4220
2024-07-21 19:00:00,2412.8,2413.7,2410.6,2413.3,2373
2024-07-21 20:00:00,2413.4,2413.4,2408.7,2409.8,3396
2024-07-21 21:00:00,2409.7,2414.4,2407.7,2408.5,5278
2024-07-21 22:00:00,2408.4,2410.0,2405.1,2408.4,4072
2024-07-21 23:00:00,2408.2,2411.2,2407.5,2408.6,2197
2024-07-22 00:00:00,2408.4,2408.8,2404.9,2407.2,2614
2024-07-22 01:00:00,2407.1,2408.8,2404.5,2404.5,3984
2024-07-22 02:00:00,2404.4,2406.7,2400.7,2403.9,9808
2024-07-22 03:00:00,2404.0,2406.1,2401.3,2404.0,5609
2024-07-22 04:00:00,2404.1,2406.2,2401.4,2402.4,4849
2024-07-22 05:00:00,2402.5,2407.3,2401.4,2406.1,6588
2024-07-22 06:00:00,2406.2,2410.0,2405.4,2408.4,6101
2024-07-22 07:00:00,2408.4,2409.2,2399.4,2399.6,9403
2024-07-22 08:00:00,2399.6,2401.1,2390.2,2395.8,29151
2024-07-22 09:00:00,2395.7,2401.8,2392.8,2394.1,21158
2024-07-22 10:00:00,2394.0,2396.4,2385.2,2388.6,23723
2024-07-22 11:00:00,2389.7,2392.0,2385.6,2387.6,9926
2024-07-22 12:00:00,2387.7,2394.6,2387.5,2394.3,14939
2024-07-22 13:00:00,2394.5,2397.8,2393.0,2395.4,12203
2024-07-22 14:00:00,2395.3,2397.8,2393.7,2397.1,5560
2024-07-22 15:00:00,2397.0,2401.7,2396.5,2400.6,4295
2024-07-22 16:00:00,2400.0,2401.0,2397.1,2398.2,1862
2024-07-22 18:00:00,2398.0,2399.2,2396.3,2396.3,0
2024-07-22 19:00:00,2396.4,2397.3,2395.9,2396.7,1805
2024-07-22 20:00:00,2396.7,2401.4,2396.4,2401.2,2523
2024-07-22 21:00:00,2401.1,2405.3,2399.0,2402.1,5769
2024-07-22 22:00:00,2402.2,2403.9,2398.5,2400.7,3807
2024-07-22 23:00:00,2400.7,2401.9,2397.3,2399.2,3354
2024-07-23 00:00:00,2399.3,2400.6,2396.8,2397.7,2969
2024-07-23 01:00:00,2397.7,2398.0,2391.8,2393.4,4379
2024-07-23 02:00:00,2393.4,2394.9,2389.2,2391.4,7092
2024-07-23 03:00:00,2391.5,2400.3,2391.1,2398.7,9475
2024-07-23 04:00:00,2398.9,2408.3,2397.2,2405.0,7899
2024-07-23 05:00:00,2405.1,2409.4,2404.2,2408.2,9462
2024-07-23 06:00:00,2408.1,2409.6,2406.8,2408.9,6385
2024-07-23 07:00:00,2409.0,2413.5,2407.3,2408.9,10275
2024-07-23 08:00:00,2409.0,2410.7,2404.8,2406.8,15713
2024-07-23 09:00:00,2406.7,2409.1,2400.6,2403.2,21164
2024-07-23 10:00:00,2403.2,2408.8,2400.5,2404.1,18057
2024-07-23 11:00:00,2404.4,2408.4,2403.2,2406.5,13220
2024-07-23 12:00:00,2406.7,2408.0,2404.1,2406.5,5812
2024-07-23 13:00:00,2406.5,2409.0,2403.7,2406.0,10121
2024-07-23 14:00:00,2406.0,2407.5,2404.9,2406.8,2454
2024-07-23 15:00:00,2406.7,2410.2,2406.5,2408.5,3273
2024-07-23 16:00:00,2408.5,2411.0,2406.5,2410.6,2011
2024-07-23 18:00:00,2410.7,2410.9,2408.8,2410.2,0
2024-07-23 19:00:00,2410.0,2410.3,2408.7,2409.3,1090
2024-07-23 20:00:00,2409.4,2411.0,2408.7,2409.1,1558
2024-07-23 21:00:00,2409.2,2413.1,2405.7,2409.2,5047
2024-07-23 22:00:00,2409.0,2417.6,2408.3,2415.3,8176
2024-07-23 23:00:00,2415.5,2419.6,2414.8,2417.6,5557
2024-07-24 00:00:00,2417.6,2419.2,2415.7,2419.1,3723
2024-07-24 01:00:00,2419.0,2419.2,2414.0,2417.1,3256
2024-07-24 02:00:00,2417.0,2420.3,2415.0,2418.5,5456
2024-07-24 03:00:00,2418.4,2418.8,2412.6,2415.6,5917
2024-07-24 04:00:00,2415.6,2416.1,2411.5,2412.8,8264
2024-07-24 05:00:00,2412.9,2415.6,2410.6,2414.1,5416
2024-07-24 06:00:00,2414.2,2417.3,2412.8,2414.4,7410
2024-07-24 07:00:00,2414.5,2418.9,2411.5,2418.5,12209
2024-07-24 08:00:00,2418.5,2423.0,2417.1,2422.4,16873
2024-07-24 09:00:00,2422.4,2427.5,2414.4,2422.7,30140
2024-07-24 10:00:00,2422.6,2433.0,2419.9,2431.2,31144
2024-07-24 11:00:00,2431.2,2432.3,2423.1,2425.6,26004
2024-07-24 12:00:00,2425.6,2425.7,2419.1,2419.5,9927
2024-07-24 13:00:00,2419.4,2420.1,2408.4,2409.6,24662
2024-07-24 14:00:00,2409.5,2410.1,2406.2,2408.9,12165
2024-07-24 15:00:00,2408.8,2409.3,2398.7,2399.0,9733
2024-07-24 16:00:00,2399.1,2400.9,2397.0,2397.5,5624
2024-07-24 18:00:00,2398.1,2398.5,2392.8,2397.6,0
2024-07-24 19:00:00,2397.7,2400.8,2396.6,2398.8,2793
2024-07-24 20:00:00,2415.7,2415.7,2395.3,2396.6,4272
2024-07-24 21:00:00,2396.8,2399.6,2369.4,2375.4,23058
2024-07-24 22:00:00,2375.3,2379.7,2369.0,2371.7,11669
2024-07-24 23:00:00,2371.7,2374.4,2365.7,2373.8,7623
2024-07-25 00:00:00,2373.5,2377.5,2372.1,2376.9,5248
2024-07-25 01:00:00,2376.9,2377.3,2368.5,2375.6,6799
2024-07-25 02:00:00,2375.7,2378.1,2368.9,2371.2,10070
2024-07-25 03:00:00,2371.1,2376.8,2365.1,2373.6,15177
2024-07-25 04:00:00,2373.6,2377.5,2371.7,2374.4,9563
2024-07-25 05:00:00,2374.4,2375.9,2370.0,2373.2,6257
2024-07-25 06:00:00,2373.2,2382.2,2371.3,2380.8,13067
2024-07-25 07:00:00,2380.8,2381.3,2367.3,2367.8,12203
2024-07-25 08:00:00,2367.7,2377.0,2362.0,2370.5,33293
2024-07-25 09:00:00,2370.3,2376.0,2361.3,2364.2,23179
2024-07-25 10:00:00,2364.2,2367.8,2357.2,2366.1,22459
2024-07-25 11:00:00,2366.0,2367.2,2361.4,2362.5,12885
2024-07-25 12:00:00,2362.4,2363.9,2356.7,2361.9,15533
2024-07-25 13:00:00,2361.9,2364.7,2351.9,2355.3,24686
2024-07-25 14:00:00,2355.4,2359.5,2353.4,2356.4,6828
2024-07-25 15:00:00,2356.3,2363.1,2355.3,2361.7,5440
2024-07-25 16:00:00,2361.7,2364.6,2358.6,2363.4,5524
2024-07-25 18:00:00,2363.8,2364.4,2361.8,2362.2,0
2024-07-25 19:00:00,2362.2,2363.7,2360.9,2362.8,897
2024-07-25 20:00:00,2362.8,2364.3,2361.0,2361.6,2308
2024-07-25 21:00:00,2361.5,2372.7,2354.6,2372.0,7523
2024-07-25 22:00:00,2372.2,2378.0,2369.0,2372.7,6013
2024-07-25 23:00:00,2372.7,2377.0,2370.2,2370.3,4774
2024-07-26 00:00:00,2370.5,2371.4,2368.4,2368.4,2268
2024-07-26 01:00:00,2368.3,2373.8,2366.8,2372.6,4109
2024-07-26 02:00:00,2372.8,2372.9,2363.6,2368.1,7719
2024-07-26 03:00:00,2368.1,2370.5,2366.9,2370.0,3948
2024-07-26 04:00:00,2370.2,2372.8,2367.9,2371.5,4626
2024-07-26 05:00:00,2371.4,2373.0,2370.2,2372.3,4045
2024-07-26 06:00:00,2372.3,2374.0,2371.2,2371.4,4665
2024-07-26 07:00:00,2371.4,2374.5,2368.9,2371.9,5790
2024-07-26 08:00:00,2371.8,2377.9,2369.7,2376.4,16340
2024-07-26 09:00:00,2376.4,2382.4,2372.6,2380.4,17830
2024-07-26 10:00:00,2380.6,2389.7,2378.0,2380.8,19439
2024-07-26 11:00:00,2380.7,2386.0,2379.8,2384.2,9856
2024-07-26 12:00:00,2384.2,2389.5,2383.6,2388.3,7390
2024-07-26 13:00:00,2388.2,2388.3,2380.1,2382.4,9952
2024-07-26 14:00:00,2382.5,2385.3,2381.8,2383.4,2843
2024-07-26 15:00:00,2383.5,2386.2,2381.7,2385.4,3709
2024-07-26 16:00:00,2385.5,2387.9,2384.6,2385.7,1994
2024-07-28 18:00:00,2386.9,2402.1,2386.0,2394.5,4349
2024-07-28 19:00:00,2394.6,2397.7,2393.4,2396.0,1701
2024-07-28 20:00:00,2396.4,2400.7,2396.0,2398.8,2614
2024-07-28 21:00:00,2398.8,2401.3,2387.6,2391.7,5706
2024-07-28 22:00:00,2391.5,2393.4,2389.6,2391.8,2004
2024-07-28 23:00:00,2391.7,2394.2,2390.7,2393.2,1652
2024-07-29 00:00:00,2393.2,2394.6,2391.8,2393.3,1402
2024-07-29 01:00:00,2393.4,2394.7,2388.6,2391.0,1854
2024-07-29 02:00:00,2390.8,2393.8,2388.8,2389.8,3021
2024-07-29 03:00:00,2389.9,2392.4,2387.1,2390.2,6921
2024-07-29 04:00:00,2390.1,2391.3,2385.4,2388.9,5410
2024-07-29 05:00:00,2389.0,2391.9,2388.2,2391.2,4011
2024-07-29 06:00:00,2391.1,2393.6,2390.3,2390.8,5279
2024-07-29 07:00:00,2390.8,2391.3,2385.4,2386.4,5626
2024-07-29 08:00:00,2386.3,2392.4,2384.1,2392.0,9078
2024-07-29 09:00:00,2391.9,2394.5,2387.6,2389.9,14398
2024-07-29 10:00:00,2390.0,2392.1,2378.2,2379.4,10573
2024-07-29 11:00:00,2379.4,2381.1,2367.3,2374.6,11317
2024-07-29 12:00:00,2374.7,2376.7,2372.2,2375.7,0
2024-07-29 13:00:00,2375.8,2380.8,2375.1,2375.5,112747
2024-07-29 14:00:00,2375.6,2378.2,2374.3,2376.9,2782
2024-07-29 15:00:00,2377.0,2382.8,2375.6,2380.1,5688
2024-07-29 16:00:00,2380.2,2381.7,2378.4,2381.5,2159
2024-07-29 18:00:00,2380.9,2381.7,2379.1,2381.3,0
2024-07-29 19:00:00,2380.6,2381.0,2378.2,2378.2,867
2024-07-29 20:00:00,2378.2,2381.0,2377.5,2379.1,250
2024-07-29 21:00:00,2377.9,2379.6,2373.8,2376.6,511
2024-07-29 22:00:00,2376.9,2380.4,2375.9,2378.2,240
2024-07-29 23:00:00,2379.3,2381.7,2378.1,2381.7,204
2024-07-30 00:00:00,2382.7,2385.2,2382.5,2383.2,245
2024-07-30 01:00:00,2383.1,2386.6,2382.9,2384.1,286
2024-07-30 02:00:00,2386.1,2388.0,2384.8,2387.5,1395
2024-07-30 03:00:00,2387.5,2436.6,2386.2,2435.2,26519
2024-07-30 04:00:00,2387.4,2436.4,2385.6,2434.2,3830
2024-07-30 05:00:00,2434.3,2434.8,2385.0,2433.8,3918
2024-07-30 06:00:00,2433.8,2437.5,2385.0,2436.7,5088
2024-07-30 07:00:00,2436.6,2437.2,2383.5,2431.9,4976
2024-07-30 08:00:00,2432.1,2433.4,2382.9,2431.4,7519
2024-07-30 09:00:00,2383.8,2442.9,2383.0,2439.3,20095
2024-07-30 10:00:00,2439.1,2441.0,2432.5,2436.6,16030
2024-07-30 11:00:00,2436.6,2437.4,2428.1,2430.1,13581
2024-07-30 12:00:00,2430.2,2445.6,2429.8,2445.1,15529
2024-07-30 13:00:00,2445.2,2457.5,2445.1,2451.0,29100
2024-07-30 14:00:00,2451.1,2452.6,2448.7,2450.1,4060
2024-07-30 15:00:00,2450.0,2453.6,2448.9,2452.2,3636
2024-07-30 16:00:00,2452.2,2458.3,2452.1,2456.0,5305
2024-07-30 18:00:00,2455.6,2456.3,2453.2,2454.4,0
2024-07-30 19:00:00,2454.5,2455.5,2453.8,2455.0,1580
2024-07-30 20:00:00,2455.2,2455.3,2453.1,2454.2,1559
2024-07-30 21:00:00,2454.3,2457.4,2449.2,2454.2,7300
2024-07-30 22:00:00,2454.2,2454.5,2449.5,2452.7,4401
2024-07-30 23:00:00,2452.6,2464.3,2452.5,2461.8,8680
2024-07-31 00:00:00,2461.6,2466.4,2459.5,2466.0,4597
2024-07-31 01:00:00,2466.0,2467.0,2462.0,2462.5,4005
2024-07-31 02:00:00,2462.4,2470.4,2461.2,2466.2,6737
2024-07-31 03:00:00,2466.2,2467.0,2461.2,2462.3,5638
2024-07-31 04:00:00,2462.1,2466.8,2460.4,2466.5,5981
2024-07-31 05:00:00,2466.5,2467.3,2463.8,2465.8,4663
2024-07-31 06:00:00,2465.9,2467.6,2462.4,2463.2,4248
2024-07-31 07:00:00,2463.2,2468.1,2462.9,2464.3,5931
2024-07-31 08:00:00,2464.5,2468.1,2462.0,2465.2,9364
2024-07-31 09:00:00,2465.3,2472.5,2462.6,2471.2,14344
2024-07-31 10:00:00,2471.3,2474.2,2464.0,2467.4,15887
2024-07-31 11:00:00,2467.3,2469.0,2464.9,2468.0,6004
2024-07-31 12:00:00,2468.1,2472.7,2467.4,2472.0,5218
2024-07-31 13:00:00,2472.1,2474.3,2470.6,2471.2,9278
2024-07-31 14:00:00,2471.8,2480.6,2466.5,2478.9,16075
2024-07-31 15:00:00,2478.8,2496.6,2476.2,2495.3,23788
2024-07-31 16:00:00,2495.4,2496.5,2491.5,2493.4,4049
2024-07-31 18:00:00,2493.4,2494.9,2491.6,2492.4,0
2024-07-31 19:00:00,2492.4,2492.8,2488.0,2490.5,2048
2024-07-31 20:00:00,2490.6,2494.0,2489.9,2492.1,4009
2024-07-31 21:00:00,2492.0,2502.8,2490.5,2495.5,11446
2024-07-31 22:00:00,2495.3,2495.4,2481.6,2485.5,8268
2024-07-31 23:00:00,2485.5,2489.0,2483.5,2487.1,4251
2024-08-01 00:00:00,2487.0,2491.0,2486.8,2488.4,2968
2024-08-01 01:00:00,2488.4,2492.3,2487.7,2491.0,3600
2024-08-01 02:00:00,2490.9,2492.9,2488.3,2489.1,6392
2024-08-01 03:00:00,2489.2,2489.3,2484.0,2484.4,6653
2024-08-01 04:00:00,2484.4,2486.5,2477.1,2478.1,9997
2024-08-01 05:00:00,2478.0,2479.4,2474.0,2476.8,8861
2024-08-01 06:00:00,2476.9,2480.8,2475.9,2479.2,6031
2024-08-01 07:00:00,2479.2,2487.4,2478.3,2485.0,6893
2024-08-01 08:00:00,2485.1,2499.4,2484.6,2495.3,18540
2024-08-01 09:00:00,2495.0,2501.9,2492.7,2497.8,20937
2024-08-01 10:00:00,2498.1,2506.6,2487.3,2492.8,32824
2024-08-01 11:00:00,2492.7,2496.2,2486.4,2489.4,18202
2024-08-01 12:00:00,2489.3,2492.8,2487.5,2488.6,9074
2024-08-01 13:00:00,2488.6,2488.8,2479.5,2483.2,14763
2024-08-01 14:00:00,2483.1,2484.7,2478.6,2483.5,6555
2024-08-01 15:00:00,2483.6,2488.4,2482.2,2487.4,6937
2024-08-01 16:00:00,2487.3,2492.0,2486.2,2490.9,2018
2024-08-01 18:00:00,2490.8,2491.5,2487.8,2489.4,0
2024-08-01 19:00:00,2489.3,2490.9,2488.3,2489.9,1792
2024-08-01 20:00:00,2490.0,2496.9,2488.1,2493.1,5465
2024-08-01 21:00:00,2493.2,2495.0,2479.5,2491.6,10048
2024-08-01 22:00:00,2491.5,2500.1,2491.0,2500.0,8278
2024-08-01 23:00:00,2499.9,2503.8,2496.0,2498.7,5713
2024-08-02 00:00:00,2498.8,2504.5,2498.4,2502.1,3208
2024-08-02 01:00:00,2501.9,2511.5,2501.8,2511.3,5600
2024-08-02 02:00:00,2511.5,2513.4,2506.9,2509.8,8516
2024-08-02 03:00:00,2509.7,2510.9,2504.4,2505.8,7544
2024-08-02 04:00:00,2505.7,2509.5,2505.2,2506.0,3920
2024-08-02 05:00:00,2506.2,2508.5,2505.2,2508.3,4959
2024-08-02 06:00:00,2508.4,2509.9,2505.3,2507.9,5238
2024-08-02 07:00:00,2508.0,2509.2,2501.8,2503.5,7911
2024-08-02 08:00:00,2503.3,2522.5,2499.9,2517.1,35754
2024-08-02 09:00:00,2517.0,2518.6,2499.4,2513.0,35836
2024-08-02 10:00:00,2516.8,2518.4,2471.7,2474.4,55408
2024-08-02 11:00:00,2474.3,2478.9,2453.1,2476.1,41888
2024-08-02 12:00:00,2476.3,2482.4,2469.1,2473.2,18444
2024-08-02 13:00:00,2473.1,2474.4,2465.5,2470.5,10875
2024-08-02 14:00:00,2470.6,2476.5,2469.5,2471.9,5309
2024-08-02 15:00:00,2471.9,2480.8,2468.4,2480.0,8030
2024-08-02 16:00:00,2480.0,2486.6,2478.1,2486.1,3854
2024-08-04 18:00:00,2490.3,2490.4,2480.1,2483.5,4317
2024-08-04 19:00:00,2483.6,2487.8,2481.3,2483.1,3509
2024-08-04 20:00:00,2483.2,2483.2,2455.7,2464.3,15202
2024-08-04 21:00:00,2463.7,2484.2,2462.1,2481.6,13649
2024-08-04 22:00:00,2481.5,2488.5,2475.1,2484.7,6671
2024-08-04 23:00:00,2484.7,2494.5,2484.6,2493.6,6774
2024-08-05 00:00:00,2493.0,2500.8,2492.8,2494.6,8107
2024-08-05 01:00:00,2494.6,2494.6,2473.6,2479.7,14896
2024-08-05 02:00:00,2479.6,2480.3,2463.6,2470.0,16119
2024-08-05 03:00:00,2470.0,2485.1,2465.9,2473.2,15736
2024-08-05 04:00:00,2473.3,2475.8,2464.1,2465.8,11429
2024-08-05 05:00:00,2466.1,2469.7,2460.0,2464.9,14145
2024-08-05 06:00:00,2465.0,2466.4,2448.6,2449.1,14856
2024-08-05 07:00:00,2449.0,2449.0,2423.1,2426.8,32401
2024-08-05 08:00:00,2426.9,2433.0,2403.8,2414.1,40393
2024-08-05 09:00:00,2414.2,2437.4,2414.2,2434.1,36174
2024-08-05 10:00:00,2433.4,2438.0,2426.1,2437.1,21579
2024-08-05 11:00:00,2436.9,2452.8,2436.7,2443.3,20442
2024-08-05 12:00:00,2443.3,2449.6,2439.5,2443.7,11049
2024-08-05 13:00:00,2443.7,2447.7,2441.0,2446.2,8972
2024-08-05 14:00:00,2446.2,2450.2,2444.9,2446.1,3686
2024-08-05 15:00:00,2446.2,2454.7,2445.8,2449.0,5707
2024-08-05 16:00:00,2449.3,2453.1,2446.9,2452.1,2531
2024-08-05 18:00:00,2451.7,2453.8,2449.0,2450.1,0
2024-08-05 19:00:00,2450.2,2451.3,2445.4,2445.9,1658
2024-08-05 20:00:00,2446.0,2459.5,2445.7,2457.1,5278
2024-08-05 21:00:00,2457.1,2459.0,2451.7,2453.4,5601
2024-08-05 22:00:00,2453.2,2454.1,2446.5,2448.1,4687
2024-08-05 23:00:00,2448.2,2451.8,2447.1,2449.4,2901
2024-08-06 00:00:00,2449.5,2453.4,2447.3,2448.5,3365
2024-08-06 01:00:00,2448.6,2452.3,2438.5,2439.2,7213
2024-08-06 02:00:00,2439.4,2448.9,2434.6,2442.0,11741
2024-08-06 03:00:00,2442.1,2451.3,2442.0,2450.5,6823
2024-08-06 04:00:00,2450.6,2456.2,2448.6,2451.5,5748
2024-08-06 05:00:00,2451.7,2456.2,2450.8,2454.1,6083
2024-08-06 06:00:00,2454.0,2457.1,2451.9,2453.0,3670
2024-08-06 07:00:00,2453.0,2456.0,2450.7,2451.7,6037
2024-08-06 08:00:00,2451.7,2452.9,2432.1,2433.4,17447
2024-08-06 09:00:00,2433.4,2439.9,2429.3,2436.2,18767
2024-08-06 10:00:00,2436.2,2444.1,2426.9,2429.2,20946
2024-08-06 11:00:00,2429.2,2431.7,2421.8,2428.4,21532
2024-08-06 12:00:00,2428.5,2432.5,2426.4,2431.0,8873
2024-08-06 13:00:00,2431.0,2434.6,2428.6,2434.2,7989
2024-08-06 14:00:00,2433.0,2437.1,2432.4,2433.9,4133
2024-08-06 15:00:00,2434.0,2434.3,2427.6,2428.8,4895
2024-08-06 16:00:00,2429.0,2432.1,2428.1,2432.1,2102
2024-08-06 18:00:00,2432.6,2433.1,2428.8,2429.4,0
2024-08-06 19:00:00,2429.3,2430.5,2423.3,2424.3,2853
2024-08-06 20:00:00,2424.2,2427.6,2421.1,2426.8,3683
2024-08-06 21:00:00,2426.8,2428.0,2418.8,2424.0,9659
2024-08-06 22:00:00,2424.0,2428.6,2420.7,2424.0,6576
2024-08-06 23:00:00,2424.2,2427.4,2423.0,2425.4,3268
2024-08-07 00:00:00,2426.0,2434.8,2425.7,2433.0,4749
2024-08-07 01:00:00,2432.7,2436.2,2428.4,2431.3,5761
2024-08-07 02:00:00,2431.3,2437.6,2429.4,2434.5,5729
2024-08-07 03:00:00,2434.7,2434.8,2428.0,2429.3,5334
2024-08-07 04:00:00,2429.2,2433.6,2428.0,2433.2,4924
2024-08-07 05:00:00,2433.4,2436.5,2432.5,2434.4,4622
2024-08-07 06:00:00,2434.5,2438.4,2433.2,2437.6,4450
2024-08-07 07:00:00,2437.6,2442.7,2434.2,2441.4,8425
2024-08-07 08:00:00,2441.4,2447.3,2439.2,2444.1,10367
2024-08-07 09:00:00,2444.3,2445.3,2436.7,2440.3,10761
2024-08-07 10:00:00,2440.1,2443.5,2438.1,2439.2,11757
2024-08-07 11:00:00,2439.3,2442.3,2432.1,2434.8,18030
2024-08-07 12:00:00,2434.7,2440.1,2433.1,2439.9,6772
2024-08-07 13:00:00,2439.9,2440.0,2429.6,2430.0,11891
2024-08-07 14:00:00,2429.9,2432.0,2423.9,2426.3,8614
2024-08-07 15:00:00,2426.2,2430.7,2425.3,2425.5,4978
2024-08-07 16:00:00,2426.1,2427.4,2421.7,2423.5,3729
2024-08-07 18:00:00,2422.8,2423.5,2420.2,2422.7,0
2024-08-07 19:00:00,2422.8,2425.0,2421.5,2423.8,2141
2024-08-07 20:00:00,2423.9,2427.9,2422.3,2424.3,4092
2024-08-07 21:00:00,2424.3,2430.4,2423.5,2425.4,6355
2024-08-07 22:00:00,2425.3,2429.7,2424.8,2429.6,2667
2024-08-07 23:00:00,2429.5,2433.8,2427.8,2433.0,2396
2024-08-08 00:00:00,2433.3,2435.1,2431.5,2433.2,3133
2024-08-08 01:00:00,2433.1,2434.4,2431.2,2434.2,2758
2024-08-08 02:00:00,2434.3,2439.7,2431.5,2436.6,6101
2024-08-08 03:00:00,2436.5,2439.1,2434.1,2435.6,4450
2024-08-08 04:00:00,2435.5,2437.0,2431.5,2433.2,3032
2024-08-08 05:00:00,2433.2,2437.9,2432.6,2435.0,4400
2024-08-08 06:00:00,2435.1,2445.7,2435.1,2444.5,6683
2024-08-08 07:00:00,2444.5,2453.1,2444.2,2451.7,14267
2024-08-08 08:00:00,2451.7,2455.3,2446.6,2447.4,16880
2024-08-08 09:00:00,2447.4,2454.9,2441.2,2453.4,22124
2024-08-08 10:00:00,2453.4,2464.0,2448.5,2453.2,30312
2024-08-08 11:00:00,2453.3,2459.8,2451.3,2458.1,8347
2024-08-08 12:00:00,2458.0,2463.4,2456.2,2457.5,9397
2024-08-08 13:00:00,2457.6,2464.5,2455.3,2463.0,11308
2024-08-08 14:00:00,2463.0,2465.8,2461.7,2463.6,4910
2024-08-08 15:00:00,2463.5,2464.3,2461.1,2463.1,4074
2024-08-08 16:00:00,2463.2,2467.9,2462.7,2467.4,2304
2024-08-08 18:00:00,2467.3,2467.6,2464.1,2465.1,0
2024-08-08 19:00:00,2465.1,2465.9,2462.2,2463.8,1613
2024-08-08 20:00:00,2464.1,2464.8,2461.8,2463.0,2277
2024-08-08 21:00:00,2463.3,2467.2,2459.4,2466.7,4777
2024-08-08 22:00:00,2466.6,2468.7,2461.7,2461.9,3500
2024-08-08 23:00:00,2462.0,2462.8,2458.9,2460.8,2397
2024-08-09 00:00:00,2460.5,2464.0,2459.7,2463.4,1703
2024-08-09 01:00:00,2462.6,2463.1,2456.4,2456.5,4047
2024-08-09 02:00:00,2456.3,2461.1,2456.1,2460.0,4538
2024-08-09 03:00:00,2459.9,2466.2,2459.5,2462.3,5022
2024-08-09 04:00:00,2462.4,2465.9,2461.2,2463.5,3660
2024-08-09 05:00:00,2463.6,2464.6,2461.8,2462.6,4149
2024-08-09 06:00:00,2462.7,2471.4,2462.1,2470.0,6911
2024-08-09 07:00:00,2470.1,2472.2,2464.5,2465.9,8893
2024-08-09 08:00:00,2465.9,2469.3,2462.7,2469.0,9613
2024-08-09 09:00:00,2469.2,2472.7,2460.0,2466.1,25690
2024-08-09 10:00:00,2466.0,2475.5,2464.5,2467.8,21486
2024-08-09 11:00:00,2467.8,2471.9,2465.8,2470.9,9900
2024-08-09 12:00:00,2471.8,2474.0,2466.6,2473.9,7335
2024-08-09 13:00:00,2473.9,2476.5,2469.9,2470.0,9481
2024-08-09 14:00:00,2470.1,2470.3,2466.6,2469.3,4122
2024-08-09 15:00:00,2469.3,2469.6,2466.7,2468.6,3576
2024-08-09 16:00:00,2468.6,2470.7,2468.5,2470.6,1992
2024-08-11 18:00:00,2470.1,2472.3,2466.0,2469.3,2007
2024-08-11 19:00:00,2469.2,2469.4,2466.2,2466.8,1751
2024-08-11 20:00:00,2466.8,2467.9,2465.7,2467.3,1474
2024-08-11 21:00:00,2467.3,2469.2,2463.5,2465.0,2572
2024-08-11 22:00:00,2464.8,2466.6,2462.7,2465.3,3049
2024-08-11 23:00:00,2465.0,2468.2,2464.8,2467.7,2120
2024-08-12 00:00:00,2467.6,2472.5,2467.0,2472.4,1707
2024-08-12 01:00:00,2472.3,2473.8,2467.9,2473.4,5214
2024-08-12 02:00:00,2473.4,2476.2,2472.4,2475.7,4298
2024-08-12 03:00:00,2475.9,2482.4,2474.4,2480.9,6274
2024-08-12 04:00:00,2481.1,2482.9,2478.9,2481.0,6417
2024-08-12 05:00:00,2481.0,2484.3,2480.0,2481.9,9049
2024-08-12 06:00:00,2481.9,2484.0,2480.5,2483.1,4861
2024-08-12 07:00:00,2483.2,2483.5,2478.8,2480.7,7909
2024-08-12 08:00:00,2480.7,2484.8,2480.5,2483.8,7025
2024-08-12 09:00:00,2483.9,2497.2,2481.4,2493.7,23604
2024-08-12 10:00:00,2493.7,2495.1,2483.7,2492.8,19344
2024-08-12 11:00:00,2492.6,2500.3,2492.3,2499.3,16305
2024-08-12 12:00:00,2499.3,2505.8,2498.5,2502.9,12277
2024-08-12 13:00:00,2502.8,2508.5,2501.3,2507.1,10869
2024-08-12 14:00:00,2507.0,2511.3,2506.3,2510.4,8055
2024-08-12 15:00:00,2510.3,2511.9,2509.8,2510.6,6202
2024-08-12 16:00:00,2510.7,2513.4,2510.5,2513.4,2464
2024-08-12 18:00:00,2512.6,2514.4,2509.9,2513.9,0
2024-08-12 19:00:00,2513.8,2516.6,2512.8,2515.6,2623
2024-08-12 20:00:00,2515.6,2517.3,2508.4,2511.9,5205
2024-08-12 21:00:00,2511.9,2513.7,2501.2,2506.7,7944
2024-08-12 22:00:00,2506.6,2507.8,2501.6,2501.6,2826
2024-08-12 23:00:00,2501.5,2505.0,2501.4,2503.5,3625
2024-08-13 00:00:00,2503.9,2505.4,2500.3,2502.3,2650
2024-08-13 01:00:00,2502.2,2504.5,2498.7,2503.0,5313
2024-08-13 02:00:00,2503.1,2504.6,2501.3,2503.4,3364
2024-08-13 03:00:00,2503.3,2505.5,2500.5,2503.8,6919
2024-08-13 04:00:00,2503.9,2503.9,2498.2,2499.9,5201
2024-08-13 05:00:00,2499.9,2501.9,2498.3,2500.0,3932
2024-08-13 06:00:00,2500.0,2502.9,2498.4,2501.4,4570
2024-08-13 07:00:00,2501.4,2506.4,2500.6,2505.3,7494
2024-08-13 08:00:00,2505.3,2512.5,2503.7,2507.3,17508
2024-08-13 09:00:00,2507.3,2514.9,2498.2,2514.7,19821
2024-08-13 10:00:00,2511.9,2512.8,2503.2,2511.0,13134
2024-08-13 11:00:00,2511.1,2512.8,2505.5,2508.3,8007
2024-08-13 12:00:00,2508.3,2510.8,2505.9,2509.2,6440
2024-08-13 13:00:00,2509.2,2510.1,2505.5,2507.3,6186
2024-08-13 14:00:00,2507.3,2508.7,2506.2,2507.6,3596
2024-08-13 15:00:00,2507.6,2508.8,2502.0,2506.9,4988
2024-08-13 16:00:00,2506.8,2507.5,2504.3,2504.9,2160
2024-08-13 18:00:00,2506.3,2506.7,2503.1,2505.1,0
2024-08-13 19:00:00,2505.0,2505.0,2502.4,2503.6,1600
2024-08-13 20:00:00,2503.7,2507.1,2503.5,2505.2,2393
2024-08-13 21:00:00,2505.2,2512.2,2503.9,2504.9,5423
2024-08-13 22:00:00,2504.8,2505.1,2494.5,2499.2,8046
2024-08-13 23:00:00,2499.2,2501.0,2498.2,2500.1,2227
2024-08-14 00:00:00,2500.0,2502.2,2499.3,2501.2,2330
2024-08-14 01:00:00,2501.1,2501.9,2498.4,2501.3,1799
2024-08-14 02:00:00,2501.5,2506.8,2499.6,2506.5,5502
2024-08-14 03:00:00,2506.2,2510.4,2505.3,2509.7,4935
2024-08-14 04:00:00,2509.8,2517.9,2507.7,2513.5,9503
2024-08-14 05:00:00,2513.5,2514.6,2510.1,2511.8,4549
2024-08-14 06:00:00,2511.9,2515.3,2509.5,2514.0,3999
2024-08-14 07:00:00,2514.2,2514.3,2510.7,2513.8,4146
2024-08-14 08:00:00,2513.8,2519.7,2500.8,2507.9,22634
2024-08-14 09:00:00,2507.9,2508.8,2487.7,2496.2,30440
2024-08-14 10:00:00,2496.1,2497.1,2485.4,2488.6,21097
2024-08-14 11:00:00,2488.6,2490.7,2480.3,2482.6,17290
2024-08-14 12:00:00,2482.5,2484.0,2476.2,2482.5,11796
2024-08-14 13:00:00,2482.4,2483.4,2478.6,2479.9,8093
2024-08-14 14:00:00,2479.9,2486.4,2478.9,2486.2,5411
2024-08-14 15:00:00,2486.0,2486.8,2482.6,2485.5,3775
2024-08-14 16:00:00,2485.6,2486.8,2484.8,2486.0,1535
2024-08-14 18:00:00,2486.2,2486.3,2484.0,2485.5,0
2024-08-14 19:00:00,2485.5,2486.9,2484.8,2486.8,2383
2024-08-14 20:00:00,2486.9,2491.5,2479.7,2487.3,6400
2024-08-14 21:00:00,2487.3,2490.8,2485.4,2488.0,4745
2024-08-14 22:00:00,2488.2,2490.0,2487.2,2488.9,2398
2024-08-14 23:00:00,2489.0,2491.9,2488.9,2491.1,1855
2024-08-15 00:00:00,2491.3,2493.0,2490.3,2490.9,2794
2024-08-15 01:00:00,2490.8,2492.7,2487.7,2491.5,3701
2024-08-15 02:00:00,2491.6,2496.4,2490.2,2493.6,6162
2024-08-15 03:00:00,2493.6,2494.3,2492.0,2493.3,3580
2024-08-15 04:00:00,2493.4,2494.9,2491.2,2493.0,4190
2024-08-15 05:00:00,2493.0,2494.8,2492.9,2494.3,2348
2024-08-15 06:00:00,2494.3,2497.9,2494.3,2495.7,3433
2024-08-15 07:00:00,2495.7,2501.9,2495.3,2501.1,6688
2024-08-15 08:00:00,2501.3,2508.0,2478.0,2478.4,29055
2024-08-15 09:00:00,2478.5,2488.8,2469.2,2481.9,33458
2024-08-15 10:00:00,2481.7,2496.5,2481.7,2490.0,17084
2024-08-15 11:00:00,2489.8,2497.3,2488.3,2496.1,9207
2024-08-15 12:00:00,2496.1,2497.7,2492.6,2493.2,4544
2024-08-15 13:00:00,2493.4,2494.2,2491.0,2493.2,5520
2024-08-15 14:00:00,2493.3,2496.2,2492.5,2496.1,5317
2024-08-15 15:00:00,2496.2,2499.4,2491.9,2493.5,5531
2024-08-15 16:00:00,2493.4,2495.3,2492.6,2494.5,2349
2024-08-15 18:00:00,2494.4,2494.7,2492.0,2492.4,0
2024-08-15 19:00:00,2492.4,2495.7,2491.8,2494.7,2075
2024-08-15 20:00:00,2494.8,2497.3,2494.5,2495.9,1219
2024-08-15 21:00:00,2496.0,2497.7,2493.2,2495.1,2784
2024-08-15 22:00:00,2494.8,2495.4,2491.2,2492.6,3153
2024-08-15 23:00:00,2492.5,2493.3,2488.2,2490.0,4215
2024-08-16 00:00:00,2489.9,2491.1,2489.3,2490.0,2277
2024-08-16 01:00:00,2490.1,2493.8,2489.8,2493.0,2670
2024-08-16 02:00:00,2493.1,2495.4,2491.9,2492.4,4465
2024-08-16 03:00:00,2492.4,2501.9,2489.4,2499.3,10071
2024-08-16 04:00:00,2499.6,2501.5,2496.5,2500.0,6165
2024-08-16 05:00:00,2500.0,2502.1,2498.9,2500.9,3837
2024-08-16 06:00:00,2500.8,2506.0,2500.4,2502.3,6000
2024-08-16 07:00:00,2502.4,2510.3,2502.4,2510.0,9679
2024-08-16 08:00:00,2510.0,2531.4,2509.3,2530.5,29334
2024-08-16 09:00:00,2530.6,2538.7,2522.2,2533.3,41061
2024-08-16 10:00:00,2533.3,2533.9,2515.8,2525.6,29591
2024-08-16 11:00:00,2525.6,2531.0,2524.1,2530.3,12598
2024-08-16 12:00:00,2530.5,2536.3,2530.3,2534.4,11330
2024-08-16 13:00:00,2534.3,2538.7,2531.4,2538.2,9747
2024-08-16 14:00:00,2538.3,2544.1,2536.8,2541.9,10147
2024-08-16 15:00:00,2542.0,2547.4,2540.2,2546.5,7272
2024-08-16 16:00:00,2546.5,2548.3,2543.8,2546.2,3515
2024-08-18 18:00:00,2549.7,2549.9,2540.9,2543.6,4728
2024-08-18 19:00:00,2543.6,2545.6,2542.2,2545.1,1224
2024-08-18 20:00:00,2545.2,2545.6,2539.0,2540.9,4773
2024-08-18 21:00:00,2541.1,2545.0,2533.7,2537.0,10628
2024-08-18 22:00:00,2536.9,2543.0,2534.7,2542.5,5500
2024-08-18 23:00:00,2542.2,2544.8,2539.3,2541.9,4628
2024-08-19 00:00:00,2541.9,2543.4,2537.6,2539.5,3342
2024-08-19 01:00:00,2539.5,2541.1,2537.9,2539.9,2999
2024-08-19 02:00:00,2539.6,2543.6,2538.3,2540.5,4924
2024-08-19 03:00:00,2540.6,2543.4,2537.9,2541.2,6615
2024-08-19 04:00:00,2541.2,2545.8,2540.7,2541.5,4614
2024-08-19 05:00:00,2541.5,2542.5,2538.2,2538.4,4292
2024-08-19 06:00:00,2538.3,2538.5,2526.9,2527.7,9249
2024-08-19 07:00:00,2527.8,2533.5,2524.4,2532.8,7939
2024-08-19 08:00:00,2532.9,2533.8,2526.4,2529.4,6586
2024-08-19 09:00:00,2529.5,2534.3,2523.7,2532.9,15725
2024-08-19 10:00:00,2532.8,2543.0,2531.5,2539.5,15911
2024-08-19 11:00:00,2539.5,2544.4,2538.2,2542.4,8991
2024-08-19 12:00:00,2542.6,2545.8,2540.3,2543.8,7865
2024-08-19 13:00:00,2543.7,2544.1,2539.1,2541.6,7447
2024-08-19 14:00:00,2541.5,2543.4,2540.9,2542.8,5353
2024-08-19 15:00:00,2542.7,2544.3,2541.5,2543.9,3701
2024-08-19 16:00:00,2543.9,2544.2,2541.3,2542.6,1749
2024-08-19 18:00:00,2542.4,2542.9,2540.2,2542.5,0
2024-08-19 19:00:00,2542.4,2542.6,2540.7,2541.8,1335
2024-08-19 20:00:00,2541.9,2545.0,2541.5,2543.0,2746
2024-08-19 21:00:00,2543.0,2546.4,2539.3,2540.0,5307
2024-08-19 22:00:00,2539.9,2540.6,2536.5,2537.4,4353
2024-08-19 23:00:00,2537.5,2540.2,2536.6,2539.4,2002
2024-08-20 00:00:00,2539.5,2540.4,2537.1,2538.6,1341
2024-08-20 01:00:00,2538.7,2541.4,2537.3,2537.3,2828
2024-08-20 02:00:00,2537.2,2543.8,2535.1,2540.5,5699
2024-08-20 03:00:00,2540.4,2553.7,2539.3,2553.2,11554
2024-08-20 04:00:00,2553.4,2561.7,2552.8,2558.3,14082
2024-08-20 05:00:00,2558.5,2563.8,2558.4,2560.3,8804
2024-08-20 06:00:00,2560.2,2563.4,2559.6,2561.4,4901
2024-08-20 07:00:00,2561.2,2565.5,2560.6,2564.8,5708
2024-08-20 08:00:00,2565.0,2568.0,2560.2,2565.2,12110
2024-08-20 09:00:00,2565.3,2570.4,2558.3,2568.5,22041
2024-08-20 10:00:00,2568.4,2568.8,2558.4,2562.1,18930
2024-08-20 11:00:00,2562.1,2562.3,2543.6,2546.4,26146
2024-08-20 12:00:00,2546.6,2548.6,2538.6,2547.1,14255
2024-08-20 13:00:00,2547.1,2551.4,2544.6,2548.8,7609
2024-08-20 14:00:00,2548.7,2553.8,2547.5,2551.7,5096
2024-08-20 15:00:00,2551.6,2553.5,2549.0,2553.2,4083
2024-08-20 16:00:00,2553.1,2555.3,2551.5,2552.1,1685
2024-08-20 18:00:00,2552.2,2553.9,2551.3,2552.9,0
2024-08-20 19:00:00,2552.8,2554.1,2550.7,2551.1,1128
2024-08-20 20:00:00,2551.1,2553.9,2550.6,2551.7,2060
2024-08-20 21:00:00,2551.8,2555.2,2548.8,2554.7,4502
2024-08-20 22:00:00,2554.8,2558.0,2553.9,2557.5,4786
2024-08-20 23:00:00,2557.5,2557.5,2551.2,2555.1,2979
2024-08-21 00:00:00,2555.3,2555.6,2551.6,2554.0,2517
2024-08-21 01:00:00,2553.9,2556.3,2552.9,2553.0,2661
2024-08-21 02:00:00,2553.1,2557.5,2549.5,2552.2,6011
2024-08-21 03:00:00,2552.3,2554.8,2545.7,2547.3,6354
2024-08-21 04:00:00,2547.2,2550.1,2544.5,2545.4,5504
2024-08-21 05:00:00,2545.2,2547.5,2542.6,2543.8,5842
2024-08-21 06:00:00,2543.7,2548.0,2542.6,2547.5,4833
2024-08-21 07:00:00,2547.7,2552.0,2545.0,2549.9,4849
2024-08-21 08:00:00,2550.0,2552.0,2544.9,2548.4,8311
2024-08-21 09:00:00,2548.6,2551.0,2535.4,2540.8,16366
2024-08-21 10:00:00,2540.7,2544.5,2528.2,2539.1,27020
2024-08-21 11:00:00,2539.1,2548.9,2539.1,2546.3,8971
2024-08-21 12:00:00,2546.2,2546.8,2540.9,2544.9,6579
2024-08-21 13:00:00,2544.8,2549.2,2544.7,2547.3,4644
2024-08-21 14:00:00,2547.2,2557.3,2547.0,2554.2,10104
2024-08-21 15:00:00,2554.2,2554.6,2549.1,2549.5,6061
2024-08-21 16:00:00,2549.6,2550.5,2547.7,2550.2,1590
2024-08-21 18:00:00,2549.9,2550.8,2548.7,2550.8,0
2024-08-21 19:00:00,2550.7,2551.3,2549.0,2549.7,925
2024-08-21 20:00:00,2549.9,2551.4,2548.0,2550.4,1709
2024-08-21 21:00:00,2550.3,2550.8,2543.4,2544.1,3254
2024-08-21 22:00:00,2544.0,2544.9,2536.4,2538.9,5002
2024-08-21 23:00:00,2538.9,2541.3,2537.9,2539.2,4933
2024-08-22 00:00:00,2539.2,2539.2,2536.1,2538.5,1945
2024-08-22 01:00:00,2538.6,2542.9,2537.5,2542.1,4290
2024-08-22 02:00:00,2542.0,2547.2,2539.7,2543.8,8485
2024-08-22 03:00:00,2543.8,2546.1,2540.7,2543.3,6359
2024-08-22 04:00:00,2543.3,2543.8,2538.5,2539.7,5554
2024-08-22 05:00:00,2539.8,2544.2,2537.1,2543.3,6455
2024-08-22 06:00:00,2543.2,2545.3,2541.2,2541.5,2552
2024-08-22 07:00:00,2541.4,2542.1,2533.7,2535.6,7433
2024-08-22 08:00:00,2535.7,2541.9,2531.3,2536.9,12222
2024-08-22 09:00:00,2536.9,2537.9,2518.7,2523.5,28081
2024-08-22 10:00:00,2523.7,2523.7,2506.4,2515.9,31583
2024-08-22 11:00:00,2515.8,2520.2,2510.7,2517.9,13600
2024-08-22 12:00:00,2518.0,2522.1,2517.4,2520.2,7719
2024-08-22 13:00:00,2520.1,2520.4,2515.3,2517.6,6966
2024-08-22 14:00:00,2518.0,2520.7,2516.1,2517.9,4654
2024-08-22 15:00:00,2517.9,2519.2,2514.2,2518.4,4005
2024-08-22 16:00:00,2518.6,2520.7,2518.0,2520.6,2455
2024-08-22 18:00:00,2521.1,2521.1,2519.8,2520.5,0
2024-08-22 19:00:00,2520.5,2523.0,2520.3,2522.9,902
2024-08-22 20:00:00,2522.9,2527.9,2521.9,2525.4,3477
2024-08-22 21:00:00,2525.4,2527.0,2523.3,2526.5,4393
2024-08-22 22:00:00,2526.6,2527.2,2522.1,2525.5,3215
2024-08-22 23:00:00,2525.4,2529.2,2524.9,2528.5,3574
2024-08-23 00:00:00,2528.6,2530.0,2528.0,2528.9,2047
2024-08-23 01:00:00,2528.9,2531.3,2526.6,2527.3,4778
2024-08-23 02:00:00,2527.3,2530.0,2526.0,2528.3,3565
2024-08-23 03:00:00,2528.5,2529.8,2527.1,2528.9,5095
2024-08-23 04:00:00,2528.8,2535.4,2528.4,2534.2,5769
2024-08-23 05:00:00,2534.3,2537.4,2532.4,2534.5,6794
2024-08-23 06:00:00,2534.4,2534.8,2531.0,2534.6,4244
2024-08-23 07:00:00,2534.5,2538.0,2532.9,2537.1,4072
2024-08-23 08:00:00,2537.0,2537.8,2533.9,2536.9,5827
2024-08-23 09:00:00,2536.9,2539.6,2530.1,2533.8,10476
2024-08-23 10:00:00,2533.9,2554.2,2532.1,2545.0,45949
2024-08-23 11:00:00,2545.0,2554.5,2543.8,2545.7,15867
2024-08-23 12:00:00,2546.0,2546.5,2537.5,2546.1,10751
2024-08-23 13:00:00,2546.1,2549.0,2545.3,2546.6,7910
2024-08-23 14:00:00,2546.6,2547.6,2544.7,2545.4,3576
2024-08-23 15:00:00,2545.4,2548.6,2543.5,2546.6,4696
2024-08-23 16:00:00,2546.4,2548.7,2545.3,2548.7,2906
2024-08-25 18:00:00,2545.1,2550.3,2544.6,2548.4,2081
2024-08-25 19:00:00,2548.4,2552.1,2548.4,2551.3,2034
2024-08-25 20:00:00,2551.2,2552.3,2547.7,2549.0,4142
2024-08-25 21:00:00,2549.0,2550.8,2546.0,2548.7,4054
2024-08-25 22:00:00,2548.7,2550.8,2547.3,2547.3,1657
2024-08-25 23:00:00,2547.3,2548.4,2544.5,2545.2,1963
2024-08-26 00:00:00,2545.1,2546.2,2544.0,2545.0,1648
2024-08-26 01:00:00,2544.8,2546.7,2544.0,2545.9,2987
2024-08-26 02:00:00,2546.0,2550.8,2545.2,2550.6,4621
2024-08-26 03:00:00,2550.6,2557.3,2549.6,2556.9,9320
2024-08-26 04:00:00,2557.0,2561.7,2556.3,2560.0,6515
2024-08-26 05:00:00,2560.1,2561.5,2559.1,2561.0,4214
2024-08-26 06:00:00,2561.0,2562.5,2558.4,2560.8,4953
2024-08-26 07:00:00,2560.7,2562.5,2556.4,2562.1,6361
2024-08-26 08:00:00,2562.2,2563.2,2558.2,2559.5,7261
2024-08-26 09:00:00,2559.5,2562.3,2551.0,2551.6,15350
2024-08-26 10:00:00,2551.6,2554.7,2546.1,2552.6,13552
2024-08-26 11:00:00,2552.5,2553.2,2546.9,2551.7,9836
2024-08-26 12:00:00,2551.7,2556.3,2549.3,2555.9,5502
2024-08-26 13:00:00,2556.0,2559.4,2552.2,2553.9,7941
2024-08-26 14:00:00,2553.8,2555.3,2551.3,2552.6,2807
2024-08-26 15:00:00,2552.6,2556.8,2552.5,2553.7,4665
2024-08-26 16:00:00,2553.9,2554.8,2553.1,2553.6,1112
2024-08-26 18:00:00,2553.8,2554.5,2552.3,2552.6,0
2024-08-26 19:00:00,2552.5,2552.9,2550.5,2550.7,842
2024-08-26 20:00:00,2550.8,2552.0,2548.1,2548.3,1897
2024-08-26 21:00:00,2548.4,2549.2,2543.5,2545.1,5660
2024-08-26 22:00:00,2544.9,2545.5,2541.0,2543.9,4316
2024-08-26 23:00:00,2544.0,2544.8,2540.9,2544.1,2377
2024-08-27 00:00:00,2544.3,2544.8,2541.4,2542.3,2266
2024-08-27 01:00:00,2542.3,2548.8,2541.7,2548.6,4972
2024-08-27 02:00:00,2548.6,2552.5,2547.9,2549.9,6090
2024-08-27 03:00:00,2549.9,2552.7,2539.5,2540.0,8841
2024-08-27 04:00:00,2539.9,2547.5,2538.5,2546.2,6212
2024-08-27 05:00:00,2546.1,2549.0,2543.3,2544.2,6041
2024-08-27 06:00:00,2544.1,2545.5,2542.0,2544.1,5413
2024-08-27 07:00:00,2544.1,2547.7,2543.7,2546.6,3191
2024-08-27 08:00:00,2546.5,2549.6,2543.0,2545.0,7427
2024-08-27 09:00:00,2544.9,2550.4,2538.9,2547.8,16146
2024-08-27 10:00:00,2547.4,2553.5,2542.9,2550.0,15259
2024-08-27 11:00:00,2550.2,2556.7,2546.8,2547.5,11491
2024-08-27 12:00:00,2547.3,2549.9,2545.0,2549.8,6511
2024-08-27 13:00:00,2549.7,2557.1,2549.5,2555.5,10223
2024-08-27 14:00:00,2555.4,2561.4,2555.2,2560.0,9175
2024-08-27 15:00:00,2560.0,2561.1,2558.4,2560.4,4690
2024-08-27 16:00:00,2560.4,2561.4,2559.1,2560.0,3701
2024-08-27 18:00:00,2559.8,2561.3,2559.8,2560.8,0
2024-08-27 19:00:00,2560.9,2564.3,2559.4,2560.5,2903
2024-08-27 20:00:00,2560.7,2561.1,2559.1,2559.8,1859
2024-08-27 21:00:00,2559.6,2559.6,2552.0,2552.3,5749
2024-08-27 22:00:00,2552.3,2553.7,2548.5,2551.5,4482
2024-08-27 23:00:00,2551.4,2552.2,2548.5,2551.0,3103
2024-08-28 00:00:00,2550.9,2551.1,2545.3,2546.6,3944
2024-08-28 01:00:00,2546.7,2546.8,2540.3,2540.6,6909
2024-08-28 02:00:00,2540.5,2552.9,2537.9,2543.2,8562
2024-08-28 03:00:00,2543.1,2546.2,2542.3,2544.8,7506
2024-08-28 04:00:00,2544.8,2544.8,2540.6,2542.7,5190
2024-08-28 05:00:00,2542.7,2546.0,2542.4,2544.9,4206
2024-08-28 06:00:00,2545.0,2545.3,2537.2,2540.1,5921
2024-08-28 07:00:00,2540.0,2540.3,2535.2,2536.0,7705
2024-08-28 08:00:00,2536.2,2536.3,2527.8,2535.3,17241
2024-08-28 09:00:00,2535.3,2545.5,2533.4,2541.1,21654
2024-08-28 10:00:00,2541.1,2543.9,2538.5,2542.2,11226
2024-08-28 11:00:00,2542.1,2545.0,2539.6,2540.8,9699
2024-08-28 12:00:00,2540.8,2541.1,2530.8,2536.4,9330
2024-08-28 13:00:00,2536.4,2540.8,2534.9,2539.9,7211
2024-08-28 14:00:00,2539.9,2542.6,2537.9,2542.4,5078
2024-08-28 15:00:00,2542.4,2544.0,2541.2,2542.0,4865
2024-08-28 16:00:00,2542.1,2543.1,2537.3,2539.0,2954
2024-08-28 18:00:00,2539.2,2542.2,2538.4,2540.4,0
2024-08-28 19:00:00,2540.3,2541.4,2539.7,2541.3,1023
2024-08-28 20:00:00,2541.3,2548.3,2541.2,2545.2,3763
2024-08-28 21:00:00,2545.4,2547.9,2544.8,2546.2,2713
2024-08-28 22:00:00,2546.2,2548.3,2544.6,2545.9,1947
2024-08-28 23:00:00,2545.7,2549.9,2545.4,2549.9,2005
2024-08-29 00:00:00,2549.7,2551.6,2548.7,2548.9,3588
2024-08-29 01:00:00,2548.9,2553.4,2546.9,2552.2,3984
2024-08-29 02:00:00,2552.1,2554.5,2549.5,2550.0,6157
2024-08-29 03:00:00,2550.1,2552.2,2548.2,2552.2,4676
2024-08-29 04:00:00,2552.3,2553.4,2548.2,2550.3,6586
2024-08-29 05:00:00,2550.4,2557.8,2549.1,2556.1,6182
2024-08-29 06:00:00,2556.2,2557.6,2554.1,2556.4,6746
2024-08-29 07:00:00,2556.5,2556.6,2552.3,2553.3,5467
2024-08-29 08:00:00,2553.2,2554.0,2536.5,2542.4,20416
2024-08-29 09:00:00,2542.5,2552.6,2541.3,2550.1,16393
2024-08-29 10:00:00,2550.0,2555.8,2547.5,2555.6,17958
2024-08-29 11:00:00,2555.6,2559.1,2552.0,2556.1,10423
2024-08-29 12:00:00,2556.1,2560.1,2550.6,2558.7,9114
2024-08-29 13:00:00,2558.7,2562.2,2556.8,2559.2,9405
2024-08-29 14:00:00,2559.4,2559.9,2554.2,2556.5,7596
2024-08-29 15:00:00,2556.3,2558.3,2554.1,2554.4,3785
2024-08-29 16:00:00,2554.5,2555.6,2554.0,2554.6,1755
2024-08-29 18:00:00,2553.6,2554.8,2553.3,2554.0,0
2024-08-29 19:00:00,2553.9,2554.0,2551.9,2552.6,1151
2024-08-29 20:00:00,2552.6,2552.6,2549.9,2551.0,2342
2024-08-29 21:00:00,2551.0,2553.6,2547.8,2549.5,4779
2024-08-29 22:00:00,2549.4,2551.3,2547.4,2549.4,4164
2024-08-29 23:00:00,2549.4,2550.4,2545.8,2547.1,2402
2024-08-30 00:00:00,2546.9,2548.1,2545.7,2546.8,2683
2024-08-30 01:00:00,2546.8,2549.7,2545.9,2547.2,4488
2024-08-30 02:00:00,2547.1,2557.6,2546.5,2550.7,12149
2024-08-30 03:00:00,2550.6,2554.3,2550.4,2552.5,4696
2024-08-30 04:00:00,2552.5,2559.8,2552.1,2556.0,6608
2024-08-30 05:00:00,2555.9,2560.1,2555.7,2557.2,4412
2024-08-30 06:00:00,2557.3,2557.8,2548.1,2548.6,7053
2024-08-30 07:00:00,2548.6,2554.9,2548.2,2552.7,5540
2024-08-30 08:00:00,2552.6,2558.1,2549.5,2553.0,11339
2024-08-30 09:00:00,2553.0,2553.0,2546.1,2549.0,13307
2024-08-30 10:00:00,2548.8,2551.4,2539.3,2542.1,19477
2024-08-30 11:00:00,2542.1,2542.6,2533.0,2535.3,18886
2024-08-30 12:00:00,2535.2,2538.8,2529.2,2530.3,13046
2024-08-30 13:00:00,2530.3,2533.0,2526.6,2532.1,13325
2024-08-30 14:00:00,2532.2,2537.2,2531.9,2534.9,6979
2024-08-30 15:00:00,2534.8,2536.6,2530.8,2534.7,5417
2024-08-30 16:00:00,2534.8,2536.1,2534.4,2535.9,2276
2024-09-01 18:00:00,2536.0,2536.8,2531.6,2535.4,1311
2024-09-01 19:00:00,2535.4,2535.7,2533.9,2535.1,2038
2024-09-01 20:00:00,2535.1,2537.2,2533.3,2533.6,1352
2024-09-01 21:00:00,2533.5,2537.1,2529.1,2530.4,3862
2024-09-01 22:00:00,2530.3,2530.7,2522.1,2524.0,6292
2024-09-01 23:00:00,2523.8,2528.4,2523.5,2528.4,2276
2024-09-03 00:00:00,2526.4,2528.7,2525.5,2527.7,1455
2024-09-03 01:00:00,2527.5,2527.7,2524.4,2526.8,3717
2024-09-03 02:00:00,2526.7,2531.1,2524.6,2529.8,6322
2024-09-03 03:00:00,2529.9,2534.0,2528.5,2532.9,7205
2024-09-03 04:00:00,2533.0,2538.5,2532.6,2536.0,6525
2024-09-03 05:00:00,2536.1,2537.1,2532.9,2532.9,4750
2024-09-03 06:00:00,2532.8,2533.0,2524.3,2529.3,10721
2024-09-03 07:00:00,2529.2,2533.6,2516.3,2521.5,18456
2024-09-03 08:00:00,2521.2,2534.2,2519.0,2525.2,26388
2024-09-03 09:00:00,2525.3,2529.0,2506.8,2511.6,34688
2024-09-03 10:00:00,2511.7,2518.5,2504.4,2509.7,27332
2024-09-03 11:00:00,2509.6,2521.3,2508.6,2520.0,11339
2024-09-03 12:00:00,2520.1,2520.6,2515.3,2517.4,5817
2024-09-03 13:00:00,2517.4,2523.7,2517.0,2520.9,6293
2024-09-03 14:00:00,2521.0,2521.5,2518.6,2520.9,2889
2024-09-03 15:00:00,2520.7,2525.9,2520.5,2523.6,4475
2024-09-03 16:00:00,2523.5,2524.9,2522.9,2524.8,1231
2024-09-03 18:00:00,2524.6,2525.9,2523.5,2524.5,0
2024-09-03 19:00:00,2524.6,2526.2,2523.8,2524.7,1290
2024-09-03 20:00:00,2524.7,2526.4,2523.4,2523.5,2625
2024-09-03 21:00:00,2523.6,2525.8,2522.4,2524.8,3113
2024-09-03 22:00:00,2524.6,2528.4,2523.8,2526.8,2655
2024-09-03 23:00:00,2526.7,2528.1,2524.8,2526.6,1335
2024-09-04 00:00:00,2526.4,2528.0,2525.7,2527.1,973
2024-09-04 01:00:00,2527.1,2527.8,2524.0,2524.3,2785
2024-09-04 02:00:00,2524.4,2524.7,2514.7,2515.6,5975
2024-09-04 03:00:00,2515.5,2519.5,2512.8,2513.2,7408
2024-09-04 04:00:00,2513.1,2514.3,2503.3,2504.1,12290
2024-09-04 05:00:00,2504.2,2514.4,2502.7,2512.7,11257
2024-09-04 06:00:00,2512.7,2521.2,2512.2,2520.1,7264
2024-09-04 07:00:00,2520.2,2522.3,2517.6,2520.2,6982
2024-09-04 08:00:00,2520.2,2522.5,2516.3,2517.5,10619
2024-09-04 09:00:00,2517.4,2521.3,2512.8,2516.4,15729
2024-09-04 10:00:00,2516.2,2531.5,2515.5,2527.2,33810
2024-09-04 11:00:00,2527.4,2529.3,2523.9,2525.2,9706
2024-09-04 12:00:00,2525.1,2529.3,2524.3,2528.0,5580
2024-09-04 13:00:00,2528.0,2528.6,2524.8,2525.4,6805
2024-09-04 14:00:00,2525.4,2526.7,2523.0,2525.7,4575
2024-09-04 15:00:00,2525.8,2525.8,2522.5,2524.3,3974
2024-09-04 16:00:00,2524.2,2528.0,2523.8,2526.5,2396
2024-09-04 18:00:00,2526.4,2526.5,2524.7,2525.4,0
2024-09-04 19:00:00,2525.5,2527.0,2525.2,2526.0,997
2024-09-04 20:00:00,2526.0,2526.6,2524.5,2525.2,1211
2024-09-04 21:00:00,2525.2,2529.6,2524.7,2526.6,3500
2024-09-04 22:00:00,2526.6,2529.2,2526.4,2528.3,1273
2024-09-04 23:00:00,2528.2,2528.8,2524.6,2524.8,1815
2024-09-05 00:00:00,2524.7,2525.1,2523.7,2524.2,1949
2024-09-05 01:00:00,2524.1,2533.3,2523.8,2531.9,4222
2024-09-05 02:00:00,2531.9,2537.1,2530.8,2534.3,7797
2024-09-05 03:00:00,2534.2,2537.4,2532.9,2536.5,5111
2024-09-05 04:00:00,2536.5,2547.4,2536.1,2545.0,12185
2024-09-05 05:00:00,2545.2,2547.6,2545.2,2545.8,4981
2024-09-05 06:00:00,2545.7,2547.1,2543.5,2546.5,4522
2024-09-05 07:00:00,2546.6,2548.7,2543.8,2545.4,7198
2024-09-05 08:00:00,2545.5,2554.0,2544.3,2548.1,18795
2024-09-05 09:00:00,2548.1,2549.6,2542.6,2544.7,13304
2024-09-05 10:00:00,2544.9,2550.9,2537.5,2539.0,23789
2024-09-05 11:00:00,2539.1,2541.3,2533.7,2537.4,13731
2024-09-05 12:00:00,2537.4,2542.1,2536.3,2540.7,5310
2024-09-05 13:00:00,2540.6,2545.8,2539.6,2545.5,5625
2024-09-05 14:00:00,2545.6,2547.4,2545.0,2546.0,3237
2024-09-05 15:00:00,2545.9,2546.5,2544.0,2545.2,2832
2024-09-05 16:00:00,2545.3,2547.3,2545.1,2547.1,1415
2024-09-05 18:00:00,2547.1,2547.2,2545.7,2546.1,0
2024-09-05 19:00:00,2546.1,2547.9,2546.1,2547.2,1489
2024-09-05 20:00:00,2547.3,2547.5,2545.6,2545.9,1162
2024-09-05 21:00:00,2545.8,2546.5,2543.1,2543.5,2534
2024-09-05 22:00:00,2543.5,2547.8,2542.8,2547.4,2172
2024-09-05 23:00:00,2547.3,2548.2,2546.7,2547.7,1151
2024-09-06 00:00:00,2547.9,2549.4,2547.4,2548.3,2350
2024-09-06 01:00:00,2548.3,2551.9,2548.3,2550.1,3674
2024-09-06 02:00:00,2550.1,2551.7,2546.7,2549.4,4524
2024-09-06 03:00:00,2549.2,2550.1,2546.4,2546.5,3253
2024-09-06 04:00:00,2546.5,2548.4,2545.6,2547.8,3015
2024-09-06 05:00:00,2547.8,2549.9,2546.4,2549.1,2939
2024-09-06 06:00:00,2549.1,2549.7,2546.9,2548.8,3235
2024-09-06 07:00:00,2548.7,2550.3,2544.6,2546.2,3862
2024-09-06 08:00:00,2546.1,2559.8,2537.3,2552.3,34390
2024-09-06 09:00:00,2552.4,2553.2,2532.1,2539.3,32988
2024-09-06 10:00:00,2539.1,2545.6,2529.9,2536.3,28790
2024-09-06 11:00:00,2536.5,2548.4,2533.2,2534.9,29125
2024-09-06 12:00:00,2534.8,2535.4,2513.9,2518.4,32165
2024-09-06 13:00:00,2518.3,2526.5,2515.2,2524.8,13812
2024-09-06 14:00:00,2525.0,2526.2,2521.3,2524.0,4954
2024-09-06 15:00:00,2524.1,2526.3,2520.0,2525.4,5106
2024-09-06 16:00:00,2525.2,2527.3,2524.2,2526.8,2026
2024-09-08 18:00:00,2526.5,2527.3,2525.3,2527.0,2221
2024-09-08 19:00:00,2527.2,2527.5,2524.6,2526.0,2428
2024-09-08 20:00:00,2526.1,2527.3,2524.6,2525.0,3037
2024-09-08 21:00:00,2524.9,2527.8,2523.7,2526.8,3147
2024-09-08 22:00:00,2526.9,2528.3,2525.9,2526.1,2361
2024-09-08 23:00:00,2526.0,2529.5,2525.6,2528.2,2779
2024-09-09 00:00:00,2528.1,2528.5,2526.3,2527.2,1621
2024-09-09 01:00:00,2527.1,2527.3,2516.3,2516.8,4773
2024-09-09 02:00:00,2516.9,2522.4,2514.2,2518.7,8574
2024-09-09 03:00:00,2518.8,2526.0,2517.7,2523.5,10703
2024-09-09 04:00:00,2523.5,2524.9,2519.2,2521.1,9466
2024-09-09 05:00:00,2521.3,2526.6,2521.1,2525.3,5144
2024-09-09 06:00:00,2525.4,2528.3,2522.1,2523.6,5233
2024-09-09 07:00:00,2523.6,2528.1,2522.5,2526.4,3296
2024-09-09 08:00:00,2526.5,2533.5,2525.4,2530.2,9721
2024-09-09 09:00:00,2530.1,2534.7,2528.3,2529.0,16490
2024-09-09 10:00:00,2528.9,2530.4,2522.2,2526.1,12607
2024-09-09 11:00:00,2526.1,2528.9,2522.7,2528.3,6562
2024-09-09 12:00:00,2529.0,2534.4,2529.0,2533.5,6910
2024-09-09 13:00:00,2533.6,2535.8,2528.5,2529.0,10320
2024-09-09 14:00:00,2529.0,2534.4,2528.4,2533.8,4161
2024-09-09 15:00:00,2533.7,2535.2,2531.7,2535.1,2962
2024-09-09 16:00:00,2535.1,2536.5,2534.4,2535.5,1903
2024-09-09 18:00:00,2536.0,2536.1,2534.7,2535.9,0
2024-09-09 19:00:00,2535.8,2536.5,2534.6,2535.6,1777
2024-09-09 20:00:00,2535.7,2536.3,2533.6,2534.1,1566
2024-09-09 21:00:00,2534.2,2535.7,2531.6,2532.5,2339
2024-09-09 22:00:00,2532.7,2532.8,2530.7,2532.0,2092
2024-09-09 23:00:00,2531.9,2533.3,2530.4,2531.3,1732
2024-09-10 00:00:00,2531.4,2531.7,2529.8,2530.6,1671
2024-09-10 01:00:00,2530.6,2533.8,2529.6,2532.9,2633
2024-09-10 02:00:00,2533.0,2535.5,2532.2,2534.0,4136
2024-09-10 03:00:00,2533.9,2536.2,2531.1,2531.8,5689
2024-09-10 04:00:00,2531.7,2532.2,2529.1,2531.2,5638
2024-09-10 05:00:00,2531.1,2535.0,2528.9,2535.0,6536
2024-09-10 06:00:00,2535.0,2538.7,2534.0,2534.5,12253
2024-09-10 07:00:00,2534.5,2536.0,2533.0,2533.5,6062
2024-09-10 08:00:00,2533.5,2543.0,2533.4,2542.4,10265
2024-09-10 09:00:00,2542.8,2544.3,2535.1,2535.9,19443
2024-09-10 10:00:00,2535.8,2538.2,2529.7,2538.0,18125
2024-09-10 11:00:00,2538.0,2547.5,2537.1,2541.6,14636
2024-09-10 12:00:00,2541.7,2544.5,2539.6,2543.2,6636
2024-09-10 13:00:00,2543.1,2544.4,2541.6,2541.9,5500
2024-09-10 14:00:00,2541.9,2545.5,2540.8,2545.3,12407
2024-09-10 15:00:00,2545.1,2546.5,2543.2,2546.3,6928
2024-09-10 16:00:00,2546.4,2546.5,2544.9,2545.7,2323
2024-09-10 18:00:00,2545.7,2546.0,2545.1,2545.4,0
2024-09-10 19:00:00,2545.4,2547.8,2545.3,2547.6,1038
2024-09-10 20:00:00,2547.5,2547.9,2544.9,2545.3,1803
2024-09-10 21:00:00,2545.2,2552.0,2543.6,2547.7,6931
2024-09-10 22:00:00,2547.6,2549.4,2546.6,2547.8,2038
2024-09-10 23:00:00,2547.6,2548.9,2545.7,2548.2,2957
2024-09-11 00:00:00,2548.3,2549.0,2547.3,2548.4,2060
2024-09-11 01:00:00,2548.4,2551.3,2548.2,2550.2,4870
2024-09-11 02:00:00,2550.2,2558.0,2549.8,2555.5,11668
2024-09-11 03:00:00,2555.6,2556.8,2549.8,2550.6,5920
2024-09-11 04:00:00,2550.6,2556.2,2549.8,2553.3,8240
2024-09-11 05:00:00,2553.4,2553.6,2551.0,2552.2,2754
2024-09-11 06:00:00,2552.1,2552.2,2548.8,2550.8,6824
2024-09-11 07:00:00,2550.7,2553.4,2549.7,2551.0,5285
2024-09-11 08:00:00,2551.0,2553.5,2530.7,2538.3,34576
2024-09-11 09:00:00,2537.9,2541.8,2531.6,2538.4,27056
2024-09-11 10:00:00,2538.2,2539.2,2532.3,2538.2,18899
2024-09-11 11:00:00,2538.1,2543.9,2537.4,2543.6,9250
2024-09-11 12:00:00,2543.5,2549.0,2542.4,2544.1,10365
2024-09-11 13:00:00,2544.0,2545.7,2541.1,2543.4,12269
2024-09-11 14:00:00,2543.3,2545.2,2539.8,2540.0,6535
2024-09-11 15:00:00,2540.1,2541.9,2538.3,2541.5,4574
2024-09-11 16:00:00,2541.6,2542.4,2539.9,2540.2,1712
2024-09-11 18:00:00,2540.6,2541.6,2540.0,2540.5,0
2024-09-11 19:00:00,2540.5,2540.9,2539.5,2539.6,917
2024-09-11 20:00:00,2539.6,2540.2,2538.7,2540.0,1049
2024-09-11 21:00:00,2539.8,2543.1,2539.5,2541.0,2171
2024-09-11 22:00:00,2541.1,2542.1,2538.9,2540.2,1448
2024-09-11 23:00:00,2540.2,2543.9,2540.1,2543.6,1291
2024-09-12 00:00:00,2543.8,2545.6,2543.2,2544.8,1731
2024-09-12 01:00:00,2544.9,2547.5,2544.9,2547.2,2480
2024-09-12 02:00:00,2547.2,2550.0,2544.4,2544.4,4680
2024-09-12 03:00:00,2544.5,2545.7,2542.2,2543.8,4517
2024-09-12 04:00:00,2543.8,2547.3,2543.0,2545.1,3912
2024-09-12 05:00:00,2545.2,2547.0,2544.2,2547.0,2058
2024-09-12 06:00:00,2547.0,2549.0,2541.0,2541.2,6667
2024-09-12 07:00:00,2541.0,2548.3,2540.9,2547.4,14778
2024-09-12 08:00:00,2547.6,2564.1,2546.5,2556.8,32772
2024-09-12 09:00:00,2556.7,2580.4,2550.0,2573.8,56393
2024-09-12 10:00:00,2573.8,2582.9,2569.8,2581.9,25058
2024-09-12 11:00:00,2580.4,2583.6,2577.9,2581.7,13715
2024-09-12 12:00:00,2581.8,2582.1,2573.4,2579.2,12221
2024-09-12 13:00:00,2579.3,2583.5,2578.5,2582.4,12214
2024-09-12 14:00:00,2582.5,2587.2,2580.4,2584.3,10913
2024-09-12 15:00:00,2584.5,2587.7,2583.0,2586.2,6690
2024-09-12 16:00:00,2586.2,2588.5,2585.1,2587.2,3220
2024-09-12 18:00:00,2587.5,2587.7,2585.4,2585.7,0
2024-09-12 19:00:00,2585.7,2587.0,2585.0,2586.8,2303
2024-09-12 20:00:00,2586.8,2591.5,2585.1,2589.9,3508
2024-09-12 21:00:00,2589.9,2596.3,2587.9,2591.4,8506
2024-09-12 22:00:00,2591.4,2593.7,2589.6,2593.4,2535
2024-09-12 23:00:00,2593.4,2598.3,2592.8,2595.8,3619
2024-09-13 00:00:00,2596.1,2598.2,2594.8,2596.9,1849
2024-09-13 01:00:00,2596.9,2599.0,2594.0,2594.9,3184
2024-09-13 02:00:00,2594.7,2596.8,2591.4,2595.1,6807
2024-09-13 03:00:00,2595.1,2599.2,2591.9,2597.7,8481
2024-09-13 04:00:00,2597.8,2599.1,2593.4,2597.8,6414
2024-09-13 05:00:00,2597.8,2601.0,2594.7,2596.2,9104
2024-09-13 06:00:00,2596.3,2597.1,2593.4,2594.8,4171
2024-09-13 07:00:00,2594.9,2596.1,2591.4,2595.0,4308
2024-09-13 08:00:00,2595.2,2604.0,2593.8,2603.9,10499
2024-09-13 09:00:00,2603.9,2611.7,2601.5,2605.8,25935
2024-09-13 10:00:00,2605.6,2608.4,2601.2,2606.4,16566
2024-09-13 11:00:00,2606.6,2610.6,2601.6,2610.3,11620
2024-09-13 12:00:00,2610.4,2613.3,2608.2,2612.6,9739
2024-09-13 13:00:00,2611.5,2614.4,2609.7,2610.7,8845
2024-09-13 14:00:00,2610.9,2612.1,2608.8,2610.4,5529
2024-09-13 15:00:00,2610.5,2611.2,2606.8,2611.0,4983
2024-09-13 16:00:00,2610.8,2611.2,2605.7,2606.2,3150
2024-09-15 18:00:00,2608.0,2608.7,2605.5,2608.1,2503
2024-09-15 19:00:00,2608.2,2608.5,2606.3,2607.0,2148
2024-09-15 20:00:00,2606.9,2610.2,2606.8,2609.1,1448
2024-09-15 21:00:00,2609.0,2610.4,2607.3,2609.4,1950
2024-09-15 22:00:00,2609.3,2613.7,2609.2,2613.1,1956
2024-09-15 23:00:00,2613.1,2616.6,2611.5,2614.2,4126
2024-09-16 00:00:00,2614.2,2614.5,2612.6,2613.5,1122
2024-09-16 01:00:00,2613.4,2616.9,2613.1,2616.2,2512
2024-09-16 02:00:00,2616.3,2617.4,2612.7,2612.9,4435
2024-09-16 03:00:00,2612.9,2613.2,2607.2,2609.8,9327
2024-09-16 04:00:00,2609.9,2616.2,2609.2,2614.3,6773
2024-09-16 05:00:00,2614.3,2615.8,2611.6,2612.9,4015
2024-09-16 06:00:00,2613.1,2613.8,2602.5,2607.5,8011
2024-09-16 07:00:00,2607.4,2610.7,2606.4,2610.5,5117
2024-09-16 08:00:00,2610.6,2611.0,2606.0,2610.6,10373
2024-09-16 09:00:00,2612.0,2616.8,2608.6,2615.8,13121
2024-09-16 10:00:00,2615.7,2616.1,2603.7,2607.7,15162
2024-09-16 11:00:00,2607.7,2609.6,2605.2,2607.4,7418
2024-09-16 12:00:00,2607.5,2611.3,2607.1,2611.3,4650
2024-09-16 13:00:00,2611.1,2611.7,2607.2,2610.1,5594
2024-09-16 14:00:00,2610.2,2610.4,2607.8,2608.6,2562
2024-09-16 15:00:00,2608.5,2610.9,2607.1,2609.9,2339
2024-09-16 16:00:00,2609.9,2611.0,2609.2,2610.0,1468
2024-09-16 18:00:00,2609.8,2610.8,2609.3,2610.1,0
2024-09-16 19:00:00,2610.3,2610.9,2609.3,2610.8,829
2024-09-16 20:00:00,2610.7,2611.5,2606.9,2607.1,1744
2024-09-16 21:00:00,2607.1,2609.8,2605.4,2609.6,2491
2024-09-16 22:00:00,2610.1,2613.4,2607.9,2608.7,3627
2024-09-16 23:00:00,2608.5,2608.6,2604.1,2604.2,3787
2024-09-17 00:00:00,2604.4,2606.4,2601.2,2603.6,3378
2024-09-17 01:00:00,2603.8,2606.5,2601.3,2606.2,3031
2024-09-17 02:00:00,2606.3,2613.7,2606.2,2611.2,6825
2024-09-17 03:00:00,2611.1,2612.7,2609.6,2610.7,3219
2024-09-17 04:00:00,2610.7,2611.0,2604.8,2607.3,5792
2024-09-17 05:00:00,2607.2,2607.2,2598.9,2600.5,8827
2024-09-17 06:00:00,2600.5,2603.0,2596.9,2600.3,7927
2024-09-17 07:00:00,2600.2,2609.0,2599.4,2606.9,10665
2024-09-17 08:00:00,2607.1,2608.2,2594.9,2604.5,18435
2024-09-17 09:00:00,2604.7,2606.5,2599.5,2600.5,12601
2024-09-17 10:00:00,2600.4,2609.5,2598.3,2603.5,15774
2024-09-17 11:00:00,2603.6,2604.2,2588.4,2592.4,15539
2024-09-17 12:00:00,2590.4,2593.3,2588.0,2589.7,9017
2024-09-17 13:00:00,2589.8,2597.2,2587.3,2596.7,9883
2024-09-17 14:00:00,2596.5,2598.4,2595.4,2596.9,3575
2024-09-17 15:00:00,2596.8,2597.9,2593.7,2595.4,3325
2024-09-17 16:00:00,2595.4,2597.0,2594.9,2596.4,1779
2024-09-17 18:00:00,2596.0,2597.9,2595.8,2597.1,0
2024-09-17 19:00:00,2597.1,2600.6,2597.1,2600.3,1405
2024-09-17 20:00:00,2600.2,2601.0,2597.7,2599.4,1973
2024-09-17 21:00:00,2599.3,2602.9,2598.0,2598.5,4870
2024-09-17 22:00:00,2598.7,2600.5,2596.4,2600.1,3092
2024-09-17 23:00:00,2600.2,2602.8,2599.1,2602.0,2935
2024-09-18 00:00:00,2602.2,2602.8,2594.2,2594.9,4279
2024-09-18 01:00:00,2594.8,2595.5,2591.9,2594.0,4333
2024-09-18 02:00:00,2594.1,2596.3,2592.9,2595.2,2925
2024-09-18 03:00:00,2595.5,2598.2,2595.0,2597.8,3840
2024-09-18 04:00:00,2597.9,2598.2,2594.6,2596.1,2126
2024-09-18 05:00:00,2596.1,2598.6,2594.3,2598.6,4769
2024-09-18 06:00:00,2598.8,2604.8,2597.8,2602.7,7453
2024-09-18 07:00:00,2602.8,2607.3,2601.6,2604.0,6288
2024-09-18 08:00:00,2604.1,2605.4,2600.1,2602.8,7408
2024-09-18 09:00:00,2602.8,2605.3,2595.2,2598.5,10513
2024-09-18 10:00:00,2598.5,2601.6,2594.5,2598.4,9037
2024-09-18 11:00:00,2598.4,2601.4,2594.7,2596.5,6951
2024-09-18 12:00:00,2597.1,2602.0,2595.7,2601.7,4039
2024-09-18 13:00:00,2601.7,2601.7,2593.5,2594.0,8581
2024-09-18 14:00:00,2594.4,2627.2,2594.4,2601.9,73344
2024-09-18 15:00:00,2602.0,2602.5,2572.5,2575.0,48528
2024-09-18 16:00:00,2574.8,2586.7,2574.2,2584.8,7449
2024-09-18 18:00:00,2585.1,2586.6,2580.8,2584.2,0
2024-09-18 19:00:00,2584.0,2584.5,2580.9,2584.1,1774
2024-09-18 20:00:00,2584.2,2584.4,2581.8,2583.5,2485
2024-09-18 21:00:00,2583.5,2583.5,2575.3,2580.1,6549
2024-09-18 22:00:00,2580.2,2591.2,2580.2,2588.9,6973
2024-09-18 23:00:00,2588.9,2590.1,2585.8,2588.9,5369
2024-09-19 00:00:00,2588.8,2588.9,2584.0,2588.7,4622
2024-09-19 01:00:00,2588.6,2599.2,2588.6,2599.2,8481
2024-09-19 02:00:00,2599.1,2603.5,2598.6,2600.7,8760
2024-09-19 03:00:00,2600.6,2610.0,2599.8,2609.8,10651
2024-09-19 04:00:00,2609.9,2612.0,2606.4,2610.4,6109
2024-09-19 05:00:00,2610.3,2620.5,2609.4,2617.1,14821
2024-09-19 06:00:00,2617.1,2617.1,2611.0,2613.9,8280
2024-09-19 07:00:00,2613.9,2615.1,2609.4,2614.7,6397
2024-09-19 08:00:00,2614.6,2616.5,2598.1,2601.6,20427
2024-09-19 09:00:00,2600.2,2607.7,2594.3,2600.1,23508
2024-09-19 10:00:00,2599.9,2610.0,2596.6,2606.4,18194
2024-09-19 11:00:00,2606.5,2614.9,2606.2,2614.6,11472
2024-09-19 12:00:00,2614.8,2617.9,2613.3,2617.1,9987
2024-09-19 13:00:00,2617.0,2618.2,2613.4,2616.0,6856
2024-09-19 14:00:00,2616.1,2616.3,2611.9,2613.5,5012
2024-09-19 15:00:00,2613.4,2613.9,2610.8,2613.3,4413
2024-09-19 16:00:00,2613.9,2614.6,2610.9,2611.7,2539
2024-09-19 18:00:00,2611.2,2612.6,2610.9,2612.3,0
2024-09-19 19:00:00,2612.3,2612.4,2611.0,2611.8,996
2024-09-19 20:00:00,2611.8,2613.2,2610.6,2612.8,1740
2024-09-19 21:00:00,2612.8,2614.4,2608.7,2613.3,4648
2024-09-19 22:00:00,2613.1,2617.6,2612.2,2616.7,2617
2024-09-19 23:00:00,2616.7,2618.7,2615.8,2616.9,3698
2024-09-20 00:00:00,2616.5,2619.6,2616.5,2618.5,3375
2024-09-20 01:00:00,2618.6,2620.2,2617.3,2619.5,2675
2024-09-20 02:00:00,2619.6,2632.5,2619.3,2630.6,14019
2024-09-20 03:00:00,2630.9,2635.1,2629.9,2632.3,10853
2024-09-20 04:00:00,2632.3,2637.9,2630.6,2634.8,7743
2024-09-20 05:00:00,2634.9,2635.7,2627.4,2631.3,7945
2024-09-20 06:00:00,2631.4,2639.3,2631.3,2638.4,7348
2024-09-20 07:00:00,2638.5,2640.7,2635.3,2639.1,6642
2024-09-20 08:00:00,2639.0,2644.9,2638.8,2641.0,13599
2024-09-20 09:00:00,2640.9,2641.9,2627.5,2631.9,26848
2024-09-20 10:00:00,2631.9,2642.5,2629.9,2639.0,20655
2024-09-20 11:00:00,2639.0,2648.6,2636.2,2648.3,24156
2024-09-20 12:00:00,2648.3,2651.0,2645.2,2650.0,12091
2024-09-20 13:00:00,2650.0,2650.5,2644.1,2644.7,11029
2024-09-20 14:00:00,2644.8,2647.5,2642.9,2646.9,6202
2024-09-20 15:00:00,2646.7,2648.7,2645.8,2646.1,5499
2024-09-20 16:00:00,2646.1,2647.7,2644.0,2647.1,2659
2024-09-22 18:00:00,2646.2,2647.8,2643.1,2645.0,1745
2024-09-22 19:00:00,2645.1,2646.0,2644.1,2644.8,753
2024-09-22 20:00:00,2644.6,2645.0,2642.9,2643.2,1749
2024-09-22 21:00:00,2643.0,2646.5,2640.7,2645.0,5537
2024-09-22 22:00:00,2644.9,2652.5,2643.5,2650.1,4746
2024-09-22 23:00:00,2650.1,2655.9,2649.6,2653.0,5194
2024-09-23 00:00:00,2653.1,2655.8,2652.7,2654.1,1822
2024-09-23 01:00:00,2654.1,2656.1,2651.4,2654.6,3181
2024-09-23 02:00:00,2654.8,2654.8,2649.3,2649.3,4792
2024-09-23 03:00:00,2649.2,2649.8,2638.6,2640.0,11714
2024-09-23 04:00:00,2639.9,2645.3,2639.5,2641.7,6843
2024-09-23 05:00:00,2641.6,2646.8,2640.1,2646.4,4810
2024-09-23 06:00:00,2646.3,2648.4,2645.6,2646.2,6048
2024-09-23 07:00:00,2646.3,2650.5,2645.8,2649.0,6686
2024-09-23 08:00:00,2648.9,2653.0,2644.5,2651.9,10818
2024-09-23 09:00:00,2651.9,2659.4,2650.6,2656.6,25034
2024-09-23 10:00:00,2656.6,2659.8,2652.4,2655.6,18534
2024-09-23 11:00:00,2654.2,2657.0,2650.6,2654.1,11854
2024-09-23 12:00:00,2654.0,2655.7,2651.3,2653.1,11682
2024-09-23 13:00:00,2653.1,2654.1,2651.4,2653.0,7057
2024-09-23 14:00:00,2652.9,2653.9,2650.9,2652.3,3987
2024-09-23 15:00:00,2652.2,2652.7,2650.4,2651.0,3916
2024-09-23 16:00:00,2651.1,2653.7,2650.9,2653.4,1405
2024-09-23 18:00:00,2653.3,2653.8,2651.1,2652.1,0
2024-09-23 19:00:00,2652.1,2652.1,2650.5,2651.1,963
2024-09-23 20:00:00,2651.0,2651.3,2648.5,2650.0,2102
2024-09-23 21:00:00,2649.8,2655.2,2649.6,2653.9,4713
2024-09-23 22:00:00,2653.9,2654.1,2651.5,2653.8,2555
2024-09-23 23:00:00,2653.7,2660.9,2653.6,2659.1,5877
2024-09-24 00:00:00,2658.8,2662.8,2656.5,2662.5,4479
2024-09-24 01:00:00,2662.5,2664.6,2649.9,2650.1,9201
2024-09-24 02:00:00,2650.3,2654.6,2648.9,2653.1,9720
2024-09-24 03:00:00,2653.4,2654.9,2647.1,2653.6,8796
2024-09-24 04:00:00,2653.5,2654.2,2650.5,2653.7,4339
2024-09-24 05:00:00,2653.5,2655.7,2651.6,2655.3,4950
2024-09-24 06:00:00,2655.4,2661.0,2655.2,2658.2,7510
2024-09-24 07:00:00,2658.3,2658.5,2647.9,2651.1,12315
2024-09-24 08:00:00,2651.1,2658.0,2648.0,2658.0,14270
2024-09-24 09:00:00,2658.1,2662.2,2655.8,2660.2,16620
2024-09-24 10:00:00,2660.3,2672.0,2659.0,2668.5,25728
2024-09-24 11:00:00,2668.5,2673.7,2664.4,2667.8,18837
2024-09-24 12:00:00,2667.9,2680.3,2667.1,2678.6,19927
2024-09-24 13:00:00,2678.6,2680.0,2674.9,2679.1,9821
2024-09-24 14:00:00,2679.0,2682.7,2678.4,2682.4,6754
2024-09-24 15:00:00,2682.3,2689.4,2681.3,2687.7,11562
2024-09-24 16:00:00,2687.7,2688.8,2681.5,2682.1,5307
2024-09-24 18:00:00,2682.8,2684.4,2682.1,2683.6,0
2024-09-24 19:00:00,2683.7,2684.0,2681.3,2682.9,1751
2024-09-24 20:00:00,2682.9,2686.4,2681.4,2685.3,2767
2024-09-24 21:00:00,2685.5,2687.7,2679.8,2684.3,8424
2024-09-24 22:00:00,2684.2,2694.9,2683.8,2694.4,6714
2024-09-24 23:00:00,2694.4,2694.6,2684.2,2685.5,5080
2024-09-25 00:00:00,2685.9,2686.2,2682.0,2683.2,2696
2024-09-25 01:00:00,2683.1,2684.1,2678.6,2681.2,5399
2024-09-25 02:00:00,2681.1,2683.7,2677.8,2679.2,6855
2024-09-25 03:00:00,2679.5,2681.9,2674.2,2681.1,7371
2024-09-25 04:00:00,2681.2,2682.9,2678.8,2680.2,4364
2024-09-25 05:00:00,2680.2,2681.9,2677.0,2681.1,4808
2024-09-25 06:00:00,2681.2,2682.5,2678.6,2679.8,5485
2024-09-25 07:00:00,2679.8,2682.4,2678.1,2681.7,4847
2024-09-25 08:00:00,2681.5,2685.3,2681.2,2683.8,11500
2024-09-25 09:00:00,2683.8,2691.5,2682.6,2689.0,17570
2024-09-25 10:00:00,2688.7,2691.9,2678.0,2683.4,24745
2024-09-25 11:00:00,2683.4,2685.2,2679.5,2682.1,13569
2024-09-25 12:00:00,2682.2,2683.5,2673.4,2677.8,16935
2024-09-25 13:00:00,2677.8,2687.3,2677.2,2684.8,17794
2024-09-25 14:00:00,2684.9,2685.9,2683.2,2684.7,4704
2024-09-25 15:00:00,2684.5,2685.8,2683.7,2683.8,3826
2024-09-25 16:00:00,2683.9,2684.3,2680.3,2681.3,2996
2024-09-25 18:00:00,2681.2,2683.3,2680.7,2681.8,0
2024-09-25 19:00:00,2681.9,2683.2,2679.6,2679.8,1849
2024-09-25 20:00:00,2679.9,2683.8,2678.5,2682.6,3985
2024-09-25 21:00:00,2682.5,2685.1,2681.2,2684.5,2998
2024-09-25 22:00:00,2684.3,2685.1,2680.3,2681.4,2226
2024-09-25 23:00:00,2681.3,2685.7,2681.0,2685.3,3393
2024-09-26 00:00:00,2685.7,2686.2,2683.3,2683.8,1669
2024-09-26 01:00:00,2683.7,2686.7,2683.0,2684.8,3113
2024-09-26 02:00:00,2684.5,2685.7,2681.1,2684.5,4494
2024-09-26 03:00:00,2684.7,2690.0,2682.4,2687.6,8156
2024-09-26 04:00:00,2687.7,2693.7,2687.6,2692.3,7528
2024-09-26 05:00:00,2692.3,2693.1,2690.2,2692.2,6462
2024-09-26 06:00:00,2692.1,2699.0,2690.7,2695.9,11085
2024-09-26 07:00:00,2696.0,2708.7,2695.6,2705.9,16694
2024-09-26 08:00:00,2706.0,2707.3,2691.4,2700.3,27754
2024-09-26 09:00:00,2700.4,2702.8,2677.5,2683.5,42560
2024-09-26 10:00:00,2683.5,2692.3,2682.4,2688.8,20828
2024-09-26 11:00:00,2688.8,2696.0,2685.3,2694.2,11224
2024-09-26 12:00:00,2694.2,2695.3,2685.9,2691.0,11387
2024-09-26 13:00:00,2690.9,2695.2,2690.5,2693.9,6987
2024-09-26 14:00:00,2694.0,2700.2,2693.1,2698.9,6194
2024-09-26 15:00:00,2698.9,2700.9,2695.1,2696.6,4694
2024-09-26 16:00:00,2696.6,2696.9,2693.7,2695.1,0
2024-09-26 18:00:00,2695.1,2695.7,2694.3,2694.7,1183
2024-09-26 19:00:00,2694.7,2695.6,2694.3,2694.9,1168
2024-09-26 20:00:00,2694.9,2695.0,2691.6,2692.0,1983
2024-09-26 21:00:00,2692.0,2695.1,2688.5,2691.9,4067
2024-09-26 22:00:00,2691.9,2693.3,2689.5,2691.3,3529
2024-09-26 23:00:00,2691.4,2696.4,2691.0,2696.1,2272
2024-09-27 00:00:00,2696.2,2696.3,2691.7,2692.9,1604
2024-09-27 01:00:00,2693.0,2693.7,2684.4,2687.2,4781
2024-09-27 02:00:00,2687.3,2691.7,2686.2,2687.9,7552
2024-09-27 03:00:00,2687.8,2690.5,2683.2,2687.1,8205
2024-09-27 04:00:00,2687.0,2687.8,2684.0,2684.8,4831
2024-09-27 05:00:00,2684.7,2687.4,2680.6,2686.2,7463
2024-09-27 06:00:00,2686.2,2687.9,2684.3,2686.7,4264
2024-09-27 07:00:00,2686.7,2691.6,2686.7,2688.4,5022
2024-09-27 08:00:00,2688.4,2696.5,2684.7,2692.4,16109
2024-09-27 09:00:00,2692.5,2693.6,2686.5,2688.9,17095
2024-09-27 10:00:00,2688.8,2689.6,2671.5,2671.8,26186
2024-09-27 11:00:00,2671.7,2676.9,2666.3,2672.0,27411
2024-09-27 12:00:00,2672.0,2678.5,2668.1,2673.9,12433
2024-09-27 13:00:00,2674.0,2674.4,2665.3,2667.6,13824
2024-09-27 14:00:00,2667.7,2671.5,2665.8,2670.4,5511
2024-09-27 15:00:00,2670.5,2675.3,2668.0,2674.5,5550
2024-09-27 16:00:00,2674.3,2682.7,2673.6,2680.8,3759
2024-09-29 18:00:00,2680.5,2685.5,2679.3,2684.5,3295
2024-09-29 19:00:00,2684.4,2686.8,2683.4,2685.3,2296
2024-09-29 20:00:00,2685.4,2687.7,2682.8,2683.1,3583
2024-09-29 21:00:00,2683.1,2685.9,2668.8,2674.4,8376
2024-09-29 22:00:00,2674.1,2678.1,2672.0,2673.9,3682
2024-09-29 23:00:00,2674.0,2677.3,2673.6,2675.0,1379
2024-09-30 00:00:00,2675.0,2677.6,2673.7,2677.5,1920
2024-09-30 01:00:00,2677.4,2681.0,2676.0,2679.4,2756
2024-09-30 02:00:00,2679.4,2681.8,2677.2,2679.6,5109
2024-09-30 03:00:00,2679.7,2682.4,2672.3,2672.6,6714
2024-09-30 04:00:00,2672.6,2678.4,2672.3,2675.3,5374
2024-09-30 05:00:00,2675.3,2675.3,2670.0,2671.4,5510
2024-09-30 06:00:00,2671.4,2671.7,2657.3,2658.3,11294
2024-09-30 07:00:00,2658.4,2664.4,2655.8,2663.2,8555
2024-09-30 08:00:00,2663.4,2666.0,2656.5,2660.6,9749
2024-09-30 09:00:00,2660.8,2663.6,2651.7,2657.1,16432
2024-09-30 10:00:00,2657.0,2657.9,2650.2,2655.0,15808
2024-09-30 11:00:00,2655.1,2658.1,2652.0,2655.8,8037
2024-09-30 12:00:00,2656.1,2661.0,2654.9,2660.8,6592
2024-09-30 13:00:00,2660.8,2663.4,2657.8,2659.2,8316
2024-09-30 14:00:00,2659.2,2659.8,2646.2,2653.2,14819
2024-09-30 15:00:00,2653.1,2653.5,2648.1,2652.8,5072
2024-09-30 16:00:00,2652.9,2656.9,2652.6,2656.4,1943
2024-09-30 18:00:00,2656.1,2656.4,2653.8,2656.4,0
2024-09-30 19:00:00,2656.5,2657.8,2656.0,2657.2,1396
2024-09-30 20:00:00,2657.3,2658.7,2655.4,2657.9,2031
2024-09-30 21:00:00,2658.0,2661.4,2657.0,2661.3,1375
2024-09-30 22:00:00,2661.3,2661.5,2656.4,2657.8,2521
2024-09-30 23:00:00,2657.8,2660.0,2655.8,2659.3,1657
2024-10-01 00:00:00,2659.2,2661.8,2658.7,2661.0,1485
2024-10-01 01:00:00,2660.9,2665.8,2660.9,2664.4,3391
2024-10-01 02:00:00,2664.3,2666.8,2663.8,2666.5,3323
2024-10-01 03:00:00,2666.6,2668.9,2662.9,2667.0,7778
2024-10-01 04:00:00,2667.1,2668.2,2663.8,2667.9,4060
2024-10-01 05:00:00,2667.8,2670.7,2666.8,2670.1,6127
2024-10-01 06:00:00,2670.1,2672.0,2669.7,2671.7,3096
2024-10-01 07:00:00,2671.7,2673.6,2668.0,2671.8,5676
2024-10-01 08:00:00,2671.8,2678.3,2671.7,2673.2,11644
2024-10-01 09:00:00,2673.2,2694.0,2669.5,2689.8,39403
2024-10-01 10:00:00,2690.8,2691.9,2678.9,2680.5,28102
2024-10-01 11:00:00,2680.6,2687.1,2675.2,2685.1,18727
2024-10-01 12:00:00,2685.0,2694.7,2682.9,2687.8,18369
2024-10-01 13:00:00,2687.8,2693.4,2681.9,2683.8,18824
2024-10-01 14:00:00,2683.7,2686.4,2678.9,2682.5,7522
2024-10-01 15:00:00,2682.4,2685.6,2679.4,2679.9,5323
2024-10-01 16:00:00,2679.9,2685.3,2679.2,2684.8,2387
2024-10-01 18:00:00,2684.6,2684.6,2681.9,2683.0,0
2024-10-01 19:00:00,2683.1,2683.2,2681.0,2681.2,1085
2024-10-01 20:00:00,2681.2,2681.5,2678.0,2678.5,2271
2024-10-01 21:00:00,2678.5,2683.2,2677.2,2681.6,3074
2024-10-01 22:00:00,2681.6,2682.2,2679.5,2681.1,1536
2024-10-01 23:00:00,2681.2,2682.6,2676.0,2676.5,2499
2024-10-02 00:00:00,2676.2,2677.5,2673.4,2675.2,2888
2024-10-02 01:00:00,2675.0,2677.2,2665.4,2669.0,6442
2024-10-02 02:00:00,2669.1,2672.3,2668.1,2670.6,3197
2024-10-02 03:00:00,2670.6,2676.7,2670.4,2676.5,5499
2024-10-02 04:00:00,2676.6,2676.9,2669.6,2673.4,6506
2024-10-02 05:00:00,2673.4,2676.8,2672.6,2674.1,4307
2024-10-02 06:00:00,2674.0,2675.5,2669.8,2670.2,2534
2024-10-02 07:00:00,2670.1,2673.6,2669.1,2670.6,3377
2024-10-02 08:00:00,2670.7,2674.2,2664.9,2670.8,11653
2024-10-02 09:00:00,2670.8,2682.3,2670.3,2680.8,16583
2024-10-02 10:00:00,2681.0,2684.8,2668.4,2669.2,15753
2024-10-02 11:00:00,2669.3,2672.0,2662.1,2671.3,14406
2024-10-02 12:00:00,2671.2,2673.7,2669.2,2670.9,5714
2024-10-02 13:00:00,2671.0,2674.3,2668.4,2673.6,4920
2024-10-02 14:00:00,2673.7,2677.1,2672.4,2675.0,4464
2024-10-02 15:00:00,2675.1,2680.1,2674.7,2679.8,3467
2024-10-02 16:00:00,2679.8,2681.2,2679.4,2680.2,1833
2024-10-02 18:00:00,2679.9,2680.8,2678.8,2679.7,0
2024-10-02 19:00:00,2679.6,2681.4,2679.6,2680.3,1304
2024-10-02 20:00:00,2680.4,2683.4,2677.9,2678.3,3742
2024-10-02 21:00:00,2678.2,2679.5,2675.4,2678.8,1759
2024-10-02 22:00:00,2678.7,2679.2,2675.8,2676.2,1427
2024-10-02 23:00:00,2676.1,2678.2,2673.7,2676.6,2339
2024-10-03 00:00:00,2676.2,2676.9,2674.8,2675.2,855
2024-10-03 01:00:00,2675.3,2676.8,2672.3,2673.6,2390
2024-10-03 02:00:00,2673.6,2677.9,2671.8,2676.3,3345
2024-10-03 03:00:00,2676.4,2676.7,2663.7,2665.5,8001
2024-10-03 04:00:00,2665.4,2667.7,2661.9,2665.3,5704
2024-10-03 05:00:00,2665.2,2667.9,2660.8,2664.9,5771
2024-10-03 06:00:00,2664.8,2668.1,2664.1,2666.9,3665
2024-10-03 07:00:00,2667.0,2669.3,2663.5,2668.3,4194
2024-10-03 08:00:00,2668.3,2675.9,2662.3,2662.6,10537
2024-10-03 09:00:00,2662.6,2671.6,2661.8,2667.6,12338
2024-10-03 10:00:00,2667.3,2675.1,2657.8,2670.4,30165
2024-10-03 11:00:00,2670.3,2674.9,2667.8,2668.9,8538
2024-10-03 12:00:00,2669.2,2681.9,2668.7,2680.3,10774
2024-10-03 13:00:00,2680.3,2682.4,2675.3,2676.9,8053
2024-10-03 14:00:00,2677.0,2679.9,2675.6,2677.5,2847
2024-10-03 15:00:00,2677.3,2679.6,2676.9,2677.9,4069
2024-10-03 16:00:00,2677.9,2678.0,2675.7,2675.9,1614
2024-10-03 18:00:00,2675.7,2677.0,2673.9,2675.7,0
2024-10-03 19:00:00,2675.5,2676.2,2673.9,2675.4,581
2024-10-03 20:00:00,2675.5,2677.4,2675.1,2677.0,1314
2024-10-03 21:00:00,2676.9,2679.0,2676.5,2678.1,1486
2024-10-03 22:00:00,2678.1,2683.6,2677.8,2681.8,2229
2024-10-03 23:00:00,2682.0,2683.4,2680.5,2680.9,1964
2024-10-04 00:00:00,2680.8,2686.2,2680.3,2683.9,2658
2024-10-04 01:00:00,2683.9,2687.7,2683.9,2687.2,1955
2024-10-04 02:00:00,2687.2,2687.5,2680.0,2680.2,3097
2024-10-04 03:00:00,2679.9,2683.2,2678.6,2681.0,4076
2024-10-04 04:00:00,2681.1,2681.5,2678.7,2679.1,1899
2024-10-04 05:00:00,2679.0,2680.1,2676.6,2677.4,3778
2024-10-04 06:00:00,2677.4,2680.7,2677.1,2678.2,2129
2024-10-04 07:00:00,2678.1,2682.6,2677.3,2681.4,4478
2024-10-04 08:00:00,2681.3,2681.5,2651.6,2658.5,41879
2024-10-04 09:00:00,2658.4,2675.6,2657.1,2671.9,29263
2024-10-04 10:00:00,2671.9,2681.6,2666.4,2678.7,19049
2024-10-04 11:00:00,2678.7,2690.6,2667.5,2673.4,37456
2024-10-04 12:00:00,2673.4,2673.9,2661.8,2665.5,10164
2024-10-04 13:00:00,2665.4,2670.5,2663.9,2670.1,7413
2024-10-04 14:00:00,2670.2,2670.8,2664.4,2665.5,3787
2024-10-04 15:00:00,2665.5,2672.0,2662.6,2671.6,4392
2024-10-04 16:00:00,2671.5,2673.8,2669.7,2673.2,2441
2024-10-06 18:00:00,2671.7,2672.6,2667.9,2670.2,1440
2024-10-06 19:00:00,2670.1,2671.9,2669.1,2669.6,1251
2024-10-06 20:00:00,2669.7,2670.5,2667.2,2668.8,1797
2024-10-06 21:00:00,2668.9,2671.5,2663.0,2665.7,3522
2024-10-06 22:00:00,2665.7,2668.1,2664.6,2664.6,1770
2024-10-06 23:00:00,2664.6,2666.6,2663.5,2666.3,1985
2024-10-07 00:00:00,2666.8,2668.2,2665.8,2666.3,1049
2024-10-07 01:00:00,2666.2,2666.2,2659.0,2660.3,2994
2024-10-07 02:00:00,2660.3,2663.2,2659.1,2662.6,4270
2024-10-07 03:00:00,2662.6,2672.5,2661.3,2671.8,6527
2024-10-07 04:00:00,2671.6,2676.0,2670.7,2671.7,6923
2024-10-07 05:00:00,2671.9,2676.9,2670.0,2676.4,3978
2024-10-07 06:00:00,2676.3,2678.2,2674.8,2674.9,3307
2024-10-07 07:00:00,2675.0,2679.2,2674.6,2676.6,5429
2024-10-07 08:00:00,2676.6,2679.1,2657.3,2659.6,18362
2024-10-07 09:00:00,2659.7,2673.2,2659.3,2662.2,18495
2024-10-07 10:00:00,2662.2,2667.5,2660.1,2660.5,13911
2024-10-07 11:00:00,2660.5,2669.8,2658.7,2665.2,9109
2024-10-07 12:00:00,2665.2,2666.6,2662.0,2666.4,3960
2024-10-07 13:00:00,2666.3,2668.3,2663.6,2667.4,6180
2024-10-07 14:00:00,2667.5,2667.6,2658.8,2660.1,4813
2024-10-07 15:00:00,2660.2,2664.1,2659.6,2662.5,3905
2024-10-07 16:00:00,2662.8,2663.1,2661.1,2661.9,1245
2024-10-07 18:00:00,2662.8,2668.2,2660.9,2663.2,0
2024-10-07 19:00:00,2663.2,2664.0,2661.6,2662.1,1927
2024-10-07 20:00:00,2662.1,2664.3,2661.6,2662.7,2189
2024-10-07 21:00:00,2662.6,2667.0,2656.7,2666.2,7668
2024-10-07 22:00:00,2666.5,2667.3,2652.7,2654.8,7948
2024-10-07 23:00:00,2654.8,2664.8,2654.5,2661.8,5213
2024-10-08 00:00:00,2662.0,2662.9,2660.3,2662.1,1512
2024-10-08 01:00:00,2662.1,2665.8,2660.7,2664.3,2560
2024-10-08 02:00:00,2664.2,2665.9,2655.0,2655.8,5222
2024-10-08 03:00:00,2655.6,2657.6,2649.6,2652.9,10347
2024-10-08 04:00:00,2652.9,2659.5,2647.3,2657.1,9189
2024-10-08 05:00:00,2657.2,2661.2,2654.9,2660.6,4602
2024-10-08 06:00:00,2660.6,2666.9,2659.0,2665.4,7190
2024-10-08 07:00:00,2665.4,2672.4,2665.2,2670.0,10340
2024-10-08 08:00:00,2670.0,2672.4,2658.7,2665.2,17721
2024-10-08 09:00:00,2665.1,2666.9,2655.6,2658.7,16905
2024-10-08 10:00:00,2658.8,2659.4,2638.0,2640.1,38290
2024-10-08 11:00:00,2640.1,2640.2,2623.4,2632.0,31762
2024-10-08 12:00:00,2632.0,2635.3,2625.4,2627.5,13885
2024-10-08 13:00:00,2626.3,2636.7,2624.0,2633.0,14644
2024-10-08 14:00:00,2633.1,2635.6,2632.3,2634.4,3788
2024-10-08 15:00:00,2634.4,2642.9,2633.6,2641.9,6919
2024-10-08 16:00:00,2641.9,2642.0,2637.9,2640.6,2442
2024-10-08 18:00:00,2640.7,2641.3,2639.3,2640.8,0
2024-10-08 19:00:00,2640.8,2642.5,2640.0,2640.7,1613
2024-10-08 20:00:00,2640.6,2641.8,2639.4,2639.6,2225
2024-10-08 21:00:00,2639.7,2642.9,2636.9,2638.7,5059
2024-10-08 22:00:00,2638.6,2639.0,2635.3,2637.1,2823
2024-10-08 23:00:00,2636.9,2637.4,2633.4,2635.8,3816
2024-10-09 00:00:00,2635.7,2637.2,2633.8,2634.4,1619
2024-10-09 01:00:00,2634.5,2642.8,2634.2,2638.2,3650
2024-10-09 02:00:00,2638.1,2638.1,2628.8,2631.2,8031
2024-10-09 03:00:00,2631.0,2634.2,2627.6,2630.0,4928
2024-10-09 04:00:00,2630.0,2635.9,2628.9,2634.8,9097
2024-10-09 05:00:00,2634.8,2637.1,2633.3,2636.6,4395
2024-10-09 06:00:00,2636.7,2639.9,2634.5,2639.5,4375
2024-10-09 07:00:00,2639.5,2641.0,2635.1,2637.5,4908
2024-10-09 08:00:00,2637.4,2640.9,2633.6,2637.3,9881
2024-10-09 09:00:00,2637.4,2639.3,2625.1,2628.0,18354
2024-10-09 10:00:00,2628.1,2630.3,2622.8,2628.3,16714
2024-10-09 11:00:00,2628.2,2636.5,2627.9,2633.2,12388
2024-10-09 12:00:00,2633.3,2634.2,2626.0,2627.1,6588
2024-10-09 13:00:00,2627.2,2628.5,2624.8,2628.1,7876
2024-10-09 14:00:00,2628.3,2629.6,2623.3,2624.9,5219
2024-10-09 15:00:00,2624.8,2628.7,2624.7,2627.5,2908
2024-10-09 16:00:00,2627.6,2627.9,2625.3,2626.1,1475
2024-10-09 18:00:00,2625.8,2626.7,2624.8,2626.1,0
2024-10-09 19:00:00,2626.0,2626.6,2625.0,2625.4,1007
2024-10-09 20:00:00,2625.6,2627.3,2623.1,2626.5,2559
2024-10-09 21:00:00,2626.6,2629.7,2623.9,2626.2,5228
2024-10-09 22:00:00,2626.1,2632.6,2625.0,2632.2,2690
2024-10-09 23:00:00,2632.3,2633.8,2628.7,2628.9,3749
2024-10-10 00:00:00,2628.9,2631.9,2628.8,2631.0,1238
2024-10-10 01:00:00,2631.0,2632.6,2629.5,2630.1,1499
2024-10-10 02:00:00,2630.4,2633.9,2627.8,2629.8,4039
2024-10-10 03:00:00,2629.8,2634.3,2627.4,2633.9,4496
2024-10-10 04:00:00,2633.8,2634.4,2630.6,2632.4,3521
2024-10-10 05:00:00,2632.3,2635.9,2631.3,2634.2,3359
2024-10-10 06:00:00,2634.3,2635.5,2632.5,2634.9,2948
2024-10-10 07:00:00,2634.9,2635.9,2628.0,2630.0,5516
2024-10-10 08:00:00,2630.1,2644.4,2618.8,2642.1,30370
2024-10-10 09:00:00,2642.2,2645.4,2632.2,2644.2,30600
2024-10-10 10:00:00,2644.2,2647.2,2639.8,2642.5,22953
2024-10-10 11:00:00,2642.5,2643.4,2635.7,2640.7,17541
2024-10-10 12:00:00,2640.8,2646.5,2635.8,2636.3,14858
2024-10-10 13:00:00,2636.3,2643.5,2633.2,2641.0,13520
2024-10-10 14:00:00,2641.1,2646.6,2640.4,2643.6,7943
2024-10-10 15:00:00,2643.6,2648.8,2643.2,2646.5,7181
2024-10-10 16:00:00,2646.6,2648.9,2646.2,2647.3,2756
2024-10-10 18:00:00,2647.4,2647.4,2645.3,2645.5,0
2024-10-10 19:00:00,2645.7,2653.2,2645.6,2650.6,4370
2024-10-10 20:00:00,2650.5,2651.8,2649.5,2651.1,2585
2024-10-10 21:00:00,2651.2,2655.1,2650.2,2655.0,6581
2024-10-10 22:00:00,2654.8,2661.1,2652.1,2659.3,10498
2024-10-10 23:00:00,2659.3,2663.1,2657.5,2662.5,3845
2024-10-11 00:00:00,2662.8,2663.3,2661.1,2662.7,2194
2024-10-11 01:00:00,2662.7,2663.1,2660.3,2661.8,2797
2024-10-11 02:00:00,2662.0,2664.9,2655.2,2656.8,8987
2024-10-11 03:00:00,2656.7,2662.7,2655.5,2662.6,5954
2024-10-11 04:00:00,2662.4,2663.3,2656.3,2656.4,5485
2024-10-11 05:00:00,2656.5,2658.9,2653.2,2654.9,6409
2024-10-11 06:00:00,2654.8,2659.2,2654.0,2658.6,2970
2024-10-11 07:00:00,2658.7,2661.8,2655.7,2661.7,4643
2024-10-11 08:00:00,2661.6,2667.4,2657.7,2660.4,15005
2024-10-11 09:00:00,2660.7,2670.6,2660.0,2666.9,15913
2024-10-11 10:00:00,2666.8,2672.8,2663.8,2670.4,13546
2024-10-11 11:00:00,2670.4,2676.8,2670.4,2676.3,13972
2024-10-11 12:00:00,2676.4,2679.0,2675.3,2677.8,10930
2024-10-11 13:00:00,2677.8,2678.6,2673.5,2677.0,12605
2024-10-11 14:00:00,2677.0,2677.1,2673.2,2675.8,5406
2024-10-11 15:00:00,2675.7,2675.9,2672.1,2672.9,4629
2024-10-11 16:00:00,2673.1,2674.5,2671.5,2674.2,1920
2024-10-13 18:00:00,2673.1,2673.8,2660.9,2667.1,4313
2024-10-13 19:00:00,2667.1,2667.4,2664.3,2664.7,1649
2024-10-13 20:00:00,2664.8,2665.5,2661.8,2663.9,2890
2024-10-13 21:00:00,2663.8,2665.6,2660.6,2663.1,4742
2024-10-13 22:00:00,2662.9,2673.0,2660.0,2672.1,6063
2024-10-13 23:00:00,2672.3,2674.4,2670.8,2672.6,3098
2024-10-14 00:00:00,2672.5,2677.9,2672.1,2676.2,2759
2024-10-14 01:00:00,2676.3,2677.8,2674.1,2676.0,2059
2024-10-14 02:00:00,2676.0,2684.2,2674.5,2681.1,9124
2024-10-14 03:00:00,2681.1,2682.3,2676.2,2677.4,4612
2024-10-14 04:00:00,2677.4,2679.0,2675.0,2676.4,2141
2024-10-14 05:00:00,2676.4,2680.0,2673.6,2675.3,3595
2024-10-14 06:00:00,2675.3,2678.0,2672.9,2673.1,5127
2024-10-14 07:00:00,2673.1,2674.0,2668.0,2669.2,7113
2024-10-14 08:00:00,2669.0,2671.7,2666.0,2668.3,7425
2024-10-14 09:00:00,2668.2,2678.3,2664.6,2672.1,13556
2024-10-14 10:00:00,2672.3,2673.8,2661.6,2662.5,15289
2024-10-14 11:00:00,2662.6,2665.9,2660.6,2663.5,8577
2024-10-14 12:00:00,2663.5,2666.5,2662.6,2665.4,4238
2024-10-14 13:00:00,2665.5,2666.7,2663.9,2665.4,4369
2024-10-14 14:00:00,2665.4,2667.8,2665.0,2666.0,1895
2024-10-14 15:00:00,2666.0,2669.5,2663.7,2669.3,3234
2024-10-14 16:00:00,2669.3,2670.2,2662.7,2665.8,3094
2024-10-14 18:00:00,2663.5,2666.8,2663.5,2666.4,0
2024-10-14 19:00:00,2666.5,2667.4,2665.3,2665.8,1248
2024-10-14 20:00:00,2665.8,2666.6,2664.2,2664.6,1395
2024-10-14 21:00:00,2664.6,2667.7,2663.6,2664.7,3478
2024-10-14 22:00:00,2664.6,2669.3,2664.5,2668.1,3203
2024-10-14 23:00:00,2667.6,2668.1,2660.8,2661.8,3968
2024-10-15 00:00:00,2662.0,2662.0,2659.2,2660.7,2872
2024-10-15 01:00:00,2660.5,2660.6,2654.4,2658.4,7799
2024-10-15 02:00:00,2658.4,2665.6,2657.9,2665.0,4371
2024-10-15 03:00:00,2665.0,2670.6,2664.4,2667.4,7506
2024-10-15 04:00:00,2667.4,2672.3,2666.3,2670.5,5666
2024-10-15 05:00:00,2670.7,2672.1,2667.8,2670.3,3878
2024-10-15 06:00:00,2670.3,2673.3,2669.3,2669.6,2868
2024-10-15 07:00:00,2669.7,2671.2,2662.3,2664.5,6796
2024-10-15 08:00:00,2664.5,2674.3,2663.0,2664.8,13762
2024-10-15 09:00:00,2664.7,2669.9,2662.8,2664.9,16792
2024-10-15 10:00:00,2665.1,2680.9,2664.2,2676.4,24754
2024-10-15 11:00:00,2676.5,2682.0,2673.7,2681.3,13386
2024-10-15 12:00:00,2681.4,2685.9,2677.8,2678.7,11937
2024-10-15 13:00:00,2678.7,2681.0,2675.6,2680.4,7205
2024-10-15 14:00:00,2680.6,2682.6,2680.1,2681.9,2788
2024-10-15 15:00:00,2681.8,2683.3,2676.2,2678.3,6009
2024-10-15 16:00:00,2678.4,2679.9,2677.1,2679.4,1785
2024-10-15 18:00:00,2679.5,2679.5,2677.9,2678.6,0
2024-10-15 19:00:00,2678.6,2679.0,2676.7,2676.8,1038
2024-10-15 20:00:00,2676.7,2676.8,2674.9,2676.5,1615
2024-10-15 21:00:00,2676.4,2684.4,2676.4,2684.2,4848
2024-10-15 22:00:00,2684.2,2686.4,2682.0,2684.4,3827
2024-10-15 23:00:00,2684.5,2685.5,2681.6,2683.4,2446
2024-10-16 00:00:00,2683.6,2684.7,2682.0,2683.1,2141
2024-10-16 01:00:00,2683.2,2686.9,2682.6,2685.9,2777
2024-10-16 02:00:00,2685.9,2694.1,2683.3,2693.8,11750
2024-10-16 03:00:00,2693.7,2694.2,2689.8,2692.5,4317
2024-10-16 04:00:00,2692.6,2696.9,2691.0,2696.2,4562
2024-10-16 05:00:00,2696.3,2699.4,2694.8,2696.7,6991
2024-10-16 06:00:00,2696.9,2697.7,2689.9,2691.0,8226
2024-10-16 07:00:00,2691.0,2696.9,2689.7,2694.8,6390
2024-10-16 08:00:00,2694.7,2698.4,2692.7,2698.2,11388
2024-10-16 09:00:00,2698.2,2702.5,2688.9,2691.5,27679
2024-10-16 10:00:00,2691.6,2698.5,2686.4,2688.7,20474
2024-10-16 11:00:00,2688.8,2692.2,2684.6,2686.3,11164
2024-10-16 12:00:00,2686.3,2690.6,2683.1,2690.4,7460
2024-10-16 13:00:00,2690.5,2692.7,2689.4,2691.7,5623
2024-10-16 14:00:00,2691.7,2693.2,2691.0,2691.3,1952
2024-10-16 15:00:00,2691.3,2691.4,2689.0,2691.0,2890
2024-10-16 16:00:00,2691.2,2691.4,2689.4,2690.4,1108
2024-10-16 18:00:00,2690.4,2690.8,2688.8,2689.3,0
2024-10-16 19:00:00,2689.3,2690.4,2689.1,2689.7,491
2024-10-16 20:00:00,2689.8,2693.7,2689.7,2693.4,2103
2024-10-16 21:00:00,2693.5,2698.9,2692.1,2698.6,5298
2024-10-16 22:00:00,2698.8,2700.6,2693.9,2697.2,5783
2024-10-16 23:00:00,2697.2,2697.5,2689.9,2692.5,4340
2024-10-17 00:00:00,2692.3,2695.5,2691.9,2694.7,2462
2024-10-17 01:00:00,2694.6,2700.0,2693.7,2699.2,4736
2024-10-17 02:00:00,2699.3,2701.4,2695.6,2696.8,7574
2024-10-17 03:00:00,2696.8,2699.0,2694.7,2697.2,7616
2024-10-17 04:00:00,2697.2,2699.3,2695.4,2697.3,4610
2024-10-17 05:00:00,2697.3,2697.4,2692.0,2695.1,6508
2024-10-17 06:00:00,2695.0,2704.2,2694.6,2702.8,6805
2024-10-17 07:00:00,2702.8,2704.0,2696.4,2696.9,6953
2024-10-17 08:00:00,2697.0,2698.0,2688.2,2695.8,20985
2024-10-17 09:00:00,2695.8,2705.8,2693.0,2704.3,22091
2024-10-17 10:00:00,2704.4,2712.2,2700.2,2711.4,26496
2024-10-17 11:00:00,2711.3,2712.7,2703.3,2709.0,13921
2024-10-17 12:00:00,2708.9,2709.0,2699.5,2707.6,10818
2024-10-17 13:00:00,2707.9,2709.7,2705.9,2707.4,7661
2024-10-17 14:00:00,2707.4,2707.9,2704.5,2704.9,2836
2024-10-17 15:00:00,2704.8,2708.0,2704.0,2707.2,2499
2024-10-17 16:00:00,2707.3,2708.3,2706.2,2708.3,1515
2024-10-17 18:00:00,2707.8,2708.7,2707.3,2707.7,0
2024-10-17 19:00:00,2707.7,2709.5,2707.3,2708.9,785
2024-10-17 20:00:00,2708.9,2710.9,2708.1,2708.2,2209
2024-10-17 21:00:00,2708.4,2722.2,2708.1,2720.0,10862
2024-10-17 22:00:00,2719.8,2727.2,2719.3,2723.2,8928
2024-10-17 23:00:00,2723.2,2726.0,2722.4,2725.2,3546
2024-10-18 00:00:00,2725.1,2726.5,2724.0,2725.4,1609
2024-10-18 01:00:00,2725.5,2729.3,2725.2,2726.5,4032
2024-10-18 02:00:00,2726.3,2726.8,2717.9,2723.0,10186
2024-10-18 03:00:00,2722.8,2724.5,2717.6,2717.6,7332
2024-10-18 04:00:00,2717.7,2721.7,2716.9,2721.6,3963
2024-10-18 05:00:00,2721.6,2728.4,2721.6,2726.4,8365
2024-10-18 06:00:00,2726.6,2728.5,2723.3,2728.0,4361
2024-10-18 07:00:00,2728.0,2728.4,2723.0,2725.1,9056
2024-10-18 08:00:00,2725.2,2732.3,2724.4,2724.8,12795
2024-10-18 09:00:00,2724.7,2731.1,2720.2,2728.9,20020
2024-10-18 10:00:00,2729.0,2735.5,2727.0,2732.4,20155
2024-10-18 11:00:00,2731.7,2734.7,2728.9,2730.0,13638
2024-10-18 12:00:00,2730.0,2734.3,2729.9,2732.8,6561
2024-10-18 13:00:00,2732.8,2735.1,2728.7,2731.3,9086
2024-10-18 14:00:00,2731.3,2736.7,2730.8,2735.6,5349
2024-10-18 15:00:00,2735.7,2735.9,2733.3,2734.9,4412
2024-10-18 16:00:00,2734.9,2737.8,2734.3,2736.4,3100
2024-10-20 18:00:00,2736.3,2738.9,2734.6,2738.7,2197
2024-10-20 19:00:00,2738.5,2740.2,2737.4,2738.6,2039
2024-10-20 20:00:00,2738.7,2740.9,2736.3,2736.6,3480
2024-10-20 21:00:00,2736.7,2744.3,2735.9,2741.3,7111
2024-10-20 22:00:00,2741.4,2746.3,2739.9,2745.6,5427
2024-10-20 23:00:00,2745.6,2747.8,2744.3,2746.7,5128
2024-10-21 00:00:00,2746.6,2747.0,2744.5,2745.3,1973
2024-10-21 01:00:00,2745.3,2745.3,2739.5,2740.0,3821
2024-10-21 02:00:00,2739.8,2745.6,2738.6,2745.3,4610
2024-10-21 03:00:00,2745.1,2747.4,2740.2,2745.5,7236
2024-10-21 04:00:00,2745.4,2748.0,2744.4,2746.3,6596
2024-10-21 05:00:00,2746.4,2751.7,2745.6,2749.3,10178
2024-10-21 06:00:00,2749.4,2749.6,2742.7,2748.3,8486
2024-10-21 07:00:00,2748.3,2752.8,2748.0,2749.4,9742
2024-10-21 08:00:00,2749.5,2754.5,2747.5,2753.4,18290
2024-10-21 09:00:00,2753.5,2755.4,2748.4,2753.8,23755
2024-10-21 10:00:00,2753.8,2754.3,2736.6,2739.9,31243
2024-10-21 11:00:00,2739.8,2741.9,2731.4,2734.8,19884
2024-10-21 12:00:00,2734.6,2738.8,2732.7,2738.3,7421
2024-10-21 13:00:00,2738.2,2740.2,2736.1,2737.5,7906
2024-10-21 14:00:00,2737.4,2737.7,2729.6,2730.7,5723
2024-10-21 15:00:00,2730.6,2735.9,2728.5,2734.7,7945
2024-10-21 16:00:00,2734.7,2736.0,2733.5,2734.5,1835
2024-10-21 18:00:00,2734.7,2736.5,2733.5,2735.1,0
2024-10-21 19:00:00,2735.0,2737.1,2734.7,2735.8,1332
2024-10-21 20:00:00,2735.8,2739.4,2735.0,2738.9,3060
2024-10-21 21:00:00,2738.9,2744.8,2738.3,2742.3,5906
2024-10-21 22:00:00,2742.0,2745.0,2742.0,2743.2,2042
2024-10-21 23:00:00,2743.0,2747.5,2743.0,2745.7,3396
2024-10-22 00:00:00,2745.2,2750.2,2745.2,2749.0,3939
2024-10-22 01:00:00,2749.0,2749.4,2743.5,2744.9,3577
2024-10-22 02:00:00,2744.9,2751.6,2744.0,2749.3,5221
2024-10-22 03:00:00,2749.2,2750.5,2747.2,2747.9,4063
2024-10-22 04:00:00,2747.7,2752.5,2745.5,2749.1,6593
2024-10-22 05:00:00,2749.0,2750.5,2744.3,2745.9,5170
2024-10-22 06:00:00,2745.7,2753.7,2744.9,2753.2,7147
2024-10-22 07:00:00,2753.2,2753.4,2743.8,2746.5,8198
2024-10-22 08:00:00,2746.5,2752.5,2746.0,2750.5,10999
2024-10-22 09:00:00,2750.5,2756.8,2749.4,2750.3,22654
2024-10-22 10:00:00,2750.4,2757.7,2748.0,2756.3,20558
2024-10-22 11:00:00,2756.3,2758.7,2751.4,2752.2,14259
2024-10-22 12:00:00,2752.1,2760.0,2751.8,2759.7,11210
2024-10-22 13:00:00,2759.8,2762.9,2758.0,2761.4,11599
2024-10-22 14:00:00,2761.4,2761.8,2758.7,2759.1,4536
2024-10-22 15:00:00,2759.1,2763.2,2758.3,2762.8,4611
2024-10-22 16:00:00,2762.8,2763.3,2760.9,2763.1,3488
2024-10-22 18:00:00,2762.6,2762.8,2760.8,2761.3,0
2024-10-22 19:00:00,2761.4,2762.1,2759.8,2760.6,967
2024-10-22 20:00:00,2760.6,2761.1,2758.8,2759.5,1465
2024-10-22 21:00:00,2759.5,2761.4,2752.3,2753.0,5660
2024-10-22 22:00:00,2752.9,2755.5,2752.1,2753.3,4148
2024-10-22 23:00:00,2753.2,2761.2,2752.7,2760.2,5235
2024-10-23 00:00:00,2760.3,2764.6,2759.2,2763.8,5070
2024-10-23 01:00:00,2763.8,2767.3,2762.9,2765.4,5019
2024-10-23 02:00:00,2765.3,2767.1,2762.0,2764.6,4595
2024-10-23 03:00:00,2764.6,2769.7,2763.5,2769.0,4800
2024-10-23 04:00:00,2768.9,2772.6,2768.7,2770.9,4848
2024-10-23 05:00:00,2771.1,2771.6,2763.8,2764.8,8280
2024-10-23 06:00:00,2764.8,2766.7,2763.8,2764.7,4567
2024-10-23 07:00:00,2764.6,2767.0,2763.0,2763.9,5518
2024-10-23 08:00:00,2763.9,2764.5,2754.5,2757.3,16859
2024-10-23 09:00:00,2757.2,2758.0,2745.4,2751.2,31114
2024-10-23 10:00:00,2751.3,2752.5,2730.0,2731.5,37779
2024-10-23 11:00:00,2731.5,2736.2,2722.1,2735.4,26200
2024-10-23 12:00:00,2735.4,2736.9,2732.1,2732.9,8027
2024-10-23 13:00:00,2732.8,2734.3,2727.2,2730.3,10187
2024-10-23 14:00:00,2730.1,2730.2,2725.4,2727.6,4621
2024-10-23 15:00:00,2727.8,2731.9,2726.8,2729.7,5453
2024-10-23 16:00:00,2729.7,2730.3,2727.7,2729.0,1745
2024-10-23 18:00:00,2729.2,2731.2,2728.7,2731.0,0
2024-10-23 19:00:00,2730.9,2734.7,2730.9,2734.0,1813
2024-10-23 20:00:00,2733.9,2734.2,2730.5,2734.0,2692
2024-10-23 21:00:00,2734.1,2739.9,2733.0,2736.7,6699
2024-10-23 22:00:00,2736.7,2737.5,2733.2,2736.4,3470
2024-10-23 23:00:00,2736.4,2737.1,2734.5,2736.0,1577
2024-10-24 00:00:00,2736.0,2740.3,2735.8,2739.5,2362
2024-10-24 01:00:00,2739.4,2742.6,2738.7,2741.6,2900
2024-10-24 02:00:00,2741.7,2749.1,2741.0,2747.7,10003
2024-10-24 03:00:00,2747.7,2749.9,2744.9,2746.3,5624
2024-10-24 04:00:00,2746.4,2750.5,2745.2,2749.4,5381
2024-10-24 05:00:00,2749.3,2752.2,2748.6,2749.3,5076
2024-10-24 06:00:00,2749.3,2751.8,2749.0,2749.4,2758
2024-10-24 07:00:00,2749.4,2752.5,2747.6,2751.2,4993
2024-10-24 08:00:00,2751.2,2754.6,2747.0,2751.9,12668
2024-10-24 09:00:00,2752.1,2756.3,2742.4,2746.4,23116
2024-10-24 10:00:00,2746.6,2749.6,2735.1,2745.3,25952
2024-10-24 11:00:00,2745.3,2747.4,2739.3,2743.9,13294
2024-10-24 12:00:00,2744.0,2748.7,2738.6,2746.7,9094
2024-10-24 13:00:00,2746.7,2750.0,2745.7,2748.5,9906
2024-10-24 14:00:00,2748.5,2750.7,2747.5,2748.4,4665
2024-10-24 15:00:00,2748.5,2749.7,2746.3,2749.7,2924
2024-10-24 16:00:00,2749.8,2749.9,2747.6,2748.8,2147
2024-10-24 18:00:00,2748.6,2748.6,2746.7,2746.8,0
2024-10-24 19:00:00,2746.9,2747.8,2745.8,2746.0,884
2024-10-24 20:00:00,2746.1,2747.0,2743.4,2744.4,2237
2024-10-24 21:00:00,2744.5,2747.8,2742.3,2742.5,3363
2024-10-24 22:00:00,2742.5,2743.1,2738.8,2740.9,3335
2024-10-24 23:00:00,2740.9,2741.0,2737.0,2738.4,2752
2024-10-25 00:00:00,2738.7,2740.0,2736.5,2738.3,2366
2024-10-25 01:00:00,2738.4,2742.3,2738.3,2741.2,3054
2024-10-25 02:00:00,2741.4,2745.0,2737.6,2744.7,4224
2024-10-25 03:00:00,2744.6,2744.6,2738.6,2739.1,4239
2024-10-25 04:00:00,2739.2,2739.7,2731.3,2732.0,10877
2024-10-25 05:00:00,2731.9,2733.7,2729.1,2733.4,7385
2024-10-25 06:00:00,2733.4,2734.8,2729.3,2734.6,4518
2024-10-25 07:00:00,2734.3,2741.8,2733.4,2736.6,7859
2024-10-25 08:00:00,2736.4,2745.1,2735.6,2744.0,11378
2024-10-25 09:00:00,2744.1,2744.6,2737.6,2740.2,13788
2024-10-25 10:00:00,2740.1,2753.3,2740.0,2751.3,18428
2024-10-25 11:00:00,2751.2,2754.7,2749.0,2749.9,10061
2024-10-25 12:00:00,2749.7,2752.1,2746.7,2751.9,7420
2024-10-25 13:00:00,2751.9,2757.8,2751.4,2757.0,10172
2024-10-25 14:00:00,2757.1,2757.5,2753.9,2754.9,4584
2024-10-25 15:00:00,2754.8,2757.1,2753.1,2755.3,4989
2024-10-25 16:00:00,2755.3,2760.9,2755.2,2760.8,4616
2024-10-27 18:00:00,2749.2,2750.0,2742.0,2746.7,5768
2024-10-27 19:00:00,2746.9,2752.5,2746.7,2748.0,4050
2024-10-27 20:00:00,2747.9,2748.7,2744.4,2744.8,3181
2024-10-27 21:00:00,2744.8,2745.4,2736.9,2744.7,8133
2024-10-27 22:00:00,2744.7,2748.3,2743.1,2746.5,3311
2024-10-27 23:00:00,2746.6,2747.1,2741.7,2742.3,1902
2024-10-28 00:00:00,2741.9,2745.6,2741.3,2744.9,2151
2024-10-28 01:00:00,2745.1,2750.9,2743.4,2750.4,5314
2024-10-28 02:00:00,2750.5,2756.5,2749.6,2752.7,8248
2024-10-28 03:00:00,2752.8,2755.7,2748.1,2751.4,6699
2024-10-28 04:00:00,2751.4,2753.4,2743.8,2744.4,9329
2024-10-28 05:00:00,2744.4,2746.4,2740.5,2741.5,7624
2024-10-28 06:00:00,2741.4,2745.6,2740.1,2744.3,5615
2024-10-28 07:00:00,2744.5,2745.1,2741.8,2744.5,6000
2024-10-28 08:00:00,2744.4,2747.3,2743.5,2746.8,8793
2024-10-28 09:00:00,2746.6,2756.0,2745.0,2753.1,18929
2024-10-28 10:00:00,2753.0,2758.3,2751.0,2756.5,17993
2024-10-28 11:00:00,2756.6,2756.9,2751.8,2753.4,9943
2024-10-28 12:00:00,2753.2,2757.3,2752.3,2755.1,6129
2024-10-28 13:00:00,2755.2,2757.5,2752.4,2755.9,7152
2024-10-28 14:00:00,2755.9,2756.0,2752.5,2754.4,3622
2024-10-28 15:00:00,2754.3,2756.0,2752.7,2754.7,2752
2024-10-28 16:00:00,2754.9,2755.4,2753.9,2754.7,1483
2024-10-28 18:00:00,2754.3,2754.9,2752.0,2754.1,0
2024-10-28 19:00:00,2754.2,2756.4,2753.1,2756.2,1099
2024-10-28 20:00:00,2756.4,2759.0,2755.3,2758.0,2969
2024-10-28 21:00:00,2758.0,2764.8,2757.7,2764.6,6253
2024-10-28 22:00:00,2764.6,2770.2,2762.7,2765.3,9402
2024-10-28 23:00:00,2765.0,2765.4,2760.9,2763.8,4202
2024-10-29 00:00:00,2763.6,2767.2,2763.4,2766.8,2156
2024-10-29 01:00:00,2766.9,2768.8,2761.8,2762.0,4105
2024-10-29 02:00:00,2762.0,2768.8,2761.1,2767.8,4140
2024-10-29 03:00:00,2767.8,2768.3,2763.7,2764.3,3017
2024-10-29 04:00:00,2764.5,2767.6,2758.5,2767.0,9543
2024-10-29 05:00:00,2767.0,2768.8,2762.0,2764.4,6821
2024-10-29 06:00:00,2764.4,2765.1,2759.5,2762.3,6388
2024-10-29 07:00:00,2762.4,2765.5,2757.9,2764.0,8366
2024-10-29 08:00:00,2764.0,2766.2,2761.0,2761.4,8524
2024-10-29 09:00:00,2761.3,2776.6,2760.4,2773.4,30121
2024-10-29 10:00:00,2773.4,2784.0,2773.2,2781.8,28844
2024-10-29 11:00:00,2782.0,2782.9,2772.5,2776.3,19731
2024-10-29 12:00:00,2776.3,2782.4,2776.2,2781.6,11675
2024-10-29 13:00:00,2781.5,2784.9,2778.5,2782.1,14284
2024-10-29 14:00:00,2782.2,2785.9,2780.5,2785.5,6017
2024-10-29 15:00:00,2785.5,2787.3,2783.4,2784.6,5570
2024-10-29 16:00:00,2784.6,2787.7,2784.3,2787.4,2679
2024-10-29 18:00:00,2786.9,2788.0,2785.0,2787.0,0
2024-10-29 19:00:00,2787.0,2787.5,2785.9,2787.3,903
2024-10-29 20:00:00,2787.5,2791.6,2787.2,2790.3,3615
2024-10-29 21:00:00,2790.3,2794.4,2789.2,2793.9,5262
2024-10-29 22:00:00,2793.9,2794.0,2788.3,2792.7,5245
2024-10-29 23:00:00,2792.6,2793.5,2789.4,2791.2,3047
2024-10-30 00:00:00,2791.2,2793.0,2789.4,2792.2,1604
2024-10-30 01:00:00,2792.2,2796.8,2790.0,2796.0,4535
2024-10-30 02:00:00,2794.7,2801.7,2793.4,2799.2,7350
2024-10-30 03:00:00,2799.3,2800.2,2792.3,2794.3,6620
2024-10-30 04:00:00,2794.3,2796.8,2791.5,2794.0,6598
2024-10-30 05:00:00,2793.9,2796.6,2792.3,2796.5,3781
2024-10-30 06:00:00,2796.5,2798.5,2792.0,2792.1,4838
2024-10-30 07:00:00,2792.2,2793.9,2790.0,2790.3,8262
2024-10-30 08:00:00,2790.2,2795.3,2784.9,2794.3,17333
2024-10-30 09:00:00,2794.4,2799.5,2782.4,2789.6,33856
2024-10-30 10:00:00,2789.6,2793.3,2786.9,2792.1,19116
2024-10-30 11:00:00,2791.9,2797.8,2783.4,2796.6,15985
2024-10-30 12:00:00,2796.4,2799.2,2794.7,2797.1,7909
2024-10-30 13:00:00,2797.0,2801.3,2795.6,2800.3,12503
2024-10-30 14:00:00,2800.4,2801.8,2799.0,2799.4,5407
2024-10-30 15:00:00,2799.5,2799.7,2796.1,2799.0,4714
2024-10-30 16:00:00,2799.0,2799.7,2796.3,2799.1,1974
2024-10-30 18:00:00,2799.1,2799.5,2796.8,2798.3,0
2024-10-30 19:00:00,2798.1,2798.9,2796.1,2796.4,1013
2024-10-30 20:00:00,2796.5,2799.3,2795.7,2798.7,2185
2024-10-30 21:00:00,2798.7,2801.2,2794.7,2795.8,4805
2024-10-30 22:00:00,2795.8,2800.1,2795.6,2798.0,3691
2024-10-30 23:00:00,2798.0,2799.4,2795.4,2795.6,1494
2024-10-31 00:00:00,2795.8,2796.4,2793.2,2795.5,2709
2024-10-31 01:00:00,2795.4,2797.7,2793.6,2796.3,4834
2024-10-31 02:00:00,2796.4,2797.2,2790.6,2790.8,6213
2024-10-31 03:00:00,2790.8,2794.8,2789.0,2792.8,6630
2024-10-31 04:00:00,2792.7,2793.9,2787.9,2789.9,5859
2024-10-31 05:00:00,2789.8,2791.1,2788.0,2789.1,5924
2024-10-31 06:00:00,2789.0,2792.1,2784.0,2791.6,10283
2024-10-31 07:00:00,2791.7,2793.7,2787.5,2790.4,7360
2024-10-31 08:00:00,2790.4,2792.9,2782.4,2784.3,15851
2024-10-31 09:00:00,2784.2,2784.5,2764.8,2765.8,38173
2024-10-31 10:00:00,2765.7,2767.7,2744.7,2745.0,43451
2024-10-31 11:00:00,2745.0,2751.4,2741.8,2750.7,22664
2024-10-31 12:00:00,2752.2,2753.9,2748.2,2751.0,11830
2024-10-31 13:00:00,2751.1,2754.2,2748.3,2749.8,11127
2024-10-31 14:00:00,2749.7,2758.3,2749.7,2757.2,10787
2024-10-31 15:00:00,2757.3,2760.0,2755.8,2756.6,7123
2024-10-31 16:00:00,2756.6,2758.4,2753.6,2754.1,2552
2024-10-31 18:00:00,2754.0,2757.5,2753.8,2756.0,0
2024-10-31 19:00:00,2756.1,2757.7,2755.3,2756.5,1249
2024-10-31 20:00:00,2756.6,2757.2,2754.5,2754.6,1318
2024-10-31 21:00:00,2754.6,2759.8,2754.5,2759.6,5782
2024-10-31 22:00:00,2759.4,2760.4,2755.5,2758.5,3398
2024-10-31 23:00:00,2758.6,2761.6,2757.2,2761.2,2828
2024-11-01 00:00:00,2761.4,2762.7,2760.4,2761.8,1967
2024-11-01 01:00:00,2761.9,2765.0,2761.2,2764.7,3378
2024-11-01 02:00:00,2764.8,2766.9,2761.0,2761.5,5556
2024-11-01 03:00:00,2761.6,2762.9,2756.8,2759.5,3637
2024-11-01 04:00:00,2759.3,2764.8,2758.2,2763.2,6111
2024-11-01 05:00:00,2763.2,2765.2,2759.4,2761.3,4703
2024-11-01 06:00:00,2761.3,2761.7,2754.8,2759.6,4296
2024-11-01 07:00:00,2759.6,2764.0,2759.6,2762.7,5818
2024-11-01 08:00:00,2762.7,2770.0,2758.7,2764.0,25044
2024-11-01 09:00:00,2763.9,2772.4,2762.2,2766.1,19573
2024-11-01 10:00:00,2766.2,2769.7,2749.4,2757.1,30458
2024-11-01 11:00:00,2757.1,2760.4,2752.3,2754.4,10302
2024-11-01 12:00:00,2754.4,2755.8,2749.8,2752.7,7860
2024-11-01 13:00:00,2752.8,2753.6,2744.6,2746.1,11640
2024-11-01 14:00:00,2745.9,2747.7,2743.1,2745.7,6192
2024-11-01 15:00:00,2745.7,2746.6,2742.6,2743.8,4748
2024-11-01 16:00:00,2743.9,2746.7,2743.0,2745.8,2947
2024-11-03 18:00:00,2743.5,2749.5,2739.4,2747.4,4706
2024-11-03 19:00:00,2747.6,2750.5,2745.9,2749.6,2518
2024-11-03 20:00:00,2749.8,2750.8,2744.5,2749.2,4481
2024-11-03 21:00:00,2749.1,2750.3,2746.1,2749.3,2414
2024-11-03 22:00:00,2749.5,2751.9,2748.7,2750.3,1960
2024-11-03 23:00:00,2750.3,2751.4,2748.9,2750.2,1165
2024-11-04 00:00:00,2750.4,2753.0,2746.8,2750.8,3337
2024-11-04 01:00:00,2750.8,2750.8,2745.0,2750.8,4563
2024-11-04 02:00:00,2750.7,2754.0,2744.2,2745.0,5033
2024-11-04 03:00:00,2745.0,2747.7,2740.7,2742.3,7098
2024-11-04 04:00:00,2742.3,2753.2,2741.5,2752.4,9075
2024-11-04 05:00:00,2752.4,2754.4,2746.2,2747.6,6338
2024-11-04 06:00:00,2747.6,2750.3,2745.4,2749.9,3663
2024-11-04 07:00:00,2749.7,2753.2,2748.2,2752.7,5603
2024-11-04 08:00:00,2752.7,2756.2,2747.9,2756.1,11112
2024-11-04 09:00:00,2756.1,2757.5,2747.1,2752.6,14208
2024-11-04 10:00:00,2752.9,2755.0,2747.0,2748.0,16042
2024-11-04 11:00:00,2747.9,2748.4,2741.8,2743.8,11547
2024-11-04 12:00:00,2743.8,2747.9,2741.0,2747.8,8284
2024-11-04 13:00:00,2747.7,2748.6,2744.9,2747.7,8334
2024-11-04 14:00:00,2747.6,2749.2,2746.5,2747.7,2091
2024-11-04 15:00:00,2747.6,2748.1,2745.7,2746.5,2281
2024-11-04 16:00:00,2746.6,2746.8,2745.1,2745.8,753
2024-11-04 18:00:00,2746.0,2746.9,2744.8,2744.8,0
2024-11-04 19:00:00,2744.8,2745.4,2742.8,2743.8,1837
2024-11-04 20:00:00,2743.7,2745.0,2741.6,2743.1,3872
2024-11-04 21:00:00,2743.0,2744.1,2733.4,2737.1,6970
2024-11-04 22:00:00,2737.1,2744.8,2736.6,2744.1,4748
2024-11-04 23:00:00,2744.1,2745.1,2741.7,2743.3,2621
2024-11-05 00:00:00,2743.1,2745.9,2740.7,2741.2,2403
2024-11-05 01:00:00,2741.2,2747.7,2740.3,2746.6,4224
2024-11-05 02:00:00,2746.5,2750.2,2744.1,2745.3,4015
2024-11-05 03:00:00,2745.4,2752.5,2741.0,2751.6,7659
2024-11-05 04:00:00,2751.6,2754.1,2748.1,2749.2,5296
2024-11-05 05:00:00,2749.1,2749.3,2744.8,2747.0,5994
2024-11-05 06:00:00,2747.5,2752.1,2747.5,2750.7,6550
2024-11-05 07:00:00,2750.9,2752.2,2746.5,2747.0,4414
2024-11-05 08:00:00,2747.1,2756.0,2745.8,2754.0,11747
2024-11-05 09:00:00,2753.9,2759.5,2750.4,2756.2,15715
2024-11-05 10:00:00,2756.2,2756.2,2742.2,2751.4,20222
2024-11-05 11:00:00,2751.5,2754.0,2745.5,2748.3,8684
2024-11-05 12:00:00,2748.3,2753.0,2747.4,2751.4,5973
2024-11-05 13:00:00,2751.4,2753.3,2748.8,2750.8,15447
2024-11-05 14:00:00,2750.8,2751.7,2748.9,2749.9,2146
2024-11-05 15:00:00,2750.0,2752.7,2749.1,2752.1,2983
2024-11-05 16:00:00,2752.2,2754.1,2751.7,2753.4,1093
2024-11-05 18:00:00,2752.6,2755.2,2750.7,2754.4,0
2024-11-05 19:00:00,2754.5,2754.5,2744.0,2746.8,6280
2024-11-05 20:00:00,2747.1,2758.8,2741.6,2756.0,13800
2024-11-05 21:00:00,2755.6,2757.3,2745.7,2746.4,12740
2024-11-05 22:00:00,2746.4,2752.7,2738.8,2743.0,14984
2024-11-05 23:00:00,2743.2,2752.0,2742.0,2751.0,8198
2024-11-06 00:00:00,2750.6,2752.5,2745.4,2747.8,6456
2024-11-06 01:00:00,2747.8,2748.0,2709.8,2716.2,30217
2024-11-06 02:00:00,2716.1,2742.2,2713.1,2734.5,17181
2024-11-06 03:00:00,2734.4,2742.8,2731.6,2733.3,11097
2024-11-06 04:00:00,2733.3,2737.7,2725.2,2733.7,8239
2024-11-06 05:00:00,2733.6,2736.3,2727.6,2729.1,4563
2024-11-06 06:00:00,2729.1,2731.8,2704.4,2707.8,16857
2024-11-06 07:00:00,2707.6,2716.9,2701.8,2703.8,17257
2024-11-06 08:00:00,2703.6,2703.6,2666.9,2672.2,58170
2024-11-06 09:00:00,2672.2,2678.7,2660.7,2668.4,40819
2024-11-06 10:00:00,2668.4,2684.8,2666.1,2684.6,30333
2024-11-06 11:00:00,2684.7,2687.0,2671.2,2674.8,17866
2024-11-06 12:00:00,2674.7,2677.9,2670.1,2672.0,8967
2024-11-06 13:00:00,2671.9,2678.2,2671.5,2674.2,13634
2024-11-06 14:00:00,2674.3,2677.1,2673.4,2675.7,3661
2024-11-06 15:00:00,2675.7,2676.4,2667.9,2669.3,5363
2024-11-06 16:00:00,2669.4,2671.2,2667.5,2668.0,2092
2024-11-06 18:00:00,2667.7,2671.8,2666.5,2671.3,0
2024-11-06 19:00:00,2671.3,2671.5,2668.2,2668.8,3700
2024-11-06 20:00:00,2668.7,2671.4,2650.3,2656.4,13974
2024-11-06 21:00:00,2656.5,2664.8,2656.5,2664.6,6773
2024-11-06 22:00:00,2664.7,2668.3,2662.9,2666.2,5057
2024-11-06 23:00:00,2666.1,2666.6,2660.7,2661.2,4217
2024-11-07 00:00:00,2661.4,2667.6,2661.4,2666.7,3279
2024-11-07 01:00:00,2665.9,2666.4,2659.5,2663.9,4887
2024-11-07 02:00:00,2663.8,2674.7,2662.9,2670.1,9616
2024-11-07 03:00:00,2670.2,2673.6,2664.3,2664.3,8542
2024-11-07 04:00:00,2664.4,2673.0,2664.3,2668.5,8343
2024-11-07 05:00:00,2668.5,2675.2,2666.7,2673.3,8881
2024-11-07 06:00:00,2673.2,2675.1,2670.6,2673.3,4295
2024-11-07 07:00:00,2673.2,2681.5,2671.3,2681.0,9581
2024-11-07 08:00:00,2681.1,2692.5,2679.7,2692.0,29943
2024-11-07 09:00:00,2691.8,2702.6,2689.6,2699.3,22909
2024-11-07 10:00:00,2699.2,2707.8,2697.4,2706.1,24117
2024-11-07 11:00:00,2706.0,2706.8,2697.7,2703.1,23652
2024-11-07 12:00:00,2703.1,2707.8,2701.5,2706.8,11733
2024-11-07 13:00:00,2706.8,2707.0,2701.3,2703.0,26427
2024-11-07 14:00:00,2703.2,2705.5,2694.6,2701.6,14310
2024-11-07 15:00:00,2701.7,2718.3,2700.0,2711.9,15908
2024-11-07 16:00:00,2712.0,2716.1,2711.1,2714.0,2755
2024-11-07 18:00:00,2713.6,2715.4,2711.4,2714.3,0
2024-11-07 19:00:00,2714.2,2717.8,2712.9,2713.5,2656
2024-11-07 20:00:00,2713.6,2715.0,2706.5,2707.4,8676
2024-11-07 21:00:00,2707.4,2708.4,2702.4,2704.8,4440
2024-11-07 22:00:00,2704.8,2707.9,2701.2,2702.4,3210
2024-11-07 23:00:00,2702.4,2703.4,2700.4,2700.6,3022
2024-11-08 00:00:00,2701.0,2703.4,2700.8,2702.3,2013
2024-11-08 01:00:00,2702.3,2703.1,2693.1,2693.6,8273
2024-11-08 02:00:00,2693.5,2694.9,2687.3,2694.6,6999
2024-11-08 03:00:00,2694.5,2697.2,2688.9,2696.0,8947
2024-11-08 04:00:00,2695.9,2698.4,2694.3,2696.7,4125
2024-11-08 05:00:00,2696.7,2696.7,2689.0,2695.6,4906
2024-11-08 06:00:00,2695.9,2702.3,2693.8,2699.2,6750
2024-11-08 07:00:00,2699.3,2700.4,2693.3,2699.2,8136
2024-11-08 08:00:00,2699.1,2708.8,2695.1,2705.3,22527
2024-11-08 09:00:00,2705.3,2711.7,2694.9,2699.2,33963
2024-11-08 10:00:00,2699.0,2700.4,2690.9,2695.1,21566
2024-11-08 11:00:00,2694.9,2696.8,2690.2,2690.8,10432
2024-11-08 12:00:00,2690.9,2696.2,2690.9,2695.6,8214
2024-11-08 13:00:00,2695.7,2696.5,2691.5,2692.7,23617
2024-11-08 14:00:00,2692.8,2695.3,2690.9,2694.8,5649
2024-11-08 15:00:00,2694.7,2696.2,2692.6,2692.8,5102
2024-11-08 16:00:00,2692.8,2693.6,2690.4,2691.7,2406
2024-11-10 18:00:00,2692.1,2693.3,2686.6,2692.6,1938
2024-11-10 19:00:00,2692.8,2693.4,2689.7,2691.2,1908
2024-11-10 20:00:00,2691.1,2692.1,2678.5,2679.9,8065
2024-11-10 21:00:00,2679.7,2682.0,2673.1,2678.8,7043
2024-11-10 22:00:00,2678.7,2678.8,2674.9,2677.2,3341
2024-11-10 23:00:00,2677.0,2679.4,2675.6,2679.0,2999
2024-11-11 00:00:00,2679.0,2681.3,2673.5,2676.0,5480
2024-11-11 01:00:00,2676.0,2680.7,2675.1,2679.9,2403
2024-11-11 02:00:00,2679.8,2680.6,2675.5,2676.3,3737
2024-11-11 03:00:00,2676.3,2678.6,2674.9,2676.3,4214
2024-11-11 04:00:00,2676.3,2677.6,2670.5,2673.5,5597
2024-11-11 05:00:00,2673.4,2682.6,2667.7,2668.7,9209
2024-11-11 06:00:00,2668.8,2673.9,2665.8,2669.2,7926
2024-11-11 07:00:00,2669.3,2669.9,2663.0,2664.1,13420
2024-11-11 08:00:00,2664.0,2664.3,2640.5,2642.0,35783
2024-11-11 09:00:00,2642.1,2642.3,2623.9,2629.0,54287
2024-11-11 10:00:00,2628.9,2633.0,2619.8,2621.1,23372
2024-11-11 11:00:00,2621.2,2624.9,2619.5,2621.8,16081
2024-11-11 12:00:00,2621.8,2623.7,2617.7,2619.2,11977
2024-11-11 13:00:00,2619.1,2626.1,2617.1,2625.6,18292
2024-11-11 14:00:00,2625.6,2627.3,2624.4,2625.8,8220
2024-11-11 15:00:00,2625.9,2632.8,2625.9,2628.4,7037
2024-11-11 16:00:00,2628.6,2629.7,2625.6,2626.1,1976
2024-11-11 18:00:00,2625.7,2630.4,2625.6,2630.2,0
2024-11-11 19:00:00,2630.3,2632.0,2628.4,2630.1,2717
2024-11-11 20:00:00,2630.0,2633.4,2625.1,2630.2,6811
2024-11-11 21:00:00,2630.2,2631.6,2626.6,2628.0,3465
2024-11-11 22:00:00,2628.2,2629.8,2624.9,2625.0,1765
2024-11-11 23:00:00,2624.9,2625.3,2621.6,2623.9,3349
2024-11-12 00:00:00,2623.9,2624.3,2611.2,2612.9,8771
2024-11-12 01:00:00,2612.7,2616.4,2609.6,2614.2,9485
2024-11-12 02:00:00,2614.3,2615.5,2601.7,2604.6,13335
2024-11-12 03:00:00,2604.8,2612.9,2604.7,2606.7,8493
2024-11-12 04:00:00,2606.5,2606.9,2596.7,2599.4,14726
2024-11-12 05:00:00,2599.4,2604.7,2595.7,2602.3,9956
2024-11-12 06:00:00,2603.1,2605.1,2598.6,2604.1,8348
2024-11-12 07:00:00,2604.1,2613.9,2604.1,2611.9,20245
2024-11-12 08:00:00,2611.9,2623.0,2610.9,2618.1,24557
2024-11-12 09:00:00,2618.3,2624.1,2615.4,2616.9,21016
2024-11-12 10:00:00,2616.8,2618.3,2603.7,2604.8,28581
2024-11-12 11:00:00,2605.0,2610.6,2604.0,2607.2,12661
2024-11-12 12:00:00,2607.1,2607.5,2598.8,2603.9,12664
2024-11-12 13:00:00,2604.0,2608.8,2602.9,2605.5,30107
2024-11-12 14:00:00,2605.6,2607.9,2604.3,2604.7,3441
2024-11-12 15:00:00,2604.6,2607.6,2601.6,2606.1,5305
2024-11-12 16:00:00,2606.2,2607.2,2603.5,2604.7,1714
2024-11-12 18:00:00,2604.7,2605.8,2603.7,2604.7,0
2024-11-12 19:00:00,2604.9,2605.6,2603.9,2605.4,1463
2024-11-12 20:00:00,2605.4,2617.1,2605.4,2614.1,9893
2024-11-12 21:00:00,2614.2,2618.4,2611.1,2617.9,5024
2024-11-12 22:00:00,2618.1,2619.1,2612.2,2617.3,5600
2024-11-12 23:00:00,2617.5,2618.2,2612.4,2612.6,4333
2024-11-13 00:00:00,2612.3,2613.7,2609.3,2611.6,3735
2024-11-13 01:00:00,2611.4,2613.4,2610.1,2611.1,3600
2024-11-13 02:00:00,2611.0,2613.3,2610.1,2612.0,3119
2024-11-13 03:00:00,2612.1,2616.8,2606.7,2613.6,10775
2024-11-13 04:00:00,2613.5,2617.7,2613.2,2614.4,5863
2024-11-13 05:00:00,2614.3,2616.3,2612.8,2614.8,6024
2024-11-13 06:00:00,2614.7,2617.5,2611.6,2616.7,5103
2024-11-13 07:00:00,2616.8,2618.9,2614.8,2615.7,6284
2024-11-13 08:00:00,2615.7,2625.0,2613.0,2618.6,26075
2024-11-13 09:00:00,2618.6,2622.6,2606.6,2607.8,25519
2024-11-13 10:00:00,2607.7,2613.0,2599.3,2611.3,24820
2024-11-13 11:00:00,2611.3,2612.0,2590.5,2591.5,25792
2024-11-13 12:00:00,2591.6,2592.6,2583.3,2589.1,14252
2024-11-13 13:00:00,2589.2,2591.3,2585.3,2588.6,29700
2024-11-13 14:00:00,2588.7,2591.0,2586.4,2586.9,3962
2024-11-13 15:00:00,2586.8,2587.0,2578.8,2579.4,10763
2024-11-13 16:00:00,2579.5,2583.0,2578.1,2578.4,3058
2024-11-13 18:00:00,2578.1,2585.8,2573.6,2575.0,0
2024-11-13 19:00:00,2575.2,2579.0,2574.0,2576.7,3033
2024-11-13 20:00:00,2576.7,2577.2,2566.5,2567.7,12294
2024-11-13 21:00:00,2567.4,2569.5,2563.8,2565.5,7841
2024-11-13 22:00:00,2565.5,2569.6,2564.7,2565.3,3876
2024-11-13 23:00:00,2565.2,2569.9,2563.8,2569.8,5372
2024-11-14 00:00:00,2569.7,2569.8,2560.0,2563.2,9418
2024-11-14 01:00:00,2563.2,2565.0,2556.4,2559.7,7184
2024-11-14 02:00:00,2559.6,2563.8,2555.1,2561.9,8094
2024-11-14 03:00:00,2561.8,2565.2,2559.4,2560.8,6505
2024-11-14 04:00:00,2561.0,2563.3,2541.5,2548.3,18619
2024-11-14 05:00:00,2548.2,2552.4,2543.8,2552.0,10783
2024-11-14 06:00:00,2551.9,2559.9,2550.0,2558.7,12009
2024-11-14 07:00:00,2558.9,2562.1,2555.1,2557.2,9712
2024-11-14 08:00:00,2557.1,2565.3,2556.1,2562.1,20237
2024-11-14 09:00:00,2562.0,2571.1,2559.2,2564.6,23603
2024-11-14 10:00:00,2564.6,2578.2,2563.5,2575.4,26389
2024-11-14 11:00:00,2575.6,2582.7,2574.4,2579.1,15547
2024-11-14 12:00:00,2579.2,2581.0,2572.4,2578.3,9460
2024-11-14 13:00:00,2578.3,2578.7,2572.4,2575.0,12941
2024-11-14 14:00:00,2575.0,2582.3,2575.0,2581.4,4361
2024-11-14 15:00:00,2581.4,2582.0,2569.0,2572.5,12588
2024-11-14 16:00:00,2572.6,2574.9,2569.4,2570.6,3066
2024-11-14 18:00:00,2570.4,2572.3,2569.9,2571.8,0
2024-11-14 19:00:00,2571.9,2572.5,2570.8,2571.6,2179
2024-11-14 20:00:00,2571.6,2576.5,2567.6,2569.6,5027
2024-11-14 21:00:00,2569.7,2575.8,2569.7,2574.9,2744
2024-11-14 22:00:00,2575.0,2576.1,2572.4,2572.5,1833
2024-11-14 23:00:00,2572.4,2574.3,2571.7,2571.9,951
2024-11-15 00:00:00,2571.8,2571.9,2564.2,2564.4,3971
2024-11-15 01:00:00,2564.3,2568.1,2558.9,2565.8,6095
2024-11-15 02:00:00,2565.9,2569.3,2563.7,2568.2,3314
2024-11-15 03:00:00,2568.1,2573.9,2565.1,2571.4,6390
2024-11-15 04:00:00,2571.5,2573.7,2568.5,2568.5,3845
2024-11-15 05:00:00,2568.5,2575.3,2567.5,2572.6,5870
2024-11-15 06:00:00,2572.5,2578.0,2571.3,2575.3,6445
2024-11-15 07:00:00,2575.3,2575.6,2569.9,2573.6,6508
2024-11-15 08:00:00,2573.8,2580.4,2565.3,2569.7,25406
2024-11-15 09:00:00,2569.6,2580.2,2568.6,2577.5,20290
2024-11-15 10:00:00,2577.5,2580.8,2569.6,2575.6,15913
2024-11-15 11:00:00,2575.6,2578.1,2566.3,2566.7,10292
2024-11-15 12:00:00,2566.6,2569.4,2564.6,2567.4,8339
2024-11-15 13:00:00,2567.4,2572.5,2563.7,2572.1,17056
2024-11-15 14:00:00,2572.2,2572.7,2566.8,2568.2,4232
2024-11-15 15:00:00,2568.2,2568.5,2563.9,2566.7,3778
2024-11-15 16:00:00,2566.7,2568.2,2565.6,2567.4,1764
2024-11-17 18:00:00,2571.5,2580.0,2568.5,2575.9,4922
2024-11-17 19:00:00,2575.8,2581.9,2574.4,2581.0,3564
2024-11-17 20:00:00,2581.0,2601.9,2581.0,2591.4,19254
2024-11-17 21:00:00,2591.3,2600.0,2591.3,2595.6,6737
2024-11-17 22:00:00,2595.5,2597.1,2592.4,2594.4,2950
2024-11-17 23:00:00,2594.4,2597.7,2593.9,2597.3,1439
2024-11-18 00:00:00,2596.7,2596.9,2589.3,2590.0,4016
2024-11-18 01:00:00,2589.8,2592.5,2584.9,2590.7,6250
2024-11-18 02:00:00,2590.6,2591.6,2585.8,2587.1,4013
2024-11-18 03:00:00,2587.0,2594.6,2586.3,2589.8,6759
2024-11-18 04:00:00,2589.7,2601.8,2588.0,2600.3,10386
2024-11-18 05:00:00,2600.3,2601.2,2593.7,2598.5,6391
2024-11-18 06:00:00,2598.4,2599.9,2594.7,2598.8,5402
2024-11-18 07:00:00,2598.5,2601.6,2594.7,2599.7,8773
2024-11-18 08:00:00,2599.4,2609.9,2597.1,2608.5,18156
2024-11-18 09:00:00,2608.5,2614.9,2607.2,2613.0,20744
2024-11-18 10:00:00,2612.2,2617.6,2610.3,2617.2,15533
2024-11-18 11:00:00,2617.3,2619.5,2613.6,2615.9,10025
2024-11-18 12:00:00,2616.0,2616.2,2611.6,2614.8,7441
2024-11-18 13:00:00,2614.8,2616.5,2612.0,2615.4,11176
2024-11-18 14:00:00,2615.5,2617.0,2612.6,2614.0,3578
2024-11-18 15:00:00,2614.0,2615.8,2612.4,2614.4,3711
2024-11-18 16:00:00,2614.5,2616.7,2614.1,2616.1,3614
2024-11-18 18:00:00,2616.3,2617.1,2614.2,2616.6,0
2024-11-18 19:00:00,2616.7,2617.7,2615.0,2617.3,1808
2024-11-18 20:00:00,2617.4,2622.0,2615.5,2619.7,7781
2024-11-18 21:00:00,2619.9,2628.3,2619.9,2626.6,6635
2024-11-18 22:00:00,2626.5,2629.7,2625.6,2628.5,4735
2024-11-18 23:00:00,2628.4,2629.5,2625.7,2627.1,1949
2024-11-19 00:00:00,2627.1,2627.5,2625.0,2626.6,3102
2024-11-19 01:00:00,2626.4,2630.6,2625.3,2629.0,3942
2024-11-19 02:00:00,2629.1,2629.2,2621.4,2622.9,5938
2024-11-19 03:00:00,2622.7,2631.0,2622.5,2630.3,10598
2024-11-19 04:00:00,2630.2,2638.4,2629.3,2634.1,18465
2024-11-19 05:00:00,2634.2,2640.6,2633.9,2638.9,9552
2024-11-19 06:00:00,2638.9,2639.9,2632.6,2633.2,8223
2024-11-19 07:00:00,2633.2,2643.2,2632.4,2643.2,10105
2024-11-19 08:00:00,2643.3,2643.4,2633.1,2639.2,23486
2024-11-19 09:00:00,2639.1,2640.9,2626.2,2626.9,27141
2024-11-19 10:00:00,2626.9,2632.5,2624.5,2628.2,15211
2024-11-19 11:00:00,2628.5,2632.3,2626.0,2630.2,10550
2024-11-19 12:00:00,2630.1,2637.0,2629.3,2631.7,7567
2024-11-19 13:00:00,2631.4,2634.3,2630.1,2633.9,6881
2024-11-19 14:00:00,2634.0,2635.5,2632.7,2634.5,3294
2024-11-19 15:00:00,2634.5,2638.4,2634.2,2637.4,2901
2024-11-19 16:00:00,2637.4,2637.6,2634.0,2635.7,2499
2024-11-19 18:00:00,2635.8,2638.4,2634.9,2638.0,0
2024-11-19 19:00:00,2638.0,2642.3,2637.4,2640.9,2507
2024-11-19 20:00:00,2641.0,2644.6,2638.8,2642.8,6391
2024-11-19 21:00:00,2642.9,2645.3,2641.7,2643.4,3252
2024-11-19 22:00:00,2643.6,2644.7,2640.9,2641.2,2201
2024-11-19 23:00:00,2641.2,2642.0,2639.3,2639.8,1436
2024-11-20 00:00:00,2639.9,2641.9,2638.2,2640.2,3384
2024-11-20 01:00:00,2640.1,2640.4,2631.6,2632.8,7502
2024-11-20 02:00:00,2632.6,2633.5,2624.2,2624.6,7244
2024-11-20 03:00:00,2624.5,2627.7,2621.9,2627.4,11213
2024-11-20 04:00:00,2627.4,2629.1,2624.0,2625.0,7055
2024-11-20 05:00:00,2625.2,2629.5,2624.0,2628.3,4867
2024-11-20 06:00:00,2628.3,2631.5,2624.6,2631.4,6609
2024-11-20 07:00:00,2631.4,2635.8,2630.3,2635.2,7711
2024-11-20 08:00:00,2635.1,2644.1,2634.4,2639.6,18797
2024-11-20 09:00:00,2639.7,2649.9,2637.5,2646.7,22336
2024-11-20 10:00:00,2646.5,2652.6,2644.2,2652.4,18402
2024-11-20 11:00:00,2652.4,2654.3,2649.6,2654.1,12178
2024-11-20 12:00:00,2654.0,2659.0,2652.7,2655.3,10638
2024-11-20 13:00:00,2655.3,2655.7,2648.8,2651.9,9178
2024-11-20 14:00:00,2651.9,2656.7,2651.8,2654.4,3649
2024-11-20 15:00:00,2654.4,2654.7,2650.7,2652.3,3546
2024-11-20 16:00:00,2652.4,2654.2,2651.4,2654.1,1844
2024-11-20 18:00:00,2653.5,2655.5,2651.6,2654.6,0
2024-11-20 19:00:00,2654.8,2661.3,2654.2,2660.9,3277
2024-11-20 20:00:00,2661.1,2663.3,2654.1,2656.0,5394
2024-11-20 21:00:00,2655.9,2660.8,2654.8,2656.3,3373
2024-11-20 22:00:00,2656.3,2659.7,2653.1,2659.4,3204
2024-11-20 23:00:00,2659.5,2661.6,2659.4,2659.8,1832
2024-11-21 00:00:00,2659.5,2660.7,2657.1,2659.4,2559
2024-11-21 01:00:00,2659.4,2664.6,2659.1,2663.8,4129
2024-11-21 02:00:00,2663.7,2667.2,2662.3,2665.5,5703
2024-11-21 03:00:00,2665.4,2672.3,2664.3,2671.2,9712
2024-11-21 04:00:00,2671.1,2674.0,2666.1,2671.5,7897
2024-11-21 05:00:00,2671.5,2672.9,2667.5,2672.4,7715
2024-11-21 06:00:00,2672.5,2676.2,2670.9,2674.1,6724
2024-11-21 07:00:00,2674.3,2674.4,2665.5,2666.0,8081
2024-11-21 08:00:00,2665.8,2670.3,2662.8,2667.9,14723
2024-11-21 09:00:00,2668.1,2674.2,2663.6,2667.4,22316
2024-11-21 10:00:00,2667.3,2673.2,2666.8,2670.4,15482
2024-11-21 11:00:00,2670.3,2672.4,2663.6,2667.2,17161
2024-11-21 12:00:00,2667.2,2675.4,2664.2,2674.6,9539
2024-11-21 13:00:00,2674.5,2676.0,2671.6,2675.1,8040
2024-11-21 14:00:00,2675.1,2676.5,2670.4,2672.3,5027
2024-11-21 15:00:00,2672.3,2674.4,2671.2,2674.1,7821
2024-11-21 16:00:00,2674.0,2674.3,2670.3,2672.2,3113
2024-11-21 18:00:00,2672.0,2672.4,2670.1,2671.1,0
2024-11-21 19:00:00,2671.3,2675.6,2670.8,2675.2,2060
2024-11-21 20:00:00,2675.1,2681.7,2675.1,2680.1,4348
2024-11-21 21:00:00,2679.7,2688.8,2679.5,2688.5,4933
2024-11-21 22:00:00,2688.4,2692.9,2683.4,2688.6,8013
2024-11-21 23:00:00,2688.6,2694.7,2685.2,2690.2,5421
2024-11-22 00:00:00,2691.0,2691.3,2685.1,2688.5,3151
2024-11-22 01:00:00,2688.8,2695.6,2688.1,2695.3,4618
2024-11-22 02:00:00,2695.2,2701.8,2693.0,2699.1,7912
2024-11-22 03:00:00,2699.2,2703.0,2697.3,2699.9,10780
2024-11-22 04:00:00,2699.8,2709.8,2695.8,2705.7,13624
2024-11-22 05:00:00,2705.8,2711.1,2705.0,2710.0,8851
2024-11-22 06:00:00,2710.1,2712.4,2699.2,2701.1,12710
2024-11-22 07:00:00,2701.0,2707.3,2699.3,2705.4,7656
2024-11-22 08:00:00,2705.2,2706.5,2691.3,2695.1,22713
2024-11-22 09:00:00,2695.1,2698.7,2686.4,2696.8,25532
2024-11-22 10:00:00,2697.1,2707.5,2696.6,2706.0,17675
2024-11-22 11:00:00,2706.1,2708.8,2703.1,2707.3,12613
2024-11-22 12:00:00,2707.5,2709.5,2705.7,2709.0,8296
2024-11-22 13:00:00,2709.0,2713.7,2708.9,2713.1,13538
2024-11-22 14:00:00,2713.2,2713.7,2709.2,2710.3,5673
2024-11-22 15:00:00,2710.3,2711.1,2707.2,2707.8,5217
2024-11-22 16:00:00,2707.8,2718.5,2707.7,2718.2,4345
2024-11-24 18:00:00,2716.9,2723.2,2690.0,2721.6,7682
2024-11-24 19:00:00,2721.5,2721.9,2711.5,2712.4,4874
2024-11-24 20:00:00,2712.5,2713.0,2696.7,2703.2,11702
2024-11-24 21:00:00,2703.3,2706.6,2694.2,2697.0,6069
2024-11-24 22:00:00,2697.0,2699.2,2661.0,2674.0,19048
2024-11-24 23:00:00,2674.0,2678.1,2665.5,2674.4,6052
2024-11-25 00:00:00,2674.0,2675.5,2660.0,2666.6,8019
2024-11-25 01:00:00,2666.6,2672.0,2663.4,2668.7,6721
2024-11-25 02:00:00,2668.6,2674.2,2665.2,2669.4,8038
2024-11-25 03:00:00,2669.2,2675.1,2668.7,2673.6,6127
2024-11-25 04:00:00,2673.6,2676.9,2671.6,2675.5,6634
2024-11-25 05:00:00,2675.5,2679.9,2670.3,2679.4,7142
2024-11-25 06:00:00,2679.4,2690.3,2679.3,2688.4,11313
2024-11-25 07:00:00,2688.5,2688.8,2681.4,2682.4,9157
2024-11-25 08:00:00,2682.3,2689.5,2678.0,2679.7,16376
2024-11-25 09:00:00,2679.7,2680.1,2634.5,2642.6,55207
2024-11-25 10:00:00,2642.5,2642.8,2627.3,2629.6,29230
2024-11-25 11:00:00,2629.4,2640.9,2629.4,2633.3,15808
2024-11-25 12:00:00,2633.2,2635.5,2625.4,2629.2,13585
2024-11-25 13:00:00,2629.1,2629.8,2616.6,2620.2,22632
2024-11-25 14:00:00,2620.2,2627.5,2619.6,2626.9,7825
2024-11-25 15:00:00,2626.9,2630.0,2623.7,2627.3,8192
2024-11-25 16:00:00,2627.2,2629.4,2625.8,2626.4,2554
2024-11-25 18:00:00,2626.2,2629.0,2605.3,2610.5,0
2024-11-25 19:00:00,2610.7,2624.7,2608.8,2619.9,5377
2024-11-25 20:00:00,2619.9,2632.6,2618.0,2628.4,6469
2024-11-25 21:00:00,2628.3,2630.8,2625.1,2625.6,3151
2024-11-25 22:00:00,2625.5,2631.1,2622.9,2630.5,2304
2024-11-25 23:00:00,2630.2,2631.6,2625.2,2626.7,1490
2024-11-26 00:00:00,2626.5,2626.5,2617.1,2624.7,3706
2024-11-26 01:00:00,2624.7,2626.3,2621.4,2622.3,2834
2024-11-26 02:00:00,2622.3,2623.3,2610.9,2614.2,5232
2024-11-26 03:00:00,2614.2,2618.5,2612.8,2613.7,6720
2024-11-26 04:00:00,2613.6,2627.6,2613.1,2626.4,8546
2024-11-26 05:00:00,2626.5,2633.5,2625.6,2631.8,7309
2024-11-26 06:00:00,2631.8,2633.6,2628.1,2633.5,4586
2024-11-26 07:00:00,2633.7,2635.1,2629.7,2631.2,6937
2024-11-26 08:00:00,2631.2,2642.7,2623.9,2629.9,24610
2024-11-26 09:00:00,2629.9,2634.1,2616.7,2623.0,21558
2024-11-26 10:00:00,2623.0,2633.3,2620.5,2629.9,13182
2024-11-26 11:00:00,2630.0,2631.8,2626.7,2628.9,8676
2024-11-26 12:00:00,2628.8,2628.8,2625.0,2625.2,6942
2024-11-26 13:00:00,2625.1,2625.2,2619.7,2623.8,13051
2024-11-26 14:00:00,2624.0,2629.6,2622.7,2628.7,4911
2024-11-26 15:00:00,2628.9,2633.3,2628.1,2632.1,3166
2024-11-26 16:00:00,2632.1,2634.0,2631.2,2633.8,0
2024-11-26 18:00:00,2633.5,2634.3,2630.9,2632.0,518
2024-11-26 19:00:00,2632.5,2633.1,2627.4,2628.2,917
2024-11-26 20:00:00,2628.0,2632.8,2627.2,2632.1,1016
2024-11-26 21:00:00,2631.6,2640.8,2631.6,2637.8,1093
2024-11-26 22:00:00,2637.9,2639.7,2636.1,2638.3,1049
2024-11-26 23:00:00,2637.9,2640.9,2636.8,2639.2,1044
2024-11-27 00:00:00,2638.9,2645.9,2638.4,2642.4,1461
2024-11-27 01:00:00,2642.2,2648.1,2639.1,2647.9,1590
2024-11-27 02:00:00,2648.0,2648.8,2646.4,2647.4,1927
2024-11-27 03:00:00,2646.8,2678.9,2645.5,2678.5,37737
2024-11-27 04:00:00,2678.7,2679.1,2647.7,2673.2,9484
2024-11-27 05:00:00,2648.0,2675.0,2647.5,2648.3,0
2024-11-27 06:00:00,2648.2,2677.2,2642.1,2650.7,2053
2024-11-27 07:00:00,2675.9,2679.8,2648.9,2675.9,49690
2024-11-27 08:00:00,2651.2,2683.4,2644.9,2681.4,16821
2024-11-27 09:00:00,2681.4,2681.9,2648.0,2676.5,15773
2024-11-27 10:00:00,2650.3,2676.7,2634.5,2668.0,0
2024-11-27 11:00:00,2667.8,2669.6,2637.6,2664.2,88170
2024-11-27 12:00:00,2664.1,2668.1,2634.8,2662.6,6763
2024-11-27 13:00:00,2662.4,2666.1,2636.9,2664.1,6019
2024-11-27 14:00:00,2664.2,2664.7,2634.2,2659.9,3692
2024-11-27 15:00:00,2659.9,2664.2,2634.8,2662.2,2966
2024-11-27 16:00:00,2662.2,2662.7,2635.2,2661.1,1349
2024-11-27 18:00:00,2660.6,2662.4,2636.4,2661.4,0
2024-11-27 19:00:00,2661.3,2662.7,2636.1,2659.9,1425
2024-11-27 20:00:00,2659.8,2660.6,2620.7,2652.6,9729
2024-11-27 21:00:00,2652.6,2653.9,2627.0,2652.1,2503
2024-11-27 22:00:00,2651.8,2656.0,2625.9,2654.0,2071
2024-11-27 23:00:00,2654.0,2658.2,2628.8,2655.3,1379
2024-11-29 09:30:00,2681.5,2686.4,2654.6,2677.4,10936
2024-11-29 10:30:00,2677.6,2682.9,2652.4,2682.8,10181
2024-11-29 11:30:00,2682.8,2686.5,2658.8,2686.2,6048
2024-11-29 12:30:00,2686.2,2686.2,2659.7,2684.9,4593
2024-12-01 18:00:00,2673.8,2678.5,2645.1,2668.5,3869
2024-12-01 19:00:00,2668.8,2670.3,2636.5,2660.1,7251
2024-12-01 20:00:00,2660.2,2661.8,2621.7,2658.6,11914
2024-12-01 21:00:00,2658.4,2660.7,2627.5,2649.3,5674
2024-12-01 22:00:00,2649.6,2653.9,2623.3,2652.2,4547
2024-12-01 23:00:00,2652.3,2653.5,2627.8,2651.2,2262
2024-12-02 00:00:00,2651.3,2651.5,2622.8,2646.1,4528
2024-12-02 01:00:00,2646.0,2650.4,2622.5,2648.7,3928
2024-12-02 02:00:00,2648.8,2656.3,2628.1,2652.3,4772
2024-12-02 03:00:00,2652.3,2655.5,2625.9,2652.2,5936
2024-12-02 04:00:00,2652.1,2659.8,2628.7,2656.4,5985
2024-12-02 05:00:00,2656.5,2660.7,2634.4,2658.8,4200
2024-12-02 06:00:00,2658.8,2669.2,2640.7,2664.7,12242
2024-12-02 07:00:00,2664.7,2668.1,2640.3,2664.0,5044
2024-12-02 08:00:00,2664.1,2672.1,2638.1,2670.4,14364
2024-12-02 09:00:00,2670.3,2675.0,2644.1,2669.0,13738
2024-12-02 10:00:00,2668.9,2672.8,2641.6,2665.4,13293
2024-12-02 11:00:00,2665.5,2667.4,2639.7,2664.4,7569
2024-12-02 12:00:00,2664.4,2665.0,2637.9,2661.9,5778
2024-12-02 13:00:00,2661.8,2661.9,2635.7,2659.9,8238
2024-12-02 14:00:00,2659.9,2663.3,2638.6,2660.6,3420
2024-12-02 15:00:00,2660.6,2667.4,2640.4,2660.1,5858
2024-12-02 16:00:00,2660.3,2662.3,2659.6,2661.8,1283
2024-12-02 18:00:00,2662.0,2665.7,2639.0,2664.7,0
2024-12-02 19:00:00,2664.9,2667.1,2663.3,2663.8,2333
2024-12-02 20:00:00,2663.9,2668.3,2656.6,2659.2,5784
2024-12-02 21:00:00,2658.9,2661.8,2656.9,2659.7,3546
2024-12-02 22:00:00,2659.5,2663.2,2639.2,2663.2,1594
2024-12-02 23:00:00,2663.1,2665.9,2638.2,2662.2,2582
2024-12-03 00:00:00,2662.4,2664.4,2659.4,2663.5,1773
2024-12-03 01:00:00,2663.7,2672.8,2663.7,2669.7,6390
2024-12-03 02:00:00,2669.8,2670.5,2667.0,2667.3,2987
2024-12-03 03:00:00,2667.2,2668.2,2640.2,2668.2,8021
2024-12-03 04:00:00,2668.1,2670.9,2666.3,2666.5,10671
2024-12-03 05:00:00,2666.6,2668.1,2665.0,2665.2,3853
2024-12-03 06:00:00,2665.2,2668.1,2644.2,2666.2,2686
2024-12-03 07:00:00,2666.0,2666.7,2660.5,2662.3,5118
2024-12-03 08:00:00,2662.3,2676.3,2640.4,2675.6,13647
2024-12-03 09:00:00,2675.6,2678.4,2649.4,2669.2,16729
2024-12-03 10:00:00,2669.6,2670.6,2636.0,2663.1,17526
2024-12-03 11:00:00,2663.1,2671.4,2638.9,2671.0,8338
2024-12-03 12:00:00,2670.9,2671.5,2665.8,2669.4,5918
2024-12-03 13:00:00,2669.4,2671.7,2665.5,2668.2,5954
2024-12-03 14:00:00,2668.3,2668.8,2662.4,2663.3,3732
2024-12-03 15:00:00,2663.2,2666.7,2641.7,2664.4,2222
2024-12-03 16:00:00,2664.5,2666.4,2664.2,2666.0,1560
2024-12-03 18:00:00,2665.8,2666.1,2663.1,2664.7,0
2024-12-03 19:00:00,2664.7,2665.4,2661.3,2662.4,1422
2024-12-03 20:00:00,2662.4,2665.5,2639.2,2664.4,5121
2024-12-03 21:00:00,2664.3,2670.3,2664.2,2668.1,3627
2024-12-03 22:00:00,2668.2,2670.0,2665.2,2666.7,2572
2024-12-03 23:00:00,2666.5,2670.0,2645.9,2670.0,1279
2024-12-04 00:00:00,2670.4,2673.1,2669.6,2671.7,3438
2024-12-04 01:00:00,2671.8,2673.6,2648.5,2671.3,2832
2024-12-04 02:00:00,2671.5,2671.5,2643.6,2663.6,5069
2024-12-04 03:00:00,2663.5,2664.3,2659.9,2663.5,5983
2024-12-04 04:00:00,2663.5,2664.9,2660.6,2662.8,4392
2024-12-04 05:00:00,2662.9,2666.4,2662.2,2666.1,6576
2024-12-04 06:00:00,2666.3,2669.6,2645.6,2668.1,7993
2024-12-04 07:00:00,2668.1,2668.4,2637.0,2659.2,8706
2024-12-04 08:00:00,2659.0,2671.9,2637.4,2671.2,20317
2024-12-04 09:00:00,2671.2,2676.8,2648.3,2672.6,19523
2024-12-04 10:00:00,2652.7,2682.0,2651.4,2679.7,23453
2024-12-04 11:00:00,2679.7,2680.4,2650.9,2674.2,10292
2024-12-04 12:00:00,2674.1,2677.4,2651.3,2675.9,4954
2024-12-04 13:00:00,2675.9,2677.4,2652.6,2673.5,5890
2024-12-04 14:00:00,2673.4,2679.9,2671.0,2676.2,5605
2024-12-04 15:00:00,2676.2,2676.4,2672.4,2674.5,3170
2024-12-04 16:00:00,2674.6,2675.6,2673.3,2674.3,1343
2024-12-04 18:00:00,2674.2,2675.3,2672.5,2673.9,0
2024-12-04 19:00:00,2674.0,2674.0,2671.3,2672.1,2050
2024-12-04 20:00:00,2672.1,2674.6,2651.0,2670.8,3473
2024-12-04 21:00:00,2670.8,2673.7,2649.8,2670.5,2243
2024-12-04 22:00:00,2670.3,2673.3,2668.3,2672.8,1832
2024-12-04 23:00:00,2672.8,2673.6,2669.6,2670.6,1302
2024-12-05 00:00:00,2670.2,2680.0,2655.0,2677.5,4928
2024-12-05 01:00:00,2677.3,2678.6,2671.2,2671.7,4513
2024-12-05 02:00:00,2671.6,2676.0,2650.0,2673.5,7979
2024-12-05 03:00:00,2673.4,2674.9,2647.9,2667.6,5658
2024-12-05 04:00:00,2667.5,2670.6,2644.5,2668.6,4519
2024-12-05 05:00:00,2668.5,2674.0,2647.4,2672.4,4013
2024-12-05 06:00:00,2672.2,2676.4,2650.5,2674.8,4428
2024-12-05 07:00:00,2675.0,2676.6,2670.8,2676.5,5304
2024-12-05 08:00:00,2676.6,2677.9,2651.9,2672.5,13120
2024-12-05 09:00:00,2672.3,2673.8,2662.8,2663.5,11144
2024-12-05 10:00:00,2663.6,2665.5,2633.2,2663.5,25152
2024-12-05 11:00:00,2663.7,2666.7,2635.1,2658.4,11203
2024-12-05 12:00:00,2658.4,2659.4,2625.7,2651.0,14984
2024-12-05 13:00:00,2650.9,2652.8,2629.2,2652.6,8288
2024-12-05 14:00:00,2652.7,2654.9,2630.4,2652.8,4292
2024-12-05 15:00:00,2652.9,2655.0,2651.1,2654.5,3172
2024-12-05 16:00:00,2654.4,2655.6,2654.1,2655.0,1076
2024-12-05 18:00:00,2655.0,2656.8,2654.0,2656.7,0
2024-12-05 19:00:00,2656.6,2656.6,2651.4,2651.8,1790
2024-12-05 20:00:00,2651.8,2653.7,2617.5,2640.5,11575
2024-12-05 21:00:00,2640.5,2648.1,2639.7,2647.9,2938
2024-12-05 22:00:00,2648.0,2664.8,2629.7,2662.9,8242
2024-12-05 23:00:00,2663.0,2666.7,2643.1,2664.2,5791
2024-12-06 00:00:00,2664.5,2664.9,2657.3,2659.8,6035
2024-12-06 01:00:00,2659.7,2664.3,2658.2,2661.3,5968
2024-12-06 02:00:00,2661.3,2662.1,2638.1,2661.8,2834
2024-12-06 03:00:00,2661.7,2667.2,2660.0,2666.2,5391
2024-12-06 04:00:00,2666.3,2667.9,2661.6,2662.5,6551
2024-12-06 05:00:00,2662.1,2662.7,2655.0,2655.6,6093
2024-12-06 06:00:00,2655.5,2660.9,2637.5,2659.9,4005
2024-12-06 07:00:00,2659.8,2663.3,2640.4,2660.1,5198
2024-12-06 08:00:00,2660.0,2665.3,2637.3,2657.4,21934
2024-12-06 09:00:00,2657.1,2660.7,2627.0,2657.1,20376
2024-12-06 10:00:00,2657.0,2662.3,2654.2,2659.5,13390
2024-12-06 11:00:00,2659.5,2663.7,2657.2,2662.4,6864
2024-12-06 12:00:00,2662.5,2662.6,2637.9,2656.8,6306
2024-12-06 13:00:00,2656.7,2660.9,2637.4,2659.1,6820
2024-12-06 14:00:00,2659.2,2659.3,2635.6,2656.8,2839
2024-12-06 15:00:00,2656.8,2658.3,2653.5,2653.9,3012
2024-12-06 16:00:00,2654.0,2655.7,2633.4,2654.9,1734
2024-12-08 18:00:00,2665.0,2672.7,2658.5,2662.4,6545
2024-12-08 19:00:00,2662.2,2662.4,2630.8,2653.3,5020
2024-12-08 20:00:00,2653.3,2672.9,2638.2,2668.3,8395
2024-12-08 21:00:00,2668.5,2670.4,2643.6,2667.7,3514
2024-12-08 22:00:00,2667.7,2668.3,2644.5,2660.6,4236
2024-12-08 23:00:00,2660.5,2661.1,2636.7,2658.3,3771
2024-12-09 00:00:00,2657.9,2662.1,2637.7,2660.0,2905
2024-12-09 01:00:00,2659.9,2666.0,2641.9,2665.3,3409
2024-12-09 02:00:00,2665.3,2673.2,2648.9,2672.3,6491
2024-12-09 03:00:00,2672.5,2673.0,2651.6,2671.0,8397
2024-12-09 04:00:00,2671.1,2679.0,2653.1,2677.1,6525
2024-12-09 05:00:00,2677.3,2680.4,2655.9,2679.4,6653
2024-12-09 06:00:00,2679.4,2682.5,2654.7,2678.3,6783
2024-12-09 07:00:00,2678.3,2680.4,2657.1,2678.7,6945
2024-12-09 08:00:00,2678.8,2689.5,2663.0,2688.7,17484
2024-12-09 09:00:00,2688.8,2698.8,2664.4,2697.5,20542
2024-12-09 10:00:00,2697.4,2700.0,2674.2,2691.2,18921
2024-12-09 11:00:00,2691.1,2693.5,2669.5,2690.5,11276
2024-12-09 12:00:00,2690.5,2692.2,2686.3,2687.4,6064
2024-12-09 13:00:00,2687.4,2687.5,2664.4,2685.8,7454
2024-12-09 14:00:00,2685.7,2686.1,2663.0,2682.9,3578
2024-12-09 15:00:00,2682.9,2682.9,2661.6,2680.8,4078
2024-12-09 16:00:00,2680.8,2683.9,2680.6,2683.0,2743
2024-12-09 18:00:00,2684.4,2684.5,2682.1,2683.0,0
2024-12-09 19:00:00,2683.0,2688.3,2661.0,2687.7,3313
2024-12-09 20:00:00,2667.6,2691.5,2662.6,2690.3,6531
2024-12-09 21:00:00,2690.2,2694.4,2670.9,2691.6,5835
2024-12-09 22:00:00,2691.6,2694.4,2667.9,2692.7,4357
2024-12-09 23:00:00,2692.8,2696.9,2673.8,2693.5,3043
2024-12-10 00:00:00,2693.1,2694.2,2671.2,2691.3,3458
2024-12-10 01:00:00,2691.2,2693.3,2670.0,2692.5,2959
2024-12-10 02:00:00,2692.4,2693.2,2665.9,2686.6,4042
2024-12-10 03:00:00,2686.5,2687.9,2663.6,2685.6,7015
2024-12-10 04:00:00,2685.8,2689.5,2664.8,2687.6,5224
2024-12-10 05:00:00,2687.6,2699.5,2686.9,2698.1,9959
2024-12-10 06:00:00,2698.1,2698.1,2692.1,2697.0,9262
2024-12-10 07:00:00,2697.1,2703.4,2695.1,2701.1,16027
2024-12-10 08:00:00,2701.2,2705.8,2676.8,2704.4,13232
2024-12-10 09:00:00,2704.3,2717.2,2686.8,2713.8,23792
2024-12-10 10:00:00,2713.7,2715.4,2690.0,2712.4,15679
2024-12-10 11:00:00,2712.3,2718.1,2692.9,2717.9,13549
2024-12-10 12:00:00,2717.8,2721.1,2698.2,2719.7,8811
2024-12-10 13:00:00,2719.8,2720.8,2717.3,2718.0,7685
2024-12-10 14:00:00,2718.1,2720.5,2717.2,2718.3,3181
2024-12-10 15:00:00,2718.2,2719.7,2717.3,2718.2,2728
2024-12-10 16:00:00,2718.2,2721.7,2718.1,2721.5,3072
2024-12-10 18:00:00,2721.2,2726.3,2720.3,2723.8,0
2024-12-10 19:00:00,2723.8,2732.9,2701.8,2731.7,7345
2024-12-10 20:00:00,2731.9,2734.2,2712.2,2732.4,11039
2024-12-10 21:00:00,2732.4,2738.9,2712.0,2736.1,11748
2024-12-10 22:00:00,2736.1,2741.0,2736.1,2737.6,8534
2024-12-10 23:00:00,2737.7,2740.9,2734.5,2736.3,7855
2024-12-11 00:00:00,2735.9,2739.6,2727.7,2727.8,18037
2024-12-11 01:00:00,2727.7,2732.1,2726.4,2731.8,9187
2024-12-11 02:00:00,2731.8,2732.0,2700.0,2726.2,8352
2024-12-11 03:00:00,2726.1,2734.6,2701.0,2728.0,9723
2024-12-11 04:00:00,2728.0,2728.2,2693.1,2727.2,8651
2024-12-11 05:00:00,2727.3,2731.2,2722.2,2725.6,7184
2024-12-11 06:00:00,2725.6,2728.5,2723.4,2727.3,4703
2024-12-11 07:00:00,2727.5,2728.6,2724.3,2725.5,5553
2024-12-11 08:00:00,2725.5,2733.1,2702.1,2732.1,17538
2024-12-11 09:00:00,2709.6,2742.6,2709.6,2742.2,21575
2024-12-11 10:00:00,2742.1,2759.7,2724.4,2754.7,40324
2024-12-11 11:00:00,2754.8,2757.6,2726.4,2753.1,17253
2024-12-11 12:00:00,2752.9,2758.4,2731.5,2757.1,8390
2024-12-11 13:00:00,2757.2,2759.0,2750.4,2750.6,10388
2024-12-11 14:00:00,2750.6,2755.3,2728.7,2753.0,3929
2024-12-11 15:00:00,2753.3,2755.3,2752.1,2752.7,4265
2024-12-11 16:00:00,2752.7,2754.6,2728.4,2753.8,2483
2024-12-11 18:00:00,2753.6,2754.7,2752.1,2753.9,0
2024-12-11 19:00:00,2753.9,2758.7,2752.8,2758.4,2494
2024-12-11 20:00:00,2758.5,2761.3,2748.4,2751.5,8550
2024-12-11 21:00:00,2751.3,2751.9,2743.1,2746.0,5352
2024-12-11 22:00:00,2746.1,2749.2,2745.4,2748.3,3709
2024-12-11 23:00:00,2748.2,2749.8,2746.2,2748.2,2124
2024-12-12 00:00:00,2747.6,2750.9,2746.6,2748.5,2959
2024-12-12 01:00:00,2748.6,2752.0,2744.5,2751.9,4575
2024-12-12 02:00:00,2751.8,2752.9,2748.0,2749.0,4251
2024-12-12 03:00:00,2749.0,2755.3,2748.9,2753.7,7371
2024-12-12 04:00:00,2753.7,2754.6,2725.1,2748.4,8244
2024-12-12 05:00:00,2748.4,2750.5,2743.3,2744.8,8548
2024-12-12 06:00:00,2744.9,2745.1,2718.4,2742.5,8026
2024-12-12 07:00:00,2742.5,2744.5,2716.5,2736.4,5831
2024-12-12 08:00:00,2736.4,2742.6,2714.0,2726.2,24138
2024-12-12 09:00:00,2726.3,2728.1,2682.1,2711.0,44565
2024-12-12 10:00:00,2710.8,2715.3,2677.4,2701.5,31202
2024-12-12 11:00:00,2701.2,2707.5,2700.4,2707.2,10781
2024-12-12 12:00:00,2707.2,2711.7,2685.2,2711.2,8598
2024-12-12 13:00:00,2711.3,2711.9,2706.9,2707.9,7496
2024-12-12 14:00:00,2708.1,2710.3,2705.9,2706.4,3388
2024-12-12 15:00:00,2706.5,2707.5,2683.6,2704.1,3548
2024-12-12 16:00:00,2704.2,2707.4,2684.0,2705.2,1270
2024-12-12 18:00:00,2704.9,2705.8,2704.1,2704.9,0
2024-12-12 19:00:00,2704.9,2709.1,2703.5,2708.9,2447
2024-12-12 20:00:00,2708.8,2716.4,2708.7,2714.0,6679
2024-12-12 21:00:00,2714.0,2714.9,2707.2,2709.3,7283
2024-12-12 22:00:00,2709.3,2714.1,2708.7,2710.3,2512
2024-12-12 23:00:00,2710.3,2710.8,2707.9,2709.6,1911
2024-12-13 00:00:00,2709.9,2710.2,2706.7,2709.1,2334
2024-12-13 01:00:00,2709.3,2711.2,2684.8,2710.0,3823
2024-12-13 02:00:00,2710.0,2711.0,2686.6,2705.3,4658
2024-12-13 03:00:00,2705.2,2706.4,2693.6,2695.1,10179
2024-12-13 04:00:00,2695.0,2697.2,2669.2,2689.2,12766
2024-12-13 05:00:00,2689.4,2690.2,2666.0,2686.7,8942
2024-12-13 06:00:00,2686.7,2689.4,2664.0,2685.4,6124
2024-12-13 07:00:00,2685.3,2693.7,2663.0,2693.6,11596
2024-12-13 08:00:00,2693.7,2695.1,2659.0,2681.1,21121
2024-12-13 09:00:00,2681.1,2683.5,2658.3,2679.4,15326
2024-12-13 10:00:00,2679.3,2682.1,2659.2,2679.2,15457
2024-12-13 11:00:00,2679.1,2683.7,2676.7,2681.5,9133
2024-12-13 12:00:00,2681.6,2681.6,2675.0,2676.2,6682
2024-12-13 13:00:00,2676.3,2677.3,2671.2,2674.4,9521
2024-12-13 14:00:00,2674.5,2675.4,2671.8,2672.8,2508
2024-12-13 15:00:00,2672.9,2673.3,2650.4,2665.7,5723
2024-12-13 16:00:00,2665.7,2668.5,2647.9,2665.9,5035
2024-12-15 18:00:00,2668.0,2670.8,2666.2,2669.3,2590
2024-12-15 19:00:00,2669.2,2669.8,2661.4,2665.2,3932
2024-12-15 20:00:00,2665.1,2674.1,2664.7,2672.1,5573
2024-12-15 21:00:00,2671.9,2673.0,2669.1,2670.3,2699
2024-12-15 22:00:00,2670.1,2673.7,2669.8,2671.7,2037
2024-12-15 23:00:00,2671.7,2672.5,2669.5,2670.4,1022
2024-12-16 00:00:00,2670.3,2671.4,2667.6,2671.0,3266
2024-12-16 01:00:00,2670.9,2672.9,2670.0,2671.6,1786
2024-12-16 02:00:00,2671.5,2674.4,2669.4,2672.2,3518
2024-12-16 03:00:00,2672.3,2679.8,2657.1,2676.1,7383
2024-12-16 04:00:00,2676.0,2678.9,2658.1,2676.6,5012
2024-12-16 05:00:00,2676.6,2679.8,2659.1,2677.5,5316
2024-12-16 06:00:00,2677.4,2683.3,2676.4,2682.5,6350
2024-12-16 07:00:00,2682.4,2683.4,2676.5,2679.1,4882
2024-12-16 08:00:00,2679.0,2683.4,2662.5,2681.3,9352
2024-12-16 09:00:00,2681.3,2682.2,2671.8,2673.5,11073
2024-12-16 10:00:00,2673.4,2675.4,2669.1,2672.8,10758
2024-12-16 11:00:00,2672.8,2674.2,2651.0,2670.1,7341
2024-12-16 12:00:00,2670.0,2673.1,2651.8,2669.4,3876
2024-12-16 13:00:00,2669.5,2672.9,2668.5,2672.5,5036
2024-12-16 14:00:00,2672.6,2672.9,2668.5,2669.9,2577
2024-12-16 15:00:00,2669.8,2671.0,2669.0,2670.1,2355
2024-12-16 16:00:00,2670.3,2670.4,2668.7,2670.2,1745
2024-12-16 18:00:00,2670.2,2670.3,2651.8,2668.4,0
2024-12-16 19:00:00,2668.5,2672.5,2668.0,2672.2,1847
2024-12-16 20:00:00,2672.1,2675.6,2671.3,2675.2,3687
2024-12-16 21:00:00,2675.1,2675.8,2670.8,2672.0,2472
2024-12-16 22:00:00,2672.1,2673.4,2651.9,2670.8,3290
2024-12-16 23:00:00,2670.7,2672.3,2667.5,2668.4,1723
2024-12-17 00:00:00,2668.4,2671.5,2665.4,2670.6,3696
2024-12-17 01:00:00,2670.5,2671.4,2663.7,2666.2,3724
2024-12-17 02:00:00,2666.3,2673.4,2665.5,2670.4,4230
2024-12-17 03:00:00,2670.2,2670.2,2640.3,2659.5,12490
2024-12-17 04:00:00,2659.4,2661.2,2639.0,2654.6,11111
2024-12-17 05:00:00,2654.5,2658.4,2637.2,2653.2,6473
2024-12-17 06:00:00,2653.0,2657.7,2651.1,2657.2,5089
2024-12-17 07:00:00,2657.1,2661.5,2640.5,2657.6,5560
2024-12-17 08:00:00,2657.5,2662.0,2632.5,2650.1,17860
2024-12-17 09:00:00,2650.0,2655.8,2633.2,2649.9,17890
2024-12-17 10:00:00,2649.7,2657.5,2637.1,2654.4,10670
2024-12-17 11:00:00,2654.5,2656.6,2651.0,2653.9,7299
2024-12-17 12:00:00,2653.9,2663.4,2652.9,2662.2,6392
2024-12-17 13:00:00,2662.1,2665.3,2660.8,2663.5,5170
2024-12-17 14:00:00,2663.5,2664.5,2661.5,2662.0,1771
2024-12-17 15:00:00,2662.0,2663.5,2659.9,2660.5,2440
2024-12-17 16:00:00,2660.7,2663.7,2660.2,2663.5,1810
2024-12-17 18:00:00,2663.3,2664.1,2661.3,2663.6,0
2024-12-17 19:00:00,2663.7,2667.6,2662.7,2666.3,2004
2024-12-17 20:00:00,2666.3,2667.5,2663.7,2666.4,2630
2024-12-17 21:00:00,2666.5,2666.5,2662.0,2662.5,1936
2024-12-17 22:00:00,2662.3,2663.7,2660.1,2660.5,2224
2024-12-17 23:00:00,2660.4,2661.0,2657.3,2660.1,2282
2024-12-18 00:00:00,2660.1,2664.6,2659.0,2662.9,1981
2024-12-18 01:00:00,2662.9,2663.4,2660.1,2661.7,2228
2024-12-18 02:00:00,2661.8,2662.3,2658.2,2659.9,2761
2024-12-18 03:00:00,2659.8,2665.1,2657.3,2663.2,5766
2024-12-18 04:00:00,2663.2,2664.4,2660.9,2662.3,3605
2024-12-18 05:00:00,2662.4,2665.4,2661.7,2664.3,1893
2024-12-18 06:00:00,2664.5,2665.5,2661.5,2661.8,2040
2024-12-18 07:00:00,2661.7,2664.1,2659.6,2659.8,3157
2024-12-18 08:00:00,2659.8,2664.1,2656.5,2659.8,11101
2024-12-18 09:00:00,2659.9,2660.8,2652.8,2654.0,11568
2024-12-18 10:00:00,2653.9,2655.0,2649.6,2654.8,8946
2024-12-18 11:00:00,2654.8,2656.2,2649.6,2651.4,6815
2024-12-18 12:00:00,2651.3,2655.8,2651.1,2652.0,4972
2024-12-18 13:00:00,2652.1,2654.4,2650.9,2652.5,5219
2024-12-18 14:00:00,2651.8,2651.8,2618.9,2619.5,34609
2024-12-18 15:00:00,2619.4,2624.6,2601.7,2606.9,23866
2024-12-18 16:00:00,2607.0,2610.2,2598.1,2599.6,6485
2024-12-18 18:00:00,2600.6,2605.6,2596.7,2601.5,0
2024-12-18 19:00:00,2601.7,2610.2,2601.4,2608.3,5181
2024-12-18 20:00:00,2608.2,2630.0,2606.1,2624.2,13108
2024-12-18 21:00:00,2624.1,2626.1,2618.7,2624.7,6715
2024-12-18 22:00:00,2624.5,2626.0,2620.2,2623.1,3089
2024-12-18 23:00:00,2623.4,2624.3,2619.9,2622.1,2967
2024-12-19 00:00:00,2621.8,2623.1,2619.5,2620.1,2142
2024-12-19 01:00:00,2620.0,2626.6,2616.1,2625.3,4715
2024-12-19 02:00:00,2625.2,2635.9,2624.1,2630.1,13283
2024-12-19 03:00:00,2630.0,2633.6,2626.5,2632.7,6325
2024-12-19 04:00:00,2632.8,2635.7,2632.2,2633.8,5441
2024-12-19 05:00:00,2633.8,2640.9,2630.9,2633.3,11882
2024-12-19 06:00:00,2633.3,2635.6,2629.8,2630.9,4610
2024-12-19 07:00:00,2630.8,2630.9,2618.1,2620.7,11457
2024-12-19 08:00:00,2620.6,2620.7,2608.8,2610.0,21236
2024-12-19 09:00:00,2609.9,2615.4,2605.9,2606.5,17575
2024-12-19 10:00:00,2606.3,2610.6,2601.0,2603.1,15837
2024-12-19 11:00:00,2603.0,2611.7,2601.7,2606.6,9477
2024-12-19 12:00:00,2606.5,2608.8,2605.3,2607.5,5750
2024-12-19 13:00:00,2607.6,2614.8,2606.8,2614.5,8426
2024-12-19 14:00:00,2614.5,2616.0,2611.4,2611.4,3961
2024-12-19 15:00:00,2611.5,2615.5,2611.5,2612.3,3709
2024-12-19 16:00:00,2612.3,2612.6,2608.3,2610.0,1334
2024-12-19 18:00:00,2609.7,2611.0,2607.6,2608.8,0
2024-12-19 19:00:00,2608.7,2609.7,2604.5,2604.9,1828
2024-12-19 20:00:00,2604.9,2617.9,2603.7,2617.7,8945
2024-12-19 21:00:00,2617.7,2618.0,2610.0,2611.4,7702
2024-12-19 22:00:00,2611.6,2613.2,2610.1,2612.3,1376
2024-12-19 23:00:00,2612.3,2614.8,2611.6,2612.7,1290
2024-12-20 00:00:00,2612.4,2615.3,2610.6,2614.0,1636
2024-12-20 01:00:00,2614.1,2619.3,2613.0,2618.6,3369
2024-12-20 02:00:00,2618.5,2621.5,2615.9,2620.0,3782
2024-12-20 03:00:00,2620.1,2622.2,2618.7,2620.0,4066
2024-12-20 04:00:00,2620.0,2621.2,2616.8,2619.8,4683
2024-12-20 05:00:00,2619.8,2622.3,2618.8,2619.2,2860
2024-12-20 06:00:00,2619.2,2619.6,2614.8,2618.4,4827
2024-12-20 07:00:00,2618.4,2620.9,2616.5,2617.8,4272
2024-12-20 08:00:00,2617.8,2629.5,2614.4,2625.2,16031
2024-12-20 09:00:00,2625.1,2636.2,2623.9,2634.1,16517
2024-12-20 10:00:00,2634.1,2652.7,2634.0,2652.1,21269
2024-12-20 11:00:00,2652.2,2653.8,2642.4,2643.7,13599
2024-12-20 12:00:00,2643.9,2646.7,2641.2,2644.8,6451
2024-12-20 13:00:00,2644.7,2649.5,2643.1,2647.3,7616
2024-12-20 14:00:00,2647.5,2649.2,2646.0,2648.0,3407
2024-12-20 15:00:00,2647.8,2648.2,2642.4,2642.9,4114
2024-12-20 16:00:00,2643.0,2643.6,2638.0,2640.8,3104
2024-12-22 18:00:00,2639.1,2641.9,2638.0,2641.4,1806
2024-12-22 19:00:00,2641.5,2641.6,2634.2,2637.7,2652
2024-12-22 20:00:00,2637.8,2641.1,2635.3,2638.1,4343
2024-12-22 21:00:00,2638.2,2643.0,2638.0,2641.5,2755
2024-12-22 22:00:00,2641.5,2642.6,2637.7,2639.1,2665
2024-12-22 23:00:00,2639.0,2641.5,2638.9,2640.6,1473
2024-12-23 00:00:00,2640.6,2644.1,2640.0,2641.5,2303
2024-12-23 01:00:00,2641.5,2646.8,2638.8,2645.3,4367
2024-12-23 02:00:00,2645.3,2646.7,2643.2,2643.9,3074
2024-12-23 03:00:00,2643.9,2646.5,2640.1,2644.1,4949
2024-12-23 04:00:00,2644.0,2645.0,2640.1,2640.6,3402
2024-12-23 05:00:00,2640.5,2641.2,2633.6,2634.1,4909
2024-12-23 06:00:00,2633.9,2634.4,2627.2,2630.0,5743
2024-12-23 07:00:00,2630.2,2632.7,2628.0,2629.2,4416
2024-12-23 08:00:00,2629.2,2633.9,2628.0,2631.3,7561
2024-12-23 09:00:00,2631.2,2633.8,2627.4,2629.7,7905
2024-12-23 10:00:00,2629.8,2631.1,2624.0,2624.7,10885
2024-12-23 11:00:00,2624.6,2632.4,2623.2,2632.0,8973
2024-12-23 12:00:00,2632.1,2633.0,2627.5,2628.2,5176
2024-12-23 13:00:00,2628.1,2629.9,2626.7,2627.2,5328
2024-12-23 14:00:00,2627.1,2628.9,2625.3,2626.8,2139
2024-12-23 15:00:00,2626.8,2628.3,2624.9,2626.5,2463
2024-12-23 16:00:00,2626.6,2629.8,2625.8,2629.3,1323
2024-12-23 18:00:00,2629.4,2631.9,2628.7,2629.9,0
2024-12-23 19:00:00,2629.8,2631.2,2627.4,2630.6,1607
2024-12-23 20:00:00,2630.6,2632.6,2629.3,2632.1,2029
2024-12-23 21:00:00,2632.0,2634.0,2630.6,2630.7,1679
2024-12-23 22:00:00,2630.7,2632.0,2629.4,2632.0,1771
2024-12-23 23:00:00,2632.0,2633.5,2631.6,2633.4,1853
2024-12-24 09:30:00,2628.6,2632.6,2624.4,2625.0,5825
2024-12-24 10:30:00,2625.0,2627.4,2624.2,2626.6,4199
2024-12-24 11:30:00,2626.5,2633.0,2626.5,2631.5,4175
2024-12-24 12:30:00,2631.4,2635.8,2630.9,2634.2,4262
2024-12-26 00:00:00,2643.8,2643.9,2641.7,2642.0,1715
2024-12-26 01:00:00,2641.9,2642.6,2640.1,2641.3,1321
2024-12-26 02:00:00,2641.4,2644.0,2638.4,2640.0,2586
2024-12-26 03:00:00,2640.0,2643.3,2639.9,2641.8,2482
2024-12-26 04:00:00,2641.7,2642.7,2640.2,2642.0,1335
2024-12-26 05:00:00,2642.0,2644.8,2641.3,2644.2,1908
2024-12-26 06:00:00,2644.2,2646.2,2643.6,2643.8,2656
2024-12-26 07:00:00,2643.8,2644.5,2639.6,2642.1,2565
2024-12-26 08:00:00,2642.0,2648.5,2637.9,2638.9,10018
2024-12-26 09:00:00,2638.9,2646.5,2638.6,2646.2,4613
2024-12-26 10:00:00,2646.2,2655.6,2645.3,2652.8,10677
2024-12-26 11:00:00,2652.9,2653.1,2647.9,2648.8,5552
2024-12-26 12:00:00,2648.9,2649.3,2645.3,2647.0,5380
2024-12-26 13:00:00,2647.0,2654.6,2646.9,2653.5,8106
2024-12-26 14:00:00,2653.4,2654.3,2651.2,2653.4,1651
2024-12-26 15:00:00,2653.3,2655.7,2652.8,2654.8,2486
2024-12-26 16:00:00,2654.9,2655.0,2653.0,2653.3,0
2024-12-26 18:00:00,2653.7,2654.6,2651.8,2652.8,1465
2024-12-26 19:00:00,2652.8,2653.9,2651.2,2651.3,1160
2024-12-26 20:00:00,2651.2,2653.5,2650.0,2650.6,2410
2024-12-26 21:00:00,2650.6,2651.7,2647.2,2651.1,2320
2024-12-26 22:00:00,2651.1,2653.9,2650.0,2652.5,2385
2024-12-26 23:00:00,2652.4,2652.5,2649.8,2650.4,1390
2024-12-27 00:00:00,2650.3,2651.3,2647.5,2647.5,1389
2024-12-27 01:00:00,2647.4,2652.0,2647.3,2649.7,2241
2024-12-27 02:00:00,2649.6,2652.6,2648.4,2648.8,3646
2024-12-27 03:00:00,2648.7,2648.7,2640.6,2640.8,5264
2024-12-27 04:00:00,2640.7,2642.5,2638.5,2638.7,3236
2024-12-27 05:00:00,2638.7,2642.8,2638.3,2641.7,2844
2024-12-27 06:00:00,2641.8,2644.4,2640.1,2644.2,2331
2024-12-27 07:00:00,2644.1,2646.5,2640.9,2641.6,4379
2024-12-27 08:00:00,2641.7,2642.7,2632.1,2633.4,13039
2024-12-27 09:00:00,2633.5,2634.1,2625.2,2629.7,12809
2024-12-27 10:00:00,2629.7,2634.9,2628.0,2633.8,8124
2024-12-27 11:00:00,2633.4,2635.3,2630.9,2633.6,6262
2024-12-27 12:00:00,2633.6,2633.9,2629.0,2630.8,3868
2024-12-27 13:00:00,2630.7,2635.2,2630.1,2634.1,4180
2024-12-27 14:00:00,2634.2,2637.0,2633.0,2636.3,1934
2024-12-27 15:00:00,2636.3,2636.5,2628.6,2631.6,3741
2024-12-27 16:00:00,2631.7,2636.6,2631.5,2636.5,1844
2024-12-29 18:00:00,2636.1,2640.5,2633.6,2638.7,1756
2024-12-29 19:00:00,2638.9,2639.8,2635.4,2636.6,1243
2024-12-29 20:00:00,2636.5,2640.2,2635.8,2637.7,2361
2024-12-29 21:00:00,2637.5,2638.7,2635.6,2636.7,1745
2024-12-29 22:00:00,2636.8,2640.7,2635.8,2639.9,1955
2024-12-29 23:00:00,2639.8,2639.8,2634.3,2634.7,1674
2024-12-30 00:00:00,2634.9,2636.5,2632.0,2635.4,1893
2024-12-30 01:00:00,2635.3,2636.5,2630.2,2631.2,2776
2024-12-30 02:00:00,2630.9,2631.9,2627.6,2628.9,2805
2024-12-30 03:00:00,2628.8,2629.6,2621.5,2623.6,5351
2024-12-30 04:00:00,2623.6,2629.7,2623.2,2624.9,5333
2024-12-30 05:00:00,2624.6,2626.9,2623.1,2623.1,3756
2024-12-30 06:00:00,2623.1,2631.7,2621.3,2629.5,4728
2024-12-30 07:00:00,2629.4,2636.2,2628.6,2635.1,3902
2024-12-30 08:00:00,2635.1,2636.9,2618.0,2618.3,10909
2024-12-30 09:00:00,2618.1,2626.8,2616.8,2623.7,12285
2024-12-30 10:00:00,2623.7,2623.9,2611.9,2613.6,15341
2024-12-30 11:00:00,2613.7,2615.7,2608.4,2612.0,7070
2024-12-30 12:00:00,2612.2,2618.9,2612.2,2618.4,4986
2024-12-30 13:00:00,2618.7,2619.7,2616.3,2619.0,6278
2024-12-30 14:00:00,2619.1,2621.7,2616.5,2620.3,3624
2024-12-30 15:00:00,2620.3,2623.2,2619.7,2621.9,2297
2024-12-30 16:00:00,2621.8,2622.1,2619.7,2620.0,1064
2024-12-30 18:00:00,2620.0,2620.9,2617.8,2620.2,0
2024-12-30 19:00:00,2620.2,2621.8,2618.6,2620.9,1053
2024-12-30 20:00:00,2620.9,2624.0,2619.4,2620.7,2961
2024-12-30 21:00:00,2620.7,2622.1,2619.1,2619.4,1234
2024-12-30 22:00:00,2619.4,2619.6,2615.5,2616.6,1512
2024-12-30 23:00:00,2616.5,2619.4,2616.3,2619.1,776
2024-12-31 00:00:00,2619.1,2620.6,2614.3,2616.0,2126
2024-12-31 01:00:00,2615.9,2620.7,2615.2,2619.3,2453
2024-12-31 02:00:00,2619.2,2626.5,2618.7,2625.9,2565
2024-12-31 03:00:00,2626.0,2629.7,2624.7,2628.7,3768
2024-12-31 04:00:00,2628.7,2629.1,2625.6,2627.5,2177
2024-12-31 05:00:00,2627.8,2628.0,2622.9,2624.0,3784
2024-12-31 06:00:00,2624.1,2626.8,2622.2,2623.4,1757
2024-12-31 07:00:00,2623.6,2625.4,2621.6,2623.9,2042
2024-12-31 08:00:00,2624.1,2629.2,2617.4,2625.6,7674
2024-12-31 09:00:00,2625.6,2630.7,2623.5,2626.7,6111
2024-12-31 10:00:00,2626.7,2641.0,2625.5,2640.2,10445
2024-12-31 11:00:00,2640.0,2641.3,2636.5,2639.3,8908
2024-12-31 12:00:00,2639.3,2641.9,2637.4,2638.6,7095
2024-12-31 13:00:00,2638.6,2642.0,2637.2,2638.6,7926
2024-12-31 14:00:00,2638.6,2640.7,2636.9,2637.9,1942
2024-12-31 15:00:00,2637.8,2639.2,2636.8,2637.8,1636
2024-12-31 16:00:00,2637.9,2639.4,2637.6,2639.3,884
2025-01-02 00:00:00,2645.8,2648.8,2645.1,2646.0,2454
2025-01-02 01:00:00,2646.0,2647.8,2643.6,2646.5,2488
2025-01-02 02:00:00,2646.4,2648.0,2644.7,2647.9,1936
2025-01-02 03:00:00,2648.0,2650.2,2642.6,2648.8,5375
2025-01-02 04:00:00,2649.0,2652.9,2648.9,2649.0,4311
2025-01-02 05:00:00,2648.9,2659.4,2644.7,2654.7,10661
2025-01-02 06:00:00,2654.8,2656.7,2652.8,2654.6,3203
2025-01-02 07:00:00,2654.7,2659.9,2653.2,2656.4,5260
2025-01-02 08:00:00,2656.4,2660.7,2648.2,2656.3,16368
2025-01-02 09:00:00,2656.2,2664.9,2653.2,2660.7,15686
2025-01-02 10:00:00,2660.8,2669.7,2658.5,2667.7,17043
2025-01-02 11:00:00,2667.7,2674.2,2663.2,2673.0,13975
2025-01-02 12:00:00,2673.0,2674.1,2666.4,2670.5,9568
2025-01-02 13:00:00,2670.5,2672.8,2667.5,2669.2,7690
2025-01-02 14:00:00,2669.2,2670.8,2667.5,2668.2,2769
2025-01-02 15:00:00,2668.3,2674.1,2667.7,2672.6,3537
2025-01-02 16:00:00,2672.7,2673.4,2669.9,2671.2,1477
2025-01-02 18:00:00,2671.1,2673.0,2670.1,2671.1,0
2025-01-02 19:00:00,2671.3,2675.2,2671.1,2674.5,1890
2025-01-02 20:00:00,2674.7,2676.5,2670.9,2673.6,3373
2025-01-02 21:00:00,2673.5,2678.4,2670.3,2676.8,9077
2025-01-02 22:00:00,2676.7,2681.0,2675.5,2677.4,4111
2025-01-02 23:00:00,2677.1,2679.4,2676.6,2677.8,962
2025-01-03 00:00:00,2677.9,2677.9,2672.0,2674.3,2499
2025-01-03 01:00:00,2674.3,2675.5,2671.7,2674.8,2140
2025-01-03 02:00:00,2674.7,2674.7,2667.9,2669.6,4038
2025-01-03 03:00:00,2669.6,2671.2,2664.3,2667.1,5966
2025-01-03 04:00:00,2667.1,2670.5,2667.0,2667.7,3604
2025-01-03 05:00:00,2667.7,2672.3,2667.4,2672.0,4649
2025-01-03 06:00:00,2672.0,2673.5,2670.8,2672.1,3449
2025-01-03 07:00:00,2672.1,2672.8,2668.6,2669.3,3183
2025-01-03 08:00:00,2669.1,2670.3,2657.0,2664.1,13535
2025-01-03 09:00:00,2664.0,2667.1,2659.2,2661.5,11521
2025-01-03 10:00:00,2661.6,2662.4,2655.0,2657.9,12045
2025-01-03 11:00:00,2657.8,2661.5,2652.3,2653.4,8725
2025-01-03 12:00:00,2653.3,2656.3,2652.4,2655.5,5330
2025-01-03 13:00:00,2655.4,2656.2,2653.2,2656.1,5866
2025-01-03 14:00:00,2655.9,2657.2,2652.9,2653.3,2210
2025-01-03 15:00:00,2653.3,2654.0,2650.6,2651.9,2981
2025-01-03 16:00:00,2651.8,2653.8,2649.7,2652.7,2879
2025-01-05 18:00:00,2652.8,2655.2,2651.6,2653.6,1804
2025-01-05 19:00:00,2653.6,2656.0,2651.2,2655.8,1815
2025-01-05 20:00:00,2656.0,2661.0,2653.8,2654.2,4430
2025-01-05 21:00:00,2654.3,2658.3,2652.6,2657.2,2244
2025-01-05 22:00:00,2657.2,2657.8,2651.2,2652.2,2397
2025-01-05 23:00:00,2652.2,2652.9,2645.2,2647.1,4813
2025-01-06 00:00:00,2646.7,2647.7,2642.4,2645.2,4797
2025-01-06 01:00:00,2645.3,2646.9,2641.3,2643.6,3992
2025-01-06 02:00:00,2643.5,2646.3,2636.6,2638.7,6242
2025-01-06 03:00:00,2638.6,2644.6,2637.5,2643.6,4648
2025-01-06 04:00:00,2643.5,2647.7,2643.4,2644.9,4350
2025-01-06 05:00:00,2644.9,2646.9,2642.8,2645.8,3431
2025-01-06 06:00:00,2645.6,2663.8,2644.5,2659.4,14638
2025-01-06 07:00:00,2659.4,2661.1,2654.9,2658.1,8427
2025-01-06 08:00:00,2658.1,2661.7,2630.8,2634.5,25329
2025-01-06 09:00:00,2634.5,2647.2,2624.6,2643.2,26526
2025-01-06 10:00:00,2643.4,2651.9,2641.2,2645.2,15325
2025-01-06 11:00:00,2645.3,2652.7,2643.4,2652.2,8775
2025-01-06 12:00:00,2652.5,2652.6,2645.4,2647.9,5245
2025-01-06 13:00:00,2647.9,2650.0,2644.9,2645.7,7621
2025-01-06 14:00:00,2645.6,2646.6,2643.7,2645.6,1745
2025-01-06 15:00:00,2645.5,2646.2,2643.7,2645.2,2483
2025-01-06 16:00:00,2645.3,2647.8,2645.2,2647.0,1068
2025-01-06 18:00:00,2647.1,2647.1,2644.4,2645.1,0
2025-01-06 19:00:00,2645.3,2646.4,2643.5,2646.3,1295
2025-01-06 20:00:00,2646.2,2652.1,2646.0,2650.1,4726
2025-01-06 21:00:00,2650.0,2651.2,2647.4,2648.8,1721
2025-01-06 22:00:00,2648.8,2650.9,2647.6,2650.7,1275
2025-01-06 23:00:00,2650.5,2650.7,2648.3,2648.9,1165
2025-01-07 00:00:00,2648.9,2656.2,2647.7,2654.9,3125
2025-01-07 01:00:00,2654.9,2657.6,2651.7,2652.1,4286
2025-01-07 02:00:00,2652.0,2653.7,2649.7,2652.2,2032
2025-01-07 03:00:00,2652.1,2656.7,2651.7,2653.8,4551
2025-01-07 04:00:00,2653.8,2655.8,2651.2,2652.9,3180
2025-01-07 05:00:00,2652.8,2656.4,2652.8,2655.4,3145
2025-01-07 06:00:00,2655.4,2659.9,2653.3,2659.6,4107
2025-01-07 07:00:00,2659.7,2665.1,2658.6,2663.9,9397
2025-01-07 08:00:00,2663.9,2678.5,2661.8,2676.5,30221
2025-01-07 09:00:00,2676.4,2676.9,2668.4,2672.5,15326
2025-01-07 10:00:00,2672.0,2672.0,2653.8,2661.0,30540
2025-01-07 11:00:00,2661.1,2669.5,2659.9,2665.7,10163
2025-01-07 12:00:00,2665.8,2670.4,2664.2,2666.7,7750
2025-01-07 13:00:00,2666.7,2666.8,2661.5,2663.5,8331
2025-01-07 14:00:00,2663.6,2664.7,2661.3,2663.7,2034
2025-01-07 15:00:00,2663.8,2666.0,2661.6,2664.8,3098
2025-01-07 16:00:00,2664.9,2665.0,2662.4,2663.1,1399
2025-01-07 18:00:00,2662.9,2664.4,2662.7,2663.8,0
2025-01-07 19:00:00,2663.8,2666.2,2662.8,2664.5,1265
2025-01-07 20:00:00,2664.7,2664.9,2660.7,2662.9,3414
2025-01-07 21:00:00,2662.9,2664.3,2659.4,2662.9,2627
2025-01-07 22:00:00,2662.9,2663.0,2659.3,2660.1,1212
2025-01-07 23:00:00,2660.0,2662.0,2658.4,2659.8,1191
2025-01-08 00:00:00,2660.0,2664.7,2659.7,2664.0,2164
2025-01-08 01:00:00,2664.0,2667.2,2663.1,2666.0,3387
2025-01-08 02:00:00,2666.1,2668.5,2665.4,2666.4,2276
2025-01-08 03:00:00,2666.4,2667.5,2662.9,2665.6,3408
2025-01-08 04:00:00,2665.6,2669.1,2665.5,2667.5,4305
2025-01-08 05:00:00,2667.4,2669.3,2666.5,2666.6,6119
2025-01-08 06:00:00,2666.5,2666.7,2660.3,2664.1,6169
2025-01-08 07:00:00,2664.1,2666.5,2658.9,2665.7,5397
2025-01-08 08:00:00,2665.8,2674.9,2663.5,2674.8,17242
2025-01-08 09:00:00,2674.7,2683.9,2674.6,2677.2,25881
2025-01-08 10:00:00,2677.1,2683.7,2675.0,2681.5,21804
2025-01-08 11:00:00,2681.3,2687.0,2678.3,2686.2,9552
2025-01-08 12:00:00,2686.2,2686.8,2665.3,2671.8,20547
2025-01-08 13:00:00,2671.7,2675.9,2668.2,2669.8,22040
2025-01-08 14:00:00,2670.0,2677.5,2668.9,2674.6,6027
2025-01-08 15:00:00,2674.8,2681.5,2674.7,2680.6,3930
2025-01-08 16:00:00,2680.7,2681.5,2678.9,2680.1,2386
2025-01-08 18:00:00,2679.9,2680.5,2678.5,2679.2,0
2025-01-08 19:00:00,2679.2,2679.5,2676.8,2677.5,1740
2025-01-08 20:00:00,2677.4,2679.2,2675.0,2676.4,2386
2025-01-08 21:00:00,2676.5,2678.2,2674.3,2677.0,2911
2025-01-08 22:00:00,2677.1,2680.9,2676.8,2678.0,1954
2025-01-08 23:00:00,2678.0,2678.2,2673.7,2677.3,1915
2025-01-09 00:00:00,2677.2,2679.7,2675.2,2676.0,1760
2025-01-09 01:00:00,2676.1,2683.9,2676.0,2683.6,2863
2025-01-09 02:00:00,2683.7,2683.8,2678.8,2678.9,4328
2025-01-09 03:00:00,2678.8,2683.1,2676.9,2681.4,7097
2025-01-09 04:00:00,2681.5,2682.5,2678.7,2681.1,5120
2025-01-09 05:00:00,2681.0,2684.8,2680.5,2683.3,4186
2025-01-09 06:00:00,2683.3,2690.7,2680.9,2687.3,14860
2025-01-09 07:00:00,2687.3,2692.8,2686.6,2691.8,6896
2025-01-09 08:00:00,2691.7,2696.8,2690.1,2691.4,11028
2025-01-09 09:00:00,2691.3,2695.0,2686.0,2691.9,13430
2025-01-09 10:00:00,2691.8,2694.8,2687.2,2687.5,9926
2025-01-09 11:00:00,2687.5,2690.4,2685.1,2686.7,8468
2025-01-09 12:00:00,2686.5,2687.8,2681.8,2685.6,11069
2025-01-09 13:00:00,2685.5,2693.5,2684.5,2692.3,16047
2025-01-09 14:00:00,2692.3,2692.5,2689.6,2691.3,1886
2025-01-09 15:00:00,2691.3,2692.2,2690.6,2691.2,1059
2025-01-09 16:00:00,2691.3,2693.7,2690.7,2692.6,1665
2025-01-09 18:00:00,2692.9,2693.8,2691.8,2693.3,0
2025-01-09 19:00:00,2693.5,2695.6,2692.9,2695.0,1354
2025-01-09 20:00:00,2695.0,2696.2,2693.5,2694.6,3004
2025-01-09 21:00:00,2694.6,2698.3,2693.8,2696.8,2986
2025-01-09 22:00:00,2696.9,2698.7,2696.0,2697.7,1847
2025-01-09 23:00:00,2697.6,2698.0,2694.9,2695.7,1454
2025-01-10 00:00:00,2695.6,2700.6,2695.4,2699.7,2534
2025-01-10 01:00:00,2699.6,2703.4,2698.7,2702.4,3194
2025-01-10 02:00:00,2702.6,2703.0,2697.0,2700.1,6525
2025-01-10 03:00:00,2700.0,2709.0,2699.7,2706.9,11242
2025-01-10 04:00:00,2706.9,2708.4,2703.9,2704.1,4940
2025-01-10 05:00:00,2704.1,2710.1,2703.6,2709.2,8709
2025-01-10 06:00:00,2709.0,2711.4,2708.1,2708.7,6471
2025-01-10 07:00:00,2708.7,2708.8,2701.7,2704.9,11443
2025-01-10 08:00:00,2704.9,2714.3,2686.9,2713.0,42860
2025-01-10 09:00:00,2713.0,2735.0,2711.5,2723.4,58924
2025-01-10 10:00:00,2723.0,2734.2,2715.5,2720.6,28392
2025-01-10 11:00:00,2720.5,2728.8,2715.4,2727.1,20204
2025-01-10 12:00:00,2727.3,2729.4,2720.5,2726.4,15418
2025-01-10 13:00:00,2726.5,2727.7,2713.3,2717.4,23818
2025-01-10 14:00:00,2717.5,2720.0,2715.8,2716.3,4754
2025-01-10 15:00:00,2716.3,2717.7,2714.5,2716.7,6822
2025-01-10 16:00:00,2716.6,2720.3,2715.5,2717.4,3548
2025-01-12 18:00:00,2716.8,2721.4,2714.0,2721.1,3968
2025-01-12 19:00:00,2721.0,2723.8,2718.0,2720.2,2511
2025-01-12 20:00:00,2720.3,2720.4,2709.9,2716.4,5964
2025-01-12 21:00:00,2716.5,2720.4,2715.7,2717.5,2193
2025-01-12 22:00:00,2717.3,2717.4,2712.9,2715.4,1989
2025-01-12 23:00:00,2715.5,2718.6,2712.5,2713.9,1902
2025-01-13 00:00:00,2714.1,2714.8,2710.8,2714.4,1550
2025-01-13 01:00:00,2714.2,2717.3,2713.8,2716.1,2722
2025-01-13 02:00:00,2716.0,2716.5,2708.1,2708.3,3845
2025-01-13 03:00:00,2708.2,2715.5,2707.5,2712.5,16335
2025-01-13 04:00:00,2712.4,2712.7,2704.8,2707.2,7272
2025-01-13 05:00:00,2707.1,2707.7,2700.8,2706.0,9251
2025-01-13 06:00:00,2705.9,2707.8,2699.4,2699.9,5633
2025-01-13 07:00:00,2699.7,2700.9,2683.0,2691.9,18380
2025-01-13 08:00:00,2691.8,2694.2,2679.9,2689.5,20626
2025-01-13 09:00:00,2689.4,2692.8,2682.8,2690.1,16592
2025-01-13 10:00:00,2690.1,2692.8,2680.2,2680.9,15176
2025-01-13 11:00:00,2681.1,2686.7,2679.6,2681.5,9339
2025-01-13 12:00:00,2681.5,2684.4,2679.7,2682.2,8447
2025-01-13 13:00:00,2682.1,2682.6,2676.0,2678.6,23669
2025-01-13 14:00:00,2678.7,2679.4,2675.2,2677.4,4519
2025-01-13 15:00:00,2677.4,2680.8,2677.1,2680.2,4117
2025-01-13 16:00:00,2680.1,2682.3,2679.1,2681.2,1507
2025-01-13 18:00:00,2682.0,2687.3,2680.8,2686.0,0
2025-01-13 19:00:00,2686.1,2688.1,2684.2,2687.3,2044
2025-01-13 20:00:00,2687.4,2689.1,2684.6,2686.6,3696
2025-01-13 21:00:00,2686.6,2687.3,2684.6,2686.1,2206
2025-01-13 22:00:00,2686.1,2687.0,2683.8,2686.3,2846
2025-01-13 23:00:00,2686.2,2689.0,2684.0,2688.6,1833
2025-01-14 00:00:00,2688.6,2689.9,2682.4,2684.1,3680
2025-01-14 01:00:00,2684.2,2684.8,2682.0,2684.0,1749
2025-01-14 02:00:00,2684.0,2685.1,2681.2,2683.3,2634
2025-01-14 03:00:00,2683.4,2690.3,2681.2,2684.8,6048
2025-01-14 04:00:00,2684.6,2685.3,2678.8,2682.3,7049
2025-01-14 05:00:00,2682.4,2683.1,2677.8,2679.9,4678
2025-01-14 06:00:00,2679.8,2682.8,2677.2,2682.3,4164
2025-01-14 07:00:00,2682.1,2684.9,2678.8,2680.8,4708
2025-01-14 08:00:00,2680.8,2687.4,2672.0,2675.3,21190
2025-01-14 09:00:00,2675.1,2679.0,2672.2,2678.2,13105
2025-01-14 10:00:00,2678.4,2686.2,2678.2,2684.9,13694
2025-01-14 11:00:00,2684.9,2688.0,2682.5,2685.6,8738
2025-01-14 12:00:00,2685.6,2686.0,2681.3,2683.0,9067
2025-01-14 13:00:00,2682.9,2686.0,2680.0,2685.9,28066
2025-01-14 14:00:00,2685.8,2689.9,2685.4,2687.8,4213
2025-01-14 15:00:00,2687.8,2690.5,2685.3,2690.2,3167
2025-01-14 16:00:00,2689.9,2693.7,2689.7,2693.1,1911
2025-01-14 18:00:00,2693.3,2695.2,2690.3,2691.9,0
2025-01-14 19:00:00,2691.9,2692.2,2689.1,2689.3,1118
2025-01-14 20:00:00,2689.2,2690.7,2685.8,2686.0,2941
2025-01-14 21:00:00,2686.0,2690.9,2685.4,2689.8,3198
2025-01-14 22:00:00,2689.8,2691.7,2689.0,2691.4,2227
2025-01-14 23:00:00,2691.2,2692.0,2689.2,2690.5,1192
2025-01-15 00:00:00,2690.6,2693.6,2689.3,2693.2,2584
2025-01-15 01:00:00,2693.4,2697.8,2693.3,2695.7,3402
2025-01-15 02:00:00,2695.7,2700.3,2695.0,2697.9,3579
2025-01-15 03:00:00,2697.9,2702.7,2697.7,2702.0,4516
2025-01-15 04:00:00,2702.2,2709.3,2701.0,2707.7,6519
2025-01-15 05:00:00,2707.8,2712.3,2707.0,2711.0,9457
2025-01-15 06:00:00,2711.2,2711.7,2706.0,2708.1,7169
2025-01-15 07:00:00,2708.0,2708.9,2705.7,2706.0,5086
2025-01-15 08:00:00,2706.0,2717.2,2702.4,2716.4,25613
2025-01-15 09:00:00,2716.5,2719.0,2699.3,2704.3,26573
2025-01-15 10:00:00,2704.2,2705.4,2698.0,2699.8,24709
2025-01-15 11:00:00,2700.0,2712.6,2698.2,2712.0,21317
2025-01-15 12:00:00,2712.1,2716.5,2711.7,2715.9,10705
2025-01-15 13:00:00,2715.9,2719.5,2714.7,2718.2,10902
2025-01-15 14:00:00,2718.3,2719.6,2717.2,2718.2,3542
2025-01-15 15:00:00,2718.3,2720.3,2717.4,2719.6,3777
2025-01-15 16:00:00,2719.8,2722.7,2719.0,2722.6,2130
2025-01-15 18:00:00,2722.3,2725.2,2721.9,2723.6,0
2025-01-15 19:00:00,2723.6,2726.3,2720.4,2723.2,8255
2025-01-15 20:00:00,2723.3,2731.6,2722.4,2727.4,5726
2025-01-15 21:00:00,2727.5,2729.2,2725.0,2726.5,2744
2025-01-15 22:00:00,2726.4,2728.7,2724.1,2727.8,1906
2025-01-15 23:00:00,2727.7,2729.0,2727.1,2728.0,1171
2025-01-16 00:00:00,2728.1,2728.2,2723.6,2724.8,3641
2025-01-16 01:00:00,2724.9,2725.8,2720.9,2724.1,4150
2025-01-16 02:00:00,2724.2,2728.8,2723.6,2727.2,4095
2025-01-16 03:00:00,2727.2,2733.4,2726.2,2730.0,5744
2025-01-16 04:00:00,2730.0,2737.7,2728.3,2736.4,10684
2025-01-16 05:00:00,2736.3,2739.0,2736.0,2737.9,5911
2025-01-16 06:00:00,2738.1,2740.5,2732.5,2732.6,6325
2025-01-16 07:00:00,2732.7,2732.7,2727.6,2730.8,9089
2025-01-16 08:00:00,2730.8,2747.2,2728.1,2744.1,23773
2025-01-16 09:00:00,2744.1,2749.8,2742.8,2749.0,17990
2025-01-16 10:00:00,2748.7,2752.3,2743.5,2752.1,18201
2025-01-16 11:00:00,2752.2,2755.5,2750.6,2752.9,12693
2025-01-16 12:00:00,2753.0,2757.9,2752.2,2754.1,9711
2025-01-16 13:00:00,2754.5,2755.9,2747.6,2748.1,10384
2025-01-16 14:00:00,2748.1,2750.5,2747.3,2748.1,4168
2025-01-16 15:00:00,2748.0,2748.8,2746.3,2747.0,5068
2025-01-16 16:00:00,2746.9,2747.2,2745.0,2746.9,2742
2025-01-16 18:00:00,2746.8,2747.7,2743.2,2745.0,0
2025-01-16 19:00:00,2744.9,2748.2,2744.8,2747.6,2104
2025-01-16 20:00:00,2747.8,2747.8,2742.5,2746.3,4680
2025-01-16 21:00:00,2746.3,2748.1,2745.2,2746.6,2155
2025-01-16 22:00:00,2746.5,2748.4,2746.0,2747.0,2203
2025-01-16 23:00:00,2747.0,2747.2,2744.8,2745.1,1345
2025-01-17 00:00:00,2745.2,2745.7,2740.5,2741.1,2532
2025-01-17 01:00:00,2741.1,2743.2,2740.1,2741.3,3081
2025-01-17 02:00:00,2741.5,2743.0,2739.1,2740.7,3553
2025-01-17 03:00:00,2740.8,2741.6,2738.0,2739.7,4044
2025-01-17 04:00:00,2739.5,2739.7,2729.8,2731.1,8467
2025-01-17 05:00:00,2731.1,2732.6,2729.2,2729.6,6406
2025-01-17 06:00:00,2729.6,2736.9,2729.4,2736.4,6527
2025-01-17 07:00:00,2736.4,2743.1,2736.4,2741.9,8227
2025-01-17 08:00:00,2741.8,2744.3,2734.9,2736.9,16615
2025-01-17 09:00:00,2736.7,2746.5,2734.1,2745.0,17869
2025-01-17 10:00:00,2745.0,2750.6,2744.7,2749.1,15352
2025-01-17 11:00:00,2749.9,2759.2,2749.8,2758.3,14359
2025-01-17 12:00:00,2758.2,2758.5,2753.2,2753.4,8898
2025-01-17 13:00:00,2753.3,2753.6,2744.2,2744.2,10103
2025-01-17 14:00:00,2744.5,2745.7,2741.7,2742.0,5253
2025-01-17 15:00:00,2742.2,2742.3,2737.2,2739.0,4473
2025-01-17 16:00:00,2738.9,2740.6,2736.0,2739.8,1684
2025-01-19 18:00:00,2739.6,2741.1,2731.1,2736.3,2922
2025-01-19 19:00:00,2736.2,2737.6,2734.2,2737.5,1656
2025-01-19 20:00:00,2737.4,2738.1,2731.8,2737.5,3876
2025-01-19 21:00:00,2737.4,2740.3,2736.8,2739.6,1928
2025-01-19 22:00:00,2739.8,2745.5,2739.7,2744.9,2079
2025-01-19 23:00:00,2744.9,2747.8,2742.6,2747.5,2094
2025-01-21 00:00:00,2745.0,2746.8,2742.9,2743.8,2586
2025-01-21 01:00:00,2743.8,2746.3,2739.4,2739.9,4783
2025-01-21 02:00:00,2739.9,2745.0,2736.0,2741.6,7061
2025-01-21 03:00:00,2741.8,2742.1,2733.2,2735.4,6730
2025-01-21 04:00:00,2735.2,2735.5,2725.5,2731.4,8671
2025-01-21 05:00:00,2731.4,2736.3,2731.0,2732.5,4855
2025-01-21 06:00:00,2732.5,2735.7,2728.0,2734.5,5015
2025-01-21 07:00:00,2734.4,2738.5,2731.4,2737.6,5830
2025-01-21 08:00:00,2737.5,2743.0,2735.9,2737.6,15138
2025-01-21 09:00:00,2737.5,2755.3,2736.4,2753.9,19456
2025-01-21 10:00:00,2753.8,2755.8,2747.9,2753.1,18593
2025-01-21 11:00:00,2753.1,2760.7,2751.8,2758.1,16059
2025-01-21 12:00:00,2758.2,2762.0,2755.3,2755.6,9779
2025-01-21 13:00:00,2755.5,2761.7,2755.2,2760.6,10177
2025-01-21 14:00:00,2760.6,2761.4,2756.5,2757.5,3722
2025-01-21 15:00:00,2757.4,2757.6,2754.0,2755.8,3480
2025-01-21 16:00:00,2755.9,2759.5,2755.2,2758.7,1573
2025-01-21 18:00:00,2758.7,2759.4,2756.2,2758.4,0
2025-01-21 19:00:00,2758.5,2764.2,2757.3,2763.1,2683
2025-01-21 20:00:00,2762.9,2765.6,2761.1,2762.7,4417
2025-01-21 21:00:00,2762.7,2765.6,2761.0,2764.3,3017
2025-01-21 22:00:00,2764.2,2766.8,2763.6,2766.4,2060
2025-01-21 23:00:00,2766.3,2769.3,2765.7,2768.0,2197
2025-01-22 00:00:00,2768.3,2772.3,2766.5,2772.0,4648
2025-01-22 01:00:00,2771.8,2772.0,2760.5,2762.8,6480
2025-01-22 02:00:00,2762.8,2766.5,2760.5,2761.6,5038
2025-01-22 03:00:00,2761.8,2767.8,2759.5,2766.9,6033
2025-01-22 04:00:00,2766.8,2773.3,2766.7,2771.0,7864
2025-01-22 05:00:00,2770.9,2774.4,2769.0,2771.3,6894
2025-01-22 06:00:00,2771.4,2771.7,2767.9,2768.2,6154
2025-01-22 07:00:00,2768.4,2770.6,2763.0,2770.1,7207
2025-01-22 08:00:00,2770.0,2774.2,2759.8,2767.8,16868
2025-01-22 09:00:00,2767.8,2768.9,2759.6,2763.6,18692
2025-01-22 10:00:00,2763.5,2771.8,2761.1,2770.5,15091
2025-01-22 11:00:00,2770.7,2773.0,2767.1,2769.6,9201
2025-01-22 12:00:00,2769.7,2770.7,2767.6,2768.2,5882
2025-01-22 13:00:00,2768.3,2771.5,2765.8,2769.6,13075
2025-01-22 14:00:00,2769.5,2769.8,2766.7,2767.0,2265
2025-01-22 15:00:00,2766.9,2768.8,2766.2,2766.6,2788
2025-01-22 16:00:00,2766.8,2767.2,2764.6,2766.3,1744
2025-01-22 18:00:00,2765.9,2766.4,2763.1,2763.4,0
2025-01-22 19:00:00,2763.4,2765.5,2761.7,2765.2,2908
2025-01-22 20:00:00,2765.2,2766.4,2760.3,2761.4,4834
2025-01-22 21:00:00,2761.1,2764.1,2760.9,2762.1,2139
2025-01-22 22:00:00,2761.9,2762.8,2758.7,2760.1,2324
2025-01-22 23:00:00,2760.2,2762.4,2760.0,2760.1,1253
2025-01-23 00:00:00,2760.4,2762.4,2759.5,2760.7,2253
2025-01-23 01:00:00,2760.7,2764.6,2759.8,2761.7,2975
2025-01-23 02:00:00,2761.9,2763.4,2759.0,2760.8,2926
2025-01-23 03:00:00,2760.8,2762.6,2759.6,2759.7,5953
2025-01-23 04:00:00,2759.8,2761.0,2747.2,2753.5,12215
2025-01-23 05:00:00,2753.3,2759.0,2752.9,2757.7,6317
2025-01-23 06:00:00,2757.8,2761.8,2756.8,2758.7,9456
2025-01-23 07:00:00,2758.7,2759.6,2748.1,2751.9,11902
2025-01-23 08:00:00,2751.7,2752.9,2741.0,2748.1,23290
2025-01-23 09:00:00,2748.2,2753.9,2745.2,2752.4,21362
2025-01-23 10:00:00,2752.4,2756.0,2747.5,2751.8,18181
2025-01-23 11:00:00,2751.7,2765.2,2749.3,2760.7,18466
2025-01-23 12:00:00,2760.7,2767.1,2759.0,2765.1,14292
2025-01-23 13:00:00,2765.2,2766.7,2762.3,2764.0,7170
2025-01-23 14:00:00,2764.0,2766.5,2762.6,2763.0,10692
2025-01-23 15:00:00,2763.0,2763.9,2760.3,2762.0,3742
2025-01-23 16:00:00,2761.9,2762.2,2759.8,2762.1,1626
2025-01-23 18:00:00,2761.8,2762.7,2761.0,2762.2,0
2025-01-23 19:00:00,2762.0,2769.0,2762.0,2767.7,3148
2025-01-23 20:00:00,2767.7,2771.0,2766.5,2770.7,4407
2025-01-23 21:00:00,2770.8,2782.8,2770.8,2781.3,9935
2025-01-23 22:00:00,2781.2,2784.9,2778.7,2780.4,4970
2025-01-23 23:00:00,2780.0,2782.3,2777.5,2779.6,3092
2025-01-24 00:00:00,2779.5,2783.5,2779.5,2782.2,3857
2025-01-24 01:00:00,2782.3,2785.3,2778.6,2779.6,4484
2025-01-24 02:00:00,2779.5,2781.9,2777.5,2779.7,2951
2025-01-24 03:00:00,2779.8,2782.2,2776.3,2780.9,7051
2025-01-24 04:00:00,2780.9,2784.4,2777.3,2779.0,5966
2025-01-24 05:00:00,2779.0,2783.5,2777.6,2783.1,5111
2025-01-24 06:00:00,2783.0,2786.9,2780.3,2782.9,9258
2025-01-24 07:00:00,2782.8,2786.3,2782.0,2785.9,5703
2025-01-24 08:00:00,2785.9,2792.8,2785.0,2790.0,17478
2025-01-24 09:00:00,2790.1,2791.9,2780.3,2785.7,25529
2025-01-24 10:00:00,2785.6,2794.8,2782.2,2782.6,23276
2025-01-24 11:00:00,2782.6,2785.1,2775.7,2778.4,22993
2025-01-24 12:00:00,2778.4,2783.5,2776.8,2779.3,8559
2025-01-24 13:00:00,2779.3,2781.2,2777.4,2780.3,10034
2025-01-24 14:00:00,2780.4,2783.2,2778.3,2782.0,3111
2025-01-24 15:00:00,2782.0,2782.3,2777.4,2777.7,3388
2025-01-24 16:00:00,2777.7,2779.0,2776.9,2777.5,1811
2025-01-26 18:00:00,2778.1,2778.1,2766.3,2772.6,3357
2025-01-26 19:00:00,2772.8,2775.9,2771.1,2774.9,2263
2025-01-26 20:00:00,2774.8,2777.8,2767.3,2767.8,4830
2025-01-26 21:00:00,2768.0,2769.1,2757.6,2761.5,7235
2025-01-26 22:00:00,2761.6,2767.6,2760.2,2766.2,2716
2025-01-26 23:00:00,2766.2,2766.2,2760.6,2763.1,1712
2025-01-27 00:00:00,2763.2,2763.2,2758.1,2758.6,2543
2025-01-27 01:00:00,2758.6,2761.5,2755.8,2760.9,3075
2025-01-27 02:00:00,2761.0,2761.5,2752.0,2753.8,6470
2025-01-27 03:00:00,2753.9,2764.4,2753.8,2761.6,7489
2025-01-27 04:00:00,2761.5,2770.5,2760.2,2768.1,6668
2025-01-27 05:00:00,2768.0,2775.8,2767.3,2772.3,13524
2025-01-27 06:00:00,2772.2,2776.4,2769.5,2776.0,8964
2025-01-27 07:00:00,2776.0,2776.5,2765.3,2766.4,8997
2025-01-27 08:00:00,2766.4,2767.3,2756.4,2761.3,21301
2025-01-27 09:00:00,2761.2,2762.0,2747.7,2754.6,24518
2025-01-27 10:00:00,2754.7,2754.7,2742.1,2745.0,20487
2025-01-27 11:00:00,2744.9,2746.7,2734.7,2736.8,23348
2025-01-27 12:00:00,2736.9,2739.1,2732.0,2735.6,17525
2025-01-27 13:00:00,2735.5,2740.1,2734.9,2739.0,11788
2025-01-27 14:00:00,2739.2,2743.0,2738.7,2741.7,5039
2025-01-27 15:00:00,2741.7,2744.2,2740.4,2743.4,3669
2025-01-27 16:00:00,2743.3,2746.3,2742.7,2743.1,2227
2025-01-27 18:00:00,2742.4,2748.6,2742.2,2745.4,0
2025-01-27 19:00:00,2745.6,2748.0,2743.6,2744.7,3315
2025-01-27 20:00:00,2744.7,2749.7,2742.8,2744.8,4411
2025-01-27 21:00:00,2744.5,2745.2,2741.9,2742.8,4907
2025-01-27 22:00:00,2742.9,2745.4,2740.8,2741.7,1656
2025-01-27 23:00:00,2741.7,2744.8,2741.4,2744.8,1337
2025-01-28 00:00:00,2746.2,2748.7,2744.7,2744.9,2978
2025-01-28 01:00:00,2744.7,2745.9,2741.8,2742.9,3086
2025-01-28 02:00:00,2742.9,2746.7,2741.6,2742.1,3187
2025-01-28 03:00:00,2742.5,2745.5,2737.4,2744.9,6997
2025-01-28 04:00:00,2744.8,2749.1,2744.1,2747.3,5527
2025-01-28 05:00:00,2747.3,2749.6,2745.0,2747.3,4925
2025-01-28 06:00:00,2747.3,2749.3,2746.0,2746.7,4299
2025-01-28 07:00:00,2746.8,2749.3,2745.4,2749.3,5287
2025-01-28 08:00:00,2749.4,2754.5,2749.0,2753.6,14360
2025-01-28 09:00:00,2753.7,2761.3,2753.6,2758.4,23858
2025-01-28 10:00:00,2758.3,2762.8,2756.1,2759.9,21235
2025-01-28 11:00:00,2759.9,2767.4,2759.8,2766.3,17836
2025-01-28 12:00:00,2766.3,2768.9,2764.8,2767.1,10934
2025-01-28 13:00:00,2767.1,2772.8,2766.8,2772.2,12432
2025-01-28 14:00:00,2772.1,2774.0,2771.3,2773.2,5824
2025-01-28 15:00:00,2773.2,2773.6,2770.1,2771.9,4794
2025-01-28 16:00:00,2771.8,2772.0,2770.5,2771.5,2576
2025-01-28 18:00:00,2771.6,2771.7,2769.7,2769.8,0
2025-01-28 19:00:00,2769.8,2771.9,2769.5,2771.0,852
2025-01-28 20:00:00,2770.9,2773.8,2770.9,2772.1,1108
2025-01-28 21:00:00,2772.0,2773.8,2771.6,2771.9,878
2025-01-28 22:00:00,2771.8,2772.0,2769.6,2770.0,1073
2025-01-28 23:00:00,2770.0,2772.4,2769.0,2770.3,969
2025-01-29 00:00:00,2770.3,2770.4,2767.4,2768.0,986
2025-01-29 01:00:00,2768.2,2769.3,2766.0,2766.2,1802
2025-01-29 02:00:00,2766.2,2767.1,2763.7,2765.5,1986
2025-01-29 03:00:00,2765.7,2775.5,2765.5,2772.9,5182
2025-01-29 04:00:00,2772.8,2773.0,2769.1,2770.5,3613
2025-01-29 05:00:00,2770.5,2771.2,2765.3,2766.7,3334
2025-01-29 06:00:00,2766.7,2769.8,2765.9,2769.0,3112
2025-01-29 07:00:00,2768.9,2769.3,2765.7,2769.3,9381
2025-01-29 08:00:00,2769.5,2772.6,2764.7,2772.0,14308
2025-01-29 09:00:00,2772.1,2778.1,2772.1,2776.7,19086
2025-01-29 10:00:00,2776.8,2777.2,2765.5,2772.6,15646
2025-01-29 11:00:00,2772.7,2775.1,2768.8,2770.6,11103
2025-01-29 12:00:00,2770.7,2773.7,2768.4,2769.1,6498
2025-01-29 13:00:00,2769.2,2770.3,2764.9,2768.9,8453
2025-01-29 14:00:00,2768.3,2775.4,2761.0,2773.3,6984
2025-01-29 15:00:00,2773.6,2776.2,2769.3,2769.7,3595
2025-01-29 16:00:00,2769.7,2772.7,2768.5,2772.7,972
2025-01-29 18:00:00,2772.5,2774.6,2771.2,2773.6,0
2025-01-29 19:00:00,2773.7,2775.0,2772.2,2773.6,514
2025-01-29 20:00:00,2773.5,2773.5,2770.0,2771.3,367
2025-01-29 21:00:00,2771.1,2772.7,2770.0,2771.9,486
2025-01-29 22:00:00,2771.5,2773.7,2770.6,2773.4,379
2025-01-29 23:00:00,2773.4,2775.7,2770.7,2770.7,524
2025-01-30 00:00:00,2770.8,2772.1,2770.7,2771.7,609
2025-01-30 01:00:00,2771.4,2779.5,2771.4,2778.3,609
2025-01-30 02:00:00,2778.9,2783.8,2778.0,2782.8,590
2025-01-30 03:00:00,2783.0,2813.6,2782.3,2813.3,24274
2025-01-30 04:00:00,2813.3,2813.8,2786.6,2811.6,10581
2025-01-30 05:00:00,2811.6,2817.2,2788.2,2794.3,0
2025-01-30 06:00:00,2794.6,2819.2,2793.6,2817.3,36586
2025-01-30 07:00:00,2817.3,2822.0,2793.5,2820.7,7379
2025-01-30 08:00:00,2797.3,2830.0,2797.3,2830.0,15258
2025-01-30 09:00:00,2830.0,2834.9,2801.9,2834.4,19395
2025-01-30 10:00:00,2834.3,2851.8,2811.8,2849.5,27538
2025-01-30 11:00:00,2825.7,2853.2,2816.6,2840.4,16339
2025-01-30 12:00:00,2840.5,2846.1,2814.9,2844.9,13059
2025-01-30 13:00:00,2845.1,2848.2,2820.7,2845.2,11454
2025-01-30 14:00:00,2845.2,2845.7,2820.7,2844.7,3214
2025-01-30 15:00:00,2844.6,2850.2,2821.5,2847.1,8601
2025-01-30 16:00:00,2847.2,2852.4,2824.5,2851.9,4240
2025-01-30 18:00:00,2851.9,2857.7,2829.0,2856.6,0
2025-01-30 19:00:00,2856.5,2859.5,2830.0,2852.6,3232
2025-01-30 20:00:00,2852.7,2853.0,2825.7,2849.3,3679
2025-01-30 21:00:00,2849.3,2851.6,2824.5,2848.4,2445
2025-01-30 22:00:00,2848.4,2852.6,2827.4,2851.2,2088
2025-01-30 23:00:00,2851.1,2851.1,2825.8,2849.3,1316
2025-01-31 00:00:00,2849.1,2849.6,2823.2,2847.1,2138
2025-01-31 01:00:00,2847.0,2849.2,2823.9,2845.8,2246
2025-01-31 02:00:00,2845.7,2850.7,2822.3,2849.8,4732
2025-01-31 03:00:00,2849.8,2851.3,2823.5,2844.9,4215
2025-01-31 04:00:00,2822.5,2849.4,2822.5,2845.7,2998
2025-01-31 05:00:00,2845.7,2846.8,2820.0,2844.4,5515
2025-01-31 06:00:00,2844.2,2844.2,2817.3,2843.0,4996
2025-01-31 07:00:00,2842.9,2848.5,2820.5,2846.1,7464
2025-01-31 08:00:00,2846.1,2849.8,2822.3,2849.5,8041
2025-01-31 09:00:00,2849.5,2856.7,2824.7,2856.4,11985
2025-01-31 10:00:00,2856.5,2862.9,2832.1,2855.1,14855
2025-01-31 11:00:00,2855.4,2856.6,2827.7,2849.7,8387
2025-01-31 12:00:00,2849.8,2852.1,2813.0,2843.1,26131
2025-01-31 13:00:00,2843.1,2846.7,2809.2,2834.2,21149
2025-01-31 14:00:00,2834.2,2835.1,2805.5,2828.6,5757
2025-01-31 15:00:00,2828.6,2831.7,2804.0,2830.4,5483
2025-01-31 16:00:00,2830.3,2834.6,2808.0,2831.5,3484
2025-02-02 18:00:00,2846.5,2861.5,2802.0,2834.1,11908
2025-02-02 19:00:00,2834.3,2838.5,2808.8,2834.2,4283
2025-02-02 20:00:00,2834.2,2834.3,2797.0,2821.1,7035
2025-02-02 21:00:00,2821.0,2821.4,2780.9,2811.5,12442
2025-02-02 22:00:00,2811.6,2813.3,2785.7,2808.2,3976
2025-02-02 23:00:00,2808.3,2816.6,2786.3,2811.8,3373
2025-02-03 00:00:00,2811.6,2816.2,2791.6,2814.1,1804
2025-02-03 01:00:00,2813.9,2819.4,2791.0,2819.0,2772
2025-02-03 02:00:00,2819.1,2824.3,2817.5,2823.6,4618
2025-02-03 03:00:00,2823.8,2833.5,2819.7,2830.0,7638
2025-02-03 04:00:00,2829.9,2835.2,2827.8,2828.9,3711
2025-02-03 05:00:00,2828.8,2832.9,2805.0,2830.4,3711
2025-02-03 06:00:00,2830.4,2836.4,2808.0,2835.3,3442
2025-02-03 07:00:00,2835.4,2847.7,2813.1,2847.5,7606
2025-02-03 08:00:00,2847.7,2852.3,2824.0,2851.6,11081
2025-02-03 09:00:00,2851.7,2872.0,2827.7,2848.0,0
2025-02-03 10:00:00,2870.5,2871.1,2824.1,2854.8,137339
2025-02-03 11:00:00,2854.5,2864.4,2829.3,2852.9,13061
2025-02-03 12:00:00,2852.8,2862.0,2833.3,2857.2,7481
2025-02-03 13:00:00,2856.7,2861.2,2855.0,2857.3,6394
2025-02-03 14:00:00,2857.2,2861.2,2834.2,2858.0,2812
2025-02-03 15:00:00,2858.1,2859.1,2832.8,2857.1,2455
2025-02-03 16:00:00,2857.0,2858.2,2825.9,2850.7,4906
2025-02-03 18:00:00,2850.4,2850.7,2825.0,2849.7,0
2025-02-03 19:00:00,2849.7,2850.3,2825.9,2849.1,1999
2025-02-03 20:00:00,2849.2,2858.2,2848.5,2857.0,3151
2025-02-03 21:00:00,2857.0,2857.2,2826.9,2853.2,3036
2025-02-03 22:00:00,2853.2,2856.1,2829.1,2851.8,3472
2025-02-03 23:00:00,2851.8,2852.0,2826.2,2850.3,1303
2025-02-04 00:00:00,2849.5,2849.6,2823.0,2847.6,3619
2025-02-04 01:00:00,2847.4,2847.7,2818.3,2843.1,2889
2025-02-04 02:00:00,2843.2,2845.0,2837.4,2842.1,5062
2025-02-04 03:00:00,2842.2,2848.2,2821.0,2842.6,7175
2025-02-04 04:00:00,2842.7,2848.0,2820.1,2847.4,4145
2025-02-04 05:00:00,2847.3,2847.4,2816.1,2841.2,4457
2025-02-04 06:00:00,2841.2,2843.8,2819.4,2842.1,3805
2025-02-04 07:00:00,2842.0,2849.9,2821.9,2848.8,4752
2025-02-04 08:00:00,2848.8,2867.3,2828.0,2859.7,18324
2025-02-04 09:00:00,2859.5,2874.4,2835.0,2868.7,19874
2025-02-04 10:00:00,2869.3,2874.3,2847.9,2863.9,18374
2025-02-04 11:00:00,2863.9,2872.5,2860.1,2869.7,10396
2025-02-04 12:00:00,2869.7,2877.1,2868.7,2875.7,7508
2025-02-04 13:00:00,2875.6,2876.8,2872.8,2873.7,6234
2025-02-04 14:00:00,2873.8,2875.6,2872.7,2873.7,3012
2025-02-04 15:00:00,2873.5,2875.3,2871.7,2874.2,2660
2025-02-04 16:00:00,2874.2,2875.2,2872.4,2874.2,1584
2025-02-04 18:00:00,2873.7,2874.2,2871.7,2872.0,0
2025-02-04 19:00:00,2872.1,2876.7,2871.2,2874.3,2933
2025-02-04 20:00:00,2874.2,2879.6,2870.1,2874.7,5733
2025-02-04 21:00:00,2874.7,2882.6,2874.1,2881.0,4480
2025-02-04 22:00:00,2881.3,2884.7,2879.0,2882.5,2576
2025-02-04 23:00:00,2882.6,2886.1,2882.0,2884.3,1935
2025-02-05 00:00:00,2884.4,2887.9,2882.8,2887.1,2533
2025-02-05 01:00:00,2887.0,2888.8,2885.4,2885.7,2567
2025-02-05 02:00:00,2885.8,2890.5,2882.1,2890.5,4216
2025-02-05 03:00:00,2890.3,2896.0,2889.6,2894.0,6477
2025-02-05 04:00:00,2893.9,2898.9,2892.1,2896.3,5882
2025-02-05 05:00:00,2896.4,2898.9,2890.8,2892.5,8444
2025-02-05 06:00:00,2892.5,2895.3,2890.5,2893.1,4639
2025-02-05 07:00:00,2893.1,2896.5,2891.0,2895.2,5434
2025-02-05 08:00:00,2895.2,2895.8,2878.8,2883.7,20380
2025-02-05 09:00:00,2883.6,2893.6,2882.0,2890.7,8685
2025-02-05 10:00:00,2895.5,2906.0,2895.2,2902.2,23541
2025-02-05 11:00:00,2902.1,2903.2,2884.4,2895.9,22452
2025-02-05 12:00:00,2896.1,2898.9,2891.7,2894.5,7234
2025-02-05 13:00:00,2894.5,2895.0,2885.9,2888.2,9027
2025-02-05 14:00:00,2888.1,2889.2,2882.2,2883.4,5930
2025-02-05 15:00:00,2883.2,2885.8,2880.1,2882.2,3953
2025-02-05 16:00:00,2882.1,2885.8,2880.8,2884.8,1774
2025-02-05 18:00:00,2885.0,2886.4,2883.9,2885.2,0
2025-02-05 19:00:00,2885.3,2888.6,2884.9,2888.3,1490
2025-02-05 20:00:00,2888.5,2890.8,2884.4,2890.5,3729
2025-02-05 21:00:00,2890.4,2893.0,2887.3,2889.0,2876
2025-02-05 22:00:00,2889.0,2889.0,2884.0,2887.0,2624
2025-02-05 23:00:00,2886.9,2889.1,2886.6,2887.3,2007
2025-02-06 00:00:00,2887.4,2888.5,2884.9,2887.2,2358
2025-02-06 01:00:00,2887.2,2890.2,2876.0,2879.2,5534
2025-02-06 02:00:00,2879.2,2882.2,2874.3,2875.6,6214
2025-02-06 03:00:00,2875.7,2880.0,2870.4,2878.9,9322
2025-02-06 04:00:00,2879.0,2882.6,2877.9,2881.7,5053
2025-02-06 05:00:00,2881.6,2884.4,2879.2,2882.1,4292
2025-02-06 06:00:00,2882.0,2889.8,2881.7,2888.7,5001
2025-02-06 07:00:00,2888.7,2894.2,2886.7,2887.5,8190
2025-02-06 08:00:00,2887.6,2889.0,2878.0,2879.2,15598
2025-02-06 09:00:00,2879.2,2884.7,2861.1,2861.9,24579
2025-02-06 10:00:00,2861.8,2877.6,2855.0,2874.0,28472
2025-02-06 11:00:00,2874.1,2878.4,2872.7,2872.7,9009
2025-02-06 12:00:00,2872.7,2877.8,2872.1,2877.5,4725
2025-02-06 13:00:00,2877.5,2878.4,2874.5,2877.6,5066
2025-02-06 14:00:00,2877.6,2878.1,2874.0,2877.9,2351
2025-02-06 15:00:00,2878.0,2882.3,2877.6,2881.4,4341
2025-02-06 16:00:00,2881.4,2881.6,2879.5,2880.1,1635
2025-02-06 18:00:00,2880.2,2882.0,2879.6,2881.5,0
2025-02-06 19:00:00,2881.7,2884.7,2881.5,2882.5,1892
2025-02-06 20:00:00,2882.6,2891.0,2881.9,2889.5,3847
2025-02-06 21:00:00,2889.7,2891.2,2888.9,2891.0,3528
2025-02-06 22:00:00,2890.9,2892.3,2887.6,2889.5,3185
2025-02-06 23:00:00,2889.5,2890.5,2888.5,2888.6,1693
2025-02-07 00:00:00,2888.9,2889.4,2884.3,2884.8,2371
2025-02-07 01:00:00,2884.6,2888.4,2882.8,2884.2,4480
2025-02-07 02:00:00,2884.2,2889.4,2883.4,2887.5,3215
2025-02-07 03:00:00,2887.6,2890.8,2886.2,2890.2,4713
2025-02-07 04:00:00,2889.9,2897.7,2888.6,2892.5,8693
2025-02-07 05:00:00,2892.6,2893.0,2886.1,2891.8,5504
2025-02-07 06:00:00,2891.9,2893.4,2889.9,2892.4,3271
2025-02-07 07:00:00,2892.3,2892.7,2886.6,2886.7,5330
2025-02-07 08:00:00,2886.7,2893.0,2876.1,2885.6,22763
2025-02-07 09:00:00,2885.5,2904.0,2878.0,2900.3,24619
2025-02-07 10:00:00,2900.3,2910.6,2896.1,2904.4,25169
2025-02-07 11:00:00,2904.9,2905.9,2884.8,2885.2,23009
2025-02-07 12:00:00,2885.1,2887.6,2877.8,2884.6,15475
2025-02-07 13:00:00,2884.5,2890.0,2883.4,2884.6,8207
2025-02-07 14:00:00,2884.7,2887.6,2883.5,2884.5,3825
2025-02-07 15:00:00,2884.6,2887.9,2883.7,2887.0,4233
2025-02-07 16:00:00,2887.1,2889.5,2885.8,2886.1,2108
2025-02-09 18:00:00,2884.8,2895.7,2879.9,2892.4,3885
2025-02-09 19:00:00,2892.3,2896.0,2891.1,2895.0,2328
2025-02-09 20:00:00,2895.2,2902.4,2893.0,2897.5,5496
2025-02-09 21:00:00,2897.4,2901.5,2896.4,2900.8,3471
2025-02-09 22:00:00,2900.8,2902.0,2897.7,2901.8,1735
2025-02-09 23:00:00,2901.8,2904.6,2900.4,2904.0,2843
2025-02-10 00:00:00,2904.0,2906.0,2903.0,2905.9,2836
2025-02-10 01:00:00,2906.0,2916.5,2905.5,2913.8,7147
2025-02-10 02:00:00,2913.8,2922.0,2912.1,2920.4,6771
2025-02-10 03:00:00,2920.4,2927.0,2918.0,2923.8,8629
2025-02-10 04:00:00,2923.8,2929.7,2923.4,2929.0,6902
2025-02-10 05:00:00,2928.9,2932.8,2925.2,2930.8,8309
2025-02-10 06:00:00,2930.9,2932.8,2925.5,2931.5,6816
2025-02-10 07:00:00,2931.4,2934.1,2928.6,2928.8,8088
2025-02-10 08:00:00,2928.9,2937.7,2925.5,2927.7,15336
2025-02-10 09:00:00,2927.7,2933.8,2921.2,2932.9,16618
2025-02-10 10:00:00,2932.8,2938.1,2928.9,2936.5,13180
2025-02-10 11:00:00,2936.4,2937.6,2925.6,2928.4,10813
2025-02-10 12:00:00,2928.4,2932.3,2925.4,2931.1,6974
2025-02-10 13:00:00,2931.1,2936.1,2928.6,2933.7,9235
2025-02-10 14:00:00,2933.5,2935.7,2931.8,2934.2,2663
2025-02-10 15:00:00,2934.3,2935.6,2933.1,2934.8,4471
2025-02-10 16:00:00,2934.9,2937.0,2933.7,2936.8,1710
2025-02-10 18:00:00,2937.0,2947.2,2936.0,2943.2,0
2025-02-10 19:00:00,2943.3,2949.3,2941.8,2947.6,3708
2025-02-10 20:00:00,2947.7,2960.6,2945.8,2959.1,10032
2025-02-10 21:00:00,2959.0,2968.5,2935.0,2945.7,21116
2025-02-10 22:00:00,2945.6,2953.7,2940.2,2944.6,9402
2025-02-10 23:00:00,2944.7,2946.4,2941.4,2942.5,2882
2025-02-11 00:00:00,2942.6,2949.5,2941.7,2948.3,3133
2025-02-11 01:00:00,2948.5,2953.7,2940.4,2942.7,6837
2025-02-11 02:00:00,2942.8,2944.3,2933.1,2939.1,9114
2025-02-11 03:00:00,2939.0,2941.3,2933.6,2933.9,9067
2025-02-11 04:00:00,2933.9,2939.6,2928.6,2929.1,8234
2025-02-11 05:00:00,2929.0,2933.4,2927.7,2929.1,8098
2025-02-11 06:00:00,2929.0,2933.8,2928.6,2930.2,4312
2025-02-11 07:00:00,2930.4,2930.7,2914.9,2917.0,15276
2025-02-11 08:00:00,2916.6,2925.0,2907.0,2924.0,26990
2025-02-11 09:00:00,2923.8,2930.8,2921.5,2922.4,19389
2025-02-11 10:00:00,2922.3,2934.5,2916.5,2932.7,15176
2025-02-11 11:00:00,2932.8,2935.8,2928.9,2929.5,7897
2025-02-11 12:00:00,2929.4,2933.9,2926.7,2932.3,5522
2025-02-11 13:00:00,2932.3,2935.5,2931.1,2934.9,6113
2025-02-11 14:00:00,2935.0,2935.3,2928.7,2929.7,4182
2025-02-11 15:00:00,2929.6,2930.1,2923.0,2926.0,4904
2025-02-11 16:00:00,2926.1,2928.4,2925.9,2926.5,1787
2025-02-11 18:00:00,2927.0,2927.9,2925.6,2926.8,0
2025-02-11 19:00:00,2926.9,2927.1,2918.1,2921.2,3231
2025-02-11 20:00:00,2921.1,2924.8,2911.8,2920.8,8033
2025-02-11 21:00:00,2920.8,2925.6,2919.3,2919.4,3814
2025-02-11 22:00:00,2919.3,2920.5,2913.5,2914.7,5482
2025-02-11 23:00:00,2914.7,2917.0,2908.2,2910.8,5040
2025-02-12 00:00:00,2910.5,2913.5,2909.1,2911.5,2621
2025-02-12 01:00:00,2911.4,2920.5,2910.9,2918.9,5338
2025-02-12 02:00:00,2918.9,2920.8,2916.3,2918.1,4347
2025-02-12 03:00:00,2918.1,2919.4,2913.0,2916.6,4465
2025-02-12 04:00:00,2916.4,2917.5,2910.5,2910.9,5239
2025-02-12 05:00:00,2910.9,2916.0,2905.0,2907.4,9176
2025-02-12 06:00:00,2907.2,2911.3,2904.1,2905.6,5780
2025-02-12 07:00:00,2905.6,2912.6,2904.6,2911.6,6474
2025-02-12 08:00:00,2911.6,2912.2,2886.5,2909.8,35558
2025-02-12 09:00:00,2909.6,2925.1,2906.0,2921.1,29113
2025-02-12 10:00:00,2921.2,2923.9,2912.9,2922.5,13750
2025-02-12 11:00:00,2922.3,2931.6,2918.0,2929.6,12419
2025-02-12 12:00:00,2929.6,2936.5,2929.1,2930.8,12518
2025-02-12 13:00:00,2930.8,2931.3,2926.6,2927.3,8228
2025-02-12 14:00:00,2927.4,2928.0,2918.3,2922.2,7885
2025-02-12 15:00:00,2922.2,2926.2,2919.4,2924.5,3620
2025-02-12 16:00:00,2924.7,2929.1,2924.0,2929.0,2253
2025-02-12 18:00:00,2928.8,2930.2,2925.8,2929.5,0
2025-02-12 19:00:00,2929.5,2934.5,2928.7,2932.5,3448
2025-02-12 20:00:00,2932.3,2934.7,2928.7,2933.3,4610
2025-02-12 21:00:00,2933.5,2937.5,2932.0,2936.7,4792
2025-02-12 22:00:00,2936.8,2946.0,2934.6,2943.8,7842
2025-02-12 23:00:00,2943.9,2947.7,2943.5,2946.8,3035
2025-02-13 00:00:00,2946.8,2950.3,2943.8,2945.9,4968
2025-02-13 01:00:00,2945.8,2946.4,2939.5,2942.8,5982
2025-02-13 02:00:00,2942.9,2946.7,2940.4,2940.6,8899
2025-02-13 03:00:00,2940.7,2944.7,2934.9,2937.1,8243
2025-02-13 04:00:00,2937.2,2944.3,2935.6,2941.8,4636
2025-02-13 05:00:00,2941.7,2946.2,2940.1,2944.8,4606
2025-02-13 06:00:00,2944.7,2945.7,2941.9,2945.6,4200
2025-02-13 07:00:00,2945.7,2949.3,2944.3,2946.5,7286
2025-02-13 08:00:00,2946.5,2946.8,2932.7,2935.6,16669
2025-02-13 09:00:00,2935.8,2945.1,2933.5,2942.9,13682
2025-02-13 10:00:00,2942.8,2949.0,2942.3,2947.8,12707
2025-02-13 11:00:00,2947.8,2948.9,2941.0,2941.6,9132
2025-02-13 12:00:00,2941.6,2948.7,2941.3,2948.5,6018
2025-02-13 13:00:00,2948.5,2953.4,2941.9,2951.9,11766
2025-02-13 14:00:00,2951.9,2955.9,2951.2,2955.5,7910
2025-02-13 15:00:00,2955.5,2958.3,2952.6,2957.2,6906
2025-02-13 16:00:00,2957.3,2958.8,2956.9,2957.2,1803
2025-02-13 18:00:00,2957.3,2960.1,2956.0,2958.1,0
2025-02-13 19:00:00,2958.0,2958.5,2955.8,2956.4,1842
2025-02-13 20:00:00,2956.4,2964.0,2956.4,2959.1,5185
2025-02-13 21:00:00,2959.0,2959.9,2953.8,2955.8,3520
2025-02-13 22:00:00,2955.9,2959.2,2951.7,2953.4,3376
2025-02-13 23:00:00,2953.2,2956.6,2952.7,2956.3,2191
2025-02-14 00:00:00,2956.3,2959.7,2955.6,2958.8,2543
2025-02-14 01:00:00,2958.8,2963.3,2958.2,2960.7,4839
2025-02-14 02:00:00,2960.7,2961.4,2955.3,2956.5,5102
2025-02-14 03:00:00,2956.5,2962.4,2955.5,2959.5,4822
2025-02-14 04:00:00,2959.2,2962.5,2957.8,2959.3,4676
2025-02-14 05:00:00,2959.4,2964.1,2958.6,2960.6,6654
2025-02-14 06:00:00,2960.6,2961.6,2953.1,2954.4,4763
2025-02-14 07:00:00,2954.4,2956.9,2950.3,2954.1,6013
2025-02-14 08:00:00,2954.2,2955.2,2936.2,2940.3,24109
2025-02-14 09:00:00,2940.3,2948.2,2932.5,2938.9,20897
2025-02-14 10:00:00,2939.2,2939.8,2905.6,2916.7,47248
2025-02-14 11:00:00,2916.6,2919.3,2903.4,2912.2,22496
2025-02-14 12:00:00,2912.3,2913.8,2897.2,2901.7,16596
2025-02-14 13:00:00,2901.7,2902.5,2895.6,2897.0,13144
2025-02-14 14:00:00,2897.1,2899.2,2893.5,2894.8,4590
2025-02-14 15:00:00,2894.7,2897.3,2889.9,2896.5,7379
2025-02-14 16:00:00,2896.4,2897.3,2893.5,2893.7,2634
2025-02-16 18:00:00,2895.1,2904.1,2887.6,2892.4,8944
2025-02-16 19:00:00,2892.5,2898.7,2892.3,2894.4,3626
2025-02-16 20:00:00,2894.4,2908.7,2892.3,2907.1,7968
2025-02-16 21:00:00,2907.1,2912.1,2905.4,2911.8,4126
2025-02-16 22:00:00,2912.0,2916.4,2910.1,2915.1,2718
2025-02-16 23:00:00,2915.0,2915.8,2909.3,2910.7,3022
2025-02-18 00:00:00,2923.9,2928.8,2923.2,2924.4,5589
2025-02-18 01:00:00,2924.2,2927.4,2923.7,2926.2,3176
2025-02-18 02:00:00,2926.3,2928.1,2921.0,2923.8,4288
2025-02-18 03:00:00,2923.9,2925.9,2920.9,2925.3,4121
2025-02-18 04:00:00,2925.4,2926.9,2922.4,2925.5,3178
2025-02-18 05:00:00,2925.6,2926.3,2920.6,2924.7,3479
2025-02-18 06:00:00,2924.6,2927.9,2922.9,2927.5,3155
2025-02-18 07:00:00,2927.5,2932.7,2925.6,2932.0,7541
2025-02-18 08:00:00,2931.8,2937.2,2927.0,2933.6,11452
2025-02-18 09:00:00,2933.6,2946.0,2933.6,2944.9,16825
2025-02-18 10:00:00,2945.1,2947.3,2940.3,2944.8,15629
2025-02-18 11:00:00,2944.7,2952.6,2941.8,2950.9,9794
2025-02-18 12:00:00,2950.9,2951.6,2948.1,2950.3,5946
2025-02-18 13:00:00,2950.4,2953.3,2947.1,2952.7,7360
2025-02-18 14:00:00,2952.6,2956.5,2950.9,2954.8,4685
2025-02-18 15:00:00,2954.9,2955.7,2950.2,2951.3,3884
2025-02-18 16:00:00,2951.2,2955.9,2951.2,2954.4,2086
2025-02-18 18:00:00,2954.1,2955.0,2952.6,2953.3,0
2025-02-18 19:00:00,2953.4,2953.8,2948.6,2949.0,2767
2025-02-18 20:00:00,2948.8,2959.0,2947.4,2957.4,5880
2025-02-18 21:00:00,2957.5,2958.3,2942.6,2947.8,7826
2025-02-18 22:00:00,2947.8,2948.3,2942.3,2946.5,4335
2025-02-18 23:00:00,2946.5,2947.1,2943.7,2945.4,1617
2025-02-19 00:00:00,2946.0,2951.1,2944.7,2949.8,3779
2025-02-19 01:00:00,2949.7,2952.8,2947.2,2948.4,3299
2025-02-19 02:00:00,2948.3,2953.6,2947.1,2951.7,3925
2025-02-19 03:00:00,2951.7,2957.4,2951.0,2955.8,5434
2025-02-19 04:00:00,2956.0,2964.4,2955.3,2962.6,6439
2025-02-19 05:00:00,2962.6,2964.1,2960.0,2962.3,4023
2025-02-19 06:00:00,2962.1,2963.6,2952.1,2953.0,6994
2025-02-19 07:00:00,2953.2,2955.0,2948.6,2951.1,8069
2025-02-19 08:00:00,2951.3,2960.0,2949.3,2953.2,11624
2025-02-19 09:00:00,2953.3,2957.5,2946.3,2954.9,16356
2025-02-19 10:00:00,2954.8,2956.1,2941.2,2941.6,15952
2025-02-19 11:00:00,2941.6,2948.3,2938.8,2944.5,13673
2025-02-19 12:00:00,2944.3,2946.6,2937.4,2940.6,6541
2025-02-19 13:00:00,2940.4,2942.4,2933.7,2940.7,11180
2025-02-19 14:00:00,2940.7,2948.0,2939.1,2947.3,5995
2025-02-19 15:00:00,2947.3,2951.9,2947.0,2951.1,4458
2025-02-19 16:00:00,2951.3,2952.9,2948.6,2949.6,2406
2025-02-19 18:00:00,2949.5,2951.7,2949.1,2951.0,0
2025-02-19 19:00:00,2951.1,2957.6,2951.1,2957.4,2913
2025-02-19 20:00:00,2957.2,2959.7,2951.2,2953.7,5962
2025-02-19 21:00:00,2953.9,2959.5,2951.3,2958.6,5401
2025-02-19 22:00:00,2958.6,2961.9,2957.7,2959.7,3706
2025-02-19 23:00:00,2959.6,2959.7,2956.8,2958.9,1800
2025-02-20 00:00:00,2958.2,2963.5,2957.8,2963.5,2893
2025-02-20 01:00:00,2963.5,2966.0,2961.8,2964.8,4970
2025-02-20 02:00:00,2964.5,2973.0,2963.2,2967.3,7412
2025-02-20 03:00:00,2967.1,2972.2,2967.1,2971.9,5254
2025-02-20 04:00:00,2972.0,2973.0,2967.3,2969.4,5141
2025-02-20 05:00:00,2969.4,2973.4,2966.7,2970.6,10961
2025-02-20 06:00:00,2970.7,2971.4,2964.2,2966.2,4237
2025-02-20 07:00:00,2966.3,2968.5,2955.0,2962.8,12827
2025-02-20 08:00:00,2962.7,2965.2,2949.8,2950.8,16869
2025-02-20 09:00:00,2950.9,2956.7,2939.3,2950.6,27743
2025-02-20 10:00:00,2950.7,2956.5,2948.1,2955.2,12953
2025-02-20 11:00:00,2955.2,2962.8,2952.0,2958.9,9705
2025-02-20 12:00:00,2958.7,2963.9,2956.1,2956.6,9023
2025-02-20 13:00:00,2956.6,2958.2,2952.7,2957.4,6988
2025-02-20 14:00:00,2957.5,2957.6,2949.4,2954.1,3944
2025-02-20 15:00:00,2954.2,2954.4,2949.2,2953.0,3717
2025-02-20 16:00:00,2952.8,2956.5,2952.2,2955.6,1766
2025-02-20 18:00:00,2955.7,2959.5,2954.8,2957.8,0
2025-02-20 19:00:00,2957.6,2958.7,2952.9,2954.9,2041
2025-02-20 20:00:00,2954.8,2964.7,2943.5,2945.4,9923
2025-02-20 21:00:00,2945.4,2956.9,2942.7,2953.4,6432
2025-02-20 22:00:00,2953.4,2954.1,2941.2,2945.2,7920
2025-02-20 23:00:00,2945.1,2946.8,2940.0,2941.8,3079
2025-02-21 00:00:00,2942.4,2947.6,2938.1,2943.7,6141
2025-02-21 01:00:00,2943.6,2945.6,2939.3,2944.0,4028
2025-02-21 02:00:00,2944.1,2948.3,2942.9,2943.9,3047
2025-02-21 03:00:00,2943.7,2945.3,2930.1,2937.1,10624
2025-02-21 04:00:00,2936.9,2943.9,2936.6,2943.4,5621
2025-02-21 05:00:00,2943.4,2945.6,2942.5,2945.3,3054
2025-02-21 06:00:00,2945.2,2950.2,2941.0,2941.7,5595
2025-02-21 07:00:00,2941.8,2950.0,2941.0,2943.6,6761
2025-02-21 08:00:00,2943.7,2948.9,2940.7,2945.1,9150
2025-02-21 09:00:00,2945.1,2954.3,2941.6,2947.6,14427
2025-02-21 10:00:00,2947.9,2949.7,2935.1,2942.5,18746
2025-02-21 11:00:00,2942.5,2953.8,2941.2,2950.4,8794
2025-02-21 12:00:00,2950.7,2956.0,2949.9,2953.9,5838
2025-02-21 13:00:00,2954.0,2959.8,2951.4,2958.5,10011
2025-02-21 14:00:00,2958.4,2959.1,2946.7,2947.4,5666
2025-02-21 15:00:00,2947.3,2951.7,2946.7,2948.4,4791
2025-02-21 16:00:00,2948.2,2952.9,2945.8,2949.6,2303
2025-02-23 18:00:00,2950.4,2955.4,2947.6,2950.0,2739
2025-02-23 19:00:00,2949.9,2952.1,2944.2,2944.4,2848
2025-02-23 20:00:00,2944.6,2945.9,2936.8,2941.7,7010
2025-02-23 21:00:00,2941.6,2953.0,2938.3,2952.8,4591
2025-02-23 22:00:00,2952.8,2957.5,2952.8,2954.7,4199
2025-02-23 23:00:00,2954.9,2956.2,2950.3,2954.2,3083
2025-02-24 00:00:00,2954.1,2954.5,2948.6,2949.4,2234
2025-02-24 01:00:00,2949.2,2956.7,2948.3,2952.1,4013
2025-02-24 02:00:00,2952.1,2958.4,2951.5,2957.5,3490
2025-02-24 03:00:00,2957.7,2963.7,2952.0,2961.1,7525
2025-02-24 04:00:00,2961.1,2963.7,2957.0,2958.7,4771
2025-02-24 05:00:00,2958.9,2959.5,2949.4,2953.9,5493
2025-02-24 06:00:00,2953.9,2962.7,2953.1,2962.2,6830
2025-02-24 07:00:00,2962.2,2966.4,2960.1,2961.8,6479
2025-02-24 08:00:00,2961.9,2970.5,2961.4,2970.2,12351
2025-02-24 09:00:00,2972.6,2974.0,2948.6,2953.4,26843
2025-02-24 10:00:00,2953.3,2956.4,2945.5,2952.6,18281
2025-02-24 11:00:00,2952.6,2960.6,2952.4,2958.8,11516
2025-02-24 12:00:00,2958.8,2960.5,2956.2,2958.5,7534
2025-02-24 13:00:00,2958.4,2964.2,2957.8,2962.7,6004
2025-02-24 14:00:00,2962.8,2965.5,2961.7,2964.3,2625
2025-02-24 15:00:00,2964.3,2966.4,2961.7,2964.8,3340
2025-02-24 16:00:00,2965.0,2969.5,2965.0,2968.9,2038
2025-02-24 18:00:00,2968.5,2970.4,2964.1,2966.0,0
2025-02-24 19:00:00,2965.9,2968.3,2964.2,2965.2,1717
2025-02-24 20:00:00,2965.4,2968.4,2962.0,2965.6,4860
2025-02-24 21:00:00,2965.5,2968.3,2963.1,2964.6,3451
2025-02-24 22:00:00,2964.6,2965.6,2954.1,2956.3,4775
2025-02-24 23:00:00,2956.4,2956.8,2951.6,2952.7,4267
2025-02-25 00:00:00,2952.6,2956.7,2952.2,2953.3,3552
2025-02-25 01:00:00,2953.2,2953.8,2949.3,2951.1,4495
2025-02-25 02:00:00,2951.0,2955.4,2943.7,2945.4,8126
2025-02-25 03:00:00,2945.4,2956.0,2943.4,2955.2,8507
2025-02-25 04:00:00,2955.1,2956.8,2950.6,2953.2,4348
2025-02-25 05:00:00,2953.2,2955.7,2950.8,2950.9,3750
2025-02-25 06:00:00,2951.1,2954.9,2950.6,2952.2,3948
2025-02-25 07:00:00,2952.3,2955.4,2936.2,2942.1,17547
2025-02-25 08:00:00,2942.2,2952.5,2938.7,2950.8,14616
2025-02-25 09:00:00,2950.9,2959.7,2945.6,2946.5,18771
2025-02-25 10:00:00,2946.3,2948.8,2910.7,2917.8,47809
2025-02-25 11:00:00,2918.1,2919.3,2897.0,2908.4,35289
2025-02-25 12:00:00,2908.4,2922.2,2905.1,2920.9,12331
2025-02-25 13:00:00,2920.9,2925.7,2918.0,2922.2,10830
2025-02-25 14:00:00,2922.1,2925.9,2918.0,2924.3,4847
2025-02-25 15:00:00,2924.0,2926.1,2923.3,2925.5,3198
2025-02-25 16:00:00,2925.4,2930.8,2925.2,2928.6,4051
2025-02-25 18:00:00,2929.0,2932.0,2927.7,2931.6,0
2025-02-25 19:00:00,2931.6,2938.1,2931.5,2934.4,4723
2025-02-25 20:00:00,2934.3,2942.0,2928.8,2930.7,8096
2025-02-25 21:00:00,2930.9,2935.9,2928.3,2934.5,5480
2025-02-25 22:00:00,2934.4,2935.5,2929.7,2930.7,2235
2025-02-25 23:00:00,2930.5,2932.2,2926.1,2928.0,3140
2025-02-26 00:00:00,2927.8,2933.7,2927.8,2928.2,2724
2025-02-26 01:00:00,2928.1,2929.1,2919.5,2919.6,5024
2025-02-26 02:00:00,2919.5,2929.5,2918.7,2927.2,5318
2025-02-26 03:00:00,2927.3,2932.1,2922.3,2931.3,6463
2025-02-26 04:00:00,2931.4,2932.5,2924.6,2925.7,4633
2025-02-26 05:00:00,2925.7,2930.0,2924.2,2925.3,3554
2025-02-26 06:00:00,2925.1,2929.4,2925.0,2927.5,3381
2025-02-26 07:00:00,2927.4,2929.5,2923.4,2927.7,4565
2025-02-26 08:00:00,2927.7,2929.0,2918.7,2919.3,9689
2025-02-26 09:00:00,2919.3,2919.5,2903.3,2915.2,32857
2025-02-26 10:00:00,2915.0,2928.7,2912.5,2927.9,17054
2025-02-26 11:00:00,2928.0,2932.1,2924.6,2927.4,11567
2025-02-26 12:00:00,2927.4,2931.1,2924.7,2928.5,6853
2025-02-26 13:00:00,2928.5,2931.9,2927.3,2929.4,7985
2025-02-26 14:00:00,2929.4,2931.0,2927.4,2929.2,3394
2025-02-26 15:00:00,2929.0,2931.4,2926.5,2930.7,3582
2025-02-26 16:00:00,2930.8,2933.9,2930.0,2931.7,2508
2025-02-26 18:00:00,2931.4,2935.8,2930.9,2933.9,0
2025-02-26 19:00:00,2933.8,2933.9,2931.1,2932.0,2130
2025-02-26 20:00:00,2931.8,2933.8,2926.1,2927.1,5015
2025-02-26 21:00:00,2927.4,2929.1,2917.4,2919.1,6469
2025-02-26 22:00:00,2919.1,2922.4,2918.1,2918.5,2559
2025-02-26 23:00:00,2918.5,2919.2,2910.7,2912.9,3678
2025-02-27 00:00:00,2911.9,2913.1,2902.1,2903.6,8079
2025-02-27 01:00:00,2903.8,2910.5,2903.2,2906.3,6272
2025-02-27 02:00:00,2906.2,2908.7,2899.6,2903.6,9054
2025-02-27 03:00:00,2903.6,2903.8,2891.8,2892.8,12517
2025-02-27 04:00:00,2892.6,2907.0,2889.4,2900.4,13040
2025-02-27 05:00:00,2900.4,2908.3,2898.6,2906.0,6028
2025-02-27 06:00:00,2906.1,2908.2,2895.0,2896.0,8069
2025-02-27 07:00:00,2896.1,2902.2,2895.1,2898.0,7929
2025-02-27 08:00:00,2897.7,2904.7,2894.1,2902.1,19007
2025-02-27 09:00:00,2902.1,2906.0,2879.0,2884.2,28741
2025-02-27 10:00:00,2884.4,2895.7,2882.1,2884.2,21818
2025-02-27 11:00:00,2884.3,2891.4,2884.1,2890.6,9269
2025-02-27 12:00:00,2890.8,2895.9,2888.6,2895.2,7615
2025-02-27 13:00:00,2895.0,2899.0,2894.5,2899.0,8103
2025-02-27 14:00:00,2899.0,2899.2,2887.8,2890.6,6224
2025-02-27 15:00:00,2890.6,2890.6,2883.4,2884.5,5916
2025-02-27 16:00:00,2884.7,2888.5,2881.5,2887.8,2687
2025-02-27 18:00:00,2889.0,2889.1,2884.8,2886.2,0
2025-02-27 19:00:00,2886.1,2891.2,2885.4,2887.2,2142
2025-02-27 20:00:00,2887.3,2896.1,2885.8,2886.8,5840
2025-02-27 21:00:00,2886.7,2890.1,2882.7,2884.7,5056
2025-02-27 22:00:00,2884.8,2888.6,2875.7,2877.6,6006
2025-02-27 23:00:00,2877.7,2878.0,2867.2,2875.4,8606
2025-02-28 00:00:00,2874.0,2879.3,2873.1,2876.1,4803
2025-02-28 01:00:00,2876.2,2878.7,2874.1,2875.2,4148
2025-02-28 02:00:00,2875.1,2877.1,2869.5,2870.4,6782
2025-02-28 03:00:00,2870.2,2872.4,2862.7,2868.2,9421
2025-02-28 04:00:00,2868.1,2876.4,2868.0,2873.7,6516
2025-02-28 05:00:00,2873.8,2876.4,2872.4,2874.5,4810
2025-02-28 06:00:00,2874.6,2875.8,2871.1,2875.2,3952
2025-02-28 07:00:00,2875.3,2877.3,2866.9,2869.2,7444
2025-02-28 08:00:00,2869.2,2875.0,2860.0,2860.5,18091
2025-02-28 09:00:00,2860.6,2864.3,2845.2,2846.4,28985
2025-02-28 10:00:00,2846.2,2862.2,2844.1,2861.7,27340
2025-02-28 11:00:00,2861.8,2866.4,2857.2,2859.4,17990
2025-02-28 12:00:00,2859.4,2862.5,2855.3,2855.3,6637
2025-02-28 13:00:00,2855.5,2858.5,2847.2,2855.8,16036
2025-02-28 14:00:00,2855.8,2861.2,2854.3,2859.2,4204
2025-02-28 15:00:00,2859.2,2864.9,2857.9,2864.4,5435
2025-02-28 16:00:00,2864.6,2869.9,2863.4,2867.3,3291
2025-03-02 18:00:00,2872.0,2888.5,2866.3,2882.5,9278
2025-03-02 19:00:00,2882.5,2882.6,2876.3,2877.1,4057
2025-03-02 20:00:00,2877.1,2884.5,2875.5,2883.1,5267
2025-03-02 21:00:00,2883.2,2884.0,2878.1,2878.5,2871
2025-03-02 22:00:00,2878.4,2878.4,2869.2,2875.7,5931
2025-03-02 23:00:00,2875.8,2878.0,2872.5,2877.0,2392
2025-03-03 00:00:00,2876.6,2876.6,2869.2,2872.6,3617
2025-03-03 01:00:00,2872.4,2875.9,2871.4,2875.4,3081
2025-03-03 02:00:00,2875.6,2876.5,2870.3,2873.3,2820
2025-03-03 03:00:00,2873.3,2879.3,2868.8,2878.5,6306
2025-03-03 04:00:00,2878.8,2881.5,2874.0,2877.6,7662
2025-03-03 05:00:00,2877.7,2884.6,2877.4,2882.4,4473
2025-03-03 06:00:00,2882.4,2886.2,2881.9,2884.6,4017
2025-03-03 07:00:00,2884.5,2888.7,2884.0,2886.5,9123
2025-03-03 08:00:00,2886.4,2887.0,2879.6,2883.1,13850
2025-03-03 09:00:00,2882.9,2895.0,2881.4,2888.6,18099
2025-03-03 10:00:00,2888.4,2901.4,2884.7,2898.8,20825
2025-03-03 11:00:00,2898.8,2904.2,2895.8,2901.9,10295
2025-03-03 12:00:00,2901.8,2904.1,2897.5,2901.5,8687
2025-03-03 13:00:00,2901.5,2902.8,2896.4,2900.3,9699
2025-03-03 14:00:00,2900.1,2901.6,2889.4,2891.3,6471
2025-03-03 15:00:00,2891.3,2902.1,2887.8,2901.3,8075
2025-03-03 16:00:00,2901.4,2906.4,2901.0,2904.1,4296
2025-03-03 18:00:00,2904.2,2904.4,2901.1,2901.5,0
2025-03-03 19:00:00,2901.5,2904.2,2900.0,2902.4,2407
2025-03-03 20:00:00,2902.4,2903.9,2892.5,2899.3,7320
2025-03-03 21:00:00,2899.4,2900.9,2895.2,2895.6,3846
2025-03-03 22:00:00,2895.5,2904.0,2894.8,2898.7,5414
2025-03-03 23:00:00,2898.6,2902.9,2896.3,2901.9,2066
2025-03-04 00:00:00,2901.0,2904.7,2898.5,2899.6,3113
2025-03-04 01:00:00,2899.5,2899.9,2895.2,2897.6,3294
2025-03-04 02:00:00,2897.8,2910.8,2897.1,2909.3,7228
2025-03-04 03:00:00,2909.2,2929.4,2906.1,2924.7,18428
2025-03-04 04:00:00,2925.0,2931.9,2922.7,2928.9,8342
2025-03-04 05:00:00,2929.0,2929.1,2923.0,2924.6,7839
2025-03-04 06:00:00,2924.4,2932.0,2922.8,2931.3,5965
2025-03-04 07:00:00,2931.2,2937.1,2929.1,2936.5,11055
2025-03-04 08:00:00,2936.6,2939.8,2930.7,2933.7,17670
2025-03-04 09:00:00,2933.8,2934.6,2913.8,2914.0,21021
2025-03-04 10:00:00,2913.9,2923.4,2910.6,2916.4,22027
2025-03-04 11:00:00,2916.3,2926.5,2914.0,2926.2,10790
2025-03-04 12:00:00,2926.2,2927.9,2921.6,2922.1,6026
2025-03-04 13:00:00,2922.0,2926.1,2919.0,2921.8,8331
2025-03-04 14:00:00,2921.7,2927.3,2921.5,2926.8,3497
2025-03-04 15:00:00,2926.7,2931.5,2925.4,2928.7,5258
2025-03-04 16:00:00,2928.5,2929.7,2924.2,2928.2,2142
2025-03-04 18:00:00,2929.0,2929.8,2925.0,2925.5,0
2025-03-04 19:00:00,2925.4,2927.0,2922.7,2924.0,2191
2025-03-04 20:00:00,2924.2,2925.0,2914.5,2917.7,7636
2025-03-04 21:00:00,2917.6,2924.6,2912.5,2915.0,5657
2025-03-04 22:00:00,2914.9,2923.9,2913.8,2919.5,4482
2025-03-04 23:00:00,2919.4,2923.3,2919.2,2920.7,1659
2025-03-05 00:00:00,2920.6,2929.3,2920.2,2929.1,3563
2025-03-05 01:00:00,2929.3,2932.6,2924.5,2927.4,4421
2025-03-05 02:00:00,2927.6,2930.5,2923.5,2928.7,5200
2025-03-05 03:00:00,2928.5,2932.3,2927.0,2931.0,6771
2025-03-05 04:00:00,2930.9,2933.7,2924.5,2929.8,6552
2025-03-05 05:00:00,2929.8,2930.2,2919.2,2923.4,5515
2025-03-05 06:00:00,2923.2,2928.0,2922.8,2924.0,7400
2025-03-05 07:00:00,2924.1,2930.1,2923.2,2926.5,6635
2025-03-05 08:00:00,2926.6,2927.6,2903.4,2910.1,23865
2025-03-05 09:00:00,2910.0,2927.9,2907.4,2921.9,20342
2025-03-05 10:00:00,2921.7,2934.4,2915.1,2927.7,19977
2025-03-05 11:00:00,2927.6,2941.3,2925.3,2933.7,15043
2025-03-05 12:00:00,2933.9,2935.3,2922.3,2925.7,13741
2025-03-05 13:00:00,2925.6,2930.0,2920.1,2926.8,9623
2025-03-05 14:00:00,2926.7,2931.0,2925.2,2930.1,2722
2025-03-05 15:00:00,2930.1,2932.4,2928.6,2931.6,2264
2025-03-05 16:00:00,2931.7,2931.8,2927.5,2929.0,2088
2025-03-05 18:00:00,2929.5,2929.8,2926.6,2927.3,0
2025-03-05 19:00:00,2927.4,2929.2,2925.0,2925.1,1907
2025-03-05 20:00:00,2925.1,2935.3,2924.0,2933.3,3706
2025-03-05 21:00:00,2933.4,2935.9,2931.1,2934.8,3229
2025-03-05 22:00:00,2934.9,2935.0,2928.3,2929.8,2191
2025-03-05 23:00:00,2929.9,2930.3,2925.5,2926.9,2263
2025-03-06 00:00:00,2926.3,2928.6,2922.8,2927.6,3871
2025-03-06 01:00:00,2927.6,2931.0,2927.3,2928.5,3144
2025-03-06 02:00:00,2928.5,2930.4,2916.7,2917.2,12071
2025-03-06 03:00:00,2917.1,2919.0,2908.2,2912.7,11846
2025-03-06 04:00:00,2912.5,2912.8,2897.6,2901.2,12218
2025-03-06 05:00:00,2901.2,2912.1,2899.5,2907.1,8483
2025-03-06 06:00:00,2907.1,2915.9,2906.2,2913.9,4602
2025-03-06 07:00:00,2913.8,2914.7,2906.5,2910.7,10677
2025-03-06 08:00:00,2910.5,2917.0,2908.0,2912.5,12269
2025-03-06 09:00:00,2912.4,2925.5,2911.2,2923.6,14172
2025-03-06 10:00:00,2923.8,2931.8,2916.9,2922.8,22496
2025-03-06 11:00:00,2923.1,2927.0,2919.9,2925.6,7167
2025-03-06 12:00:00,2925.5,2929.8,2921.4,2923.0,7289
2025-03-06 13:00:00,2923.0,2929.1,2921.8,2924.3,6891
2025-03-06 14:00:00,2924.6,2925.8,2919.8,2922.0,4010
2025-03-06 15:00:00,2921.7,2924.5,2916.9,2917.4,3756
2025-03-06 16:00:00,2917.4,2919.9,2916.1,2919.8,2149
2025-03-06 18:00:00,2919.2,2920.6,2916.8,2917.1,0
2025-03-06 19:00:00,2917.1,2917.3,2905.3,2913.0,5001
2025-03-06 20:00:00,2912.9,2917.5,2909.2,2915.0,4542
2025-03-06 21:00:00,2914.8,2916.5,2909.5,2915.0,4055
2025-03-06 22:00:00,2914.9,2915.6,2911.0,2912.5,3021
2025-03-06 23:00:00,2912.4,2915.3,2911.8,2913.2,2599
2025-03-07 00:00:00,2913.3,2919.7,2913.0,2917.1,2843
2025-03-07 01:00:00,2917.1,2921.7,2914.9,2920.6,2952
2025-03-07 02:00:00,2920.5,2925.0,2919.1,2924.8,4043
2025-03-07 03:00:00,2924.8,2931.2,2923.2,2930.4,5828
2025-03-07 04:00:00,2930.2,2930.7,2927.7,2929.1,3304
2025-03-07 05:00:00,2929.0,2929.6,2923.5,2926.0,4840
2025-03-07 06:00:00,2925.9,2930.1,2923.8,2926.2,3333
2025-03-07 07:00:00,2926.3,2930.3,2925.1,2925.9,4564
2025-03-07 08:00:00,2925.9,2933.9,2916.6,2920.5,22486
2025-03-07 09:00:00,2920.4,2937.4,2909.2,2934.9,25417
2025-03-07 10:00:00,2934.8,2938.8,2916.2,2923.7,35483
2025-03-07 11:00:00,2923.6,2928.0,2919.3,2922.0,20078
2025-03-07 12:00:00,2922.2,2924.4,2913.0,2916.3,22836
2025-03-07 13:00:00,2916.3,2917.3,2909.6,2915.3,25013
2025-03-07 14:00:00,2915.5,2918.2,2912.6,2913.3,4428
2025-03-07 15:00:00,2913.3,2919.7,2912.9,2918.2,4009
2025-03-07 16:00:00,2918.5,2920.2,2916.9,2917.7,1923
2025-03-09 18:00:00,2919.6,2923.3,2917.4,2919.1,1650
2025-03-09 19:00:00,2919.1,2925.1,2918.6,2924.3,1613
2025-03-09 20:00:00,2924.3,2926.4,2920.3,2920.9,3008
2025-03-09 21:00:00,2920.9,2925.7,2918.0,2918.7,3585
2025-03-09 22:00:00,2918.8,2921.0,2915.7,2917.9,2721
2025-03-09 23:00:00,2917.8,2919.8,2914.0,2916.6,3013
2025-03-10 00:00:00,2916.8,2918.8,2916.2,2917.0,1136
2025-03-10 01:00:00,2917.0,2918.2,2913.1,2916.1,2025
2025-03-10 02:00:00,2916.2,2920.6,2916.0,2920.3,3004
2025-03-10 03:00:00,2920.4,2921.9,2909.8,2915.0,5849
2025-03-10 04:00:00,2915.0,2917.3,2904.1,2904.4,7813
2025-03-10 05:00:00,2904.4,2922.0,2902.9,2918.1,11048
2025-03-10 06:00:00,2918.1,2918.2,2904.3,2910.0,9813
2025-03-10 07:00:00,2909.9,2911.2,2901.8,2910.6,7498
2025-03-10 08:00:00,2910.4,2914.7,2906.2,2913.3,10234
2025-03-10 09:00:00,2913.3,2914.9,2903.5,2910.0,20014
2025-03-10 10:00:00,2910.0,2915.9,2907.1,2915.0,11943
2025-03-10 11:00:00,2915.2,2917.5,2906.4,2911.1,11833
2025-03-10 12:00:00,2911.2,2913.8,2901.6,2901.8,20035
2025-03-10 13:00:00,2901.7,2902.0,2887.0,2892.1,43090
2025-03-10 14:00:00,2891.9,2895.0,2885.4,2890.9,10269
2025-03-10 15:00:00,2890.7,2896.5,2885.4,2890.6,10097
2025-03-10 16:00:00,2890.5,2894.2,2889.4,2893.3,2229
2025-03-10 18:00:00,2893.2,2894.4,2888.6,2889.3,0
2025-03-10 19:00:00,2889.2,2890.5,2887.0,2889.1,2269
2025-03-10 20:00:00,2889.3,2892.8,2888.1,2890.9,3366
2025-03-10 21:00:00,2890.9,2894.4,2882.5,2892.7,6757
2025-03-10 22:00:00,2893.1,2903.9,2892.6,2902.6,6026
2025-03-10 23:00:00,2902.6,2903.0,2898.7,2900.4,2075
2025-03-11 00:00:00,2900.4,2902.9,2899.0,2901.8,1252
2025-03-11 01:00:00,2901.8,2903.2,2896.1,2899.7,3381
2025-03-11 02:00:00,2899.8,2907.4,2897.8,2907.1,4808
2025-03-11 03:00:00,2906.9,2907.9,2901.5,2905.0,5936
2025-03-11 04:00:00,2905.2,2915.3,2904.4,2914.5,9853
2025-03-11 05:00:00,2914.6,2917.8,2913.3,2916.8,5318
2025-03-11 06:00:00,2916.9,2920.0,2915.7,2916.9,5594
2025-03-11 07:00:00,2916.9,2920.9,2915.5,2919.1,5616
2025-03-11 08:00:00,2919.2,2922.3,2915.8,2918.4,13397
2025-03-11 09:00:00,2918.4,2929.0,2912.1,2924.0,30414
2025-03-11 10:00:00,2923.9,2927.8,2917.3,2920.6,14232
2025-03-11 11:00:00,2920.7,2926.9,2920.4,2922.8,9758
2025-03-11 12:00:00,2922.7,2924.4,2921.3,2923.3,7465
2025-03-11 13:00:00,2923.1,2926.7,2919.9,2923.8,25239
2025-03-11 14:00:00,2923.8,2925.4,2920.8,2923.9,4557
2025-03-11 15:00:00,2923.9,2927.8,2923.2,2925.2,4069
2025-03-11 16:00:00,2925.4,2926.1,2922.0,2922.8,2751
2025-03-11 18:00:00,2922.3,2924.5,2921.2,2923.4,0
2025-03-11 19:00:00,2923.3,2925.4,2922.1,2922.3,1266
2025-03-11 20:00:00,2922.4,2922.4,2918.5,2920.4,2091
2025-03-11 21:00:00,2920.3,2924.0,2917.3,2921.0,2396
2025-03-11 22:00:00,2920.9,2924.1,2920.0,2921.7,1767
2025-03-11 23:00:00,2921.8,2925.8,2921.0,2921.2,1755
2025-03-12 00:00:00,2920.7,2921.5,2918.5,2920.3,1768
2025-03-12 01:00:00,2920.3,2922.5,2917.8,2921.5,2097
2025-03-12 02:00:00,2921.6,2925.9,2916.8,2917.3,5311
2025-03-12 03:00:00,2917.2,2921.2,2914.1,2919.7,4569
2025-03-12 04:00:00,2919.7,2927.7,2919.2,2927.5,5042
2025-03-12 05:00:00,2927.7,2931.5,2919.5,2920.9,8169
2025-03-12 06:00:00,2920.9,2923.1,2918.4,2920.1,3310
2025-03-12 07:00:00,2919.9,2922.2,2918.3,2920.9,3384
2025-03-12 08:00:00,2920.8,2929.5,2917.1,2923.5,17371
2025-03-12 09:00:00,2923.4,2925.4,2911.0,2921.0,29060
2025-03-12 10:00:00,2920.9,2929.9,2919.9,2929.0,14698
2025-03-12 11:00:00,2929.0,2937.3,2928.5,2935.7,15741
2025-03-12 12:00:00,2935.8,2947.7,2934.8,2943.9,20959
2025-03-12 13:00:00,2943.8,2948.9,2943.4,2944.0,27479
2025-03-12 14:00:00,2943.8,2944.9,2941.4,2943.3,9460
2025-03-12 15:00:00,2943.3,2943.7,2939.3,2939.9,5798
2025-03-12 16:00:00,2940.0,2943.7,2939.3,2943.4,2574
2025-03-12 18:00:00,2943.3,2945.9,2942.5,2945.0,0
2025-03-12 19:00:00,2944.9,2946.5,2942.4,2945.2,2373
2025-03-12 20:00:00,2945.2,2946.7,2944.9,2946.0,1480
2025-03-12 21:00:00,2946.2,2950.0,2945.0,2946.3,5497
2025-03-12 22:00:00,2946.1,2953.8,2945.8,2952.5,4787
2025-03-12 23:00:00,2952.5,2956.5,2951.2,2954.7,3287
2025-03-13 00:00:00,2954.6,2955.5,2952.1,2953.3,2157
2025-03-13 01:00:00,2953.2,2953.7,2947.4,2949.4,4651
2025-03-13 02:00:00,2949.2,2949.6,2945.1,2946.9,4266
2025-03-13 03:00:00,2946.8,2947.6,2942.2,2944.9,4316
2025-03-13 04:00:00,2944.8,2954.7,2944.4,2950.9,8051
2025-03-13 05:00:00,2950.7,2957.5,2950.2,2956.5,5287
2025-03-13 06:00:00,2956.7,2957.5,2951.7,2953.2,4478
2025-03-13 07:00:00,2953.4,2958.0,2953.3,2955.2,5242
2025-03-13 08:00:00,2955.2,2958.9,2950.2,2951.8,14505
2025-03-13 09:00:00,2951.7,2963.3,2947.6,2960.1,18132
2025-03-13 10:00:00,2960.1,2984.6,2959.5,2980.6,34712
2025-03-13 11:00:00,2980.8,2990.9,2977.2,2989.4,35870
2025-03-13 12:00:00,2989.4,2998.5,2988.6,2992.0,21169
2025-03-13 13:00:00,2992.1,2994.7,2988.8,2991.8,32870
2025-03-13 14:00:00,2991.6,2997.1,2991.1,2996.6,7624
2025-03-13 15:00:00,2996.6,2999.7,2993.9,2995.2,8626
2025-03-13 16:00:00,2995.0,3001.5,2993.2,3001.3,4658
2025-03-13 18:00:00,3001.4,3003.0,2996.1,2999.6,0
2025-03-13 19:00:00,2999.5,3001.3,2997.3,2998.7,1606
2025-03-13 20:00:00,2998.3,3001.8,2997.0,2999.5,2888
2025-03-13 21:00:00,2999.6,3003.9,2994.8,3001.3,6773
2025-03-13 22:00:00,3001.2,3002.9,2996.8,2996.9,4221
2025-03-13 23:00:00,2997.1,3004.6,2996.8,3002.6,2787
2025-03-14 00:00:00,3004.2,3005.9,2997.3,2998.5,4587
2025-03-14 01:00:00,2998.5,2999.7,2995.0,2999.6,4253
2025-03-14 02:00:00,2999.4,3000.9,2994.6,2998.2,4412
2025-03-14 03:00:00,2998.2,3000.9,2994.3,3000.6,4360
2025-03-14 04:00:00,3000.6,3006.7,2998.8,3005.8,7403
2025-03-14 05:00:00,3005.7,3012.2,3005.6,3011.1,7171
2025-03-14 06:00:00,3010.9,3017.1,2998.8,3004.9,17343
2025-03-14 07:00:00,3005.0,3010.0,3004.0,3004.6,5965
2025-03-14 08:00:00,3004.8,3011.9,3004.2,3005.5,11586
2025-03-14 09:00:00,3005.6,3008.0,2993.7,2997.9,20167
2025-03-14 10:00:00,2997.1,3005.9,2992.3,2995.8,17105
2025-03-14 11:00:00,2995.6,2997.5,2988.6,2995.7,14894
2025-03-14 12:00:00,2995.6,3001.4,2994.2,2999.9,9081
2025-03-14 13:00:00,2999.8,3001.5,2997.1,2997.4,13452
2025-03-14 14:00:00,2997.6,2997.8,2993.4,2993.6,4872
2025-03-14 15:00:00,2993.6,2996.5,2991.0,2992.0,5505
2025-03-14 16:00:00,2992.1,2997.7,2990.0,2993.7,3253
2025-03-16 18:00:00,2994.8,2999.2,2991.9,2997.6,3088
2025-03-16 19:00:00,2997.7,3002.2,2996.6,2998.0,2310
2025-03-16 20:00:00,2997.8,2998.5,2994.4,2998.0,2568
2025-03-16 21:00:00,2997.9,3000.8,2996.5,2998.3,3507
2025-03-16 22:00:00,2998.0,2999.4,2994.5,2995.6,1908
2025-03-16 23:00:00,2995.6,2998.0,2994.1,2995.8,2224
2025-03-17 00:00:00,2996.0,2997.5,2991.5,2991.9,2213
2025-03-17 01:00:00,2992.0,2995.1,2991.4,2994.9,2145
2025-03-17 02:00:00,2995.0,2999.0,2993.8,2997.5,4448
2025-03-17 03:00:00,2997.5,2998.0,2992.6,2993.9,3372
2025-03-17 04:00:00,2993.9,2995.9,2991.5,2995.8,3667
2025-03-17 05:00:00,2995.9,3004.2,2995.0,3003.1,6191
2025-03-17 06:00:00,3003.4,3007.4,3002.6,3007.0,4155
2025-03-17 07:00:00,3007.0,3009.4,3004.5,3005.4,7132
2025-03-17 08:00:00,3005.5,3005.6,2991.6,2994.4,21837
2025-03-17 09:00:00,2994.7,2999.2,2993.2,2996.2,15323
2025-03-17 10:00:00,2996.0,3008.0,2994.8,3006.0,15655
2025-03-17 11:00:00,3006.0,3007.2,3000.4,3004.9,10338
2025-03-17 12:00:00,3004.7,3005.0,3000.3,3002.1,6611
2025-03-17 13:00:00,3002.1,3007.8,3002.1,3006.3,6675
2025-03-17 14:00:00,3006.1,3009.0,3004.6,3007.8,4257
2025-03-17 15:00:00,3007.8,3009.1,3006.2,3008.3,4844
2025-03-17 16:00:00,3008.5,3010.9,3008.2,3010.1,2775
2025-03-17 18:00:00,3009.4,3010.6,3008.2,3008.6,0
2025-03-17 19:00:00,3008.5,3011.4,3008.3,3008.9,1192
2025-03-17 20:00:00,3008.8,3013.3,3008.8,3010.1,2765
2025-03-17 21:00:00,3010.3,3017.8,3008.3,3015.2,6466
2025-03-17 22:00:00,3015.2,3021.7,3011.7,3020.3,6551
2025-03-17 23:00:00,3020.2,3024.1,3019.1,3020.3,4288
2025-03-18 00:00:00,3020.6,3025.7,3020.1,3023.5,2195
2025-03-18 01:00:00,3023.5,3024.0,3016.6,3021.4,5815
2025-03-18 02:00:00,3021.4,3026.6,3020.2,3024.4,5312
2025-03-18 03:00:00,3024.2,3028.3,3023.2,3025.8,6482
2025-03-18 04:00:00,3025.9,3036.6,3025.8,3035.4,10846
2025-03-18 05:00:00,3035.5,3037.6,3027.7,3030.1,8131
2025-03-18 06:00:00,3030.0,3034.9,3029.3,3032.2,5784
2025-03-18 07:00:00,3032.1,3038.0,3030.6,3035.3,6470
2025-03-18 08:00:00,3035.2,3044.7,3035.0,3042.8,14647
2025-03-18 09:00:00,3042.9,3047.5,3034.8,3040.5,23295
2025-03-18 10:00:00,3040.3,3040.3,3031.3,3035.2,22319
2025-03-18 11:00:00,3035.5,3040.9,3032.3,3039.5,11674
2025-03-18 12:00:00,3039.3,3045.0,3038.0,3043.8,9073
2025-03-18 13:00:00,3043.8,3044.8,3037.2,3040.4,9341
2025-03-18 14:00:00,3040.5,3044.0,3040.1,3043.1,3153
2025-03-18 15:00:00,3043.0,3045.0,3042.3,3042.7,3363
2025-03-18 16:00:00,3042.6,3043.0,3040.3,3041.7,2529
2025-03-18 18:00:00,3041.4,3041.6,3039.3,3041.1,0
2025-03-18 19:00:00,3041.3,3041.7,3038.1,3038.2,1152
2025-03-18 20:00:00,3038.3,3040.7,3037.0,3038.0,1546
2025-03-18 21:00:00,3038.1,3039.1,3035.0,3036.9,3661
2025-03-18 22:00:00,3036.8,3041.8,3036.3,3040.8,2640
2025-03-18 23:00:00,3041.0,3046.2,3039.6,3045.1,3403
2025-03-19 00:00:00,3043.8,3045.1,3041.5,3043.9,2380
2025-03-19 01:00:00,3044.0,3052.4,3043.9,3051.4,5223
2025-03-19 02:00:00,3051.4,3051.5,3042.7,3049.1,6837
2025-03-19 03:00:00,3049.1,3049.7,3043.0,3043.2,4673
2025-03-19 04:00:00,3043.5,3044.4,3033.2,3033.8,9198
2025-03-19 05:00:00,3033.8,3040.0,3031.3,3038.9,6175
2025-03-19 06:00:00,3038.9,3045.8,3036.1,3042.3,5986
2025-03-19 07:00:00,3042.1,3048.3,3041.6,3046.8,4976
2025-03-19 08:00:00,3046.8,3048.9,3043.7,3045.4,7478
2025-03-19 09:00:00,3045.3,3046.4,3035.0,3041.8,14371
2025-03-19 10:00:00,3041.7,3041.7,3033.6,3036.3,10608
2025-03-19 11:00:00,3036.2,3042.1,3035.4,3040.1,6424
2025-03-19 12:00:00,3040.3,3046.9,3040.1,3041.7,6811
2025-03-19 13:00:00,3042.0,3042.8,3037.8,3038.6,7771
2025-03-19 14:00:00,3038.9,3058.2,3037.5,3055.4,18354
2025-03-19 15:00:00,3055.6,3061.6,3049.8,3056.6,9322
2025-03-19 16:00:00,3056.6,3057.6,3053.8,3057.5,2829
2025-03-19 18:00:00,3058.0,3060.3,3057.0,3059.6,0
2025-03-19 19:00:00,3059.5,3060.7,3058.1,3059.6,791
2025-03-19 20:00:00,3059.6,3063.6,3058.9,3061.5,4465
2025-03-19 21:00:00,3061.7,3065.2,3056.9,3057.2,5145
2025-03-19 22:00:00,3057.1,3060.7,3053.7,3054.2,3497
2025-03-19 23:00:00,3054.4,3058.5,3054.2,3057.9,2212
2025-03-20 00:00:00,3057.9,3065.2,3056.2,3060.3,4607
2025-03-20 01:00:00,3060.3,3062.1,3053.2,3055.3,5341
2025-03-20 02:00:00,3055.3,3059.2,3053.3,3055.8,5267
2025-03-20 03:00:00,3055.9,3055.9,3048.6,3049.0,6581
2025-03-20 04:00:00,3049.3,3051.0,3045.5,3049.2,4873
2025-03-20 05:00:00,3049.1,3053.0,3047.6,3048.2,5978
2025-03-20 06:00:00,3048.2,3048.3,3032.8,3041.4,12955
2025-03-20 07:00:00,3041.5,3043.2,3036.3,3042.3,5917
2025-03-20 08:00:00,3042.2,3051.0,3040.8,3048.9,12071
2025-03-20 09:00:00,3049.0,3049.1,3037.7,3039.8,12860
2025-03-20 10:00:00,3039.7,3048.9,3038.0,3048.5,11585
2025-03-20 11:00:00,3048.4,3050.3,3045.3,3048.1,9090
2025-03-20 12:00:00,3048.3,3050.7,3042.0,3046.0,7114
2025-03-20 13:00:00,3046.1,3048.9,3042.8,3048.5,6064
2025-03-20 14:00:00,3048.6,3052.5,3048.1,3050.6,4426
2025-03-20 15:00:00,3050.6,3053.9,3050.5,3052.6,3318
2025-03-20 16:00:00,3052.5,3054.5,3052.4,3052.8,2210
2025-03-20 18:00:00,3052.6,3053.7,3051.0,3053.3,0
2025-03-20 19:00:00,3053.4,3054.4,3051.6,3053.9,997
2025-03-20 20:00:00,3053.9,3055.0,3050.2,3050.7,2057
2025-03-20 21:00:00,3050.9,3052.1,3043.8,3043.8,3944
2025-03-20 22:00:00,3044.0,3045.4,3042.0,3043.5,4150
2025-03-20 23:00:00,3043.4,3043.4,3037.8,3037.9,4329
2025-03-21 00:00:00,3037.5,3039.3,3035.5,3037.5,2977
2025-03-21 01:00:00,3037.6,3037.9,3026.9,3035.2,6586
2025-03-21 02:00:00,3035.3,3041.0,3034.6,3036.9,5660
2025-03-21 03:00:00,3036.8,3039.4,3035.0,3038.2,3531
2025-03-21 04:00:00,3038.3,3041.5,3033.1,3039.0,8767
2025-03-21 05:00:00,3038.9,3039.1,3034.5,3036.2,3666
2025-03-21 06:00:00,3036.4,3040.4,3036.4,3037.8,4486
2025-03-21 07:00:00,3037.8,3045.4,3036.1,3041.3,10455
2025-03-21 08:00:00,3041.2,3045.4,3040.2,3040.8,8633
2025-03-21 09:00:00,3040.8,3044.1,3008.6,3010.9,35442
2025-03-21 10:00:00,3010.7,3021.7,3004.1,3020.8,36756
2025-03-21 11:00:00,3020.9,3022.9,3015.3,3016.2,11932
2025-03-21 12:00:00,3016.1,3023.5,3015.8,3021.6,8269
2025-03-21 13:00:00,3021.6,3023.7,3019.1,3019.7,10061
2025-03-21 14:00:00,3019.9,3028.0,3019.6,3024.0,6201
2025-03-21 15:00:00,3024.2,3027.1,3022.9,3025.5,3819
2025-03-21 16:00:00,3025.7,3030.0,3025.5,3028.2,2906
2025-03-23 18:00:00,3027.6,3031.0,3024.5,3030.5,1988
2025-03-23 19:00:00,3030.5,3031.6,3028.7,3030.4,1170
2025-03-23 20:00:00,3030.3,3031.5,3021.2,3022.8,3882
2025-03-23 21:00:00,3022.7,3029.8,3022.6,3025.4,4294
2025-03-23 22:00:00,3025.6,3028.9,3019.2,3020.9,3417
2025-03-23 23:00:00,3020.7,3023.8,3020.1,3021.9,2960
2025-03-24 00:00:00,3021.3,3024.2,3020.7,3023.5,1244
2025-03-24 01:00:00,3023.4,3027.5,3023.0,3026.8,2401
2025-03-24 02:00:00,3026.7,3030.5,3022.2,3029.5,2929
2025-03-24 03:00:00,3029.5,3033.2,3025.3,3026.8,4639
2025-03-24 04:00:00,3026.7,3032.9,3026.3,3032.6,14321
2025-03-24 05:00:00,3032.7,3034.9,3027.3,3028.7,12120
2025-03-24 06:00:00,3028.6,3038.4,3028.4,3033.5,7947
2025-03-24 07:00:00,3033.5,3034.7,3029.8,3030.1,4506
2025-03-24 08:00:00,3030.1,3034.1,3026.9,3028.8,16219
2025-03-24 09:00:00,3028.7,3032.8,3023.1,3027.1,24409
2025-03-24 10:00:00,3026.9,3028.6,3012.7,3016.7,27069
2025-03-24 11:00:00,3016.7,3020.6,3009.8,3019.1,22260
2025-03-24 12:00:00,3019.1,3020.6,3013.5,3015.3,13569
2025-03-24 13:00:00,3015.4,3016.0,3012.2,3013.4,12404
2025-03-24 14:00:00,3013.4,3014.6,3007.7,3013.4,8462
2025-03-24 15:00:00,3013.5,3015.4,3012.0,3013.2,3711
2025-03-24 16:00:00,3013.2,3020.4,3012.7,3017.6,3363
2025-03-24 18:00:00,3017.5,3018.2,3013.8,3015.7,0
2025-03-24 19:00:00,3015.8,3016.6,3013.8,3014.4,1942
2025-03-24 20:00:00,3014.4,3019.4,3013.7,3018.6,2350
2025-03-24 21:00:00,3018.8,3019.0,3015.1,3015.9,3195
2025-03-24 22:00:00,3015.9,3016.5,3010.8,3012.8,3642
2025-03-24 23:00:00,3012.9,3019.9,3012.5,3018.9,2855
2025-03-25 00:00:00,3019.0,3020.7,3018.2,3019.8,1647
2025-03-25 01:00:00,3019.8,3025.4,3018.8,3022.5,3920
2025-03-25 02:00:00,3022.6,3023.0,3019.0,3022.2,2907
2025-03-25 03:00:00,3022.3,3022.6,3014.7,3015.4,5854
2025-03-25 04:00:00,3015.5,3025.7,3015.0,3025.4,6316
2025-03-25 05:00:00,3025.3,3027.7,3022.8,3027.3,7801
2025-03-25 06:00:00,3027.3,3029.6,3025.3,3028.5,5812
2025-03-25 07:00:00,3028.6,3031.0,3024.0,3024.9,7787
2025-03-25 08:00:00,3024.9,3027.9,3018.8,3026.6,18156
2025-03-25 09:00:00,3026.5,3037.0,3025.7,3034.2,19917
2025-03-25 10:00:00,3034.2,3042.4,3029.7,3029.8,26351
2025-03-25 11:00:00,3029.7,3032.7,3022.9,3026.5,18604
2025-03-25 12:00:00,3026.7,3031.6,3026.4,3028.9,8049
2025-03-25 13:00:00,3029.1,3029.2,3024.6,3028.1,8696
2025-03-25 14:00:00,3028.1,3028.6,3023.5,3024.1,3888
2025-03-25 15:00:00,3024.0,3026.3,3023.1,3025.7,4308
2025-03-25 16:00:00,3025.6,3026.9,3024.9,3026.2,1490
2025-03-25 18:00:00,3025.8,3027.5,3025.1,3025.9,0
2025-03-25 19:00:00,3025.7,3026.0,3024.7,3025.3,1024
2025-03-25 20:00:00,3025.4,3026.0,3021.7,3022.1,3634
2025-03-25 21:00:00,3022.0,3029.2,3020.2,3028.4,4641
2025-03-25 22:00:00,3028.5,3030.7,3027.0,3028.3,3786
2025-03-25 23:00:00,3028.1,3028.1,3020.3,3020.8,2950
2025-03-26 00:00:00,3021.1,3021.4,3018.5,3019.7,2734
2025-03-26 01:00:00,3019.7,3027.7,3017.8,3026.3,4748
2025-03-26 02:00:00,3026.0,3030.0,3025.4,3029.8,3825
2025-03-26 03:00:00,3029.7,3034.7,3028.3,3034.3,4762
2025-03-26 04:00:00,3034.4,3036.1,3027.3,3028.0,4514
2025-03-26 05:00:00,3027.9,3028.1,3022.8,3023.9,6210
2025-03-26 06:00:00,3023.8,3030.7,3022.3,3029.1,9481
2025-03-26 07:00:00,3029.1,3035.9,3028.9,3032.8,10198
2025-03-26 08:00:00,3032.9,3036.0,3030.1,3033.0,10684
2025-03-26 09:00:00,3033.0,3033.4,3021.8,3022.6,16454
2025-03-26 10:00:00,3022.3,3027.8,3020.7,3023.0,22284
2025-03-26 11:00:00,3022.9,3025.1,3018.0,3021.7,18911
2025-03-26 12:00:00,3021.7,3025.8,3021.1,3021.5,8495
2025-03-26 13:00:00,3021.7,3025.0,3021.2,3024.6,12742
2025-03-26 14:00:00,3024.6,3027.2,3023.4,3023.6,4619
2025-03-26 15:00:00,3023.7,3024.3,3020.7,3023.1,3823
2025-03-26 16:00:00,3023.1,3028.2,3023.0,3026.6,4641
2025-03-26 18:00:00,3025.6,3026.8,3022.6,3024.4,0
2025-03-26 19:00:00,3025.0,3025.3,3022.3,3025.0,1936
2025-03-26 20:00:00,3024.9,3029.6,3024.9,3029.2,1557
2025-03-26 21:00:00,3029.3,3032.2,3027.9,3028.4,2872
2025-03-26 22:00:00,3028.3,3038.0,3028.2,3036.3,3141
2025-03-26 23:00:00,3036.4,3039.2,3034.2,3038.5,1438
2025-03-27 00:00:00,3038.5,3043.9,3037.8,3039.8,3837
2025-03-27 01:00:00,3039.9,3041.9,3035.7,3036.3,2663
2025-03-27 02:00:00,3036.3,3039.7,3034.2,3038.0,2389
2025-03-27 03:00:00,3037.8,3047.0,3037.3,3045.7,5020
2025-03-27 04:00:00,3045.9,3047.8,3042.7,3045.6,7097
2025-03-27 05:00:00,3045.8,3049.4,3042.9,3048.8,3240
2025-03-27 06:00:00,3048.7,3065.5,3048.7,3061.0,8576
2025-03-27 07:00:00,3061.2,3064.1,3056.6,3062.8,11635
2025-03-27 08:00:00,3063.2,3064.6,3055.3,3058.1,8696
2025-03-27 09:00:00,3058.2,3060.7,3040.6,3049.9,15255
2025-03-27 10:00:00,3049.8,3070.9,3049.8,3068.8,10693
2025-03-27 11:00:00,3069.1,3071.3,3062.1,3063.1,14181
2025-03-27 12:00:00,3063.1,3067.9,3061.3,3062.0,8279
2025-03-27 13:00:00,3062.3,3067.1,3059.9,3066.7,4880
2025-03-27 14:00:00,3066.6,3070.0,3066.4,3068.3,1517
2025-03-27 15:00:00,3067.6,3069.7,3067.3,3069.3,1231
2025-03-27 16:00:00,3069.2,3069.4,3067.4,3069.1,1438
2025-03-27 18:00:00,3069.7,3069.9,3066.8,3068.6,0
2025-03-27 19:00:00,3067.9,3069.3,3067.4,3069.2,354
2025-03-27 20:00:00,3068.8,3075.4,3068.6,3073.2,584
2025-03-27 21:00:00,3072.9,3084.9,3072.7,3084.7,678
2025-03-27 22:00:00,3085.0,3087.4,3079.4,3081.4,553
2025-03-27 23:00:00,3081.4,3086.9,3079.3,3086.4,245
2025-03-28 00:00:00,3084.9,3085.5,3082.4,3083.1,244
2025-03-28 01:00:00,3083.7,3090.0,3082.5,3087.5,299
2025-03-28 02:00:00,3086.1,3093.5,3086.0,3092.8,667
2025-03-28 03:00:00,3091.8,3122.3,3088.4,3118.0,41559
2025-03-28 04:00:00,3117.9,3120.3,3078.0,3113.2,11593
2025-03-28 05:00:00,3113.4,3114.0,3079.6,3110.9,5077
2025-03-28 06:00:00,3110.8,3112.2,3074.3,3109.7,7756
2025-03-28 07:00:00,3109.6,3116.3,3080.8,3111.8,7943
2025-03-28 08:00:00,3111.7,3118.7,3078.0,3112.9,13698
2025-03-28 09:00:00,3112.7,3119.5,3076.1,3118.5,22027
2025-03-28 10:00:00,3118.8,3122.4,3072.3,3103.9,25778
2025-03-28 11:00:00,3103.8,3120.1,3072.4,3118.5,15074
2025-03-28 12:00:00,3089.3,3121.4,3085.8,3117.6,9602
2025-03-28 13:00:00,3117.8,3119.8,3080.9,3110.3,13512
2025-03-28 14:00:00,3110.5,3113.3,3078.2,3111.8,7205
2025-03-28 15:00:00,3111.9,3114.9,3084.8,3114.2,4584
2025-03-28 16:00:00,3086.7,3119.8,3086.7,3118.0,3682
2025-03-30 18:00:00,3118.8,3128.3,3091.0,3123.0,6217
2025-03-30 19:00:00,3123.2,3124.9,3094.7,3123.5,2214
2025-03-30 20:00:00,3123.4,3123.9,3086.0,3114.7,4712
2025-03-30 21:00:00,3114.8,3129.1,3087.0,3127.6,7948
2025-03-30 22:00:00,3127.5,3140.2,3100.3,3138.8,13328
2025-03-30 23:00:00,3138.7,3143.6,3110.5,3139.1,5392
2025-03-31 00:00:00,3139.0,3147.0,3111.3,3145.2,3939
2025-03-31 01:00:00,3145.0,3152.4,3114.7,3149.2,7038
2025-03-31 02:00:00,3149.0,3158.2,3118.0,3149.3,10099
2025-03-31 03:00:00,3149.4,3156.9,3124.5,3156.7,8452
2025-03-31 04:00:00,3156.6,3159.3,3127.6,3155.0,5831
2025-03-31 05:00:00,3155.0,3156.1,3117.7,3147.8,7107
2025-03-31 06:00:00,3147.7,3156.4,3120.6,3150.3,9047
2025-03-31 07:00:00,3150.5,3151.8,3120.7,3151.5,5932
2025-03-31 08:00:00,3151.4,3160.7,3124.3,3158.3,11950
2025-03-31 09:00:00,3158.0,3158.4,3104.0,3146.5,29192
2025-03-31 10:00:00,3146.3,3157.1,3116.3,3156.6,19864
2025-03-31 11:00:00,3156.6,3162.0,3119.7,3146.9,15087
2025-03-31 12:00:00,3147.0,3155.5,3117.5,3151.5,9338
2025-03-31 13:00:00,3151.5,3153.8,3124.1,3150.3,8627
2025-03-31 14:00:00,3150.3,3157.0,3125.9,3154.9,5612
2025-03-31 15:00:00,3154.9,3157.5,3127.2,3157.2,4513
2025-03-31 16:00:00,3129.7,3158.5,3129.1,3157.4,2361
2025-03-31 18:00:00,3157.3,3158.5,3129.5,3156.6,0
2025-03-31 19:00:00,3156.7,3161.0,3132.2,3155.7,2828
2025-03-31 20:00:00,3155.5,3162.4,3132.4,3161.7,3006
2025-03-31 21:00:00,3161.5,3169.8,3136.6,3166.0,11560
2025-03-31 22:00:00,3166.2,3174.0,3140.8,3173.3,8676
2025-03-31 23:00:00,3173.2,3177.0,3145.5,3175.8,4652
2025-04-01 00:00:00,3175.6,3177.0,3146.9,3174.0,2916
2025-04-01 01:00:00,3174.0,3176.9,3133.2,3161.1,10882
2025-04-01 02:00:00,3161.0,3164.3,3129.5,3160.5,12956
2025-04-01 03:00:00,3160.5,3164.7,3130.5,3156.1,10285
2025-04-01 04:00:00,3156.0,3163.9,3130.6,3157.8,7092
2025-04-01 05:00:00,3157.9,3161.5,3132.1,3159.7,3424
2025-04-01 06:00:00,3159.8,3168.5,3134.1,3161.4,7368
2025-04-01 07:00:00,3161.5,3165.5,3132.1,3159.5,7196
2025-04-01 08:00:00,3159.6,3165.8,3134.9,3164.9,7816
2025-04-01 09:00:00,3164.8,3168.0,3134.0,3165.5,12088
2025-04-01 10:00:00,3165.7,3167.8,3128.1,3160.2,20038
2025-04-01 11:00:00,3160.0,3164.5,3121.7,3144.0,16611
2025-04-01 12:00:00,3143.8,3146.8,3104.0,3138.7,21351
2025-04-01 13:00:00,3138.8,3147.4,3118.8,3146.7,7855
2025-04-01 14:00:00,3146.7,3150.8,3146.0,3147.2,4926
2025-04-01 15:00:00,3147.1,3151.3,3146.7,3150.9,3858
2025-04-01 16:00:00,3150.9,3154.1,3120.6,3148.5,2637
2025-04-01 18:00:00,3147.5,3149.1,3119.1,3144.8,0
2025-04-01 19:00:00,3145.0,3147.8,3117.4,3146.7,1761
2025-04-01 20:00:00,3146.8,3153.8,3123.0,3152.5,4356
2025-04-01 21:00:00,3152.3,3163.5,3151.5,3161.1,8843
2025-04-01 22:00:00,3161.1,3163.8,3157.8,3157.8,3455
2025-04-01 23:00:00,3157.8,3161.9,3127.2,3154.0,3766
2025-04-02 00:00:00,3154.2,3155.5,3145.9,3146.6,3307
2025-04-02 01:00:00,3146.7,3148.8,3135.7,3147.2,8889
2025-04-02 02:00:00,3147.4,3148.5,3143.0,3146.0,4232
2025-04-02 03:00:00,3146.1,3155.5,3141.2,3154.7,5976
2025-04-02 04:00:00,3154.6,3167.0,3126.0,3162.7,11889
2025-04-02 05:00:00,3162.8,3164.5,3135.0,3164.0,5315
2025-04-02 06:00:00,3164.3,3164.7,3122.0,3149.5,9709
2025-04-02 07:00:00,3149.8,3158.9,3149.5,3157.3,7001
2025-04-02 08:00:00,3157.4,3163.0,3152.5,3160.5,9093
2025-04-02 09:00:00,3160.4,3170.5,3125.8,3159.1,25614
2025-04-02 10:00:00,3159.4,3167.7,3128.8,3162.6,14904
2025-04-02 11:00:00,3162.7,3167.3,3136.7,3165.5,14796
2025-04-02 12:00:00,3165.5,3177.7,3140.0,3173.9,17884
2025-04-02 13:00:00,3173.7,3173.9,3136.2,3167.5,12895
2025-04-02 14:00:00,3167.6,3169.9,3135.0,3163.0,4772
2025-04-02 15:00:00,3163.2,3167.4,3136.4,3163.0,3758
2025-04-02 16:00:00,3163.2,3201.6,3123.6,3190.3,30455
2025-04-02 18:00:00,3196.6,3196.6,3129.9,3171.7,0
2025-04-02 19:00:00,3172.2,3194.1,3151.1,3188.3,15429
2025-04-02 20:00:00,3188.2,3190.0,3145.0,3174.5,16591
2025-04-02 21:00:00,3174.8,3187.1,3152.1,3178.1,15779
2025-04-02 22:00:00,3178.0,3179.9,3166.2,3168.9,6988
2025-04-02 23:00:00,3169.0,3174.5,3166.5,3170.4,6417
2025-04-03 00:00:00,3170.5,3172.2,3161.4,3162.4,4541
2025-04-03 01:00:00,3162.5,3162.8,3124.3,3154.1,11469
2025-04-03 02:00:00,3154.3,3156.2,3113.4,3151.3,12419
2025-04-03 03:00:00,3151.3,3154.8,3124.0,3153.2,10050
2025-04-03 04:00:00,3153.3,3156.2,3125.1,3151.7,6432
2025-04-03 05:00:00,3151.8,3151.9,3125.9,3142.8,9233
2025-04-03 06:00:00,3142.9,3143.3,3088.0,3117.8,25359
2025-04-03 07:00:00,3118.0,3120.6,3084.5,3113.4,19639
2025-04-03 08:00:00,3088.6,3115.4,3060.3,3097.3,37549
2025-04-03 09:00:00,3097.0,3116.0,3052.0,3106.7,39669
2025-04-03 10:00:00,3087.5,3159.5,3087.5,3152.2,50265
2025-04-03 11:00:00,3152.2,3152.8,3104.3,3132.3,23170
2025-04-03 12:00:00,3132.5,3136.0,3105.1,3128.6,8915
2025-04-03 13:00:00,3128.5,3132.0,3099.0,3131.5,12598
2025-04-03 14:00:00,3131.5,3132.4,3100.0,3132.1,4687
2025-04-03 15:00:00,3132.1,3133.4,3102.3,3127.1,5241
2025-04-03 16:00:00,3127.2,3143.3,3111.8,3138.1,4225
2025-04-03 18:00:00,3138.0,3138.8,3110.0,3136.9,0
2025-04-03 19:00:00,3137.0,3138.8,3130.6,3134.3,2014
2025-04-03 20:00:00,3134.3,3136.6,3104.7,3131.3,2969
2025-04-03 21:00:00,3131.3,3137.0,3129.1,3129.4,3107
2025-04-03 22:00:00,3129.6,3132.8,3090.0,3117.3,7288
2025-04-03 23:00:00,3117.5,3120.1,3091.2,3117.8,6329
2025-04-04 00:00:00,3118.7,3126.0,3101.4,3120.5,3547
2025-04-04 01:00:00,3120.3,3129.5,3100.0,3129.5,3284
2025-04-04 02:00:00,3129.3,3131.2,3098.2,3121.6,4254
2025-04-04 03:00:00,3121.5,3124.9,3089.5,3113.1,9493
2025-04-04 04:00:00,3113.1,3114.9,3077.5,3105.3,11313
2025-04-04 05:00:00,3104.8,3117.4,3087.0,3111.5,7883
2025-04-04 06:00:00,3111.6,3138.2,3106.1,3132.5,16444
2025-04-04 07:00:00,3132.4,3160.2,3096.4,3132.5,29403
2025-04-04 08:00:00,3132.7,3134.3,3065.5,3090.6,33101
2025-04-04 09:00:00,3090.2,3107.0,3055.0,3081.3,29693
2025-04-04 10:00:00,3081.0,3081.0,3023.0,3056.7,48248
2025-04-04 11:00:00,3056.4,3068.9,3011.0,3040.5,34709
2025-04-04 12:00:00,3040.4,3055.8,3014.5,3050.0,15735
2025-04-04 13:00:00,3049.6,3051.6,3011.0,3043.8,15463
2025-04-04 14:00:00,3043.5,3045.9,3018.3,3044.8,6398
2025-04-04 15:00:00,3044.8,3062.2,3030.6,3057.6,12071
2025-04-04 16:00:00,3057.5,3061.4,3035.6,3056.1,4471
2025-04-06 18:00:00,3055.1,3055.1,2981.0,3026.8,12344
2025-04-06 19:00:00,3026.1,3034.5,2972.8,3015.5,11257
2025-04-06 20:00:00,3015.0,3025.2,2965.0,2994.5,12898
2025-04-06 21:00:00,2993.8,3084.4,2970.6,3058.9,30349
2025-04-06 22:00:00,3059.2,3078.0,3042.6,3044.9,12041
2025-04-06 23:00:00,3044.9,3052.0,3017.2,3034.1,6077
2025-04-07 00:00:00,3035.3,3052.5,3028.2,3052.3,4176
2025-04-07 01:00:00,3052.0,3060.8,3024.1,3047.2,6342
2025-04-07 02:00:00,3024.1,3050.1,3010.6,3048.0,9069
2025-04-07 03:00:00,3047.8,3048.8,3007.0,3035.7,10190
2025-04-07 04:00:00,3035.8,3052.3,3014.0,3048.5,8624
2025-04-07 05:00:00,3048.3,3049.7,3015.5,3041.1,6924
2025-04-07 06:00:00,3041.2,3053.8,3025.1,3048.4,7733
2025-04-07 07:00:00,3048.2,3064.5,3024.0,3047.5,10709
2025-04-07 08:00:00,3048.0,3050.3,3010.1,3048.5,19687
2025-04-07 09:00:00,3048.5,3051.9,2998.5,3032.4,24667
2025-04-07 10:00:00,3032.2,3056.3,2990.0,3014.9,33456
2025-04-07 11:00:00,3015.1,3022.1,2973.1,3004.0,22018
2025-04-07 12:00:00,3003.8,3004.2,2965.0,2986.4,13452
2025-04-07 13:00:00,2986.2,2991.2,2949.7,2984.5,25189
2025-04-07 14:00:00,2984.2,2991.6,2961.3,2980.7,6428
2025-04-07 15:00:00,2980.8,2998.5,2968.0,2992.3,6098
2025-04-07 16:00:00,2992.2,3001.6,2968.0,2998.8,3879
2025-04-07 18:00:00,2997.5,3004.8,2996.6,3003.0,0
2025-04-07 19:00:00,3002.2,3003.4,2993.1,2995.3,1865
2025-04-07 20:00:00,2995.3,3006.6,2993.8,2998.5,4659
2025-04-07 21:00:00,2998.6,3016.9,2996.8,3013.9,10648
2025-04-07 22:00:00,3013.8,3018.9,3011.8,3014.7,5144
2025-04-07 23:00:00,3014.7,3015.2,3007.3,3009.3,3806
2025-04-08 00:00:00,3008.6,3017.7,3005.1,3016.7,3546
2025-04-08 01:00:00,3016.6,3022.7,2991.6,3020.6,5117
2025-04-08 02:00:00,3020.5,3030.6,2996.0,3028.3,5764
2025-04-08 03:00:00,3028.6,3030.1,2997.5,3018.0,8035
2025-04-08 04:00:00,3017.7,3024.5,2996.7,3022.9,5004
2025-04-08 05:00:00,3022.7,3023.0,3009.0,3021.6,6649
2025-04-08 06:00:00,3021.8,3026.0,3001.1,3024.5,5713
2025-04-08 07:00:00,3024.6,3036.5,3002.2,3034.1,10336
2025-04-08 08:00:00,3034.2,3035.5,2995.0,3017.0,16428
2025-04-08 09:00:00,3017.0,3037.9,3016.9,3024.6,19835
2025-04-08 10:00:00,3024.7,3034.0,2999.6,3021.0,15858
2025-04-08 11:00:00,3021.1,3026.8,2999.3,3016.0,11568
2025-04-08 12:00:00,3015.8,3016.1,2983.8,3000.4,15385
2025-04-08 13:00:00,3000.7,3002.9,2975.1,2999.6,18688
2025-04-08 14:00:00,2999.6,3007.4,2993.6,2998.3,7026
2025-04-08 15:00:00,2998.0,3001.9,2973.3,2999.1,6039
2025-04-08 16:00:00,2998.9,3000.8,2991.9,2998.3,2829
2025-04-08 18:00:00,2998.3,3000.6,2993.3,2995.4,0
2025-04-08 19:00:00,2995.7,3005.9,2965.8,2991.8,5592
2025-04-08 20:00:00,2992.0,3002.2,2988.2,2994.8,6828
2025-04-08 21:00:00,2994.4,3023.9,2986.6,3022.4,12103
2025-04-08 22:00:00,3022.4,3025.3,3012.9,3016.5,7241
2025-04-08 23:00:00,3016.4,3024.1,3016.2,3021.2,5108
2025-04-09 00:00:00,3018.6,3031.3,3012.4,3029.0,7431
2025-04-09 01:00:00,3028.7,3038.6,3010.8,3032.1,10129
2025-04-09 02:00:00,3032.3,3058.8,3026.2,3057.2,16719
2025-04-09 03:00:00,3057.1,3071.4,3051.6,3059.0,13682
2025-04-09 04:00:00,3059.1,3069.2,3046.7,3062.1,8329
2025-04-09 05:00:00,3062.1,3067.6,3057.4,3062.1,6379
2025-04-09 06:00:00,3062.0,3064.7,3055.2,3060.7,7582
2025-04-09 07:00:00,3061.2,3087.0,3039.0,3084.5,21266
2025-04-09 08:00:00,3084.8,3091.5,3056.9,3064.0,22617
2025-04-09 09:00:00,3064.1,3095.4,3057.6,3092.0,22273
2025-04-09 10:00:00,3091.7,3103.0,3084.1,3086.3,18640
2025-04-09 11:00:00,3086.0,3104.7,3081.2,3102.1,14210
2025-04-09 12:00:00,3102.3,3112.2,3098.6,3109.3,10881
2025-04-09 13:00:00,3109.7,3117.1,3060.0,3076.1,33578
2025-04-09 14:00:00,3076.1,3090.4,3054.2,3083.7,16512
2025-04-09 15:00:00,3083.6,3118.5,3080.1,3110.6,14437
2025-04-09 16:00:00,3110.6,3114.0,3087.2,3099.8,4375
2025-04-09 18:00:00,3099.1,3104.0,3072.1,3094.2,0
2025-04-09 19:00:00,3094.3,3103.2,3072.2,3101.2,2081
2025-04-09 20:00:00,3101.4,3117.4,3096.3,3112.1,5157
2025-04-09 21:00:00,3112.2,3116.0,3093.8,3109.8,9209
2025-04-09 22:00:00,3109.8,3137.0,3109.4,3135.4,11778
2025-04-09 23:00:00,3135.3,3148.1,3132.2,3141.4,8193
2025-04-10 00:00:00,3141.5,3144.9,3136.5,3141.5,4043
2025-04-10 01:00:00,3141.9,3149.4,3118.3,3139.4,7260
2025-04-10 02:00:00,3139.0,3142.6,3115.2,3138.6,4845
2025-04-10 03:00:00,3138.7,3139.4,3103.3,3124.5,10287
2025-04-10 04:00:00,3124.4,3131.4,3120.6,3121.8,6898
2025-04-10 05:00:00,3121.9,3134.2,3103.4,3132.6,5760
2025-04-10 06:00:00,3132.8,3139.9,3131.1,3137.2,5823
2025-04-10 07:00:00,3137.4,3143.2,3128.0,3142.2,8254
2025-04-10 08:00:00,3142.4,3152.0,3117.3,3139.8,18147
2025-04-10 09:00:00,3139.8,3154.7,3116.7,3134.2,16903
2025-04-10 10:00:00,3134.4,3173.5,3134.0,3173.0,29597
2025-04-10 11:00:00,3172.9,3193.8,3152.8,3175.1,26240
2025-04-10 12:00:00,3175.1,3185.4,3154.4,3175.6,13268
2025-04-10 13:00:00,3175.5,3183.2,3148.6,3179.7,13826
2025-04-10 14:00:00,3179.7,3194.3,3175.1,3190.9,7732
2025-04-10 15:00:00,3191.1,3193.7,3166.0,3188.6,5880
2025-04-10 16:00:00,3188.5,3195.0,3186.7,3194.2,2878
2025-04-10 18:00:00,3194.2,3212.0,3182.1,3208.6,0
2025-04-10 19:00:00,3208.7,3211.4,3202.7,3209.1,4463
2025-04-10 20:00:00,3209.2,3237.3,3183.4,3225.7,13291
2025-04-10 21:00:00,3225.4,3240.2,3202.5,3226.3,12806
2025-04-10 22:00:00,3226.1,3241.5,3225.0,3236.2,6622
2025-04-10 23:00:00,3236.0,3240.3,3233.2,3237.0,3732
2025-04-11 00:00:00,3236.7,3237.1,3212.0,3226.8,3673
2025-04-11 01:00:00,3226.9,3238.3,3189.2,3215.2,12460
2025-04-11 02:00:00,3214.9,3227.9,3195.6,3215.4,10495
2025-04-11 03:00:00,3215.6,3231.8,3205.0,3231.4,7667
2025-04-11 04:00:00,3231.3,3246.8,3212.8,3234.0,12556
2025-04-11 05:00:00,3233.9,3249.0,3210.6,3246.4,10087
2025-04-11 06:00:00,3246.5,3255.9,3210.9,3229.5,13223
2025-04-11 07:00:00,3229.5,3243.0,3228.3,3230.8,11417
2025-04-11 08:00:00,3231.2,3252.2,3214.0,3251.1,14218
2025-04-11 09:00:00,3251.3,3262.3,3221.6,3241.0,21485
2025-04-11 10:00:00,3241.0,3255.8,3218.1,3247.1,17726
2025-04-11 11:00:00,3246.9,3258.9,3234.6,3258.3,13266
2025-04-11 12:00:00,3258.4,3263.0,3228.3,3240.9,15515
2025-04-11 13:00:00,3240.9,3253.3,3221.2,3251.9,13306
2025-04-11 14:00:00,3252.1,3256.4,3248.7,3252.8,5063
2025-04-11 15:00:00,3252.8,3253.0,3224.8,3248.1,6050
2025-04-11 16:00:00,3248.2,3257.1,3229.8,3254.9,2884
2025-04-13 18:00:00,3246.0,3250.0,3215.5,3238.2,5777
2025-04-13 19:00:00,3238.0,3241.5,3233.7,3240.7,2981
2025-04-13 20:00:00,3240.4,3244.4,3236.1,3238.0,3573
2025-04-13 21:00:00,3238.2,3259.8,3231.8,3256.2,10297
2025-04-13 22:00:00,3255.8,3261.6,3228.8,3248.0,7283
2025-04-13 23:00:00,3247.7,3250.2,3242.4,3247.6,3244
2025-04-14 00:00:00,3247.8,3250.8,3241.1,3242.4,2723
2025-04-14 01:00:00,3242.3,3251.2,3236.7,3249.9,4704
2025-04-14 02:00:00,3249.7,3253.8,3226.5,3246.5,4726
2025-04-14 03:00:00,3246.6,3249.6,3218.0,3243.3,5972
2025-04-14 04:00:00,3243.3,3246.2,3211.0,3242.8,11328
2025-04-14 05:00:00,3242.6,3247.5,3221.0,3239.9,5827
2025-04-14 06:00:00,3239.7,3240.3,3200.8,3230.5,12530
2025-04-14 07:00:00,3230.3,3242.0,3229.1,3239.1,8535
2025-04-14 08:00:00,3239.2,3244.4,3206.0,3223.3,17387
2025-04-14 09:00:00,3223.2,3227.4,3208.7,3221.3,21212
2025-04-14 10:00:00,3221.1,3232.6,3194.5,3227.9,13783
2025-04-14 11:00:00,3227.8,3228.0,3200.0,3214.6,13594
2025-04-14 12:00:00,3214.7,3224.4,3199.7,3223.4,7653
2025-04-14 13:00:00,3223.4,3232.5,3206.3,3229.4,9098
2025-04-14 14:00:00,3229.5,3230.8,3195.0,3223.9,5816
2025-04-14 15:00:00,3223.8,3228.8,3223.7,3228.1,3453
2025-04-14 16:00:00,3228.2,3229.6,3223.1,3226.8,1581
2025-04-14 18:00:00,3226.1,3231.0,3226.0,3228.1,0
2025-04-14 19:00:00,3228.1,3230.5,3226.2,3228.8,1301
2025-04-14 20:00:00,3229.0,3231.8,3226.8,3227.6,2050
2025-04-14 21:00:00,3227.3,3242.0,3225.5,3239.4,7624
2025-04-14 22:00:00,3239.8,3240.5,3216.0,3239.8,2765
2025-04-14 23:00:00,3239.7,3245.2,3239.2,3244.9,3914
2025-04-15 00:00:00,3244.3,3249.0,3243.0,3248.1,3042
2025-04-15 01:00:00,3248.4,3248.4,3236.9,3240.4,4255
2025-04-15 02:00:00,3240.3,3244.5,3238.9,3241.1,3925
2025-04-15 03:00:00,3241.3,3242.6,3214.0,3241.4,5998
2025-04-15 04:00:00,3241.4,3247.7,3239.4,3243.5,6994
2025-04-15 05:00:00,3243.5,3246.4,3237.0,3238.6,3443
2025-04-15 06:00:00,3238.6,3243.3,3235.0,3236.2,3343
2025-04-15 07:00:00,3236.3,3240.0,3232.2,3236.3,4906
2025-04-15 08:00:00,3236.3,3242.2,3216.5,3238.2,11300
2025-04-15 09:00:00,3238.2,3242.8,3228.0,3229.9,11642
2025-04-15 10:00:00,3229.9,3243.2,3229.8,3239.1,11988
2025-04-15 11:00:00,3239.0,3241.0,3233.2,3237.6,6470
2025-04-15 12:00:00,3237.8,3239.8,3235.8,3237.5,3773
2025-04-15 13:00:00,3237.5,3247.0,3236.4,3244.0,7931
2025-04-15 14:00:00,3244.0,3246.3,3241.7,3245.5,3092
2025-04-15 15:00:00,3245.4,3248.0,3243.1,3246.7,3636
2025-04-15 16:00:00,3246.9,3250.9,3243.4,3246.9,3319
2025-04-15 18:00:00,3248.4,3257.9,3245.2,3256.7,0
2025-04-15 19:00:00,3256.9,3269.2,3254.1,3269.2,7650
2025-04-15 20:00:00,3269.2,3285.5,3268.7,3282.2,10606
2025-04-15 21:00:00,3282.3,3291.6,3273.1,3286.7,12565
2025-04-15 22:00:00,3286.5,3291.3,3283.4,3284.2,5416
2025-04-15 23:00:00,3284.3,3298.5,3281.3,3297.0,6595
2025-04-16 00:00:00,3297.8,3305.1,3286.5,3300.5,9504
2025-04-16 01:00:00,3300.6,3308.8,3300.6,3307.3,7446
2025-04-16 02:00:00,3307.3,3311.7,3302.8,3308.2,9376
2025-04-16 03:00:00,3308.4,3317.8,3308.1,3316.7,12630
2025-04-16 04:00:00,3316.7,3334.2,3305.1,3323.8,26039
2025-04-16 05:00:00,3323.9,3327.8,3316.3,3319.6,8399
2025-04-16 06:00:00,3320.0,3322.8,3315.7,3320.2,5185
2025-04-16 07:00:00,3320.2,3330.0,3309.1,3323.2,13451
2025-04-16 08:00:00,3323.1,3329.5,3318.8,3323.1,10361
2025-04-16 09:00:00,3323.1,3333.5,3312.6,3328.3,16998
2025-04-16 10:00:00,3328.4,3336.0,3321.9,3324.2,18078
2025-04-16 11:00:00,3324.3,3344.2,3321.0,3341.2,16196
2025-04-16 12:00:00,3341.0,3348.5,3337.2,3344.0,15047
2025-04-16 13:00:00,3344.2,3349.2,3340.4,3344.0,11158
2025-04-16 14:00:00,3343.8,3356.6,3342.1,3353.6,11085
2025-04-16 15:00:00,3353.4,3358.4,3351.3,3352.0,8263
2025-04-16 16:00:00,3352.0,3357.9,3350.0,3357.7,4364
2025-04-16 18:00:00,3357.5,3371.9,3356.9,3364.9,0
2025-04-16 19:00:00,3365.1,3367.3,3361.2,3363.9,4355
2025-04-16 20:00:00,3364.0,3364.8,3354.7,3359.0,9357
2025-04-16 21:00:00,3359.0,3369.1,3333.1,3337.0,23504
2025-04-16 22:00:00,3336.9,3352.5,3333.5,3352.4,9585
2025-04-16 23:00:00,3352.4,3356.9,3349.6,3356.0,4803
2025-04-17 00:00:00,3357.0,3357.1,3349.6,3353.8,3548
2025-04-17 01:00:00,3353.7,3357.4,3341.4,3342.3,5065
2025-04-17 02:00:00,3342.6,3347.0,3338.4,3342.4,7712
2025-04-17 03:00:00,3342.5,3343.3,3327.3,3336.5,13794
2025-04-17 04:00:00,3336.5,3338.7,3325.5,3337.6,7775
2025-04-17 05:00:00,3337.5,3340.9,3333.6,3335.1,5492
2025-04-17 06:00:00,3335.3,3347.3,3334.6,3341.1,6383
2025-04-17 07:00:00,3341.2,3346.8,3335.3,3341.2,7114
2025-04-17 08:00:00,3341.2,3355.8,3335.7,3341.5,13644
2025-04-17 09:00:00,3341.6,3346.3,3324.4,3327.9,20908
2025-04-17 10:00:00,3327.9,3327.9,3296.4,3304.2,35924
2025-04-17 11:00:00,3304.4,3318.9,3303.4,3308.8,14956
2025-04-17 12:00:00,3309.3,3332.3,3307.4,3330.1,13245
2025-04-17 13:00:00,3330.1,3336.4,3327.5,3332.5,9769
2025-04-17 14:00:00,3332.5,3334.4,3327.5,3329.6,3692
2025-04-17 15:00:00,3329.2,3335.0,3323.7,3334.5,5201
2025-04-17 16:00:00,3334.6,3342.7,3332.0,3341.3,3560
2025-04-20 18:00:00,3347.0,3368.1,3344.0,3360.2,7326
2025-04-20 19:00:00,3360.3,3366.7,3357.7,3361.8,5585
2025-04-20 20:00:00,3362.0,3384.7,3361.2,3382.5,12545
2025-04-20 21:00:00,3382.2,3391.6,3380.8,3390.2,12609
2025-04-20 22:00:00,3390.4,3397.6,3386.8,3396.6,8775
2025-04-20 23:00:00,3396.7,3397.2,3389.9,3394.0,6285
2025-04-21 00:00:00,3393.9,3393.9,3382.0,3388.6,5089
2025-04-21 01:00:00,3388.5,3397.3,3387.8,3396.8,7689
2025-04-21 02:00:00,3396.8,3404.7,3394.1,3403.7,9587
2025-04-21 03:00:00,3403.5,3407.3,3393.3,3397.1,8043
2025-04-21 04:00:00,3397.0,3405.4,3395.1,3403.8,5516
2025-04-21 05:00:00,3403.9,3408.8,3402.2,3406.7,5721
2025-04-21 06:00:00,3406.6,3409.3,3403.6,3407.3,4926
2025-04-21 07:00:00,3407.1,3417.3,3398.1,3415.6,11992
2025-04-21 08:00:00,3415.9,3427.5,3410.4,3426.6,17628
2025-04-21 09:00:00,3426.6,3438.9,3416.9,3432.3,27056
2025-04-21 10:00:00,3432.4,3442.3,3420.7,3428.6,22569
2025-04-21 11:00:00,3428.7,3437.4,3419.1,3433.9,14920
2025-04-21 12:00:00,3434.0,3435.0,3421.1,3426.1,9697
2025-04-21 13:00:00,3426.0,3434.7,3417.1,3434.1,14853
2025-04-21 14:00:00,3434.1,3437.8,3428.8,3437.0,5934
2025-04-21 15:00:00,3436.9,3441.6,3428.2,3434.5,7399
2025-04-21 16:00:00,3434.7,3438.3,3430.5,3435.1,2779
2025-04-21 18:00:00,3435.1,3448.0,3434.4,3442.3,0
2025-04-21 19:00:00,3442.4,3455.9,3440.2,3445.3,9219
2025-04-21 20:00:00,3445.3,3446.3,3423.9,3436.2,15454
2025-04-21 21:00:00,3436.1,3464.6,3431.8,3462.6,19223
2025-04-21 22:00:00,3462.5,3485.9,3452.4,3482.7,16443
2025-04-21 23:00:00,3482.7,3504.2,3481.2,3497.6,17241
2025-04-22 00:00:00,3497.4,3497.9,3488.7,3493.9,9383
2025-04-22 01:00:00,3494.0,3504.9,3482.3,3503.6,12902
2025-04-22 02:00:00,3503.8,3509.9,3484.7,3489.9,21321
2025-04-22 03:00:00,3489.7,3491.2,3471.2,3479.5,19374
2025-04-22 04:00:00,3479.7,3483.8,3454.1,3455.5,16930
2025-04-22 05:00:00,3455.6,3470.5,3455.3,3466.7,13112
2025-04-22 06:00:00,3466.8,3480.4,3462.6,3463.7,12477
2025-04-22 07:00:00,3463.6,3473.4,3459.5,3468.6,9275
2025-04-22 08:00:00,3468.5,3476.6,3435.5,3442.9,26712
2025-04-22 09:00:00,3443.1,3462.0,3419.0,3430.9,43113
2025-04-22 10:00:00,3431.0,3452.2,3430.0,3442.9,22214
2025-04-22 11:00:00,3442.7,3446.2,3422.1,3429.3,19389
2025-04-22 12:00:00,3429.2,3432.6,3383.2,3405.0,49331
2025-04-22 13:00:00,3405.3,3422.6,3398.1,3414.2,23365
2025-04-22 14:00:00,3414.2,3414.8,3384.5,3393.2,12200
2025-04-22 15:00:00,3393.5,3398.0,3379.1,3387.6,10804
2025-04-22 16:00:00,3387.7,3395.2,3386.0,3392.0,3607
2025-04-22 18:00:00,3367.7,3367.8,3316.0,3337.7,0
2025-04-22 19:00:00,3338.0,3359.4,3336.6,3346.2,11086
2025-04-22 20:00:00,3346.1,3380.5,3343.7,3376.7,13417
2025-04-22 21:00:00,3376.8,3396.0,3367.9,3388.8,21306
2025-04-22 22:00:00,3388.7,3389.6,3357.9,3363.6,13249
2025-04-22 23:00:00,3363.8,3365.2,3339.2,3349.1,14206
2025-04-23 00:00:00,3349.4,3356.9,3345.7,3356.2,4163
2025-04-23 01:00:00,3356.3,3359.5,3324.7,3329.1,15331
2025-04-23 02:00:00,3329.2,3336.6,3302.6,3312.1,20367
2025-04-23 03:00:00,3312.6,3331.4,3312.6,3329.9,12042
2025-04-23 04:00:00,3330.1,3333.0,3316.9,3333.0,8899
2025-04-23 05:00:00,3333.1,3352.4,3328.0,3328.5,14703
2025-04-23 06:00:00,3328.3,3347.0,3327.3,3341.6,8493
2025-04-23 07:00:00,3341.6,3351.7,3332.8,3335.3,9963
2025-04-23 08:00:00,3335.3,3345.7,3321.8,3322.2,19252
2025-04-23 09:00:00,3322.0,3325.5,3281.6,3288.0,48676
2025-04-23 10:00:00,3287.8,3308.8,3270.8,3299.2,43308
2025-04-23 11:00:00,3298.9,3306.8,3280.0,3292.8,24372
2025-04-23 12:00:00,3293.0,3319.0,3291.7,3307.3,15118
2025-04-23 13:00:00,3307.6,3314.9,3288.9,3294.0,14079
2025-04-23 14:00:00,3294.2,3300.0,3290.6,3295.8,5021
2025-04-23 15:00:00,3295.8,3310.3,3295.8,3306.9,7520
2025-04-23 16:00:00,3307.2,3309.1,3297.0,3301.5,3657
2025-04-23 18:00:00,3301.8,3329.0,3301.3,3321.2,0
2025-04-23 19:00:00,3321.3,3328.2,3320.3,3327.4,2922
2025-04-23 20:00:00,3327.6,3349.0,3324.1,3341.1,12423
2025-04-23 21:00:00,3340.8,3377.0,3340.0,3366.5,25581
2025-04-23 22:00:00,3366.4,3372.8,3345.5,3352.6,14852
2025-04-23 23:00:00,3352.3,3353.1,3331.7,3338.3,11110
2025-04-24 00:00:00,3337.3,3341.8,3335.1,3337.4,4281
2025-04-24 01:00:00,3337.3,3345.5,3330.6,3334.3,6846
2025-04-24 02:00:00,3334.4,3339.3,3325.3,3335.9,11360
2025-04-24 03:00:00,3335.9,3350.8,3334.4,3344.2,11631
2025-04-24 04:00:00,3344.1,3352.9,3337.7,3346.5,7411
2025-04-24 05:00:00,3346.5,3354.7,3336.7,3347.7,7650
2025-04-24 06:00:00,3347.2,3348.2,3337.4,3341.5,5071
2025-04-24 07:00:00,3341.3,3356.1,3341.1,3348.7,8312
2025-04-24 08:00:00,3348.5,3356.7,3346.7,3347.3,10351
2025-04-24 09:00:00,3347.4,3348.2,3323.5,3326.5,21972
2025-04-24 10:00:00,3326.5,3342.6,3316.9,3338.7,22192
2025-04-24 11:00:00,3338.4,3341.4,3330.6,3340.7,11297
2025-04-24 12:00:00,3340.8,3347.6,3334.2,3344.1,10753
2025-04-24 13:00:00,3344.2,3351.2,3342.0,3349.2,10580
2025-04-24 14:00:00,3349.0,3351.8,3345.5,3346.8,4508
2025-04-24 15:00:00,3346.9,3358.9,3345.2,3353.8,4878
2025-04-24 16:00:00,3353.8,3361.9,3349.4,3361.3,3296
2025-04-24 18:00:00,3362.0,3384.1,3361.3,3378.7,0
2025-04-24 19:00:00,3378.5,3380.0,3357.4,3360.2,7104
2025-04-24 20:00:00,3359.8,3372.8,3358.3,3368.9,8208
2025-04-24 21:00:00,3368.2,3374.3,3353.1,3356.2,9720
2025-04-24 22:00:00,3356.1,3364.3,3355.0,3359.7,6413
2025-04-24 23:00:00,3359.7,3365.5,3337.8,3338.9,6551
2025-04-25 00:00:00,3334.4,3338.0,3326.9,3334.9,8810
2025-04-25 01:00:00,3335.1,3337.4,3296.0,3303.9,17233
2025-04-25 02:00:00,3303.8,3316.1,3297.4,3314.8,14891
2025-04-25 03:00:00,3315.0,3325.2,3313.8,3317.2,9021
2025-04-25 04:00:00,3317.2,3317.7,3302.5,3314.2,8823
2025-04-25 05:00:00,3314.1,3319.1,3302.0,3302.1,7427
2025-04-25 06:00:00,3302.1,3317.0,3302.0,3308.4,6831
2025-04-25 07:00:00,3308.0,3311.5,3297.6,3303.9,7343
2025-04-25 08:00:00,3303.6,3313.6,3301.0,3302.6,11121
2025-04-25 09:00:00,3302.9,3303.0,3274.8,3290.7,33154
2025-04-25 10:00:00,3290.9,3298.7,3284.4,3288.2,17211
2025-04-25 11:00:00,3288.1,3296.4,3279.8,3293.4,10863
2025-04-25 12:00:00,3293.7,3298.9,3291.0,3296.4,5950
2025-04-25 13:00:00,3296.5,3306.6,3292.7,3304.2,11182
2025-04-25 14:00:00,3304.4,3308.2,3299.1,3299.5,4384
2025-04-25 15:00:00,3299.6,3324.0,3298.7,3315.8,8398
2025-04-25 16:00:00,3316.0,3331.5,3315.7,3330.2,4241
2025-04-27 18:00:00,3336.5,3348.2,3319.2,3320.9,7214
2025-04-27 19:00:00,3321.3,3328.3,3309.5,3313.7,6766
2025-04-27 20:00:00,3313.4,3326.6,3312.4,3324.6,7871
2025-04-27 21:00:00,3324.2,3325.8,3289.0,3290.8,15677
2025-04-27 22:00:00,3290.9,3297.4,3278.0,3290.9,12638
2025-04-27 23:00:00,3291.0,3306.0,3290.5,3301.2,7044
2025-04-28 00:00:00,3301.7,3309.8,3299.7,3309.6,4147
2025-04-28 01:00:00,3309.6,3311.4,3298.3,3304.8,5121
2025-04-28 02:00:00,3305.4,3307.0,3292.5,3294.6,6607
2025-04-28 03:00:00,3294.7,3303.4,3288.4,3297.6,8388
2025-04-28 04:00:00,3298.0,3298.8,3288.9,3292.7,3966
2025-04-28 05:00:00,3292.6,3298.1,3284.2,3284.4,6970
2025-04-28 06:00:00,3284.4,3302.7,3282.6,3300.4,7287
2025-04-28 07:00:00,3300.3,3308.6,3295.0,3305.2,7102
2025-04-28 08:00:00,3305.9,3313.8,3304.2,3306.7,10202
2025-04-28 09:00:00,3306.6,3312.6,3297.0,3303.5,17271
2025-04-28 10:00:00,3303.3,3344.9,3303.3,3339.6,27152
2025-04-28 11:00:00,3339.5,3347.4,3329.2,3336.4,17394
2025-04-28 12:00:00,3336.3,3350.2,3335.6,3347.2,11066
2025-04-28 13:00:00,3347.3,3351.7,3343.0,3346.7,7935
2025-04-28 14:00:00,3346.3,3361.9,3345.1,3359.6,7148
2025-04-28 15:00:00,3359.7,3363.8,3356.3,3362.5,5771
2025-04-28 16:00:00,3362.5,3363.0,3353.3,3354.8,3313
2025-04-28 18:00:00,3354.9,3359.3,3342.6,3348.3,0
2025-04-28 19:00:00,3348.2,3353.2,3343.8,3348.0,3947
2025-04-28 20:00:00,3348.2,3349.8,3337.3,3339.8,5596
2025-04-28 21:00:00,3339.6,3350.8,3333.1,3337.6,10204
2025-04-28 22:00:00,3337.5,3344.9,3329.2,3330.5,6208
2025-04-28 23:00:00,3330.5,3332.2,3317.7,3323.1,8565
2025-04-29 00:00:00,3325.7,3328.0,3316.8,3319.6,3865
2025-04-29 01:00:00,3319.8,3326.6,3314.8,3320.2,4661
2025-04-29 02:00:00,3320.5,3333.6,3318.6,3328.5,6637
2025-04-29 03:00:00,3328.5,3333.2,3322.3,3333.0,5321
2025-04-29 04:00:00,3333.1,3334.8,3321.6,3321.7,4113
2025-04-29 05:00:00,3321.6,3325.3,3318.5,3318.7,4827
2025-04-29 06:00:00,3318.7,3325.4,3315.7,3322.3,5661
2025-04-29 07:00:00,3322.6,3325.8,3317.3,3319.1,5055
2025-04-29 08:00:00,3318.8,3324.7,3309.6,3322.6,13983
2025-04-29 09:00:00,3322.6,3331.8,3309.2,3317.1,20723
2025-04-29 10:00:00,3317.1,3328.6,3309.6,3325.3,16430
2025-04-29 11:00:00,3325.2,3326.3,3315.9,3323.4,7836
2025-04-29 12:00:00,3323.8,3340.5,3323.2,3339.1,10146
2025-04-29 13:00:00,3339.2,3340.1,3323.6,3324.1,7952
2025-04-29 14:00:00,3323.8,3330.0,3322.8,3329.9,4703
2025-04-29 15:00:00,3330.0,3335.2,3327.7,3330.3,4707
2025-04-29 16:00:00,3330.4,3333.6,3327.3,3327.6,1608
2025-04-29 18:00:00,3324.5,3332.8,3322.2,3328.8,0
2025-04-29 19:00:00,3329.0,3329.4,3320.8,3326.8,2172
2025-04-29 20:00:00,3326.7,3337.6,3321.5,3323.2,5332
2025-04-29 21:00:00,3323.1,3332.5,3317.0,3317.5,6017
2025-04-29 22:00:00,3317.3,3322.6,3314.6,3316.5,4352
2025-04-29 23:00:00,3316.5,3321.5,3312.8,3314.3,3796
2025-04-30 00:00:00,3314.0,3318.3,3310.7,3317.4,3464
2025-04-30 01:00:00,3317.3,3324.1,3317.1,3319.4,4141
2025-04-30 02:00:00,3319.6,3320.9,3314.3,3315.4,3948
2025-04-30 03:00:00,3315.4,3324.3,3312.4,3316.8,5383
2025-04-30 04:00:00,3316.8,3317.1,3289.5,3293.7,15613
2025-04-30 05:00:00,3293.7,3296.8,3284.0,3285.3,9282
2025-04-30 06:00:00,3285.1,3290.0,3281.0,3281.6,6953
2025-04-30 07:00:00,3281.8,3291.2,3276.7,3281.5,10097
2025-04-30 08:00:00,3281.5,3315.1,3275.6,3307.9,24775
2025-04-30 09:00:00,3308.1,3330.1,3306.2,3318.9,23452
2025-04-30 10:00:00,3318.5,3324.3,3301.6,3320.5,28597
2025-04-30 11:00:00,3320.4,3325.1,3309.0,3318.5,14431
2025-04-30 12:00:00,3318.8,3325.0,3317.6,3321.3,6446
2025-04-30 13:00:00,3321.5,3324.3,3315.0,3315.8,9289
2025-04-30 14:00:00,3315.7,3318.0,3310.7,3312.4,5203
2025-04-30 15:00:00,3312.5,3316.5,3302.7,3306.8,5387
2025-04-30 16:00:00,3306.7,3308.7,3293.9,3299.2,4058
2025-04-30 18:00:00,3299.0,3300.6,3280.0,3282.5,0
2025-04-30 19:00:00,3282.8,3294.0,3278.4,3281.5,4562
2025-04-30 20:00:00,3281.5,3285.0,3247.7,3253.9,17370
2025-04-30 21:00:00,3253.8,3259.5,3241.6,3246.9,10129
2025-04-30 22:00:00,3246.5,3258.5,3242.8,3248.1,6080
2025-04-30 23:00:00,3248.2,3249.3,3236.4,3237.6,8823
2025-05-01 00:00:00,3237.0,3239.7,3228.3,3234.5,7357
2025-05-01 01:00:00,3234.3,3247.1,3231.0,3244.6,6421
2025-05-01 02:00:00,3245.0,3251.8,3241.4,3243.9,8074
2025-05-01 03:00:00,3243.8,3245.2,3233.8,3238.2,6482
2025-05-01 04:00:00,3238.2,3245.3,3237.9,3243.1,3509
2025-05-01 05:00:00,3243.2,3244.4,3221.8,3226.0,7690
2025-05-01 06:00:00,3226.3,3233.3,3221.1,3230.7,6565
2025-05-01 07:00:00,3230.8,3234.9,3211.0,3213.1,12473
2025-05-01 08:00:00,3212.9,3241.0,3209.4,3234.4,20402
2025-05-01 09:00:00,3234.5,3241.6,3226.4,3233.0,15815
2025-05-01 10:00:00,3232.3,3239.5,3222.0,3226.7,18131
2025-05-01 11:00:00,3226.8,3229.7,3212.2,3224.6,16585
2025-05-01 12:00:00,3224.4,3229.1,3216.4,3227.7,8959
2025-05-01 13:00:00,3228.0,3229.2,3217.4,3221.9,7765
2025-05-01 14:00:00,3222.0,3234.7,3220.2,3231.2,5017
2025-05-01 15:00:00,3231.4,3238.5,3231.3,3236.6,4263
2025-05-01 16:00:00,3237.0,3249.0,3236.5,3248.3,4325
2025-05-01 18:00:00,3247.6,3252.9,3241.5,3247.0,0
2025-05-01 19:00:00,3246.9,3250.4,3243.4,3246.2,2052
2025-05-01 20:00:00,3246.2,3253.1,3234.5,3238.8,6658
2025-05-01 21:00:00,3239.4,3246.0,3239.4,3244.7,3984
2025-05-01 22:00:00,3245.2,3258.8,3244.2,3256.9,5520
2025-05-01 23:00:00,3257.3,3267.4,3254.6,3266.7,5489
2025-05-02 00:00:00,3263.9,3266.2,3259.2,3260.4,4149
2025-05-02 01:00:00,3260.4,3265.1,3257.6,3260.0,3795
2025-05-02 02:00:00,3260.0,3271.6,3254.6,3261.4,7954
2025-05-02 03:00:00,3261.5,3270.0,3259.5,3267.0,7722
2025-05-02 04:00:00,3267.1,3269.8,3263.1,3265.7,4008
2025-05-02 05:00:00,3265.9,3275.5,3262.5,3273.1,7305
2025-05-02 06:00:00,3273.3,3273.7,3265.4,3267.5,4452
2025-05-02 07:00:00,3267.7,3277.0,3266.5,3269.9,8416
2025-05-02 08:00:00,3269.9,3272.7,3256.6,3257.6,19323
2025-05-02 09:00:00,3257.3,3267.8,3246.6,3258.0,28812
2025-05-02 10:00:00,3257.7,3273.2,3249.8,3271.5,19444
2025-05-02 11:00:00,3271.6,3272.7,3238.4,3239.8,20770
2025-05-02 12:00:00,3240.0,3243.8,3229.5,3232.0,17575
2025-05-02 13:00:00,3231.8,3247.4,3230.3,3238.4,12735
2025-05-02 14:00:00,3238.6,3240.0,3231.7,3234.2,4695
2025-05-02 15:00:00,3234.2,3242.3,3234.2,3241.4,5787
2025-05-02 16:00:00,3241.5,3249.2,3240.5,3247.4,4215
2025-05-04 18:00:00,3247.1,3251.3,3243.1,3246.2,3417
2025-05-04 19:00:00,3246.4,3259.5,3245.4,3255.2,4970
2025-05-04 20:00:00,3255.3,3256.0,3248.0,3253.2,3416
2025-05-04 21:00:00,3253.8,3278.3,3253.1,3272.1,9927
2025-05-04 22:00:00,3272.1,3280.6,3267.4,3278.2,6886
2025-05-04 23:00:00,3278.2,3279.8,3260.9,3262.3,5961
2025-05-05 00:00:00,3262.7,3267.8,3261.4,3264.3,3242
2025-05-05 01:00:00,3264.2,3270.4,3262.0,3267.9,3044
2025-05-05 02:00:00,3267.9,3273.9,3265.0,3270.1,4059
2025-05-05 03:00:00,3270.4,3276.0,3266.8,3272.7,4247
2025-05-05 04:00:00,3272.8,3291.3,3271.2,3290.7,8485
2025-05-05 05:00:00,3290.9,3317.7,3290.2,3317.3,19014
2025-05-05 06:00:00,3317.4,3326.9,3316.7,3322.0,11430
2025-05-05 07:00:00,3321.8,3327.7,3320.1,3321.9,7715
2025-05-05 08:00:00,3321.9,3331.7,3321.7,3328.6,12641
2025-05-05 09:00:00,3328.4,3330.1,3320.7,3325.1,13119
2025-05-05 10:00:00,3324.4,3337.9,3318.6,3321.3,16930
2025-05-05 11:00:00,3321.3,3326.9,3317.3,3321.1,10026
2025-05-05 12:00:00,3320.8,3322.5,3314.0,3318.2,7454
2025-05-05 13:00:00,3318.4,3326.6,3317.8,3325.5,7948
2025-05-05 14:00:00,3325.4,3332.2,3322.3,3331.7,5096
2025-05-05 15:00:00,3331.8,3346.7,3331.3,3337.6,10021
2025-05-05 16:00:00,3337.6,3344.0,3337.6,3343.5,3066
2025-05-05 18:00:00,3345.7,3347.8,3336.3,3339.2,0
2025-05-05 19:00:00,3339.2,3343.9,3337.7,3342.8,3083
2025-05-05 20:00:00,3342.8,3342.8,3332.1,3338.8,5685
2025-05-05 21:00:00,3338.9,3390.0,3338.9,3388.9,27121
2025-05-05 22:00:00,3388.5,3395.0,3365.1,3366.9,17567
2025-05-05 23:00:00,3367.1,3380.5,3361.0,3368.4,12089
2025-05-06 00:00:00,3368.8,3374.1,3363.9,3371.4,5939
2025-05-06 01:00:00,3371.3,3372.3,3357.4,3369.3,8074
2025-05-06 02:00:00,3369.5,3375.7,3366.2,3372.5,7436
2025-05-06 03:00:00,3372.6,3387.3,3372.6,3378.5,10845
2025-05-06 04:00:00,3378.8,3391.1,3375.9,3385.2,7785
2025-05-06 05:00:00,3385.3,3391.2,3379.4,3390.9,6416
2025-05-06 06:00:00,3390.8,3391.8,3384.4,3391.4,7669
2025-05-06 07:00:00,3391.6,3393.2,3381.3,3386.9,9575
2025-05-06 08:00:00,3387.1,3400.4,3380.6,3399.3,17572
2025-05-06 09:00:00,3399.5,3406.4,3395.9,3399.8,20155
2025-05-06 10:00:00,3399.5,3406.9,3386.9,3394.5,22274
2025-05-06 11:00:00,3394.3,3408.3,3393.5,3403.1,15146
2025-05-06 12:00:00,3403.2,3420.4,3402.8,3417.3,14810
2025-05-06 13:00:00,3417.3,3425.9,3416.2,3422.0,16870
2025-05-06 14:00:00,3422.2,3426.4,3418.1,3424.3,5467
2025-05-06 15:00:00,3424.5,3433.2,3421.2,3431.5,7338
2025-05-06 16:00:00,3431.5,3444.5,3428.0,3441.8,9415
2025-05-06 18:00:00,3448.1,3448.2,3388.0,3389.3,0
2025-05-06 19:00:00,3389.5,3413.4,3383.9,3409.2,11668
2025-05-06 20:00:00,3409.3,3410.3,3367.0,3387.2,20177
2025-05-06 21:00:00,3387.3,3393.0,3367.5,3382.7,14513
2025-05-06 22:00:00,3382.7,3401.9,3379.7,3398.2,9344
2025-05-06 23:00:00,3397.9,3400.3,3378.2,3384.3,6817
2025-05-07 00:00:00,3383.8,3395.8,3383.5,3390.2,4535
2025-05-07 01:00:00,3390.4,3397.7,3386.8,3396.0,5224
2025-05-07 02:00:00,3396.2,3404.5,3395.8,3400.8,6739
2025-05-07 03:00:00,3400.6,3405.8,3392.0,3396.0,7979
2025-05-07 04:00:00,3396.0,3396.8,3385.7,3390.6,5405
2025-05-07 05:00:00,3390.5,3393.0,3376.9,3377.7,6937
2025-05-07 06:00:00,3377.8,3401.4,3377.0,3399.2,9427
2025-05-07 07:00:00,3399.3,3399.5,3391.2,3395.0,5278
2025-05-07 08:00:00,3394.9,3402.3,3391.9,3399.2,11154
2025-05-07 09:00:00,3398.8,3406.6,3388.3,3402.4,18754
2025-05-07 10:00:00,3402.3,3402.9,3383.3,3393.6,20017
2025-05-07 11:00:00,3393.8,3397.8,3389.5,3393.0,10459
2025-05-07 12:00:00,3393.0,3397.3,3386.7,3394.0,7407
2025-05-07 13:00:00,3394.1,3397.4,3391.1,3393.6,33656
2025-05-07 14:00:00,3393.6,3406.5,3383.0,3392.1,17891
2025-05-07 15:00:00,3392.5,3394.7,3371.2,3379.3,14110
2025-05-07 16:00:00,3379.4,3381.9,3371.4,3372.6,3361
2025-05-07 18:00:00,3373.1,3381.0,3371.3,3376.8,0
2025-05-07 19:00:00,3376.5,3383.9,3376.2,3383.1,3275
2025-05-07 20:00:00,3383.2,3394.1,3380.6,3387.0,7334
2025-05-07 21:00:00,3386.9,3417.0,3385.5,3415.8,14376
2025-05-07 22:00:00,3415.7,3422.0,3408.7,3408.8,11293
2025-05-07 23:00:00,3408.9,3414.7,3401.8,3404.2,8930
2025-05-08 00:00:00,3403.0,3405.8,3388.0,3388.2,8156
2025-05-08 01:00:00,3388.1,3390.7,3360.3,3361.0,18328
2025-05-08 02:00:00,3361.0,3368.0,3325.4,3335.4,24519
2025-05-08 03:00:00,3335.5,3354.9,3332.7,3348.9,16219
2025-05-08 04:00:00,3349.1,3350.5,3342.2,3344.5,6739
2025-05-08 05:00:00,3344.6,3349.8,3336.6,3337.4,7032
2025-05-08 06:00:00,3337.2,3352.3,3335.2,3347.9,9172
2025-05-08 07:00:00,3347.7,3351.0,3344.7,3350.0,5606
2025-05-08 08:00:00,3350.2,3364.9,3348.6,3362.0,14475
2025-05-08 09:00:00,3362.0,3375.7,3360.4,3361.7,18830
2025-05-08 10:00:00,3361.6,3369.5,3356.3,3362.4,17105
2025-05-08 11:00:00,3362.5,3366.0,3332.0,3336.0,26476
2025-05-08 12:00:00,3335.9,3336.0,3309.5,3315.4,27488
2025-05-08 13:00:00,3315.5,3316.3,3302.4,3313.6,30084
2025-05-08 14:00:00,3313.7,3316.0,3310.7,3313.6,6525
2025-05-08 15:00:00,3313.6,3315.2,3293.3,3311.1,11722
2025-05-08 16:00:00,3311.5,3316.0,3308.9,3310.4,3137
2025-05-08 18:00:00,3310.2,3328.9,3308.8,3328.9,0
2025-05-08 19:00:00,3328.5,3329.0,3317.0,3321.0,3644
2025-05-08 20:00:00,3321.5,3327.8,3313.1,3326.9,5871
2025-05-08 21:00:00,3326.7,3327.5,3290.6,3295.9,16530
2025-05-08 22:00:00,3295.6,3313.7,3278.9,3313.2,17412
2025-05-08 23:00:00,3313.3,3318.5,3304.2,3312.4,9819
2025-05-09 00:00:00,3313.3,3333.2,3313.3,3330.4,8087
2025-05-09 01:00:00,3330.1,3335.9,3317.3,3326.0,10672
2025-05-09 02:00:00,3325.8,3331.7,3319.7,3330.4,6262
2025-05-09 03:00:00,3330.2,3337.0,3326.8,3331.7,7419
2025-05-09 04:00:00,3331.9,3333.6,3324.5,3333.0,6470
2025-05-09 05:00:00,3332.9,3333.9,3328.1,3329.6,4439
2025-05-09 06:00:00,3329.6,3334.8,3326.3,3327.8,4285
2025-05-09 07:00:00,3327.7,3342.8,3327.7,3337.8,9090
2025-05-09 08:00:00,3337.9,3340.5,3333.7,3338.5,8447
2025-05-09 09:00:00,3338.4,3345.0,3333.2,3335.5,14571
2025-05-09 10:00:00,3335.7,3347.0,3324.7,3342.4,23522
2025-05-09 11:00:00,3342.0,3351.1,3341.0,3350.3,12305
2025-05-09 12:00:00,3350.3,3352.7,3341.4,3342.0,9145
2025-05-09 13:00:00,3342.1,3347.6,3340.9,3346.1,12120
2025-05-09 14:00:00,3346.1,3348.2,3341.4,3343.5,5949
2025-05-09 15:00:00,3343.6,3344.9,3330.9,3334.1,6105
2025-05-09 16:00:00,3333.9,3335.5,3329.1,3329.1,3628
2025-05-11 18:00:00,3281.0,3292.5,3251.5,3276.7,12820
2025-05-11 19:00:00,3276.7,3294.4,3270.1,3292.9,9248
2025-05-11 20:00:00,3292.8,3295.5,3275.2,3283.3,9329
2025-05-11 21:00:00,3283.1,3286.5,3262.4,3275.7,15850
2025-05-11 22:00:00,3275.4,3283.8,3273.4,3275.9,6966
2025-05-11 23:00:00,3275.6,3288.9,3274.1,3287.0,5321
2025-05-12 00:00:00,3287.3,3287.7,3279.6,3282.7,3125
2025-05-12 01:00:00,3282.7,3283.6,3272.2,3279.8,5729
2025-05-12 02:00:00,3279.9,3285.2,3276.3,3281.3,7036
2025-05-12 03:00:00,3280.8,3281.5,3219.2,3226.8,38743
2025-05-12 04:00:00,3226.8,3238.8,3224.3,3235.3,14767
2025-05-12 05:00:00,3235.2,3235.4,3216.0,3218.7,10682
2025-05-12 06:00:00,3218.1,3222.9,3211.2,3211.6,10709
2025-05-12 07:00:00,3211.5,3233.8,3211.3,3228.6,13086
2025-05-12 08:00:00,3228.3,3238.6,3223.6,3237.2,14259
2025-05-12 09:00:00,3237.3,3253.0,3235.6,3244.6,24659
2025-05-12 10:00:00,3238.7,3252.3,3236.9,3242.2,18367
2025-05-12 11:00:00,3242.1,3248.6,3236.3,3243.8,13941
2025-05-12 12:00:00,3243.5,3244.4,3226.4,3228.4,15448
2025-05-12 13:00:00,3228.5,3231.7,3225.1,3227.2,21909
2025-05-12 14:00:00,3227.1,3234.7,3223.9,3233.9,5313
2025-05-12 15:00:00,3234.1,3243.0,3233.1,3240.3,7565
2025-05-12 16:00:00,3240.1,3242.9,3237.3,3241.8,2398
2025-05-12 18:00:00,3240.7,3246.7,3233.3,3237.4,0
2025-05-12 19:00:00,3237.4,3244.6,3237.0,3241.3,2404
2025-05-12 20:00:00,3241.1,3247.7,3237.2,3243.9,5180
2025-05-12 21:00:00,3243.7,3247.4,3220.1,3229.5,11926
2025-05-12 22:00:00,3229.8,3245.8,3227.5,3233.2,8044
2025-05-12 23:00:00,3232.7,3242.5,3232.3,3240.9,3875
2025-05-13 00:00:00,3240.6,3258.2,3238.7,3257.0,6931
2025-05-13 01:00:00,3257.2,3265.6,3255.7,3261.0,9408
2025-05-13 02:00:00,3260.9,3270.4,3251.8,3266.8,8813
2025-05-13 03:00:00,3266.8,3269.7,3258.3,3263.1,6167
2025-05-13 04:00:00,3263.3,3265.3,3254.2,3259.5,6196
2025-05-13 05:00:00,3259.3,3260.9,3254.5,3257.8,4539
2025-05-13 06:00:00,3257.8,3260.4,3255.4,3257.0,2447
2025-05-13 07:00:00,3256.9,3263.5,3252.3,3253.1,8550
2025-05-13 08:00:00,3253.0,3253.8,3241.6,3246.4,18333
2025-05-13 09:00:00,3249.0,3251.4,3231.4,3232.0,20094
2025-05-13 10:00:00,3231.9,3253.4,3229.5,3247.5,18219
2025-05-13 11:00:00,3247.5,3260.5,3246.7,3258.1,10637
2025-05-13 12:00:00,3258.0,3262.1,3252.7,3255.5,12308
2025-05-13 13:00:00,3255.4,3257.3,3246.5,3251.9,20901
2025-05-13 14:00:00,3251.9,3255.7,3250.3,3253.4,6922
2025-05-13 15:00:00,3253.6,3255.8,3250.8,3253.5,3127
2025-05-13 16:00:00,3253.3,3259.6,3252.7,3254.5,2232
2025-05-13 18:00:00,3254.1,3257.9,3253.4,3256.8,0
2025-05-13 19:00:00,3258.6,3261.3,3256.0,3258.3,2031
2025-05-13 20:00:00,3258.4,3258.5,3244.5,3247.9,5328
2025-05-13 21:00:00,3248.2,3256.2,3241.6,3243.3,8422
2025-05-13 22:00:00,3243.1,3245.8,3232.6,3236.8,8772
2025-05-13 23:00:00,3236.5,3237.4,3229.7,3230.8,6432
2025-05-14 00:00:00,3232.2,3234.2,3225.9,3227.8,6772
2025-05-14 01:00:00,3227.9,3237.7,3225.2,3237.2,7266
2025-05-14 02:00:00,3237.2,3239.8,3231.1,3232.1,6216
2025-05-14 03:00:00,3232.2,3243.0,3227.7,3242.0,8242
2025-05-14 04:00:00,3242.4,3248.2,3234.4,3236.7,6607
2025-05-14 05:00:00,3236.7,3240.8,3232.9,3236.2,5417
2025-05-14 06:00:00,3236.1,3240.4,3233.2,3239.5,5473
2025-05-14 07:00:00,3239.6,3243.3,3223.0,3223.7,9500
2025-05-14 08:00:00,3223.9,3226.3,3187.7,3188.5,42566
2025-05-14 09:00:00,3188.6,3202.1,3178.3,3195.2,35055
2025-05-14 10:00:00,3195.2,3198.1,3183.1,3185.7,16985
2025-05-14 11:00:00,3185.8,3190.3,3182.7,3186.5,9831
2025-05-14 12:00:00,3186.6,3194.4,3177.5,3191.9,12143
2025-05-14 13:00:00,3191.9,3194.0,3184.4,3185.6,7965
2025-05-14 14:00:00,3185.9,3186.9,3175.6,3176.1,6057
2025-05-14 15:00:00,3176.0,3184.6,3170.7,3183.8,8207
2025-05-14 16:00:00,3184.0,3186.7,3180.2,3180.7,3126
2025-05-14 17:00:00,3180.7,3180.7,3180.7,3180.7,1
2025-05-14 18:00:00,3180.8,3186.8,3180.4,3185.1,0
2025-05-14 19:00:00,3185.3,3190.1,3183.7,3188.9,2064
2025-05-14 20:00:00,3188.6,3190.6,3182.3,3190.3,3836
2025-05-14 21:00:00,3190.2,3195.6,3173.5,3174.6,10343
2025-05-14 22:00:00,3175.1,3178.4,3152.8,3156.9,15710
2025-05-14 23:00:00,3156.9,3160.2,3150.9,3153.4,9054
2025-05-15 00:00:00,3153.2,3155.3,3138.3,3141.3,9114
2025-05-15 01:00:00,3141.5,3145.8,3126.4,3132.1,11485
2025-05-15 02:00:00,3132.3,3157.2,3123.3,3153.5,18206
2025-05-15 03:00:00,3153.2,3155.5,3134.2,3145.4,14303
2025-05-15 04:00:00,3145.1,3167.2,3141.8,3165.5,11415
2025-05-15 05:00:00,3165.6,3174.4,3162.0,3167.8,10846
2025-05-15 06:00:00,3168.0,3182.2,3166.7,3181.6,8611
2025-05-15 07:00:00,3181.4,3183.3,3175.4,3182.3,6869
2025-05-15 08:00:00,3182.2,3193.4,3180.6,3192.3,17494
2025-05-15 09:00:00,3192.3,3203.4,3188.3,3194.7,24564
2025-05-15 10:00:00,3194.8,3210.5,3193.5,3208.5,23996
2025-05-15 11:00:00,3208.6,3223.2,3207.8,3222.8,15193
2025-05-15 12:00:00,3223.0,3226.3,3218.7,3225.9,7418
2025-05-15 13:00:00,3226.0,3232.6,3219.6,3224.5,11389
2025-05-15 14:00:00,3224.5,3229.3,3223.1,3226.4,4976
2025-05-15 15:00:00,3226.4,3235.3,3225.3,3234.6,4903
2025-05-15 16:00:00,3234.5,3244.3,3233.7,3243.9,6492
2025-05-15 18:00:00,3243.5,3255.8,3239.7,3254.7,0
2025-05-15 19:00:00,3254.9,3254.9,3240.3,3241.2,7073
2025-05-15 20:00:00,3241.0,3247.4,3235.1,3246.4,8420
2025-05-15 21:00:00,3246.5,3247.9,3218.4,3226.0,15240
2025-05-15 22:00:00,3226.0,3231.3,3216.3,3219.1,7793
2025-05-15 23:00:00,3218.9,3221.1,3209.2,3215.5,9599
2025-05-16 00:00:00,3214.6,3225.7,3214.4,3223.0,6042
2025-05-16 01:00:00,3222.8,3226.3,3214.9,3221.8,7367
2025-05-16 02:00:00,3221.7,3234.1,3215.4,3217.6,9834
2025-05-16 03:00:00,3217.6,3220.6,3207.4,3210.5,11628
2025-05-16 04:00:00,3210.6,3212.3,3198.5,3210.3,10229
2025-05-16 05:00:00,3210.2,3216.0,3206.7,3211.9,5896
2025-05-16 06:00:00,3212.4,3214.0,3171.8,3179.0,19438
2025-05-16 07:00:00,3179.2,3182.4,3156.4,3165.5,18965
2025-05-16 08:00:00,3165.7,3184.7,3157.2,3180.0,21088
2025-05-16 09:00:00,3180.1,3189.3,3171.7,3183.0,20282
2025-05-16 10:00:00,3183.1,3192.3,3168.5,3175.4,17340
2025-05-16 11:00:00,3175.8,3188.4,3175.3,3186.7,7582
2025-05-16 12:00:00,3186.6,3193.1,3183.4,3192.5,7168
2025-05-16 13:00:00,3192.6,3196.0,3186.1,3192.1,9082
2025-05-16 14:00:00,3192.4,3194.1,3187.2,3189.9,4493
2025-05-16 15:00:00,3190.0,3197.9,3189.8,3194.3,4891
2025-05-16 16:00:00,3194.3,3208.7,3194.0,3205.3,5584
2025-05-18 18:00:00,3220.0,3243.9,3212.2,3242.2,9515
2025-05-18 19:00:00,3242.4,3247.9,3229.4,3238.4,8238
2025-05-18 20:00:00,3238.6,3252.9,3236.7,3249.0,7453
2025-05-18 21:00:00,3248.6,3249.3,3218.0,3222.0,13442
2025-05-18 22:00:00,3221.8,3232.6,3220.5,3231.3,6799
2025-05-18 23:00:00,3231.3,3233.5,3210.3,3214.9,6479
2025-05-19 00:00:00,3214.7,3220.9,3209.1,3218.4,3993
2025-05-19 01:00:00,3218.6,3226.9,3217.7,3226.8,4989
2025-05-19 02:00:00,3226.6,3234.7,3223.0,3227.2,7977
2025-05-19 03:00:00,3227.2,3237.4,3227.2,3235.3,7296
2025-05-19 04:00:00,3235.2,3248.8,3232.3,3247.8,8193
2025-05-19 05:00:00,3247.9,3251.1,3236.6,3245.2,8022
2025-05-19 06:00:00,3245.1,3248.6,3237.4,3245.0,5501
2025-05-19 07:00:00,3244.9,3251.8,3242.4,3246.7,4948
2025-05-19 08:00:00,3246.6,3247.7,3230.5,3231.9,10116
2025-05-19 09:00:00,3231.7,3244.9,3227.2,3232.7,20123
2025-05-19 10:00:00,3232.6,3239.6,3219.7,3236.7,15705
2025-05-19 11:00:00,3236.5,3243.3,3232.6,3234.6,11338
2025-05-19 12:00:00,3234.7,3237.2,3230.6,3234.4,5983
2025-05-19 13:00:00,3234.7,3235.9,3228.0,3228.7,7014
2025-05-19 14:00:00,3229.0,3238.1,3227.8,3235.8,3464
2025-05-19 15:00:00,3235.9,3238.2,3233.9,3235.4,2918
2025-05-19 16:00:00,3235.5,3236.2,3230.6,3232.2,2080
2025-05-19 18:00:00,3233.0,3233.8,3227.2,3229.3,0
2025-05-19 19:00:00,3229.5,3230.2,3221.3,3224.8,3007
2025-05-19 20:00:00,3224.8,3226.2,3215.9,3225.0,6652
2025-05-19 21:00:00,3225.0,3235.8,3223.6,3224.3,9400
2025-05-19 22:00:00,3224.4,3226.3,3209.4,3209.5,10163
2025-05-19 23:00:00,3209.6,3217.3,3207.4,3213.2,6267
2025-05-20 00:00:00,3213.6,3220.4,3213.2,3219.5,3826
2025-05-20 01:00:00,3219.5,3222.3,3211.9,3216.1,6369
2025-05-20 02:00:00,3215.9,3221.1,3209.9,3211.7,7622
2025-05-20 03:00:00,3211.5,3227.3,3209.7,3224.8,7766
2025-05-20 04:00:00,3224.7,3238.9,3220.2,3238.4,8455
2025-05-20 05:00:00,3238.8,3241.7,3233.2,3238.5,11588
2025-05-20 06:00:00,3238.4,3241.0,3233.9,3237.3,4245
2025-05-20 07:00:00,3237.8,3244.2,3237.3,3243.7,5724
2025-05-20 08:00:00,3243.6,3254.1,3236.6,3245.4,16960
2025-05-20 09:00:00,3245.3,3265.3,3235.2,3264.6,29181
2025-05-20 10:00:00,3264.4,3288.9,3263.7,3285.3,37538
2025-05-20 11:00:00,3285.4,3286.3,3275.8,3279.5,14696
2025-05-20 12:00:00,3279.4,3285.4,3278.2,3282.0,6569
2025-05-20 13:00:00,3281.8,3291.2,3281.2,3289.4,8050
2025-05-20 14:00:00,3289.6,3293.0,3287.3,3290.5,5365
2025-05-20 15:00:00,3290.5,3298.1,3290.0,3296.8,6475
2025-05-20 16:00:00,3296.7,3298.5,3291.5,3292.6,3892
2025-05-20 18:00:00,3293.0,3307.9,3291.9,3300.2,0
2025-05-20 19:00:00,3300.0,3300.2,3292.2,3293.9,4203
2025-05-20 20:00:00,3294.0,3306.9,3292.2,3305.9,7183
2025-05-20 21:00:00,3305.7,3316.8,3287.0,3296.8,20209
2025-05-20 22:00:00,3296.6,3307.4,3291.1,3304.3,11026
2025-05-20 23:00:00,3304.2,3311.3,3301.5,3308.7,5099
2025-05-21 00:00:00,3309.1,3310.1,3303.4,3304.2,4103
2025-05-21 01:00:00,3304.2,3321.4,3300.4,3318.2,9761
2025-05-21 02:00:00,3317.9,3322.5,3312.5,3321.9,9785
2025-05-21 03:00:00,3321.6,3321.6,3309.6,3311.8,7778
2025-05-21 04:00:00,3311.9,3314.2,3305.7,3310.7,5906
2025-05-21 05:00:00,3310.5,3315.8,3309.2,3315.6,5838
2025-05-21 06:00:00,3316.0,3320.5,3310.8,3314.2,6257
2025-05-21 07:00:00,3314.3,3318.6,3308.8,3313.3,7928
2025-05-21 08:00:00,3313.4,3314.8,3291.5,3304.3,22610
2025-05-21 09:00:00,3304.6,3311.8,3297.3,3306.1,20573
2025-05-21 10:00:00,3306.0,3310.8,3297.3,3306.8,17883
2025-05-21 11:00:00,3306.8,3317.9,3305.7,3313.8,14545
2025-05-21 12:00:00,3313.9,3317.1,3304.7,3305.2,8676
2025-05-21 13:00:00,3305.2,3318.9,3304.9,3318.8,12740
2025-05-21 14:00:00,3318.8,3319.0,3314.2,3316.5,4936
2025-05-21 15:00:00,3316.6,3327.2,3316.6,3320.9,7686
2025-05-21 16:00:00,3320.8,3322.3,3315.2,3316.6,3072
2025-05-21 18:00:00,3318.0,3322.2,3316.3,3319.4,0
2025-05-21 19:00:00,3319.5,3325.9,3319.1,3321.7,3243
2025-05-21 20:00:00,3321.7,3328.1,3320.9,3325.2,4463
2025-05-21 21:00:00,3325.1,3344.2,3321.2,3339.0,13272
2025-05-21 22:00:00,3338.8,3346.6,3337.5,3342.3,7293
2025-05-21 23:00:00,3342.6,3346.8,3335.6,3336.6,5321
2025-05-22 00:00:00,3336.1,3340.4,3333.4,3339.6,3846
2025-05-22 01:00:00,3339.7,3340.6,3327.4,3333.5,5530
2025-05-22 02:00:00,3333.8,3337.2,3326.5,3327.6,6799
2025-05-22 03:00:00,3327.9,3331.8,3323.4,3328.3,10252
2025-05-22 04:00:00,3328.3,3330.2,3310.5,3311.7,17109
2025-05-22 05:00:00,3311.5,3313.7,3303.8,3305.4,10396
2025-05-22 06:00:00,3305.2,3308.3,3288.5,3289.7,11950
2025-05-22 07:00:00,3289.6,3315.0,3282.2,3314.3,18995
2025-05-22 08:00:00,3314.4,3314.8,3300.7,3303.6,15552
2025-05-22 09:00:00,3303.7,3316.0,3285.8,3286.9,24143
2025-05-22 10:00:00,3286.8,3304.2,3277.8,3296.3,22303
2025-05-22 11:00:00,3296.5,3298.3,3280.5,3294.0,17072
2025-05-22 12:00:00,3294.2,3304.1,3290.0,3300.9,8933
2025-05-22 13:00:00,3301.0,3301.1,3289.5,3295.6,10782
2025-05-22 14:00:00,3295.7,3297.9,3291.8,3293.6,3327
2025-05-22 15:00:00,3293.7,3296.8,3287.7,3290.4,4822
2025-05-22 16:00:00,3290.5,3295.5,3289.5,3295.1,3562
2025-05-22 18:00:00,3295.1,3299.6,3293.9,3297.8,0
2025-05-22 19:00:00,3297.8,3302.2,3297.3,3300.0,2129
2025-05-22 20:00:00,3300.1,3309.5,3285.5,3299.8,10506
2025-05-22 21:00:00,3299.9,3306.0,3294.4,3303.8,7825
2025-05-22 22:00:00,3304.2,3304.5,3289.3,3295.5,5048
2025-05-22 23:00:00,3295.7,3302.4,3295.2,3301.8,2910
2025-05-23 00:00:00,3301.3,3316.0,3301.2,3313.0,6257
2025-05-23 01:00:00,3313.2,3325.4,3311.9,3323.5,7749
2025-05-23 02:00:00,3323.4,3332.0,3322.7,3330.9,10580
2025-05-23 03:00:00,3331.0,3334.4,3326.1,3328.9,8610
2025-05-23 04:00:00,3328.7,3329.3,3322.2,3326.2,6049
2025-05-23 05:00:00,3326.4,3334.1,3324.7,3328.5,5476
2025-05-23 06:00:00,3328.5,3331.9,3322.7,3328.2,6081
2025-05-23 07:00:00,3328.4,3350.6,3324.5,3348.3,19502
2025-05-23 08:00:00,3348.5,3361.0,3344.6,3357.6,28951
2025-05-23 09:00:00,3357.7,3365.7,3337.1,3340.2,31387
2025-05-23 10:00:00,3339.9,3360.2,3336.2,3359.7,24497
2025-05-23 11:00:00,3359.7,3362.8,3352.1,3361.6,16607
2025-05-23 12:00:00,3361.8,3364.8,3357.2,3359.4,9560
2025-05-23 13:00:00,3359.6,3366.5,3357.2,3363.0,11781
2025-05-23 14:00:00,3363.1,3366.5,3360.8,3361.7,5920
2025-05-23 15:00:00,3361.9,3365.7,3358.2,3360.4,5752
2025-05-23 16:00:00,3360.2,3361.6,3355.9,3357.7,3279
2025-05-25 18:00:00,3355.6,3356.0,3339.4,3342.5,6621
2025-05-25 19:00:00,3342.7,3349.2,3340.1,3341.5,3025
2025-05-25 20:00:00,3341.5,3344.7,3329.3,3340.4,6048
2025-05-25 21:00:00,3340.5,3346.1,3333.5,3343.3,5949
2025-05-25 22:00:00,3343.2,3355.3,3341.3,3347.0,5539
2025-05-25 23:00:00,3347.1,3348.8,3342.6,3345.8,3034
2025-05-26 00:00:00,3346.0,3349.7,3344.8,3348.6,2250
2025-05-26 01:00:00,3348.8,3350.8,3343.6,3346.5,4682
2025-05-26 02:00:00,3346.6,3346.8,3336.0,3336.4,5793
2025-05-26 03:00:00,3336.3,3338.1,3331.5,3336.6,5835
2025-05-26 04:00:00,3336.7,3338.8,3330.0,3333.2,5029
2025-05-26 05:00:00,3333.5,3335.8,3322.9,3328.3,7673
2025-05-26 06:00:00,3328.3,3333.1,3328.2,3331.2,2756
2025-05-26 07:00:00,3331.2,3334.3,3328.9,3332.9,1527
2025-05-26 08:00:00,3332.9,3335.0,3326.1,3334.2,4055
2025-05-26 09:00:00,3334.3,3339.0,3331.1,3338.3,6319
2025-05-26 10:00:00,3338.5,3341.8,3335.8,3337.5,5117
2025-05-26 11:00:00,3337.5,3339.6,3336.9,3337.9,3198
2025-05-26 12:00:00,3337.9,3343.8,3337.5,3342.6,3258
2025-05-26 13:00:00,3342.4,3343.5,3340.4,3341.1,1112
2025-05-26 14:00:00,3341.1,3343.3,3340.9,3342.2,754
2025-05-26 18:00:00,3342.8,3349.0,3342.4,3347.5,2578
2025-05-26 19:00:00,3347.5,3348.6,3344.1,3345.7,1996
2025-05-26 20:00:00,3345.9,3349.7,3342.0,3344.8,4450
2025-05-26 21:00:00,3345.0,3347.1,3330.6,3335.0,6110
2025-05-26 22:00:00,3335.3,3343.8,3334.2,3342.2,4845
2025-05-26 23:00:00,3342.1,3347.0,3340.7,3341.0,3062
2025-05-27 00:00:00,3340.9,3341.3,3330.0,3330.3,4462
2025-05-27 01:00:00,3330.3,3332.1,3315.0,3322.8,13348
2025-05-27 02:00:00,3322.6,3327.7,3304.2,3308.4,16169
2025-05-27 03:00:00,3308.1,3312.4,3291.7,3295.8,15459
2025-05-27 04:00:00,3295.6,3309.6,3295.2,3297.1,13521
2025-05-27 05:00:00,3297.2,3308.7,3293.8,3295.1,10230
2025-05-27 06:00:00,3295.0,3298.9,3288.0,3291.5,11025
2025-05-27 07:00:00,3291.8,3296.7,3286.1,3286.8,8935
2025-05-27 08:00:00,3286.7,3296.7,3286.4,3292.1,10306
2025-05-27 09:00:00,3292.3,3303.7,3290.8,3294.1,16701
2025-05-27 10:00:00,3293.9,3302.3,3283.0,3298.8,20695
2025-05-27 11:00:00,3298.9,3302.1,3287.6,3291.8,10727
2025-05-27 12:00:00,3291.8,3297.4,3291.3,3296.6,5314
2025-05-27 13:00:00,3296.6,3303.3,3295.4,3300.2,12723
2025-05-27 14:00:00,3300.3,3302.9,3298.2,3302.0,3695
2025-05-27 15:00:00,3301.9,3306.9,3301.9,3302.9,3684
2025-05-27 16:00:00,3303.1,3303.9,3298.5,3299.7,2002
2025-05-27 18:00:00,3300.9,3304.4,3299.9,3301.7,0
2025-05-27 19:00:00,3302.1,3310.1,3295.1,3308.3,2466
2025-05-27 20:00:00,3308.5,3314.9,3306.8,3307.1,2567
2025-05-27 21:00:00,3306.9,3309.3,3296.8,3300.0,2873
2025-05-27 22:00:00,3299.9,3312.4,3298.7,3301.7,3085
2025-05-27 23:00:00,3301.5,3303.4,3289.9,3296.7,3476
2025-05-28 00:00:00,3296.5,3298.9,3293.1,3295.2,1848
2025-05-28 01:00:00,3294.8,3309.3,3294.8,3305.6,3717
2025-05-28 02:00:00,3305.7,3307.2,3296.6,3306.7,2730
2025-05-28 03:00:00,3306.9,3321.0,3305.9,3317.4,9506
2025-05-28 04:00:00,3317.8,3322.3,3313.7,3320.3,6923
2025-05-28 05:00:00,3320.2,3324.5,3319.3,3323.3,3893
2025-05-28 06:00:00,3323.5,3323.9,3310.9,3311.9,4625
2025-05-28 07:00:00,3312.0,3314.1,3306.3,3310.6,5542
2025-05-28 08:00:00,3310.3,3313.5,3304.4,3310.9,7845
2025-05-28 09:00:00,3310.8,3315.5,3295.2,3303.9,12770
2025-05-28 10:00:00,3304.4,3308.3,3298.9,3301.3,14977
2025-05-28 11:00:00,3301.4,3301.5,3291.1,3294.3,9918
2025-05-28 12:00:00,3294.7,3297.5,3286.1,3291.3,5988
2025-05-28 13:00:00,3291.5,3297.3,3289.5,3294.9,6158
2025-05-28 14:00:00,3295.1,3301.0,3294.7,3299.6,1611
2025-05-28 15:00:00,3300.0,3300.9,3291.5,3294.6,2740
2025-05-28 16:00:00,3294.5,3295.1,3273.5,3284.4,0
2025-05-28 18:00:00,3283.7,3290.3,3272.0,3282.6,480
2025-05-28 19:00:00,3283.1,3284.1,3244.0,3255.4,1490
2025-05-28 20:00:00,3255.3,3265.1,3249.7,3261.1,744
2025-05-28 21:00:00,3261.2,3261.2,3242.4,3260.3,1126
2025-05-28 22:00:00,3260.0,3272.4,3258.1,3268.7,885
2025-05-28 23:00:00,3267.1,3276.6,3266.3,3271.4,466
2025-05-29 00:00:00,3271.7,3272.7,3266.4,3266.5,194
2025-05-29 01:00:00,3266.7,3269.6,3263.3,3269.6,162
2025-05-29 02:00:00,3271.9,3271.9,3265.1,3267.9,592
2025-05-29 03:00:00,3268.7,3311.7,3268.6,3310.7,85595
2025-05-29 04:00:00,3310.8,3314.1,3276.6,3306.3,5749
2025-05-29 05:00:00,3305.9,3307.2,3273.8,3306.2,3757
2025-05-29 06:00:00,3306.3,3325.2,3280.1,3321.5,11620
2025-05-29 07:00:00,3321.3,3330.6,3294.0,3324.2,8966
2025-05-29 08:00:00,3324.6,3342.3,3299.0,3341.3,16136
2025-05-29 09:00:00,3341.5,3347.2,3308.9,3337.3,21602
2025-05-29 10:00:00,3337.5,3344.7,3305.6,3334.7,17814
2025-05-29 11:00:00,3334.9,3346.8,3334.1,3346.2,10063
2025-05-29 12:00:00,3346.2,3356.3,3344.3,3347.1,14717
2025-05-29 13:00:00,3347.1,3349.3,3342.5,3349.0,11174
2025-05-29 14:00:00,3349.0,3350.5,3342.2,3345.5,6104
2025-05-29 15:00:00,3345.5,3345.7,3339.5,3340.6,4017
2025-05-29 16:00:00,3340.5,3342.7,3339.2,3342.6,1585
2025-05-29 18:00:00,3343.2,3345.3,3336.8,3337.4,0
2025-05-29 19:00:00,3337.7,3340.7,3336.3,3339.0,2166
2025-05-29 20:00:00,3338.8,3342.3,3332.8,3335.9,3959
2025-05-29 21:00:00,3335.8,3347.0,3332.2,3334.1,7990
2025-05-29 22:00:00,3333.9,3336.4,3318.3,3320.5,9166
2025-05-29 23:00:00,3320.4,3325.9,3314.7,3318.2,5885
2025-05-30 00:00:00,3317.7,3320.3,3314.6,3319.5,3106
2025-05-30 01:00:00,3319.5,3328.4,3313.7,3327.3,6741
2025-05-30 02:00:00,3327.0,3327.8,3314.1,3325.5,6612
2025-05-30 03:00:00,3325.4,3325.4,3311.3,3319.2,6675
2025-05-30 04:00:00,3318.7,3323.5,3315.6,3320.0,4418
2025-05-30 05:00:00,3319.9,3323.7,3318.3,3320.0,4283
2025-05-30 06:00:00,3319.8,3324.8,3316.7,3319.3,3703
2025-05-30 07:00:00,3319.3,3321.5,3311.4,3318.2,6166
2025-05-30 08:00:00,3318.4,3331.5,3306.8,3328.8,25376
2025-05-30 09:00:00,3328.5,3332.9,3298.9,3300.6,22148
2025-05-30 10:00:00,3300.6,3311.3,3294.8,3306.6,17857
2025-05-30 11:00:00,3306.6,3317.2,3299.7,3312.6,18264
2025-05-30 12:00:00,3312.8,3320.2,3307.6,3317.5,10361
2025-05-30 13:00:00,3317.7,3319.0,3313.8,3315.2,6443
2025-05-30 14:00:00,3315.2,3319.3,3315.2,3318.1,2738
2025-05-30 15:00:00,3317.9,3319.4,3315.3,3318.7,3413
2025-05-30 16:00:00,3318.6,3319.7,3312.7,3313.1,3005
2025-06-01 18:00:00,3323.0,3338.7,3319.4,3336.4,6358
2025-06-01 19:00:00,3336.4,3339.9,3332.7,3333.3,2975
2025-06-01 20:00:00,3333.2,3338.7,3326.2,3334.5,5133
2025-06-01 21:00:00,3334.7,3337.1,3324.3,3326.6,4815
2025-06-01 22:00:00,3326.6,3335.4,3326.4,3330.5,3509
2025-06-01 23:00:00,3330.4,3332.4,3326.5,3332.1,2657
2025-06-02 00:00:00,3332.6,3341.9,3332.6,3337.7,4069
2025-06-02 01:00:00,3337.6,3350.0,3337.6,3347.8,6397
2025-06-02 02:00:00,3347.9,3369.9,3347.6,3368.9,12001
2025-06-02 03:00:00,3369.0,3384.0,3367.7,3377.2,14244
2025-06-02 04:00:00,3377.2,3381.2,3374.7,3376.5,5794
2025-06-02 05:00:00,3376.6,3376.9,3369.0,3372.7,6489
2025-06-02 06:00:00,3372.9,3376.3,3368.8,3373.3,8079
2025-06-02 07:00:00,3373.3,3385.6,3370.4,3381.2,9826
2025-06-02 08:00:00,3380.9,3388.9,3378.7,3380.1,10622
2025-06-02 09:00:00,3380.1,3401.3,3374.5,3395.8,17727
2025-06-02 10:00:00,3396.1,3404.2,3391.8,3400.6,16444
2025-06-02 11:00:00,3400.5,3403.5,3393.0,3399.1,9410
2025-06-02 12:00:00,3399.3,3404.7,3394.3,3396.9,6996
2025-06-02 13:00:00,3396.9,3400.9,3396.2,3399.2,7499
2025-06-02 14:00:00,3399.4,3405.4,3395.8,3404.4,6976
2025-06-02 15:00:00,3404.3,3407.3,3403.0,3406.3,3960
2025-06-02 16:00:00,3406.3,3408.1,3403.3,3406.4,3495
2025-06-02 18:00:00,3406.5,3416.6,3406.5,3414.8,0
2025-06-02 19:00:00,3414.8,3417.8,3408.3,3412.8,3304
2025-06-02 20:00:00,3412.5,3414.2,3398.5,3401.3,6727
2025-06-02 21:00:00,3401.2,3401.3,3387.8,3397.3,12236
2025-06-02 22:00:00,3397.3,3403.0,3389.0,3393.6,7162
2025-06-02 23:00:00,3393.2,3394.1,3384.2,3387.1,5567
2025-06-03 00:00:00,3385.7,3389.8,3383.4,3386.9,3318
2025-06-03 01:00:00,3387.1,3392.8,3381.1,3389.8,5783
2025-06-03 02:00:00,3389.9,3392.1,3375.6,3383.2,10081
2025-06-03 03:00:00,3382.7,3385.5,3376.7,3384.6,7099
2025-06-03 04:00:00,3384.7,3389.8,3384.3,3385.5,4852
2025-06-03 05:00:00,3385.5,3387.0,3379.9,3381.2,4084
2025-06-03 06:00:00,3381.5,3383.1,3379.1,3379.9,2815
2025-06-03 07:00:00,3380.1,3384.8,3377.7,3383.3,3736
2025-06-03 08:00:00,3383.5,3387.2,3371.0,3383.6,13812
2025-06-03 09:00:00,3383.7,3387.0,3364.5,3370.4,18013
2025-06-03 10:00:00,3369.8,3374.6,3357.2,3370.5,22917
2025-06-03 11:00:00,3370.4,3375.5,3368.0,3374.0,8897
2025-06-03 12:00:00,3374.0,3377.4,3367.9,3372.3,6463
2025-06-03 13:00:00,3372.3,3378.7,3371.0,3377.6,5261
2025-06-03 14:00:00,3377.6,3378.2,3374.6,3377.6,2699
2025-06-03 15:00:00,3377.8,3379.8,3374.9,3376.4,2161
2025-06-03 16:00:00,3376.4,3379.3,3376.2,3376.9,1467
2025-06-03 18:00:00,3377.8,3382.5,3377.2,3381.2,0
2025-06-03 19:00:00,3381.0,3386.1,3378.6,3384.5,2769
2025-06-03 20:00:00,3384.4,3384.7,3373.1,3373.6,6770
2025-06-03 21:00:00,3373.6,3396.7,3369.7,3395.2,9744
2025-06-03 22:00:00,3395.1,3397.1,3386.8,3389.4,5230
2025-06-03 23:00:00,3389.5,3391.2,3382.1,3383.7,3485
2025-06-04 00:00:00,3383.5,3385.7,3375.9,3378.4,4408
2025-06-04 01:00:00,3378.4,3380.3,3372.0,3374.7,5667
2025-06-04 02:00:00,3374.5,3382.2,3372.5,3379.6,4546
2025-06-04 03:00:00,3379.7,3387.1,3377.2,3378.0,6011
2025-06-04 04:00:00,3378.0,3388.0,3375.1,3386.5,5349
2025-06-04 05:00:00,3386.5,3389.0,3383.3,3387.1,4510
2025-06-04 06:00:00,3386.7,3388.4,3370.5,3374.6,7119
2025-06-04 07:00:00,3374.6,3376.2,3366.9,3370.5,8475
2025-06-04 08:00:00,3370.5,3385.4,3368.2,3383.0,18033
2025-06-04 09:00:00,3383.2,3387.2,3375.2,3376.8,13849
2025-06-04 10:00:00,3376.9,3409.7,3375.1,3401.5,27176
2025-06-04 11:00:00,3401.5,3403.3,3394.5,3396.3,10199
2025-06-04 12:00:00,3396.5,3400.5,3395.4,3399.4,5004
2025-06-04 13:00:00,3399.3,3405.5,3397.3,3403.7,5660
2025-06-04 14:00:00,3403.8,3406.8,3399.6,3400.7,3424
2025-06-04 15:00:00,3400.8,3400.9,3396.3,3397.3,3486
2025-06-04 16:00:00,3397.2,3399.3,3394.4,3397.4,2450
2025-06-04 18:00:00,3398.0,3399.5,3395.8,3397.2,0
2025-06-04 19:00:00,3397.3,3402.7,3396.0,3401.6,1981
2025-06-04 20:00:00,3401.7,3405.2,3395.5,3403.5,5345
2025-06-04 21:00:00,3403.5,3407.7,3394.1,3397.3,6975
2025-06-04 22:00:00,3397.1,3398.8,3391.1,3393.7,4281
2025-06-04 23:00:00,3393.9,3400.5,3392.7,3393.6,3321
2025-06-05 00:00:00,3393.1,3395.9,3386.9,3391.6,4858
2025-06-05 01:00:00,3391.6,3393.4,3384.5,3387.3,4769
2025-06-05 02:00:00,3387.5,3393.6,3386.8,3389.3,3902
2025-06-05 03:00:00,3390.1,3398.0,3389.1,3394.8,5074
2025-06-05 04:00:00,3394.8,3400.4,3393.3,3398.8,3235
2025-06-05 05:00:00,3398.7,3415.3,3397.5,3413.5,13965
2025-06-05 06:00:00,3413.3,3424.7,3411.8,3424.1,10779
2025-06-05 07:00:00,3424.0,3427.7,3416.3,3416.6,11866
2025-06-05 08:00:00,3416.8,3425.0,3400.5,3405.1,19396
2025-06-05 09:00:00,3405.7,3412.6,3394.8,3401.9,26339
2025-06-05 10:00:00,3401.9,3407.3,3387.1,3391.0,27934
2025-06-05 11:00:00,3390.9,3396.4,3362.3,3368.1,29296
2025-06-05 12:00:00,3367.7,3379.4,3362.8,3376.8,13511
2025-06-05 13:00:00,3377.1,3377.8,3371.7,3376.9,6630
2025-06-05 14:00:00,3376.9,3379.2,3373.1,3376.6,3891
2025-06-05 15:00:00,3376.6,3383.4,3376.0,3380.5,8749
2025-06-05 16:00:00,3380.4,3381.5,3375.8,3376.1,2311
2025-06-05 18:00:00,3377.4,3386.3,3375.9,3381.5,0
2025-06-05 19:00:00,3381.4,3385.2,3379.6,3384.6,2035
2025-06-05 20:00:00,3384.4,3387.0,3379.8,3381.7,3825
2025-06-05 21:00:00,3381.5,3392.0,3377.9,3386.9,6155
2025-06-05 22:00:00,3386.9,3389.4,3385.0,3386.7,2808
2025-06-05 23:00:00,3386.7,3394.5,3381.7,3392.4,4297
2025-06-06 00:00:00,3392.3,3397.3,3391.6,3396.3,4006
2025-06-06 01:00:00,3396.0,3398.3,3385.6,3389.5,5820
2025-06-06 02:00:00,3389.4,3390.6,3379.4,3384.0,6143
2025-06-06 03:00:00,3384.0,3385.3,3375.3,3382.7,5882
2025-06-06 04:00:00,3382.6,3391.0,3381.5,3388.5,4926
2025-06-06 05:00:00,3388.5,3388.5,3375.0,3379.8,4914
2025-06-06 06:00:00,3380.0,3384.0,3379.2,3383.6,2796
2025-06-06 07:00:00,3383.6,3387.5,3381.3,3381.7,4719
2025-06-06 08:00:00,3381.5,3387.3,3365.6,3376.2,20861
2025-06-06 09:00:00,3375.7,3384.3,3364.8,3365.6,21687
2025-06-06 10:00:00,3365.4,3367.8,3338.5,3348.8,34944
2025-06-06 11:00:00,3348.7,3359.2,3345.7,3354.6,11233
2025-06-06 12:00:00,3354.5,3355.2,3342.9,3344.9,8343
2025-06-06 13:00:00,3345.2,3349.1,3343.6,3345.9,8291
2025-06-06 14:00:00,3346.2,3346.4,3336.1,3339.8,6350
2025-06-06 15:00:00,3340.0,3341.2,3333.1,3334.4,5587
2025-06-06 16:00:00,3334.3,3334.8,3328.8,3331.0,4284
2025-06-08 18:00:00,3333.4,3341.0,3329.0,3334.6,3880
2025-06-08 19:00:00,3334.5,3338.9,3333.6,3338.4,2136
2025-06-08 20:00:00,3338.5,3339.0,3317.5,3325.3,9662
2025-06-08 21:00:00,3325.5,3329.3,3314.5,3315.5,7104
2025-06-08 22:00:00,3315.9,3327.5,3313.1,3325.3,6260
2025-06-08 23:00:00,3325.3,3331.9,3323.7,3330.3,4290
2025-06-09 00:00:00,3330.7,3333.4,3329.0,3331.8,3055
2025-06-09 01:00:00,3331.9,3336.9,3329.5,3335.1,3555
2025-06-09 02:00:00,3335.0,3345.8,3332.7,3345.2,6099
2025-06-09 03:00:00,3344.9,3349.8,3341.6,3345.2,6596
2025-06-09 04:00:00,3345.3,3346.7,3340.5,3340.5,5056
2025-06-09 05:00:00,3340.6,3344.4,3337.6,3339.6,4578
2025-06-09 06:00:00,3339.5,3340.7,3333.0,3335.7,4185
2025-06-09 07:00:00,3335.7,3342.4,3334.4,3338.4,5572
2025-06-09 08:00:00,3338.6,3343.4,3333.7,3341.4,6982
2025-06-09 09:00:00,3341.2,3342.5,3331.5,3340.1,13987
2025-06-09 10:00:00,3339.9,3347.9,3336.9,3341.7,13284
2025-06-09 11:00:00,3341.8,3353.5,3341.1,3349.8,10036
2025-06-09 12:00:00,3349.7,3358.7,3348.5,3358.4,8221
2025-06-09 13:00:00,3358.5,3359.0,3353.4,3354.0,6270
2025-06-09 14:00:00,3354.0,3357.7,3353.4,3354.0,2536
2025-06-09 15:00:00,3353.9,3356.3,3346.9,3348.2,3759
2025-06-09 16:00:00,3348.4,3350.7,3346.1,3346.7,0
2025-06-09 18:00:00,3346.3,3354.9,3341.6,3344.1,2352
2025-06-09 19:00:00,3344.7,3354.9,3344.1,3346.6,1532
2025-06-09 20:00:00,3346.6,3346.6,3333.8,3336.1,7002
2025-06-09 21:00:00,3336.2,3339.7,3322.6,3326.2,8806
2025-06-09 22:00:00,3325.8,3330.0,3321.3,3329.1,5850
2025-06-09 23:00:00,3328.8,3330.2,3324.7,3329.2,2796
2025-06-10 00:00:00,3327.5,3328.5,3322.4,3326.8,2830
2025-06-10 01:00:00,3326.8,3339.4,3326.1,3337.9,8661
2025-06-10 02:00:00,3337.9,3351.5,3335.6,3345.2,11412
2025-06-10 03:00:00,3345.1,3352.9,3344.3,3349.9,8392
2025-06-10 04:00:00,3350.6,3355.8,3346.4,3350.0,6449
2025-06-10 05:00:00,3349.9,3352.4,3347.9,3350.5,3353
2025-06-10 06:00:00,3350.6,3357.2,3349.2,3356.2,3504
2025-06-10 07:00:00,3356.2,3363.6,3352.9,3354.4,8054
2025-06-10 08:00:00,3354.6,3361.3,3350.3,3358.1,9901
2025-06-10 09:00:00,3358.2,3370.4,3356.5,3364.6,13690
2025-06-10 10:00:00,3364.6,3364.9,3347.3,3349.4,16910
2025-06-10 11:00:00,3346.7,3350.4,3344.1,3347.7,11056
2025-06-10 12:00:00,3347.5,3348.8,3340.8,3342.1,5895
2025-06-10 13:00:00,3342.5,3346.4,3341.1,3345.8,7042
2025-06-10 14:00:00,3345.9,3346.3,3340.1,3342.5,3557
2025-06-10 15:00:00,3342.6,3355.6,3342.2,3349.9,4975
2025-06-10 16:00:00,3350.1,3350.3,3343.6,3344.8,1875
2025-06-10 18:00:00,3344.3,3347.7,3341.4,3344.5,0
2025-06-10 19:00:00,3344.7,3348.6,3335.4,3348.5,5904
2025-06-10 20:00:00,3348.6,3356.4,3345.1,3353.2,4859
2025-06-10 21:00:00,3353.3,3358.6,3348.6,3349.5,4905
2025-06-10 22:00:00,3349.4,3360.8,3347.9,3359.2,4542
2025-06-10 23:00:00,3359.4,3363.2,3357.2,3361.0,4096
2025-06-11 00:00:00,3360.7,3364.4,3358.4,3363.1,4154
2025-06-11 01:00:00,3363.2,3364.8,3356.2,3360.5,5398
2025-06-11 02:00:00,3360.6,3361.3,3353.2,3358.1,4867
2025-06-11 03:00:00,3358.0,3369.7,3355.6,3366.6,7486
2025-06-11 04:00:00,3366.4,3367.8,3363.5,3365.5,3566
2025-06-11 05:00:00,3365.5,3365.7,3352.7,3354.7,8594
2025-06-11 06:00:00,3354.7,3357.3,3348.1,3350.4,4718
2025-06-11 07:00:00,3350.4,3355.8,3345.7,3353.8,6666
2025-06-11 08:00:00,3353.8,3382.3,3347.8,3357.3,33191
2025-06-11 09:00:00,3357.3,3365.6,3347.5,3350.7,21690
2025-06-11 10:00:00,3350.5,3361.4,3349.2,3358.8,15021
2025-06-11 11:00:00,3358.8,3363.1,3350.0,3353.7,10821
2025-06-11 12:00:00,3353.9,3355.2,3348.7,3351.0,6029
2025-06-11 13:00:00,3351.0,3352.1,3339.4,3344.5,12355
2025-06-11 14:00:00,3344.7,3368.4,3344.0,3364.3,18460
2025-06-11 15:00:00,3364.5,3370.2,3362.7,3367.9,5183
2025-06-11 16:00:00,3368.0,3376.6,3367.8,3376.0,4020
2025-06-11 18:00:00,3377.5,3390.3,3376.3,3389.4,0
2025-06-11 19:00:00,3389.5,3394.0,3377.6,3385.8,7423
2025-06-11 20:00:00,3386.0,3391.9,3382.5,3386.4,6761
2025-06-11 21:00:00,3386.4,3397.1,3382.7,3391.6,8530
2025-06-11 22:00:00,3391.3,3398.4,3389.3,3394.9,7404
2025-06-11 23:00:00,3394.9,3396.9,3391.5,3393.9,3108
2025-06-12 00:00:00,3393.4,3394.0,3389.5,3390.8,2245
2025-06-12 01:00:00,3390.6,3396.5,3388.0,3394.8,3955
2025-06-12 02:00:00,3394.9,3395.7,3385.1,3395.0,6701
2025-06-12 03:00:00,3395.1,3395.4,3358.5,3366.6,18146
2025-06-12 04:00:00,3366.8,3380.8,3366.7,3376.3,11074
2025-06-12 05:00:00,3376.2,3388.2,3375.0,3385.5,9377
2025-06-12 06:00:00,3385.6,3406.5,3382.5,3402.9,13817
2025-06-12 07:00:00,3402.9,3409.2,3393.5,3399.7,11467
2025-06-12 08:00:00,3399.5,3411.4,3396.7,3409.2,14277
2025-06-12 09:00:00,3409.0,3419.8,3399.9,3412.8,27187
2025-06-12 10:00:00,3412.7,3414.2,3403.4,3404.4,20511
2025-06-12 11:00:00,3404.4,3411.5,3398.1,3406.5,15770
2025-06-12 12:00:00,3406.6,3412.4,3401.7,3404.4,10628
2025-06-12 13:00:00,3404.4,3405.7,3398.7,3403.3,9378
2025-06-12 14:00:00,3403.4,3406.8,3402.3,3406.2,4016
2025-06-12 15:00:00,3406.2,3409.7,3405.0,3408.5,4108
2025-06-12 16:00:00,3408.4,3409.4,3405.5,3406.4,2039
2025-06-12 18:00:00,3406.7,3407.0,3399.6,3404.0,0
2025-06-12 19:00:00,3404.0,3417.0,3403.0,3416.4,4115
2025-06-12 20:00:00,3416.2,3442.0,3412.4,3436.4,28642
2025-06-12 21:00:00,3436.2,3455.3,3435.1,3449.0,18147
2025-06-12 22:00:00,3448.7,3466.8,3446.3,3463.8,14522
2025-06-12 23:00:00,3463.5,3467.0,3445.7,3448.2,13548
2025-06-13 00:00:00,3447.8,3452.7,3445.0,3447.3,4878
2025-06-13 01:00:00,3447.2,3450.8,3439.0,3447.2,8854
2025-06-13 02:00:00,3447.2,3450.5,3429.2,3436.9,12638
2025-06-13 03:00:00,3437.0,3439.7,3428.3,3435.5,8368
2025-06-13 04:00:00,3435.2,3446.8,3434.6,3444.7,6673
2025-06-13 05:00:00,3444.8,3447.8,3440.6,3444.7,8177
2025-06-13 06:00:00,3444.5,3448.4,3432.0,3436.0,10072
2025-06-13 07:00:00,3436.2,3443.2,3432.7,3442.1,7371
2025-06-13 08:00:00,3442.3,3458.9,3441.7,3457.1,15245
2025-06-13 09:00:00,3457.0,3468.0,3454.3,3457.6,25063
2025-06-13 10:00:00,3457.9,3460.5,3444.1,3448.4,23726
2025-06-13 11:00:00,3448.4,3450.9,3440.2,3446.3,13672
2025-06-13 12:00:00,3446.4,3451.4,3439.2,3450.7,8512
2025-06-13 13:00:00,3450.6,3453.8,3447.4,3450.6,9329
2025-06-13 14:00:00,3450.7,3459.6,3448.6,3456.5,9076
2025-06-13 15:00:00,3456.9,3458.3,3451.5,3452.1,6944
2025-06-13 16:00:00,3453.0,3455.1,3448.9,3452.6,4176
2025-06-15 18:00:00,3473.0,3476.3,3444.0,3468.7,10540
2025-06-15 19:00:00,3468.9,3470.5,3459.5,3464.0,5148
2025-06-15 20:00:00,3464.3,3471.5,3454.0,3456.5,8089
2025-06-15 21:00:00,3456.6,3462.6,3453.2,3460.6,7122
2025-06-15 22:00:00,3460.9,3465.9,3457.3,3458.0,5127
2025-06-15 23:00:00,3457.8,3459.0,3448.3,3450.7,4846
2025-06-16 00:00:00,3450.7,3452.5,3445.8,3446.5,4016
2025-06-16 01:00:00,3446.6,3449.7,3436.7,3441.2,8769
2025-06-16 02:00:00,3440.8,3440.8,3432.5,3438.0,7506
2025-06-16 03:00:00,3437.8,3439.5,3429.0,3431.8,8003
2025-06-16 04:00:00,3432.1,3437.5,3428.9,3432.9,5885
2025-06-16 05:00:00,3433.1,3438.9,3431.2,3431.6,5036
2025-06-16 06:00:00,3431.5,3440.8,3430.1,3440.5,5182
2025-06-16 07:00:00,3440.6,3442.4,3430.2,3434.6,5746
2025-06-16 08:00:00,3434.8,3437.5,3430.3,3435.3,6181
2025-06-16 09:00:00,3435.2,3438.1,3400.9,3407.3,31435
2025-06-16 10:00:00,3407.2,3418.9,3406.5,3416.0,20756
2025-06-16 11:00:00,3416.2,3425.4,3416.2,3423.8,11413
2025-06-16 12:00:00,3424.0,3424.7,3415.9,3418.3,6397
2025-06-16 13:00:00,3418.8,3419.4,3410.3,3412.2,6389
2025-06-16 14:00:00,3412.2,3413.8,3403.6,3404.7,5892
2025-06-16 15:00:00,3404.9,3407.4,3402.2,3402.9,6567
2025-06-16 16:00:00,3402.9,3405.1,3402.3,3404.3,2150
2025-06-16 18:00:00,3404.2,3417.3,3404.0,3414.5,0
2025-06-16 19:00:00,3414.3,3422.7,3412.3,3422.4,5677
2025-06-16 20:00:00,3422.5,3422.7,3410.4,3413.9,7454
2025-06-16 21:00:00,3413.3,3421.4,3412.3,3412.6,5018
2025-06-16 22:00:00,3412.5,3419.9,3406.6,3409.4,7006
2025-06-16 23:00:00,3409.0,3411.7,3391.3,3405.4,13376
2025-06-17 00:00:00,3406.3,3415.1,3405.6,3412.8,4562
2025-06-17 01:00:00,3413.2,3414.0,3409.3,3411.0,3290
2025-06-17 02:00:00,3410.8,3410.9,3399.2,3403.4,6254
2025-06-17 03:00:00,3403.5,3410.9,3401.2,3406.2,6260
2025-06-17 04:00:00,3406.3,3407.0,3396.0,3397.2,5925
2025-06-17 05:00:00,3397.0,3404.1,3393.7,3403.8,8630
2025-06-17 06:00:00,3404.0,3417.8,3403.6,3417.1,9536
2025-06-17 07:00:00,3417.1,3419.0,3406.6,3407.1,6726
2025-06-17 08:00:00,3407.2,3410.2,3402.1,3405.3,13293
2025-06-17 09:00:00,3405.5,3416.4,3404.4,3409.8,18517
2025-06-17 10:00:00,3409.6,3411.3,3384.4,3403.8,34844
2025-06-17 11:00:00,3403.8,3407.2,3390.0,3397.9,12912
2025-06-17 12:00:00,3398.1,3404.2,3395.3,3401.4,10707
2025-06-17 13:00:00,3401.4,3410.0,3399.6,3408.7,8675
2025-06-17 14:00:00,3408.9,3411.0,3401.0,3401.4,5594
2025-06-17 15:00:00,3401.6,3405.0,3401.1,3404.4,4797
2025-06-17 16:00:00,3404.1,3408.7,3402.0,3406.5,2138
2025-06-17 18:00:00,3409.0,3414.6,3406.9,3407.7,0
2025-06-17 19:00:00,3408.0,3409.0,3403.3,3405.5,1854
2025-06-17 20:00:00,3405.4,3407.2,3401.2,3404.0,2847
2025-06-17 21:00:00,3404.2,3407.3,3397.3,3397.7,4586
2025-06-17 22:00:00,3397.5,3398.0,3388.8,3397.9,6529
2025-06-17 23:00:00,3397.4,3409.8,3397.4,3409.6,5470
2025-06-18 00:00:00,3409.8,3419.0,3408.2,3413.7,7007
2025-06-18 01:00:00,3413.9,3414.3,3402.9,3405.1,6671
2025-06-18 02:00:00,3405.0,3405.5,3397.5,3400.7,5993
2025-06-18 03:00:00,3400.7,3404.3,3395.0,3404.0,6859
2025-06-18 04:00:00,3403.9,3406.6,3400.7,3401.5,4696
2025-06-18 05:00:00,3401.7,3403.8,3393.5,3396.6,4658
2025-06-18 06:00:00,3396.4,3400.7,3393.9,3398.4,5524
2025-06-18 07:00:00,3398.4,3405.4,3397.3,3400.4,8267
2025-06-18 08:00:00,3400.2,3408.5,3399.8,3405.5,10836
2025-06-18 09:00:00,3405.4,3415.8,3404.5,3411.1,12635
2025-06-18 10:00:00,3409.3,3409.7,3391.7,3405.7,24189
2025-06-18 11:00:00,3407.2,3411.4,3399.5,3411.0,7748
2025-06-18 12:00:00,3411.2,3413.2,3408.4,3409.5,5567
2025-06-18 13:00:00,3409.6,3409.9,3403.7,3404.5,5383
2025-06-18 14:00:00,3411.7,3414.2,3396.0,3397.1,13399
2025-06-18 15:00:00,3396.9,3397.5,3380.5,3385.3,18600
2025-06-18 16:00:00,3384.2,3387.6,3380.1,3387.3,3789
2025-06-18 18:00:00,3387.0,3396.7,3386.7,3392.0,0
2025-06-18 19:00:00,3392.0,3394.0,3387.6,3391.9,2434
2025-06-18 20:00:00,3391.7,3400.1,3391.7,3396.3,3594
2025-06-18 21:00:00,3396.3,3405.2,3391.5,3392.3,6326
2025-06-18 22:00:00,3391.9,3396.5,3391.0,3393.9,3009
2025-06-18 23:00:00,3394.1,3394.5,3386.8,3391.0,3163
2025-06-19 00:00:00,3390.6,3392.5,3389.1,3391.9,1385
2025-06-19 01:00:00,3392.1,3392.7,3376.9,3381.7,7468
2025-06-19 02:00:00,3381.5,3381.9,3363.6,3373.5,20260
2025-06-19 03:00:00,3373.5,3386.2,3367.3,3382.9,13234
2025-06-19 04:00:00,3383.0,3389.2,3379.3,3386.1,6433
2025-06-19 05:00:00,3385.8,3391.0,3379.8,3387.3,6079
2025-06-19 06:00:00,3387.5,3396.9,3386.1,3391.9,6109
2025-06-19 07:00:00,3392.0,3392.5,3387.2,3388.9,3177
2025-06-19 08:00:00,3389.0,3389.5,3380.2,3384.7,5581
2025-06-19 09:00:00,3384.8,3389.8,3376.7,3386.6,9316
2025-06-19 10:00:00,3386.3,3387.9,3378.4,3381.7,8632
2025-06-19 11:00:00,3381.8,3389.1,3381.0,3385.9,10606
2025-06-19 12:00:00,3385.7,3388.5,3382.5,3387.8,5708
2025-06-19 13:00:00,3387.9,3392.2,3382.7,3385.3,4220
2025-06-19 14:00:00,3385.0,3388.4,3383.5,3387.4,0
2025-06-19 18:00:00,3386.4,3387.2,3378.3,3382.1,133527
2025-06-19 19:00:00,3382.2,3387.0,3380.1,3385.2,2482
2025-06-19 20:00:00,3385.0,3386.8,3380.9,3384.5,2663
2025-06-19 21:00:00,3384.6,3384.7,3372.5,3372.8,5889
2025-06-19 22:00:00,3373.0,3377.0,3367.8,3368.5,5605
2025-06-19 23:00:00,3368.6,3372.8,3361.1,3371.8,8410
2025-06-20 00:00:00,3371.7,3373.7,3368.7,3370.6,3075
2025-06-20 01:00:00,3370.6,3371.3,3358.7,3360.9,6770
2025-06-20 02:00:00,3360.8,3365.4,3356.2,3361.4,8149
2025-06-20 03:00:00,3361.1,3371.6,3359.3,3363.4,6640
2025-06-20 04:00:00,3363.5,3368.6,3362.5,3367.3,3269
2025-06-20 05:00:00,3367.0,3375.6,3365.4,3371.3,5615
2025-06-20 06:00:00,3371.4,3373.9,3371.0,3371.3,2586
2025-06-20 07:00:00,3371.2,3371.7,3361.5,3362.8,7328
2025-06-20 08:00:00,3363.0,3366.6,3357.3,3360.1,11786
2025-06-20 09:00:00,3360.1,3390.1,3358.5,3386.6,21379
2025-06-20 10:00:00,3386.5,3390.8,3381.3,3385.5,15950
2025-06-20 11:00:00,3385.6,3388.1,3382.1,3385.6,6306
2025-06-20 12:00:00,3385.9,3389.7,3384.0,3387.7,4757
2025-06-20 13:00:00,3387.6,3387.9,3382.9,3383.2,4579
2025-06-20 14:00:00,3383.3,3383.8,3380.2,3382.3,3003
2025-06-20 15:00:00,3382.3,3386.4,3380.5,3381.4,4325
2025-06-20 16:00:00,3381.2,3385.0,3380.5,3384.4,3221
2025-06-22 18:00:00,3400.7,3413.8,3386.8,3394.1,11122
2025-06-22 19:00:00,3394.2,3396.0,3386.8,3388.4,3765
2025-06-22 20:00:00,3388.5,3389.3,3373.0,3381.4,8380
2025-06-22 21:00:00,3381.4,3384.0,3367.5,3371.0,8713
2025-06-22 22:00:00,3370.7,3380.3,3370.4,3376.6,4151
2025-06-22 23:00:00,3376.5,3381.6,3375.3,3378.4,3541
2025-06-23 00:00:00,3378.7,3380.3,3371.9,3373.5,2368
2025-06-23 01:00:00,3373.7,3375.8,3361.4,3371.5,6792
2025-06-23 02:00:00,3371.7,3374.6,3367.5,3372.5,4331
2025-06-23 03:00:00,3372.3,3373.9,3366.4,3372.8,4722
2025-06-23 04:00:00,3372.9,3377.8,3372.9,3377.2,4049
2025-06-23 05:00:00,3377.1,3384.6,3377.0,3382.1,5656
2025-06-23 06:00:00,3382.1,3384.0,3379.6,3383.3,2637
2025-06-23 07:00:00,3383.7,3397.9,3383.7,3395.7,9678
2025-06-23 08:00:00,3395.5,3395.8,3371.1,3375.6,13723
2025-06-23 09:00:00,3378.5,3403.6,3377.5,3396.5,22966
2025-06-23 10:00:00,3396.3,3402.5,3384.9,3402.3,20564
2025-06-23 11:00:00,3403.8,3405.9,3400.6,3403.3,9850
2025-06-23 12:00:00,3403.4,3410.1,3395.7,3405.6,14694
2025-06-23 13:00:00,3405.5,3407.8,3391.2,3397.7,13321
2025-06-23 14:00:00,3397.9,3404.3,3392.0,3393.8,6759
2025-06-23 15:00:00,3393.9,3397.5,3390.8,3391.3,4063
2025-06-23 16:00:00,3391.4,3392.6,3382.9,3384.4,3457
2025-06-23 18:00:00,3383.8,3385.0,3365.1,3370.5,0
2025-06-23 19:00:00,3370.8,3372.4,3355.5,3358.7,8915
2025-06-23 20:00:00,3358.9,3369.5,3347.0,3365.4,10276
2025-06-23 21:00:00,3365.5,3368.7,3356.5,3362.3,6639
2025-06-23 22:00:00,3362.1,3367.3,3360.1,3366.2,4934
2025-06-23 23:00:00,3366.2,3372.9,3365.6,3366.4,4221
2025-06-24 00:00:00,3366.8,3367.9,3361.2,3362.7,3212
2025-06-24 01:00:00,3362.5,3363.0,3340.6,3346.0,13367
2025-06-24 02:00:00,3346.1,3347.2,3330.7,3337.3,16335
2025-06-24 03:00:00,3338.7,3346.0,3331.0,3343.8,15247
2025-06-24 04:00:00,3343.9,3346.8,3338.5,3341.6,7540
2025-06-24 05:00:00,3341.4,3343.2,3331.7,3332.2,7286
2025-06-24 06:00:00,3332.5,3341.6,3332.3,3339.5,4914
2025-06-24 07:00:00,3339.2,3342.9,3331.7,3335.2,8173
2025-06-24 08:00:00,3335.0,3335.0,3318.0,3328.3,23700
2025-06-24 09:00:00,3328.3,3331.7,3308.3,3315.6,25579
2025-06-24 10:00:00,3316.0,3324.2,3312.0,3318.6,18910
2025-06-24 11:00:00,3314.6,3330.9,3313.7,3326.9,12476
2025-06-24 12:00:00,3327.1,3334.5,3325.1,3332.6,5747
2025-06-24 13:00:00,3332.6,3335.6,3332.0,3332.1,7675
2025-06-24 14:00:00,3332.2,3333.1,3329.8,3331.4,2709
2025-06-24 15:00:00,3331.3,3339.2,3329.9,3337.8,4917
2025-06-24 16:00:00,3337.7,3338.6,3335.7,3338.5,2037
2025-06-24 18:00:00,3338.1,3339.6,3334.6,3335.6,0
2025-06-24 19:00:00,3335.7,3338.8,3335.5,3338.0,1095
2025-06-24 20:00:00,3338.0,3343.8,3337.4,3340.6,4357
2025-06-24 21:00:00,3340.5,3349.2,3340.0,3348.8,4904
2025-06-24 22:00:00,3348.7,3349.5,3341.9,3343.8,3468
2025-06-24 23:00:00,3343.5,3346.3,3341.3,3342.3,2653
2025-06-25 00:00:00,3342.2,3343.1,3339.3,3341.3,1878
2025-06-25 01:00:00,3341.3,3347.5,3340.4,3345.4,3198
2025-06-25 02:00:00,3345.5,3347.3,3342.4,3345.8,3530
2025-06-25 03:00:00,3345.8,3351.3,3340.3,3344.5,7753
2025-06-25 04:00:00,3344.6,3346.4,3339.8,3340.5,6617
2025-06-25 05:00:00,3340.5,3340.8,3335.0,3338.7,6258
2025-06-25 06:00:00,3339.0,3343.4,3337.6,3338.1,5481
2025-06-25 07:00:00,3338.0,3343.5,3336.1,3336.7,6117
2025-06-25 08:00:00,3336.6,3343.3,3331.9,3334.4,8125
2025-06-25 09:00:00,3334.4,3335.3,3325.5,3328.2,12605
2025-06-25 10:00:00,3328.2,3340.2,3325.6,3337.5,11365
2025-06-25 11:00:00,3336.7,3340.9,3335.8,3339.2,6122
2025-06-25 12:00:00,3339.4,3349.1,3337.7,3348.6,8092
2025-06-25 13:00:00,3348.8,3349.4,3338.5,3342.2,11127
2025-06-25 14:00:00,3342.3,3345.8,3340.3,3345.6,3473
2025-06-25 15:00:00,3345.5,3350.3,3344.4,3348.2,4803
2025-06-25 16:00:00,3348.2,3349.8,3345.6,3346.4,2936
2025-06-25 18:00:00,3347.5,3348.8,3344.3,3346.3,0
2025-06-25 19:00:00,3346.3,3354.2,3346.0,3352.8,3398
2025-06-25 20:00:00,3352.9,3353.2,3345.5,3347.3,3995
2025-06-25 21:00:00,3347.5,3350.4,3342.8,3343.7,4495
2025-06-25 22:00:00,3343.7,3355.8,3342.6,3353.1,4352
2025-06-25 23:00:00,3353.5,3357.0,3350.1,3352.1,3073
2025-06-26 00:00:00,3351.6,3351.9,3347.1,3347.9,2247
2025-06-26 01:00:00,3347.7,3352.1,3346.1,3348.4,3240
2025-06-26 02:00:00,3347.9,3353.8,3344.8,3353.2,5944
2025-06-26 03:00:00,3353.2,3360.4,3353.0,3359.4,6063
2025-06-26 04:00:00,3359.4,3363.9,3357.8,3361.8,4936
2025-06-26 05:00:00,3361.8,3362.3,3351.9,3353.8,7220
2025-06-26 06:00:00,3354.2,3356.0,3351.3,3355.9,2970
2025-06-26 07:00:00,3356.6,3357.2,3344.9,3346.4,6722
2025-06-26 08:00:00,3346.5,3357.8,3337.5,3338.3,15276
2025-06-26 09:00:00,3334.2,3341.8,3322.5,3337.9,29542
2025-06-26 10:00:00,3331.8,3337.0,3324.4,3330.2,16717
2025-06-26 11:00:00,3331.4,3337.9,3331.3,3337.6,7542
2025-06-26 12:00:00,3337.7,3346.6,3336.6,3344.7,8422
2025-06-26 13:00:00,3344.6,3349.8,3344.5,3346.3,6746
2025-06-26 14:00:00,3346.4,3348.4,3344.8,3346.9,2470
2025-06-26 15:00:00,3347.1,3347.3,3341.2,3345.0,3930
2025-06-26 16:00:00,3345.1,3346.0,3341.3,3341.6,1619
2025-06-26 18:00:00,3341.3,3341.4,3332.0,3335.0,0
2025-06-26 19:00:00,3334.3,3336.8,3329.2,3331.8,2633
2025-06-26 20:00:00,3331.7,3333.0,3326.0,3331.7,4085
2025-06-26 21:00:00,3331.6,3335.1,3327.5,3329.1,4819
2025-06-26 22:00:00,3328.9,3332.9,3320.7,3321.2,6668
2025-06-26 23:00:00,3321.2,3323.2,3305.3,3306.8,10863
2025-06-27 00:00:00,3307.1,3310.0,3303.8,3306.3,7449
2025-06-27 01:00:00,3306.3,3313.1,3300.4,3309.8,10142
2025-06-27 02:00:00,3310.1,3312.5,3298.0,3307.0,10646
2025-06-27 03:00:00,3306.9,3307.4,3295.0,3296.2,8661
2025-06-27 04:00:00,3296.2,3303.0,3293.4,3301.3,7958
2025-06-27 05:00:00,3301.1,3302.3,3293.8,3294.6,6781
2025-06-27 06:00:00,3294.6,3303.3,3291.5,3297.4,6973
2025-06-27 07:00:00,3297.6,3299.8,3287.6,3292.9,9210
2025-06-27 08:00:00,3292.7,3293.7,3279.8,3281.3,22149
2025-06-27 09:00:00,3281.0,3286.4,3266.5,3286.3,34202
2025-06-27 10:00:00,3286.1,3290.2,3275.3,3284.3,21001
2025-06-27 11:00:00,3284.2,3289.1,3282.3,3286.3,9018
2025-06-27 12:00:00,3286.2,3290.4,3285.1,3289.4,6724
2025-06-27 13:00:00,3289.7,3295.0,3284.7,3289.7,8421
2025-06-27 14:00:00,3289.8,3290.7,3282.4,3288.0,5455
2025-06-27 15:00:00,3287.8,3288.7,3280.0,3282.7,3847
2025-06-27 16:00:00,3283.0,3288.0,3282.3,3286.1,2377
2025-06-29 18:00:00,3284.3,3293.9,3250.5,3274.7,11428
2025-06-29 19:00:00,3274.6,3281.9,3273.5,3274.5,4278
2025-06-29 20:00:00,3274.4,3280.5,3273.1,3275.3,3262
2025-06-29 21:00:00,3274.9,3287.2,3269.8,3285.2,7320
2025-06-29 22:00:00,3285.2,3294.8,3285.0,3291.6,6169
2025-06-29 23:00:00,3291.4,3294.2,3288.8,3289.2,2750
2025-06-30 00:00:00,3290.0,3297.6,3287.9,3296.8,2985
2025-06-30 01:00:00,3296.9,3302.3,3295.8,3299.6,4900
2025-06-30 02:00:00,3299.7,3306.6,3298.6,3303.0,4785
2025-06-30 03:00:00,3303.0,3307.8,3301.7,3304.0,4943
2025-06-30 04:00:00,3304.0,3307.9,3299.2,3300.6,4886
2025-06-30 05:00:00,3300.3,3300.3,3288.3,3299.3,9049
2025-06-30 06:00:00,3299.6,3300.7,3294.2,3295.3,2424
2025-06-30 07:00:00,3295.2,3295.5,3285.6,3289.2,6373
2025-06-30 08:00:00,3289.3,3301.1,3289.3,3293.6,7883
2025-06-30 09:00:00,3293.5,3299.1,3289.6,3296.7,9467
2025-06-30 10:00:00,3299.1,3301.5,3290.9,3299.4,9618
2025-06-30 11:00:00,3299.5,3303.0,3295.4,3301.7,7877
2025-06-30 12:00:00,3301.6,3309.6,3301.2,3309.1,8403
2025-06-30 13:00:00,3309.1,3310.9,3303.6,3305.8,7653
2025-06-30 14:00:00,3305.7,3311.8,3304.3,3310.5,3687
2025-06-30 15:00:00,3310.7,3321.6,3310.2,3320.5,8428
2025-06-30 16:00:00,3320.4,3321.3,3314.4,3315.0,2473
2025-06-30 18:00:00,3315.7,3326.0,3313.7,3323.0,0
2025-06-30 19:00:00,3323.2,3324.4,3320.3,3324.4,2652
2025-06-30 20:00:00,3324.3,3326.9,3321.7,3326.8,2574
2025-06-30 21:00:00,3326.6,3333.0,3325.8,3328.9,7243
2025-06-30 22:00:00,3328.8,3330.8,3325.6,3327.5,4427
2025-06-30 23:00:00,3327.4,3334.7,3327.0,3332.1,3153
2025-07-01 00:00:00,3332.8,3335.5,3330.6,3335.1,2700
2025-07-01 01:00:00,3335.1,3343.7,3335.1,3339.8,6958
2025-07-01 02:00:00,3340.1,3346.0,3336.0,3342.8,6885
2025-07-01 03:00:00,3342.9,3351.6,3342.3,3351.2,10704
2025-07-01 04:00:00,3351.0,3354.3,3348.7,3351.4,4683
2025-07-01 05:00:00,3351.4,3360.3,3350.1,3357.5,9078
2025-07-01 06:00:00,3357.7,3361.8,3356.2,3360.6,5729
2025-07-01 07:00:00,3360.6,3365.4,3359.0,3361.0,8296
2025-07-01 08:00:00,3361.2,3370.5,3360.5,3366.6,13784
2025-07-01 09:00:00,3366.6,3367.8,3356.6,3363.8,18376
2025-07-01 10:00:00,3364.0,3366.8,3355.5,3357.8,14793
2025-07-01 11:00:00,3355.5,3358.5,3348.7,3352.1,16226
2025-07-01 12:00:00,3352.2,3355.8,3349.7,3354.0,6667
2025-07-01 13:00:00,3353.9,3354.5,3349.1,3352.0,7777
2025-07-01 14:00:00,3352.1,3352.1,3348.9,3350.2,2471
2025-07-01 15:00:00,3350.2,3352.2,3348.7,3349.6,3413
2025-07-01 16:00:00,3349.4,3352.2,3348.2,3349.9,2088
2025-07-01 18:00:00,3350.0,3353.8,3346.3,3352.0,0
2025-07-01 19:00:00,3352.2,3352.4,3346.9,3348.6,2498
2025-07-01 20:00:00,3348.7,3354.8,3343.8,3348.9,4780
2025-07-01 21:00:00,3348.9,3352.9,3340.7,3342.0,5145
2025-07-01 22:00:00,3341.9,3348.3,3338.4,3346.8,5141
2025-07-01 23:00:00,3347.0,3351.9,3345.0,3349.7,3152
2025-07-02 00:00:00,3349.7,3351.8,3349.0,3349.8,2000
2025-07-02 01:00:00,3349.8,3354.3,3346.6,3348.8,3400
2025-07-02 02:00:00,3348.8,3349.2,3339.1,3343.3,4726
2025-07-02 03:00:00,3343.2,3347.6,3337.2,3344.8,7001
2025-07-02 04:00:00,3344.9,3348.1,3343.0,3343.8,3523
2025-07-02 05:00:00,3343.7,3352.5,3343.3,3351.6,5272
2025-07-02 06:00:00,3351.7,3356.7,3350.9,3354.9,4007
2025-07-02 07:00:00,3354.9,3358.6,3350.0,3352.6,4713
2025-07-02 08:00:00,3352.5,3361.9,3348.2,3357.4,13233
2025-07-02 09:00:00,3357.2,3357.3,3345.2,3347.6,11856
2025-07-02 10:00:00,3347.8,3354.6,3344.2,3354.1,9554
2025-07-02 11:00:00,3354.0,3354.8,3348.9,3351.5,8825
2025-07-02 12:00:00,3351.4,3360.3,3351.4,3359.5,7401
2025-07-02 13:00:00,3359.5,3361.8,3358.2,3360.2,7286
2025-07-02 14:00:00,3360.2,3366.0,3359.4,3365.5,5023
2025-07-02 15:00:00,3365.6,3370.4,3365.2,3368.5,5007
2025-07-02 16:00:00,3368.5,3371.0,3365.8,3368.7,3172
2025-07-02 18:00:00,3369.0,3376.9,3368.3,3372.9,0
2025-07-02 19:00:00,3372.7,3373.2,3359.8,3360.3,5065
2025-07-02 20:00:00,3360.4,3360.8,3354.1,3355.6,4047
2025-07-02 21:00:00,3355.6,3359.1,3352.4,3356.7,4258
2025-07-02 22:00:00,3356.8,3362.4,3356.4,3362.1,3149
2025-07-02 23:00:00,3362.1,3362.5,3356.2,3358.8,2239
2025-07-03 09:30:00,3335.0,3348.5,3332.4,3342.4,21585
2025-07-03 10:30:00,3340.7,3344.5,3333.2,3333.8,13186
2025-07-03 11:30:00,3334.0,3341.6,3332.7,3338.3,6293
2025-07-03 12:30:00,3338.3,3345.0,3335.8,3344.1,5823
2025-07-04 00:00:00,3349.3,3352.5,3349.0,3351.1,15885
2025-07-04 01:00:00,3351.1,3352.5,3348.1,3348.9,2257
2025-07-04 02:00:00,3349.0,3355.0,3348.7,3352.1,4715
2025-07-04 03:00:00,3352.3,3353.5,3345.8,3352.7,4884
2025-07-04 04:00:00,3352.6,3354.1,3350.8,3352.5,2569
2025-07-04 05:00:00,3352.5,3352.9,3343.0,3344.8,4914
2025-07-04 06:00:00,3344.5,3348.3,3341.6,3347.1,2964
2025-07-04 07:00:00,3347.0,3348.0,3344.3,3344.6,2339
2025-07-04 08:00:00,3344.5,3348.0,3341.1,3343.7,5116
2025-07-04 09:00:00,3343.7,3348.2,3342.1,3343.8,6460
2025-07-04 10:00:00,3343.6,3344.4,3340.6,3343.3,4211
2025-07-04 11:00:00,3343.2,3343.8,3340.9,3342.7,1949
2025-07-04 12:00:00,3342.7,3347.0,3342.6,3346.5,1654
2025-07-06 18:00:00,3344.5,3352.9,3342.2,3343.3,3090
2025-07-06 19:00:00,3343.4,3344.3,3335.2,3337.8,3073
2025-07-06 20:00:00,3338.0,3338.6,3330.5,3335.7,4591
2025-07-06 21:00:00,3335.7,3337.0,3315.4,3325.3,11895
2025-07-06 22:00:00,3325.6,3326.8,3314.6,3317.9,5133
2025-07-06 23:00:00,3317.9,3324.4,3316.0,3320.2,3616
2025-07-07 00:00:00,3320.4,3321.3,3313.5,3316.3,3720
2025-07-07 01:00:00,3316.5,3324.3,3315.7,3322.3,3952
2025-07-07 02:00:00,3322.4,3324.3,3317.0,3318.9,4653
2025-07-07 03:00:00,3318.7,3322.3,3309.6,3311.2,6469
2025-07-07 04:00:00,3311.1,3322.2,3310.3,3319.4,7293
2025-07-07 05:00:00,3319.3,3321.2,3315.3,3318.1,6493
2025-07-07 06:00:00,3318.2,3320.0,3304.4,3310.9,10526
2025-07-07 07:00:00,3310.9,3316.9,3308.8,3310.9,10180
2025-07-07 08:00:00,3311.1,3322.2,3309.2,3318.4,19161
2025-07-07 09:00:00,3318.3,3326.7,3315.3,3326.0,15255
2025-07-07 10:00:00,3326.2,3331.2,3322.7,3327.8,13924
2025-07-07 11:00:00,3327.7,3331.6,3325.7,3330.6,5791
2025-07-07 12:00:00,3330.7,3338.0,3329.8,3337.3,10104
2025-07-07 13:00:00,3337.5,3346.0,3337.3,3341.7,10483
2025-07-07 14:00:00,3341.3,3345.8,3337.8,3344.1,5327
2025-07-07 15:00:00,3344.3,3350.3,3344.0,3347.1,4114
2025-07-07 16:00:00,3346.9,3347.9,3345.2,3346.4,1506
2025-07-07 18:00:00,3348.9,3355.6,3348.1,3349.5,0
2025-07-07 19:00:00,3349.7,3349.8,3343.5,3344.4,2602
2025-07-07 20:00:00,3344.2,3347.1,3340.8,3344.2,3273
2025-07-07 21:00:00,3344.0,3347.1,3339.6,3344.8,4490
2025-07-07 22:00:00,3344.8,3348.1,3342.9,3344.6,3714
2025-07-07 23:00:00,3344.6,3345.7,3339.6,3341.6,2713
2025-07-08 00:00:00,3341.4,3342.9,3337.1,3339.4,2650
2025-07-08 01:00:00,3339.4,3346.5,3339.3,3344.1,3035
2025-07-08 02:00:00,3343.9,3346.1,3340.7,3345.7,3794
2025-07-08 03:00:00,3346.0,3349.5,3340.4,3343.9,6124
2025-07-08 04:00:00,3343.6,3343.7,3332.7,3333.0,9683
2025-07-08 05:00:00,3333.0,3336.2,3330.5,3331.3,6396
2025-07-08 06:00:00,3331.5,3336.5,3329.7,3333.8,2953
2025-07-08 07:00:00,3334.0,3336.9,3329.2,3334.4,5320
2025-07-08 08:00:00,3334.3,3339.2,3333.6,3337.5,8013
2025-07-08 09:00:00,3337.8,3338.1,3323.5,3324.6,22855
2025-07-08 10:00:00,3324.5,3325.4,3303.1,3305.1,34282
2025-07-08 11:00:00,3306.1,3309.1,3295.4,3307.0,23103
2025-07-08 12:00:00,3307.2,3310.4,3304.5,3309.0,13739
2025-07-08 13:00:00,3308.9,3319.6,3307.9,3315.1,28736
2025-07-08 14:00:00,3315.0,3317.1,3309.1,3313.9,6538
2025-07-08 15:00:00,3314.2,3314.9,3311.7,3312.7,2442
2025-07-08 16:00:00,3312.1,3313.0,3308.6,3311.0,2061
2025-07-08 18:00:00,3310.6,3313.0,3308.6,3310.0,0
2025-07-08 19:00:00,3310.1,3312.4,3305.2,3310.4,3389
2025-07-08 20:00:00,3310.7,3316.5,3309.9,3315.9,3680
2025-07-08 21:00:00,3315.8,3316.1,3308.0,3310.9,5791
2025-07-08 22:00:00,3310.5,3311.8,3293.3,3297.0,6818
2025-07-08 23:00:00,3296.7,3302.9,3293.4,3301.4,4843
2025-07-09 00:00:00,3301.6,3304.7,3299.3,3302.1,1959
2025-07-09 01:00:00,3302.3,3306.2,3297.3,3297.7,4359
2025-07-09 02:00:00,3297.8,3301.3,3293.5,3300.7,5655
2025-07-09 03:00:00,3300.6,3304.3,3298.2,3300.0,6248
2025-07-09 04:00:00,3300.1,3300.9,3290.2,3292.7,6347
2025-07-09 05:00:00,3292.7,3298.6,3292.1,3297.1,3944
2025-07-09 06:00:00,3297.1,3304.3,3295.9,3303.6,4263
2025-07-09 07:00:00,3303.7,3304.1,3291.1,3292.8,6428
2025-07-09 08:00:00,3292.9,3306.0,3292.9,3305.0,9873
2025-07-09 09:00:00,3305.0,3313.7,3299.9,3310.9,17199
2025-07-09 10:00:00,3309.3,3321.7,3308.7,3321.0,19149
2025-07-09 11:00:00,3320.4,3320.5,3314.9,3318.4,8525
2025-07-09 12:00:00,3318.3,3322.2,3316.5,3320.7,5572
2025-07-09 13:00:00,3320.5,3323.6,3316.8,3318.2,19174
2025-07-09 14:00:00,3318.1,3322.5,3316.3,3319.7,3950
2025-07-09 15:00:00,3320.0,3325.5,3319.3,3324.3,5102
2025-07-09 16:00:00,3324.5,3324.5,3320.4,3322.5,1905
2025-07-09 18:00:00,3322.2,3328.8,3321.4,3327.5,0
2025-07-09 19:00:00,3327.5,3327.7,3323.4,3325.4,1914
2025-07-09 20:00:00,3325.2,3330.1,3323.8,3325.6,4210
2025-07-09 21:00:00,3325.4,3334.7,3324.1,3330.5,6508
2025-07-09 22:00:00,3330.7,3332.2,3326.6,3327.6,3787
2025-07-09 23:00:00,3327.7,3329.1,3324.2,3324.4,3678
2025-07-10 00:00:00,3324.3,3330.9,3323.5,3330.4,2562
2025-07-10 01:00:00,3330.4,3333.7,3329.1,3329.7,3808
2025-07-10 02:00:00,3329.7,3336.9,3329.0,3333.7,5882
2025-07-10 03:00:00,3333.6,3338.0,3328.2,3329.4,6090
2025-07-10 04:00:00,3329.6,3338.8,3328.1,3337.2,4661
2025-07-10 05:00:00,3337.3,3338.7,3331.6,3335.2,4441
2025-07-10 06:00:00,3335.3,3337.6,3330.8,3334.2,4598
2025-07-10 07:00:00,3334.2,3339.4,3326.9,3329.2,8948
2025-07-10 08:00:00,3329.1,3335.1,3326.8,3332.9,9846
2025-07-10 09:00:00,3332.9,3339.0,3321.1,3322.1,18616
2025-07-10 10:00:00,3322.0,3330.9,3319.2,3323.7,13628
2025-07-10 11:00:00,3323.6,3330.5,3323.3,3329.8,9328
2025-07-10 12:00:00,3328.5,3329.4,3320.9,3324.2,6036
2025-07-10 13:00:00,3324.0,3327.6,3323.7,3326.4,18210
2025-07-10 14:00:00,3326.1,3330.8,3325.1,3330.3,3570
2025-07-10 15:00:00,3330.4,3334.8,3330.3,3334.0,4312
2025-07-10 16:00:00,3334.2,3334.7,3332.6,3333.0,1547
2025-07-10 18:00:00,3333.1,3335.8,3332.3,3333.4,0
2025-07-10 19:00:00,3333.3,3336.5,3332.9,3333.7,1825
2025-07-10 20:00:00,3333.6,3347.2,3333.5,3343.5,8460
2025-07-10 21:00:00,3343.6,3344.4,3335.9,3340.0,7607
2025-07-10 22:00:00,3340.1,3346.0,3338.1,3343.4,4106
2025-07-10 23:00:00,3343.6,3346.9,3342.8,3344.8,2740
2025-07-11 00:00:00,3344.6,3346.7,3340.5,3342.3,2695
2025-07-11 01:00:00,3342.6,3355.0,3342.6,3346.2,8187
2025-07-11 02:00:00,3346.2,3355.2,3342.5,3343.0,9104
2025-07-11 03:00:00,3343.1,3352.7,3341.8,3352.1,7065
2025-07-11 04:00:00,3352.3,3354.5,3342.1,3342.5,10495
2025-07-11 05:00:00,3342.8,3350.9,3342.3,3350.3,5794
2025-07-11 06:00:00,3350.7,3359.9,3350.7,3355.9,9119
2025-07-11 07:00:00,3356.0,3362.0,3353.1,3358.7,7238
2025-07-11 08:00:00,3358.9,3369.2,3355.6,3367.0,17463
2025-07-11 09:00:00,3367.1,3371.4,3361.7,3363.5,20618
2025-07-11 10:00:00,3363.8,3377.5,3362.6,3374.1,17396
2025-07-11 11:00:00,3374.2,3381.6,3371.9,3374.5,19688
2025-07-11 12:00:00,3374.4,3375.4,3367.2,3368.4,11807
2025-07-11 13:00:00,3368.3,3368.8,3363.1,3367.4,20496
2025-07-11 14:00:00,3367.5,3372.8,3367.3,3370.4,5308
2025-07-11 15:00:00,3370.6,3374.1,3370.0,3371.6,4179
2025-07-11 16:00:00,3371.7,3373.4,3368.4,3370.6,2520
2025-07-14 00:00:00,3371.2,3376.0,3369.3,3373.9,0
2025-07-14 01:00:00,3373.8,3374.5,3367.0,3370.6,3943
2025-07-14 02:00:00,3370.9,3382.0,3369.5,3381.7,5755
2025-07-14 03:00:00,3381.6,3386.2,3378.5,3382.7,8628
2025-07-14 04:00:00,3382.7,3383.4,3376.1,3376.8,4704
2025-07-14 05:00:00,3376.8,3382.4,3375.3,3381.9,4214
2025-07-14 06:00:00,3382.1,3386.4,3380.7,3382.9,5864
2025-07-14 07:00:00,3383.0,3383.9,3374.1,3374.4,6246
2025-07-14 08:00:00,3374.2,3376.7,3357.8,3358.6,17646
2025-07-14 09:00:00,3358.7,3367.0,3355.4,3363.3,14115
2025-07-14 10:00:00,3363.0,3364.2,3348.5,3351.1,22221
2025-07-14 11:00:00,3351.1,3357.4,3350.4,3352.7,14000
2025-07-14 12:00:00,3352.7,3357.1,3350.6,3355.6,9434
2025-07-14 13:00:00,3355.6,3360.1,3355.3,3359.2,18001
2025-07-14 14:00:00,3359.3,3359.8,3356.5,3357.8,3475
2025-07-14 15:00:00,3357.9,3359.2,3352.4,3353.2,5252
2025-07-14 16:00:00,3353.4,3354.5,3350.1,3352.1,1854
2025-07-14 18:00:00,3352.0,3354.1,3349.6,3354.0,0
2025-07-14 19:00:00,3353.8,3355.2,3352.1,3354.2,1133
2025-07-14 20:00:00,3354.1,3358.2,3353.6,3356.8,2258
2025-07-14 21:00:00,3356.8,3359.2,3354.6,3355.3,2762
2025-07-14 22:00:00,3355.3,3361.2,3354.8,3359.5,5693
2025-07-14 23:00:00,3359.7,3367.4,3359.4,3366.8,4217
2025-07-15 00:00:00,3367.1,3370.8,3366.9,3369.5,4554
2025-07-15 01:00:00,3369.9,3374.7,3369.9,3371.3,4379
2025-07-15 02:00:00,3371.1,3373.2,3366.5,3367.0,6213
2025-07-15 03:00:00,3367.3,3373.8,3366.3,3372.9,4685
2025-07-15 04:00:00,3372.8,3374.3,3365.4,3369.5,8699
2025-07-15 05:00:00,3369.4,3373.4,3367.5,3372.4,5165
2025-07-15 06:00:00,3372.7,3375.4,3370.4,3370.6,3728
2025-07-15 07:00:00,3370.7,3371.1,3362.8,3363.6,5625
2025-07-15 08:00:00,3363.5,3369.8,3355.0,3357.3,16939
2025-07-15 09:00:00,3357.6,3360.6,3341.5,3355.1,24821
2025-07-15 10:00:00,3355.0,3360.5,3350.6,3355.6,13147
2025-07-15 11:00:00,3355.6,3357.8,3332.5,3336.5,25985
2025-07-15 12:00:00,3336.3,3337.7,3327.3,3336.5,16880
2025-07-15 13:00:00,3336.4,3338.5,3332.4,3334.8,10083
2025-07-15 14:00:00,3334.9,3338.4,3332.5,3335.4,4011
2025-07-15 15:00:00,3336.1,3337.8,3333.1,3336.5,2779
2025-07-15 16:00:00,3337.5,3337.6,3330.1,3330.5,2209
2025-07-15 18:00:00,3330.5,3333.7,3329.4,3332.6,0
2025-07-15 19:00:00,3333.0,3338.8,3332.5,3337.7,1968
2025-07-15 20:00:00,3337.7,3339.4,3335.1,3337.0,2782
2025-07-15 21:00:00,3336.8,3340.9,3335.2,3336.9,4009
2025-07-15 22:00:00,3337.1,3337.7,3331.5,3332.5,6153
2025-07-15 23:00:00,3332.4,3341.9,3332.4,3341.3,3585
2025-07-16 00:00:00,3340.9,3345.4,3339.2,3345.1,4068
2025-07-16 01:00:00,3345.1,3346.4,3342.0,3344.5,2655
2025-07-16 02:00:00,3344.6,3348.8,3344.0,3346.1,4997
2025-07-16 03:00:00,3346.0,3346.6,3342.2,3344.6,4136
2025-07-16 04:00:00,3344.6,3349.5,3344.4,3348.8,4506
2025-07-16 05:00:00,3348.7,3349.8,3346.0,3347.1,3623
2025-07-16 06:00:00,3347.1,3347.6,3341.2,3342.3,4557
2025-07-16 07:00:00,3342.1,3347.7,3340.9,3346.4,6427
2025-07-16 08:00:00,3346.4,3348.4,3337.8,3342.0,16586
2025-07-16 09:00:00,3341.8,3346.5,3328.8,3333.9,16626
2025-07-16 10:00:00,3333.6,3350.2,3326.1,3345.4,27395
2025-07-16 11:00:00,3345.3,3385.8,3342.8,3350.4,81844
2025-07-16 12:00:00,3350.5,3363.0,3346.0,3356.1,17618
2025-07-16 13:00:00,3356.0,3364.5,3355.7,3362.1,7979
2025-07-16 14:00:00,3362.0,3364.6,3356.3,3357.4,4417
2025-07-16 15:00:00,3356.8,3357.2,3353.3,3354.3,3721
2025-07-16 16:00:00,3354.5,3356.4,3353.4,3354.2,1587
2025-07-16 18:00:00,3354.7,3358.2,3353.9,3355.4,0
2025-07-16 19:00:00,3355.3,3356.2,3350.6,3352.0,1403
2025-07-16 20:00:00,3351.7,3352.8,3345.5,3346.6,3216
2025-07-16 21:00:00,3346.6,3350.7,3342.7,3350.2,4361
2025-07-16 22:00:00,3350.1,3351.0,3343.5,3347.3,4243
2025-07-16 23:00:00,3347.3,3348.8,3342.5,3347.7,2878
2025-07-17 00:00:00,3347.5,3351.0,3344.6,3349.0,2250
2025-07-17 01:00:00,3348.9,3349.1,3342.3,3345.4,4383
2025-07-17 02:00:00,3345.5,3346.0,3334.3,3341.3,9936
2025-07-17 03:00:00,3341.2,3341.8,3330.3,3331.4,7829
2025-07-17 04:00:00,3331.4,3337.6,3331.1,3334.0,5176
2025-07-17 05:00:00,3333.9,3337.8,3330.4,3331.2,4318
2025-07-17 06:00:00,3331.4,3337.0,3330.0,3331.0,5271
2025-07-17 07:00:00,3330.9,3334.2,3327.5,3329.5,7459
2025-07-17 08:00:00,3329.5,3333.9,3314.3,3318.2,29361
2025-07-17 09:00:00,3318.1,3326.7,3316.1,3323.7,20566
2025-07-17 10:00:00,3323.6,3341.2,3323.3,3340.0,14324
2025-07-17 11:00:00,3340.0,3343.9,3336.7,3342.3,9485
2025-07-17 12:00:00,3342.4,3345.5,3340.6,3344.1,7972
2025-07-17 13:00:00,3344.2,3346.5,3341.6,3342.8,7134
2025-07-17 14:00:00,3342.9,3344.3,3340.9,3343.8,2073
2025-07-17 15:00:00,3343.9,3346.2,3343.4,3345.2,2314
2025-07-17 16:00:00,3345.5,3345.8,3343.0,3345.4,1276
2025-07-17 18:00:00,3347.5,3350.2,3344.5,3349.1,0
2025-07-17 19:00:00,3349.3,3349.6,3345.0,3345.6,1285
2025-07-17 20:00:00,3345.7,3347.1,3343.3,3345.2,1675
2025-07-17 21:00:00,3345.5,3348.9,3340.5,3343.0,3523
2025-07-17 22:00:00,3343.0,3350.3,3342.2,3343.8,4208
2025-07-17 23:00:00,3343.8,3344.6,3340.1,3341.1,2017
2025-07-18 00:00:00,3340.6,3342.7,3339.5,3342.7,2509
2025-07-18 01:00:00,3342.5,3345.8,3338.8,3338.8,3984
2025-07-18 02:00:00,3338.8,3348.6,3337.2,3347.9,5717
2025-07-18 03:00:00,3347.9,3356.2,3346.6,3355.9,5837
2025-07-18 04:00:00,3356.0,3356.6,3352.2,3352.9,4550
2025-07-18 05:00:00,3353.1,3361.0,3352.9,3358.0,5795
2025-07-18 06:00:00,3358.1,3358.6,3353.7,3357.2,4605
2025-07-18 07:00:00,3357.1,3364.3,3356.7,3360.7,6623
2025-07-18 08:00:00,3360.7,3368.0,3360.5,3366.6,10809
2025-07-18 09:00:00,3366.7,3367.2,3358.4,3362.0,11547
2025-07-18 10:00:00,3362.0,3366.0,3357.5,3361.5,8849
2025-07-18 11:00:00,3360.4,3363.0,3358.6,3360.4,6302
2025-07-18 12:00:00,3360.4,3363.9,3357.5,3360.0,6266
2025-07-18 13:00:00,3360.2,3360.2,3356.9,3358.5,5596
2025-07-18 14:00:00,3358.6,3359.7,3356.4,3357.4,2298
2025-07-18 15:00:00,3357.6,3358.9,3353.3,3354.0,3581
2025-07-18 16:00:00,3353.9,3357.6,3353.4,3355.5,2057
2025-07-20 18:00:00,3353.0,3354.6,3351.0,3354.3,1600
2025-07-20 19:00:00,3354.2,3355.5,3351.5,3355.2,1410
2025-07-20 20:00:00,3355.3,3360.7,3353.8,3358.4,3079
2025-07-20 21:00:00,3358.2,3365.2,3358.0,3362.8,4387
2025-07-20 22:00:00,3362.9,3363.9,3358.5,3360.5,2864
2025-07-20 23:00:00,3360.5,3363.2,3360.0,3361.1,1420
2025-07-21 00:00:00,3358.3,3365.0,3357.1,3364.1,3670
2025-07-21 01:00:00,3363.9,3376.9,3363.7,3374.0,12039
2025-07-21 02:00:00,3374.0,3378.3,3372.6,3375.6,6448
2025-07-21 03:00:00,3375.6,3378.2,3371.4,3372.1,5450
2025-07-21 04:00:00,3372.1,3374.5,3370.5,3373.5,5148
2025-07-21 05:00:00,3373.6,3374.4,3370.4,3373.7,3453
2025-07-21 06:00:00,3373.9,3375.8,3370.3,3373.1,3458
2025-07-21 07:00:00,3373.3,3383.4,3372.3,3383.1,8729
2025-07-21 08:00:00,3382.9,3397.1,3382.2,3395.4,22112
2025-07-21 09:00:00,3395.4,3405.7,3392.7,3400.9,27510
2025-07-21 10:00:00,3400.3,3416.5,3399.0,3413.7,27397
2025-07-21 11:00:00,3413.8,3416.9,3410.1,3411.1,17118
2025-07-21 12:00:00,3411.2,3413.1,3407.8,3409.8,8470
2025-07-21 13:00:00,3410.0,3410.1,3405.7,3407.6,7407
2025-07-21 14:00:00,3407.5,3409.3,3406.2,3408.2,3924
2025-07-21 15:00:00,3408.3,3412.4,3407.9,3409.8,4746
2025-07-21 16:00:00,3409.9,3411.5,3409.4,3410.3,2096
2025-07-21 18:00:00,3410.7,3414.8,3410.5,3412.9,0
2025-07-21 19:00:00,3413.0,3416.3,3408.4,3410.9,3751
2025-07-21 20:00:00,3411.1,3411.2,3406.6,3407.9,4687
2025-07-21 21:00:00,3408.2,3409.0,3399.6,3400.9,7712
2025-07-21 22:00:00,3400.8,3405.8,3400.2,3405.7,4142
2025-07-21 23:00:00,3405.6,3406.6,3401.9,3405.6,3654
2025-07-22 00:00:00,3405.6,3405.6,3401.0,3404.5,3506
2025-07-22 01:00:00,3404.5,3405.2,3398.6,3399.5,4234
2025-07-22 02:00:00,3399.4,3401.2,3396.6,3397.4,4734
2025-07-22 03:00:00,3397.3,3399.3,3395.4,3399.3,5439
2025-07-22 04:00:00,3399.3,3402.7,3398.0,3400.9,5607
2025-07-22 05:00:00,3400.8,3402.1,3394.9,3396.3,9221
2025-07-22 06:00:00,3396.4,3398.7,3396.1,3396.4,2514
2025-07-22 07:00:00,3396.5,3401.4,3396.0,3401.1,7407
2025-07-22 08:00:00,3401.1,3419.8,3400.7,3419.3,26415
2025-07-22 09:00:00,3419.3,3433.1,3418.1,3423.1,37840
2025-07-22 10:00:00,3423.1,3442.0,3415.7,3440.0,32704
2025-07-22 11:00:00,3439.9,3446.5,3437.6,3439.7,16061
2025-07-22 12:00:00,3441.1,3447.5,3440.3,3446.3,13390
2025-07-22 13:00:00,3446.2,3447.0,3440.0,3442.6,10776
2025-07-22 14:00:00,3442.8,3444.3,3441.0,3442.2,3912
2025-07-22 15:00:00,3442.1,3444.8,3441.5,3443.9,4299
2025-07-22 16:00:00,3443.9,3445.2,3440.6,3444.0,4299
2025-07-22 18:00:00,3444.3,3445.2,3441.3,3441.8,0
2025-07-22 19:00:00,3442.1,3446.9,3438.3,3439.4,3811
2025-07-22 20:00:00,3439.3,3451.7,3439.0,3442.2,8231
2025-07-22 21:00:00,3442.1,3443.6,3434.9,3435.1,9263
2025-07-22 22:00:00,3435.1,3438.9,3433.3,3436.9,4879
2025-07-22 23:00:00,3436.8,3442.7,3436.8,3437.5,4170
2025-07-23 00:00:00,3436.8,3438.7,3435.1,3436.7,2842
2025-07-23 01:00:00,3436.8,3436.9,3429.8,3434.0,5812
2025-07-23 02:00:00,3434.5,3438.8,3433.2,3438.0,6248
2025-07-23 03:00:00,3437.8,3443.1,3433.5,3434.3,8881
2025-07-23 04:00:00,3434.4,3440.8,3434.1,3440.3,11243
2025-07-23 05:00:00,3440.2,3445.8,3440.1,3444.2,6498
2025-07-23 06:00:00,3444.2,3444.6,3433.4,3435.2,10184
2025-07-23 07:00:00,3435.2,3442.8,3432.4,3440.5,8741
2025-07-23 08:00:00,3440.5,3442.0,3429.4,3429.9,14348
2025-07-23 09:00:00,3429.8,3430.5,3414.6,3422.7,38508
2025-07-23 10:00:00,3422.7,3430.0,3419.9,3422.9,18864
2025-07-23 11:00:00,3422.8,3425.8,3406.3,3406.3,19866
2025-07-23 12:00:00,3406.5,3406.5,3390.6,3396.2,46552
2025-07-23 13:00:00,3396.1,3404.0,3394.1,3402.3,13047
2025-07-23 14:00:00,3402.3,3405.0,3400.6,3402.7,4286
2025-07-23 15:00:00,3402.8,3405.2,3399.2,3400.4,4690
2025-07-23 16:00:00,3400.5,3400.7,3396.6,3397.5,2893
2025-07-23 18:00:00,3398.6,3401.1,3394.9,3395.3,0
2025-07-23 19:00:00,3395.3,3399.2,3394.9,3397.1,1932
2025-07-23 20:00:00,3397.2,3400.3,3395.5,3399.1,2672
2025-07-23 21:00:00,3399.2,3400.3,3389.8,3392.9,7536
2025-07-23 22:00:00,3393.0,3394.2,3385.5,3388.8,8700
2025-07-23 23:00:00,3388.9,3390.8,3379.1,3388.8,6689
2025-07-24 00:00:00,3388.5,3390.0,3385.8,3387.4,2234
2025-07-24 01:00:00,3387.5,3387.7,3380.7,3385.2,5034
2025-07-24 02:00:00,3385.3,3385.6,3376.4,3381.1,6393
2025-07-24 03:00:00,3381.1,3383.2,3370.7,3372.6,9544
2025-07-24 04:00:00,3372.6,3379.4,3370.1,3374.5,9874
2025-07-24 05:00:00,3374.2,3375.1,3366.9,3368.8,9364
2025-07-24 06:00:00,3368.8,3372.6,3367.3,3368.7,5429
2025-07-24 07:00:00,3368.9,3371.1,3365.4,3366.4,7114
2025-07-24 08:00:00,3366.3,3370.0,3356.2,3357.3,21671
2025-07-24 09:00:00,3357.4,3375.9,3355.2,3370.6,28343
2025-07-24 10:00:00,3370.6,3381.2,3369.7,3377.7,20724
2025-07-24 11:00:00,3377.5,3378.9,3374.0,3375.6,17622
2025-07-24 12:00:00,3375.6,3376.9,3369.8,3369.9,9001
2025-07-24 13:00:00,3369.8,3374.8,3369.0,3372.7,11954
2025-07-24 14:00:00,3372.7,3376.5,3370.0,3375.0,6162
2025-07-24 15:00:00,3374.9,3376.5,3373.8,3374.3,2809
2025-07-24 16:00:00,3374.4,3374.7,3370.7,3371.3,3020
2025-07-24 18:00:00,3372.1,3372.7,3367.6,3370.5,0
2025-07-24 19:00:00,3370.3,3373.7,3368.3,3371.8,1855
2025-07-24 20:00:00,3371.7,3376.6,3370.7,3375.2,2700
2025-07-24 21:00:00,3375.3,3375.8,3368.8,3372.5,3863
2025-07-24 22:00:00,3372.3,3372.5,3364.1,3364.7,4568
2025-07-24 23:00:00,3364.6,3365.2,3361.4,3361.5,4134
2025-07-25 00:00:00,3360.9,3365.6,3360.1,3363.1,3553
2025-07-25 01:00:00,3363.2,3364.7,3357.2,3360.5,4032
2025-07-25 02:00:00,3360.4,3361.7,3356.6,3361.0,7214
2025-07-25 03:00:00,3360.9,3362.3,3354.6,3356.1,6699
2025-07-25 04:00:00,3356.2,3357.7,3345.5,3347.2,9627
2025-07-25 05:00:00,3347.1,3351.4,3345.3,3348.0,6666
2025-07-25 06:00:00,3348.0,3350.1,3342.2,3344.2,6844
2025-07-25 07:00:00,3344.4,3346.5,3339.8,3342.1,7987
2025-07-25 08:00:00,3342.1,3345.8,3336.2,3341.9,16882
2025-07-25 09:00:00,3341.8,3348.7,3337.5,3345.2,22075
2025-07-25 10:00:00,3345.1,3346.4,3331.2,3333.1,26862
2025-07-25 11:00:00,3332.9,3336.3,3325.5,3328.2,25437
2025-07-25 12:00:00,3328.1,3332.0,3326.5,3330.2,8878
2025-07-25 13:00:00,3330.2,3337.6,3330.1,3336.6,9032
2025-07-25 14:00:00,3336.7,3340.4,3336.4,3339.9,4465
2025-07-25 15:00:00,3339.9,3341.2,3338.6,3339.2,4259
2025-07-25 16:00:00,3339.1,3340.0,3337.3,3338.5,2786
2025-07-27 20:00:00,3334.4,3334.9,3327.4,3333.5,2687
2025-07-27 21:00:00,3333.4,3339.3,3329.8,3331.5,5989
2025-07-27 22:00:00,3331.5,3336.6,3330.0,3335.5,2893
2025-07-27 23:00:00,3335.4,3343.0,3334.5,3342.3,2773
2025-07-28 00:00:00,3343.0,3344.0,3339.6,3339.6,2495
2025-07-28 01:00:00,3339.9,3343.9,3337.8,3343.3,2727
2025-07-28 02:00:00,3343.3,3345.4,3335.6,3339.9,5289
2025-07-28 03:00:00,3340.1,3341.9,3333.4,3334.6,5850
2025-07-28 04:00:00,3334.6,3338.5,3331.2,3335.1,7299
2025-07-28 05:00:00,3335.3,3340.8,3335.0,3337.7,7794
2025-07-28 06:00:00,3337.6,3338.6,3333.5,3336.1,6829
2025-07-28 07:00:00,3336.2,3338.1,3334.4,3336.1,4719
2025-07-28 08:00:00,3336.3,3338.1,3325.0,3328.0,13964
2025-07-28 09:00:00,3328.0,3330.4,3300.3,3300.7,29563
2025-07-28 10:00:00,3300.7,3314.2,3300.0,3306.5,23769
2025-07-28 11:00:00,3306.3,3316.3,3305.2,3314.1,10109
2025-07-28 12:00:00,3314.0,3314.1,3310.0,3311.3,6877
2025-07-28 13:00:00,3311.3,3312.7,3307.9,3309.7,9668
2025-07-28 14:00:00,3309.5,3314.9,3308.9,3312.5,5687
2025-07-28 15:00:00,3312.6,3317.4,3311.3,3316.5,4236
2025-07-28 16:00:00,3316.3,3317.9,3313.5,3314.0,3824
2025-07-28 18:00:00,3313.4,3313.8,3308.7,3311.5,0
2025-07-28 19:00:00,3311.6,3312.3,3308.3,3310.5,1565
2025-07-28 20:00:00,3310.3,3313.5,3305.8,3309.3,2172
2025-07-28 21:00:00,3309.5,3318.8,3306.3,3316.7,2706
2025-07-28 22:00:00,3316.8,3318.5,3315.8,3317.2,1275
2025-07-28 23:00:00,3317.1,3317.1,3309.3,3311.1,1504
2025-07-29 00:00:00,3311.2,3315.4,3307.4,3314.4,1342
2025-07-29 01:00:00,3314.5,3318.0,3312.2,3317.7,1572
2025-07-29 02:00:00,3317.7,3320.3,3314.1,3314.7,4150
2025-07-29 03:00:00,3314.9,3316.6,3309.3,3315.6,3976
2025-07-29 04:00:00,3315.8,3328.0,3315.3,3324.3,5448
2025-07-29 05:00:00,3323.9,3326.8,3319.2,3323.2,6464
2025-07-29 06:00:00,3323.1,3324.5,3320.3,3320.4,2237
2025-07-29 07:00:00,3320.6,3320.6,3312.8,3313.4,5298
2025-07-29 08:00:00,3313.5,3322.7,3313.5,3321.6,10284
2025-07-29 09:00:00,3321.6,3322.6,3309.9,3315.4,15594
2025-07-29 10:00:00,3315.3,3328.1,3312.5,3325.6,9766
2025-07-29 11:00:00,3325.6,3332.3,3317.3,3318.4,13646
2025-07-29 12:00:00,3318.5,3322.6,3316.3,3321.0,6910
2025-07-29 13:00:00,3321.1,3327.2,3320.7,3326.2,4972
2025-07-29 14:00:00,3326.3,3328.6,3323.4,3323.8,1614
2025-07-29 15:00:00,3324.1,3327.5,3321.3,3323.7,2288
2025-07-29 16:00:00,3323.4,3325.9,3323.3,3325.3,1481
2025-07-29 18:00:00,3325.8,3327.1,3324.8,3326.2,0
2025-07-29 19:00:00,3326.1,3326.3,3325.0,3326.3,161
2025-07-29 20:00:00,3326.1,3330.8,3325.8,3327.5,401
2025-07-29 21:00:00,3326.3,3330.7,3320.0,3321.6,580
2025-07-29 22:00:00,3321.5,3330.0,3321.5,3327.3,481
2025-07-29 23:00:00,3326.6,3327.2,3323.4,3326.4,344
2025-07-30 00:00:00,3325.2,3327.2,3323.8,3324.3,235
2025-07-30 01:00:00,3324.5,3328.0,3322.0,3322.0,345
2025-07-30 02:00:00,3321.7,3324.3,3320.1,3324.0,449
2025-07-30 03:00:00,3323.6,3386.4,3322.8,3383.0,25227
2025-07-30 04:00:00,3383.2,3388.2,3325.6,3386.9,4364
2025-07-30 05:00:00,3329.3,3389.3,3327.4,3386.6,5150
2025-07-30 06:00:00,3386.7,3387.9,3324.2,3383.0,8780
2025-07-30 07:00:00,3382.9,3386.4,3321.4,3385.4,6999
2025-07-30 08:00:00,3385.5,3386.3,3324.7,3367.1,15975
2025-07-30 09:00:00,3367.2,3369.9,3352.1,3356.9,28850
2025-07-30 10:00:00,3356.8,3362.5,3355.1,3355.9,15575
2025-07-30 11:00:00,3355.9,3357.1,3342.3,3344.4,19078
2025-07-30 12:00:00,3344.3,3352.7,3343.7,3352.2,9892
2025-07-30 13:00:00,3352.4,3355.4,3352.0,3354.9,9100
2025-07-30 14:00:00,3354.4,3358.5,3332.2,3332.3,23696
2025-07-30 15:00:00,3332.3,3334.9,3319.2,3322.1,19911
2025-07-30 16:00:00,3322.0,3328.5,3321.1,3327.9,4111
2025-07-30 18:00:00,3327.5,3331.0,3324.4,3329.9,0
2025-07-30 19:00:00,3329.6,3336.4,3328.7,3335.8,2602
2025-07-30 20:00:00,3335.8,3338.6,3332.6,3337.0,3677
2025-07-30 21:00:00,3337.0,3343.8,3335.4,3343.4,5613
2025-07-30 22:00:00,3343.7,3347.4,3340.5,3346.9,4295
2025-07-30 23:00:00,3347.1,3348.4,3343.7,3344.2,3273
2025-07-31 00:00:00,3344.4,3348.1,3343.4,3347.9,1643
2025-07-31 01:00:00,3347.8,3351.9,3344.3,3349.1,3278
2025-07-31 02:00:00,3349.1,3355.4,3347.6,3350.1,8073
2025-07-31 03:00:00,3350.2,3360.9,3348.9,3356.1,8458
2025-07-31 04:00:00,3356.2,3366.7,3355.2,3362.1,8043
2025-07-31 05:00:00,3362.1,3365.5,3357.1,3358.8,7507
2025-07-31 06:00:00,3358.5,3360.4,3345.5,3348.3,6030
2025-07-31 07:00:00,3348.5,3360.4,3347.6,3358.9,8763
2025-07-31 08:00:00,3358.7,3364.1,3356.6,3360.4,10227
2025-07-31 09:00:00,3360.4,3362.8,3352.8,3353.5,18333
2025-07-31 10:00:00,3353.4,3356.3,3344.6,3349.7,17408
2025-07-31 11:00:00,3346.5,3352.0,3343.4,3348.1,10625
2025-07-31 12:00:00,3348.0,3350.2,3342.0,3347.7,9172
2025-07-31 13:00:00,3347.7,3351.4,3346.8,3347.7,8494
2025-07-31 14:00:00,3347.7,3349.6,3345.4,3348.3,2212
2025-07-31 15:00:00,3348.2,3348.9,3342.7,3344.2,3009
2025-07-31 16:00:00,3344.2,3346.4,3341.9,3342.3,1861
2025-07-31 18:00:00,3342.7,3346.9,3340.4,3346.1,0
2025-07-31 19:00:00,3346.3,3346.3,3339.5,3340.1,2233
2025-07-31 20:00:00,3340.0,3344.4,3337.4,3340.7,3745
2025-07-31 21:00:00,3340.7,3344.2,3331.4,3333.5,5968
2025-07-31 22:00:00,3333.4,3342.2,3332.9,3341.7,4113
2025-07-31 23:00:00,3341.8,3347.7,3340.8,3341.2,3244
2025-08-01 00:00:00,3341.9,3345.8,3340.2,3343.2,3837
2025-08-01 01:00:00,3343.1,3352.0,3342.9,3348.4,3599
2025-08-01 02:00:00,3348.1,3349.3,3341.8,3343.6,4386
2025-08-01 03:00:00,3343.8,3344.7,3336.0,3337.7,5267
2025-08-01 04:00:00,3337.6,3345.2,3336.1,3345.1,4217
2025-08-01 05:00:00,3345.2,3348.3,3343.9,3346.0,4974
2025-08-01 06:00:00,3346.2,3355.3,3344.8,3350.5,5334
2025-08-01 07:00:00,3350.7,3353.7,3348.8,3352.2,5047
2025-08-01 08:00:00,3352.4,3398.6,3349.4,3394.3,43449
2025-08-01 09:00:00,3394.1,3408.4,3392.0,3395.2,39626
2025-08-01 10:00:00,3395.4,3408.6,3394.6,3399.1,25110
2025-08-01 11:00:00,3399.3,3404.0,3394.8,3401.3,14849
2025-08-01 12:00:00,3401.2,3402.0,3392.2,3399.7,12382
2025-08-01 13:00:00,3399.5,3401.6,3397.7,3400.1,8335
2025-08-01 14:00:00,3400.2,3403.8,3397.8,3400.2,5455
2025-08-01 15:00:00,3400.2,3414.5,3400.1,3410.1,11172
2025-08-01 16:00:00,3410.1,3416.9,3409.9,3416.0,4393
2025-08-03 18:00:00,3399.8,3417.8,3399.8,3412.2,2365
2025-08-03 19:00:00,3412.0,3415.0,3407.4,3414.8,2279
2025-08-03 20:00:00,3415.1,3415.3,3402.5,3404.6,3713
2025-08-03 21:00:00,3404.6,3406.2,3397.9,3405.2,5103
2025-08-03 22:00:00,3405.3,3408.2,3402.9,3406.4,3079
2025-08-03 23:00:00,3406.6,3413.3,3406.6,3412.5,4648
2025-08-04 00:00:00,3412.1,3413.8,3410.3,3410.7,2571
2025-08-04 01:00:00,3410.8,3412.7,3407.3,3409.2,2452
2025-08-04 02:00:00,3409.3,3415.3,3406.2,3415.3,5302
2025-08-04 03:00:00,3415.1,3415.2,3405.7,3408.6,6023
2025-08-04 04:00:00,3408.7,3412.8,3406.6,3411.5,3216
2025-08-04 05:00:00,3411.4,3414.7,3409.9,3411.0,3534
2025-08-04 06:00:00,3410.9,3412.2,3405.8,3410.4,3620
2025-08-04 07:00:00,3410.4,3424.3,3410.3,3424.0,7807
2025-08-04 08:00:00,3424.0,3424.5,3413.4,3420.6,10128
2025-08-04 09:00:00,3420.7,3439.5,3419.7,3437.0,22717
2025-08-04 10:00:00,3437.5,3438.6,3425.7,3427.9,13753
2025-08-04 11:00:00,3427.8,3430.0,3424.5,3428.4,8082
2025-08-04 12:00:00,3428.5,3432.4,3424.3,3424.7,7969
2025-08-04 13:00:00,3424.7,3428.5,3424.3,3428.2,5633
2025-08-04 14:00:00,3428.2,3431.4,3427.3,3430.4,2572
2025-08-04 15:00:00,3430.2,3431.9,3429.2,3430.5,2305
2025-08-04 16:00:00,3430.3,3431.4,3428.0,3428.6,1228
2025-08-04 18:00:00,3428.9,3431.6,3428.0,3429.2,0
2025-08-04 19:00:00,3429.0,3433.6,3429.0,3431.5,1737
2025-08-04 20:00:00,3431.5,3434.7,3429.6,3433.6,2160
2025-08-04 21:00:00,3433.5,3435.9,3431.3,3433.1,3236
2025-08-04 22:00:00,3433.0,3435.9,3427.8,3428.1,3866
2025-08-04 23:00:00,3428.0,3430.0,3426.2,3427.6,2704
2025-08-05 00:00:00,3426.7,3427.4,3424.8,3425.0,1758
2025-08-05 01:00:00,3424.9,3427.8,3420.9,3427.6,5559
2025-08-05 02:00:00,3427.6,3427.9,3419.4,3420.4,4600
2025-08-05 03:00:00,3420.2,3429.1,3420.2,3428.3,8284
2025-08-05 04:00:00,3428.3,3429.2,3420.4,3420.6,4573
2025-08-05 05:00:00,3420.5,3420.6,3412.5,3413.2,6895
2025-08-05 06:00:00,3413.4,3416.0,3406.5,3406.8,7386
2025-08-05 07:00:00,3406.6,3408.2,3403.3,3405.2,6368
2025-08-05 08:00:00,3405.0,3420.9,3403.4,3420.2,11443
2025-08-05 09:00:00,3420.4,3434.5,3419.8,3428.2,16729
2025-08-05 10:00:00,3428.5,3440.9,3425.0,3439.7,23959
2025-08-05 11:00:00,3439.7,3444.7,3436.9,3444.0,11928
2025-08-05 12:00:00,3444.1,3444.9,3431.3,3436.7,11468
2025-08-05 13:00:00,3436.8,3437.5,3433.4,3434.8,6768
2025-08-05 14:00:00,3434.9,3436.1,3433.2,3434.3,3787
2025-08-05 15:00:00,3434.4,3435.5,3432.3,3433.5,2474
2025-08-05 16:00:00,3433.5,3435.6,3433.2,3435.0,1442
2025-08-05 18:00:00,3434.9,3436.2,3432.4,3433.8,0
2025-08-05 19:00:00,3433.7,3438.6,3433.2,3438.1,1866
2025-08-05 20:00:00,3437.9,3440.5,3435.7,3438.3,3128
2025-08-05 21:00:00,3438.1,3438.4,3428.4,3431.4,5881
2025-08-05 22:00:00,3431.3,3433.3,3429.2,3431.3,3787
2025-08-05 23:00:00,3431.4,3433.6,3429.1,3429.7,2610
2025-08-06 00:00:00,3429.9,3431.5,3426.7,3427.0,1748
2025-08-06 01:00:00,3426.9,3429.2,3425.3,3428.7,3294
2025-08-06 02:00:00,3428.6,3433.7,3427.7,3429.9,4393
2025-08-06 03:00:00,3429.8,3432.3,3423.1,3428.4,6322
2025-08-06 04:00:00,3428.2,3429.3,3418.7,3419.1,7103
2025-08-06 05:00:00,3419.2,3422.0,3411.7,3413.1,6830
2025-08-06 06:00:00,3412.7,3420.6,3412.3,3418.5,6479
2025-08-06 07:00:00,3418.3,3422.0,3415.3,3420.0,4314
2025-08-06 08:00:00,3419.7,3424.0,3414.3,3422.0,9396
2025-08-06 09:00:00,3422.1,3429.1,3419.6,3427.0,16049
2025-08-06 10:00:00,3427.2,3435.3,3424.7,3435.3,13907
2025-08-06 11:00:00,3435.1,3438.1,3426.6,3436.2,16209
2025-08-06 12:00:00,3436.5,3438.1,3431.4,3435.5,9270
2025-08-06 13:00:00,3435.5,3438.1,3431.8,3436.3,8326
2025-08-06 14:00:00,3436.4,3437.1,3430.9,3434.7,5331
2025-08-06 15:00:00,3434.8,3435.3,3432.6,3434.0,4058
2025-08-06 16:00:00,3433.9,3434.7,3429.7,3431.8,2452
2025-08-06 18:00:00,3431.8,3436.8,3430.0,3434.7,0
2025-08-06 19:00:00,3434.7,3436.5,3432.0,3436.2,3037
2025-08-06 20:00:00,3436.3,3445.0,3432.6,3441.4,7790
2025-08-06 21:00:00,3441.4,3446.0,3438.0,3445.4,7230
2025-08-06 22:00:00,3445.5,3447.0,3440.4,3441.2,5544
2025-08-06 23:00:00,3441.4,3444.1,3438.4,3443.8,4004
2025-08-07 00:00:00,3444.0,3447.0,3443.1,3445.0,6177
2025-08-07 01:00:00,3445.1,3447.9,3438.5,3444.9,7949
2025-08-07 02:00:00,3445.0,3457.1,3444.6,3456.6,11759
2025-08-07 03:00:00,3456.8,3470.3,3454.8,3469.1,15928
2025-08-07 04:00:00,3469.2,3469.6,3445.4,3452.2,20230
2025-08-07 05:00:00,3452.2,3457.3,3447.3,3450.3,10609
2025-08-07 06:00:00,3450.4,3451.7,3443.2,3445.0,8498
2025-08-07 07:00:00,3444.8,3458.1,3443.4,3451.6,9417
2025-08-07 08:00:00,3451.7,3465.0,3449.1,3454.6,14132
2025-08-07 09:00:00,3454.7,3463.0,3450.9,3451.4,18434
2025-08-07 10:00:00,3451.4,3453.7,3436.0,3450.3,34897
2025-08-07 11:00:00,3450.1,3454.5,3446.0,3453.9,9360
2025-08-07 12:00:00,3453.9,3456.4,3451.2,3453.9,6430
2025-08-07 13:00:00,3453.8,3457.0,3450.8,3455.3,10781
2025-08-07 14:00:00,3455.5,3457.8,3451.3,3452.1,6141
2025-08-07 15:00:00,3452.3,3468.0,3451.1,3466.8,10253
2025-08-07 16:00:00,3466.9,3483.8,3465.5,3482.7,12264
2025-08-07 18:00:00,3487.9,3534.1,3479.5,3488.6,0
2025-08-07 19:00:00,3488.4,3497.5,3484.5,3496.4,5672
2025-08-07 20:00:00,3496.4,3514.9,3491.6,3510.2,14541
2025-08-07 21:00:00,3510.2,3510.5,3486.5,3488.2,16275
2025-08-07 22:00:00,3488.1,3495.5,3487.8,3488.9,6035
2025-08-07 23:00:00,3488.8,3489.9,3480.4,3489.1,9207
2025-08-08 00:00:00,3488.2,3493.5,3487.1,3492.5,4272
2025-08-08 01:00:00,3492.5,3496.2,3486.9,3487.1,5157
2025-08-08 02:00:00,3487.0,3502.0,3486.7,3498.5,9994
2025-08-08 03:00:00,3498.3,3507.1,3487.0,3492.7,16684
2025-08-08 04:00:00,3493.1,3496.8,3482.1,3482.5,9424
2025-08-08 05:00:00,3482.5,3494.6,3482.1,3494.1,6001
2025-08-08 06:00:00,3494.1,3494.1,3470.8,3472.2,9364
2025-08-08 07:00:00,3472.3,3477.3,3468.6,3475.7,7817
2025-08-08 08:00:00,3475.5,3506.5,3473.5,3481.2,32807
2025-08-08 09:00:00,3481.4,3499.0,3476.0,3495.0,22717
2025-08-08 10:00:00,3494.9,3496.2,3473.8,3492.8,20666
2025-08-08 11:00:00,3492.7,3495.3,3488.0,3492.3,10217
2025-08-08 12:00:00,3492.4,3493.2,3486.3,3488.4,9553
2025-08-08 13:00:00,3488.4,3493.3,3460.1,3464.0,12909
2025-08-08 14:00:00,3464.0,3468.1,3445.0,3453.8,42878
2025-08-08 15:00:00,3453.7,3459.7,3448.5,3456.6,12217
2025-08-08 16:00:00,3456.8,3491.3,3452.1,3491.3,6265
2025-08-10 18:00:00,3458.1,3491.3,3456.1,3460.1,4365
2025-08-10 19:00:00,3460.3,3462.0,3454.6,3455.4,2648
2025-08-10 20:00:00,3455.6,3455.6,3443.1,3443.7,6022
2025-08-10 21:00:00,3443.9,3447.5,3431.0,3442.2,10755
2025-08-10 22:00:00,3442.2,3443.3,3432.3,3440.2,6126
2025-08-10 23:00:00,3440.2,3443.8,3436.8,3440.6,3239
2025-08-11 00:00:00,3440.2,3440.8,3436.6,3437.0,2207
2025-08-11 01:00:00,3436.7,3442.7,3434.5,3439.3,4512
2025-08-11 02:00:00,3439.2,3439.5,3422.2,3425.9,11233
2025-08-11 03:00:00,3425.6,3425.9,3411.8,3415.1,14185
2025-08-11 04:00:00,3415.1,3421.1,3413.6,3419.6,9010
2025-08-11 05:00:00,3419.6,3420.3,3408.2,3409.2,10234
2025-08-11 06:00:00,3409.2,3419.9,3409.1,3413.4,7119
2025-08-11 07:00:00,3413.4,3414.2,3404.3,3410.2,11216
2025-08-11 08:00:00,3410.0,3412.5,3397.3,3411.8,18513
2025-08-11 09:00:00,3411.5,3418.7,3401.9,3415.0,17242
2025-08-11 10:00:00,3414.9,3417.6,3398.9,3403.7,17973
2025-08-11 11:00:00,3403.9,3411.7,3402.3,3409.8,12058
2025-08-11 12:00:00,3409.9,3410.3,3401.5,3403.2,9359
2025-08-11 13:00:00,3403.3,3410.0,3399.3,3409.1,23917
2025-08-11 14:00:00,3409.1,3411.0,3404.1,3406.1,5937
2025-08-11 15:00:00,3406.3,3407.0,3400.3,3402.0,4252
2025-08-11 16:00:00,3402.0,3402.7,3393.0,3393.7,4388
2025-08-11 18:00:00,3393.6,3397.6,3393.0,3397.2,0
2025-08-11 19:00:00,3397.4,3400.2,3396.7,3399.0,2103
2025-08-11 20:00:00,3398.9,3406.6,3397.5,3405.2,3836
2025-08-11 21:00:00,3405.4,3408.7,3398.0,3401.2,6249
2025-08-11 22:00:00,3401.1,3405.0,3400.8,3403.8,2741
2025-08-11 23:00:00,3404.0,3406.7,3399.6,3399.8,2739
2025-08-12 00:00:00,3400.7,3405.9,3399.7,3404.6,2812
2025-08-12 01:00:00,3404.7,3406.0,3400.7,3404.9,3174
2025-08-12 02:00:00,3405.0,3405.4,3390.6,3394.9,8123
2025-08-12 03:00:00,3395.1,3406.3,3393.0,3404.6,7745
2025-08-12 04:00:00,3404.7,3404.7,3395.0,3397.3,5425
2025-08-12 05:00:00,3397.4,3401.2,3393.6,3394.6,3762
2025-08-12 06:00:00,3394.5,3399.6,3392.5,3394.3,6769
2025-08-12 07:00:00,3394.4,3397.1,3384.4,3396.0,10087
2025-08-12 08:00:00,3395.9,3406.5,3386.6,3397.9,22546
2025-08-12 09:00:00,3397.8,3407.7,3389.2,3395.2,26781
2025-08-12 10:00:00,3395.1,3396.3,3379.1,3387.1,22693
2025-08-12 11:00:00,3386.9,3410.8,3386.5,3400.3,22483
2025-08-12 12:00:00,3400.4,3401.1,3396.2,3400.8,8648
2025-08-12 13:00:00,3400.5,3402.4,3397.2,3399.7,9285
2025-08-12 14:00:00,3399.7,3401.6,3397.8,3399.1,2886
2025-08-12 15:00:00,3398.9,3400.8,3395.7,3398.9,4408
2025-08-12 16:00:00,3398.8,3401.7,3397.1,3399.6,2033
2025-08-12 18:00:00,3399.6,3404.9,3398.8,3401.8,0
2025-08-12 19:00:00,3401.7,3403.3,3400.5,3401.4,1723
2025-08-12 20:00:00,3401.5,3401.7,3392.7,3393.6,3327
2025-08-12 21:00:00,3393.9,3402.1,3392.9,3401.3,4978
2025-08-12 22:00:00,3401.3,3405.0,3396.4,3401.7,4846
2025-08-12 23:00:00,3401.9,3402.5,3398.1,3398.8,2472
2025-08-13 00:00:00,3398.9,3401.5,3397.4,3400.8,1431
2025-08-13 01:00:00,3401.0,3401.2,3394.8,3398.8,2856
2025-08-13 02:00:00,3398.7,3407.8,3398.5,3406.9,5424
2025-08-13 03:00:00,3406.8,3410.0,3403.2,3403.6,6711
2025-08-13 04:00:00,3403.5,3413.3,3401.5,3409.6,8315
2025-08-13 05:00:00,3409.5,3416.8,3407.6,3415.5,6503
2025-08-13 06:00:00,3415.5,3417.5,3413.7,3416.6,4059
2025-08-13 07:00:00,3416.7,3417.7,3410.0,3413.5,7988
2025-08-13 08:00:00,3413.5,3414.9,3406.1,3408.0,9763
2025-08-13 09:00:00,3407.7,3415.9,3404.1,3414.9,13584
2025-08-13 10:00:00,3414.9,3422.6,3411.4,3413.7,15121
2025-08-13 11:00:00,3413.8,3414.4,3405.2,3408.6,9300
2025-08-13 12:00:00,3408.7,3411.6,3407.3,3408.5,5228
2025-08-13 13:00:00,3408.5,3410.0,3403.7,3404.7,8101
2025-08-13 14:00:00,3404.8,3405.3,3400.2,3404.3,5029
2025-08-13 15:00:00,3404.3,3409.2,3403.1,3408.0,2774
2025-08-13 16:00:00,3407.9,3408.6,3406.4,3407.0,1261
2025-08-13 18:00:00,3407.2,3408.5,3406.1,3407.3,0
2025-08-13 19:00:00,3407.3,3412.7,3407.3,3411.9,1838
2025-08-13 20:00:00,3412.0,3423.8,3412.0,3418.6,5291
2025-08-13 21:00:00,3418.3,3420.0,3414.0,3416.4,5513
2025-08-13 22:00:00,3416.3,3418.3,3410.7,3410.9,2952
2025-08-13 23:00:00,3410.9,3412.0,3403.7,3408.3,5742
2025-08-14 00:00:00,3409.6,3410.4,3406.7,3409.2,2297
2025-08-14 01:00:00,3409.1,3410.4,3404.4,3407.1,2560
2025-08-14 02:00:00,3406.9,3411.2,3403.9,3410.7,4659
2025-08-14 03:00:00,3410.8,3415.0,3392.1,3394.4,12111
2025-08-14 04:00:00,3394.2,3398.0,3389.2,3393.5,10077
2025-08-14 05:00:00,3393.6,3407.2,3392.2,3404.6,8008
2025-08-14 06:00:00,3404.8,3407.8,3400.3,3403.3,4133
2025-08-14 07:00:00,3403.4,3405.7,3400.9,3404.2,4107
2025-08-14 08:00:00,3404.0,3407.4,3390.5,3399.0,14775
2025-08-14 09:00:00,3398.9,3404.6,3391.9,3392.3,16548
2025-08-14 10:00:00,3392.1,3394.9,3381.8,3387.5,21917
2025-08-14 11:00:00,3387.7,3390.4,3382.0,3388.9,9492
2025-08-14 12:00:00,3389.1,3389.1,3375.5,3380.3,14504
2025-08-14 13:00:00,3380.3,3385.0,3377.7,3383.8,7241
2025-08-14 14:00:00,3383.9,3385.8,3382.3,3384.6,3176
2025-08-14 15:00:00,3384.5,3388.0,3384.3,3385.3,3139
2025-08-14 16:00:00,3385.3,3385.8,3381.5,3382.3,1672
2025-08-14 18:00:00,3383.2,3384.4,3378.2,3379.3,0
2025-08-14 19:00:00,3379.0,3382.2,3377.7,3381.1,1231
2025-08-14 20:00:00,3380.9,3384.1,3378.0,3382.7,2495
2025-08-14 21:00:00,3382.8,3385.4,3378.5,3384.7,3608
2025-08-14 22:00:00,3385.0,3386.1,3381.7,3385.7,2321
2025-08-14 23:00:00,3385.8,3391.2,3385.5,3389.7,2518
2025-08-15 00:00:00,3389.7,3392.8,3389.3,3391.0,3751
2025-08-15 01:00:00,3390.9,3394.8,3388.0,3389.9,3948
2025-08-15 02:00:00,3390.1,3390.2,3386.0,3386.2,3368
2025-08-15 03:00:00,3386.3,3392.8,3385.9,3392.5,5231
2025-08-15 04:00:00,3392.4,3394.6,3384.5,3387.4,6575
2025-08-15 05:00:00,3387.4,3391.2,3384.2,3389.4,4703
2025-08-15 06:00:00,3389.0,3389.2,3382.4,3383.6,4627
2025-08-15 07:00:00,3383.8,3390.4,3383.2,3388.3,4811
2025-08-15 08:00:00,3388.4,3391.0,3379.8,3389.3,12520
2025-08-15 09:00:00,3389.3,3393.1,3379.3,3382.3,14298
2025-08-15 10:00:00,3382.2,3390.1,3381.9,3387.8,10283
2025-08-15 11:00:00,3388.0,3391.4,3387.3,3388.3,7050
2025-08-15 12:00:00,3388.4,3388.4,3382.4,3384.8,6447
2025-08-15 13:00:00,3385.0,3385.7,3381.6,3382.4,5596
2025-08-15 14:00:00,3382.5,3384.6,3381.1,3381.8,3010
2025-08-15 15:00:00,3381.9,3384.6,3379.8,3383.9,3847
2025-08-15 16:00:00,3383.8,3384.2,3381.0,3382.6,1933
2025-08-17 18:00:00,3382.4,3384.5,3377.4,3379.4,1577
2025-08-17 19:00:00,3379.3,3379.3,3368.0,3371.8,5308
2025-08-17 20:00:00,3372.0,3387.7,3371.5,3385.3,5762
2025-08-17 21:00:00,3385.2,3392.9,3384.8,3392.5,4668
2025-08-17 22:00:00,3392.3,3393.5,3387.5,3388.5,2370
2025-08-17 23:00:00,3388.6,3398.0,3388.5,3392.9,4431
2025-08-18 00:00:00,3392.9,3403.4,3392.7,3402.8,3694
2025-08-18 01:00:00,3402.6,3403.6,3392.7,3395.4,5402
2025-08-18 02:00:00,3395.4,3397.0,3391.2,3394.4,4700
2025-08-18 03:00:00,3394.6,3400.9,3392.4,3393.8,5284
2025-08-18 04:00:00,3394.0,3394.9,3389.5,3393.7,4451
2025-08-18 05:00:00,3393.7,3396.5,3393.1,3393.7,5011
2025-08-18 06:00:00,3393.6,3397.0,3392.1,3392.2,4663
2025-08-18 07:00:00,3392.4,3394.7,3390.4,3391.2,2410
2025-08-18 08:00:00,3391.2,3394.9,3388.3,3389.9,6917
2025-08-18 09:00:00,3389.8,3390.1,3381.3,3382.5,12108
2025-08-18 10:00:00,3382.5,3384.5,3377.7,3379.3,12631
2025-08-18 11:00:00,3379.5,3382.0,3377.1,3380.6,7076
2025-08-18 12:00:00,3380.7,3380.8,3376.3,3378.9,5663
2025-08-18 13:00:00,3379.1,3380.7,3376.3,3379.4,4909
2025-08-18 14:00:00,3379.3,3379.5,3376.9,3377.5,1994
2025-08-18 15:00:00,3377.6,3379.2,3375.3,3378.3,3041
2025-08-18 16:00:00,3378.2,3379.0,3377.6,3378.0,1809
2025-08-18 17:00:00,3378.0,3378.0,3378.0,3378.0,1
2025-08-18 18:00:00,3378.3,3379.9,3377.7,3379.5,0
2025-08-18 19:00:00,3379.5,3379.9,3375.6,3376.1,1842
2025-08-18 20:00:00,3376.1,3383.9,3370.6,3379.3,6134
2025-08-18 21:00:00,3379.4,3380.0,3374.2,3376.7,4245
2025-08-18 22:00:00,3376.6,3381.5,3373.4,3381.3,2996
2025-08-18 23:00:00,3381.3,3384.9,3380.5,3381.1,3121
2025-08-19 00:00:00,3381.2,3382.0,3378.4,3381.6,2287
2025-08-19 01:00:00,3381.5,3385.1,3379.9,3380.3,3100
2025-08-19 02:00:00,3380.3,3382.6,3378.2,3380.1,3097
2025-08-19 03:00:00,3380.1,3386.2,3378.9,3384.8,5508
2025-08-19 04:00:00,3384.8,3385.2,3380.6,3382.4,2825
2025-08-19 05:00:00,3382.5,3383.9,3380.8,3383.7,2746
2025-08-19 06:00:00,3383.8,3389.7,3383.5,3387.9,4762
2025-08-19 07:00:00,3387.9,3389.5,3383.6,3384.4,5075
2025-08-19 08:00:00,3384.3,3385.2,3379.0,3379.4,8211
2025-08-19 09:00:00,3379.4,3383.7,3369.1,3377.9,18338
2025-08-19 10:00:00,3377.7,3381.3,3364.4,3369.3,18079
2025-08-19 11:00:00,3369.4,3370.9,3365.2,3366.5,9606
2025-08-19 12:00:00,3366.5,3368.4,3360.7,3361.1,8962
2025-08-19 13:00:00,3361.2,3364.1,3358.1,3361.1,8675
2025-08-19 14:00:00,3361.1,3363.5,3360.2,3361.7,2621
2025-08-19 15:00:00,3361.8,3362.2,3359.4,3359.8,3300
2025-08-19 16:00:00,3359.7,3360.7,3358.1,3358.9,2496
2025-08-19 18:00:00,3359.0,3360.5,3358.1,3359.3,0
2025-08-19 19:00:00,3359.1,3359.3,3355.4,3356.8,2376
2025-08-19 20:00:00,3356.5,3359.3,3355.0,3358.4,4228
2025-08-19 21:00:00,3358.2,3360.1,3353.4,3357.5,5912
2025-08-19 22:00:00,3357.3,3359.2,3354.2,3356.0,3880
2025-08-19 23:00:00,3355.9,3360.9,3355.9,3359.6,2778
2025-08-20 00:00:00,3359.9,3363.5,3359.5,3360.8,2373
2025-08-20 01:00:00,3360.8,3366.5,3360.3,3365.9,2871
2025-08-20 02:00:00,3366.0,3368.5,3364.8,3365.6,4563
2025-08-20 03:00:00,3365.6,3370.1,3364.1,3367.8,4397
2025-08-20 04:00:00,3367.7,3368.8,3363.6,3368.1,4688
2025-08-20 05:00:00,3368.0,3370.4,3366.6,3368.6,5231
2025-08-20 06:00:00,3368.5,3371.1,3366.5,3369.6,4859
2025-08-20 07:00:00,3369.6,3376.5,3369.0,3375.9,9744
2025-08-20 08:00:00,3375.9,3388.6,3375.5,3386.8,16097
2025-08-20 09:00:00,3386.8,3392.0,3382.3,3388.5,16055
2025-08-20 10:00:00,3388.5,3394.3,3383.7,3390.9,12808
2025-08-20 11:00:00,3390.9,3390.9,3382.7,3384.5,8144
2025-08-20 12:00:00,3384.5,3390.0,3384.5,3388.9,5614
2025-08-20 13:00:00,3388.6,3391.1,3387.6,3390.1,4839
2025-08-20 14:00:00,3390.2,3390.3,3387.4,3388.8,2943
2025-08-20 15:00:00,3388.6,3393.0,3388.1,3391.5,2969
2025-08-20 16:00:00,3391.5,3392.7,3390.7,3392.2,2163
2025-08-20 18:00:00,3392.2,3394.4,3391.0,3392.4,0
2025-08-20 19:00:00,3392.2,3392.3,3389.1,3389.4,1676
2025-08-20 20:00:00,3389.4,3389.4,3384.3,3385.0,2938
2025-08-20 21:00:00,3385.2,3388.9,3383.1,3385.1,3525
2025-08-20 22:00:00,3385.0,3387.6,3382.6,3387.1,3178
2025-08-20 23:00:00,3387.0,3387.3,3382.1,3382.6,2222
2025-08-21 00:00:00,3382.4,3384.0,3380.5,3380.8,1861
2025-08-21 01:00:00,3380.9,3382.9,3379.4,3381.0,2632
2025-08-21 02:00:00,3380.9,3382.2,3376.5,3378.8,4744
2025-08-21 03:00:00,3378.9,3383.7,3377.4,3381.9,3734
2025-08-21 04:00:00,3381.9,3383.9,3380.2,3382.0,3130
2025-08-21 05:00:00,3382.0,3385.1,3380.6,3383.5,4281
2025-08-21 06:00:00,3383.3,3384.4,3369.9,3371.0,7922
2025-08-21 07:00:00,3371.2,3377.1,3367.4,3376.1,6885
2025-08-21 08:00:00,3376.3,3388.0,3376.3,3384.7,15047
2025-08-21 09:00:00,3384.5,3391.2,3378.9,3382.5,15411
2025-08-21 10:00:00,3382.5,3391.9,3381.3,3387.9,13411
2025-08-21 11:00:00,3387.9,3390.3,3380.9,3387.5,10616
2025-08-21 12:00:00,3387.6,3388.0,3382.2,3383.7,4671
2025-08-21 13:00:00,3384.0,3385.9,3381.1,3381.5,4473
2025-08-21 14:00:00,3381.6,3383.7,3381.1,3383.4,2021
2025-08-21 15:00:00,3383.5,3385.9,3382.2,3383.2,2730
2025-08-21 16:00:00,3383.3,3383.7,3382.4,3383.5,905
2025-08-21 18:00:00,3383.3,3385.0,3382.4,3383.4,0
2025-08-21 19:00:00,3383.4,3384.0,3381.8,3382.6,742
2025-08-21 20:00:00,3382.5,3383.2,3379.3,3382.8,2457
2025-08-21 21:00:00,3383.0,3383.7,3377.0,3377.4,2589
2025-08-21 22:00:00,3377.6,3379.6,3375.7,3376.9,3370
2025-08-21 23:00:00,3376.8,3378.4,3374.5,3375.1,2746
2025-08-22 00:00:00,3374.9,3375.8,3370.9,3371.4,1928
2025-08-22 01:00:00,3371.4,3374.4,3370.2,3373.0,3017
2025-08-22 02:00:00,3372.9,3372.9,3367.2,3371.8,5414
2025-08-22 03:00:00,3371.7,3377.8,3367.5,3369.5,7735
2025-08-22 04:00:00,3369.5,3372.6,3367.2,3370.6,6750
2025-08-22 05:00:00,3370.7,3373.6,3369.9,3372.1,2891
2025-08-22 06:00:00,3372.1,3373.8,3370.7,3373.0,1960
2025-08-22 07:00:00,3373.0,3373.0,3369.1,3370.8,2421
2025-08-22 08:00:00,3370.8,3371.3,3362.8,3365.0,11207
2025-08-22 09:00:00,3365.0,3378.6,3364.8,3376.0,13555
2025-08-22 10:00:00,3376.1,3422.3,3376.1,3419.3,64666
2025-08-22 11:00:00,3419.4,3423.4,3411.8,3412.4,21919
2025-08-22 12:00:00,3412.5,3419.6,3412.3,3415.3,7895
2025-08-22 13:00:00,3415.3,3420.8,3415.2,3419.2,5898
2025-08-22 14:00:00,3419.2,3420.1,3416.5,3417.9,3200
2025-08-22 15:00:00,3418.1,3418.2,3414.5,3417.7,3548
2025-08-22 16:00:00,3417.6,3418.5,3415.6,3418.5,2180
2025-08-24 18:00:00,3417.6,3418.5,3411.7,3413.1,1997
2025-08-24 19:00:00,3413.1,3416.9,3412.2,3414.9,2287
2025-08-24 20:00:00,3414.8,3415.5,3408.8,3410.1,3510
2025-08-24 21:00:00,3410.2,3413.2,3405.5,3407.8,4144
2025-08-24 22:00:00,3407.9,3410.2,3405.6,3409.4,3704
2025-08-24 23:00:00,3409.4,3413.1,3409.1,3412.6,2079
2025-08-25 00:00:00,3412.4,3412.6,3408.3,3410.4,2242
2025-08-25 01:00:00,3410.4,3410.5,3407.1,3408.9,1991
2025-08-25 02:00:00,3408.7,3414.0,3408.6,3413.3,3432
2025-08-25 03:00:00,3413.4,3414.3,3410.9,3411.0,3016
2025-08-25 04:00:00,3411.1,3411.7,3408.5,3409.3,3654
2025-08-25 05:00:00,3409.1,3412.2,3406.3,3411.6,3528
2025-08-25 06:00:00,3411.6,3412.6,3409.0,3410.3,3014
2025-08-25 07:00:00,3410.1,3416.5,3409.9,3415.7,4177
2025-08-25 08:00:00,3415.7,3416.4,3408.6,3409.0,5935
2025-08-25 09:00:00,3409.1,3416.5,3406.3,3415.3,11075
2025-08-25 10:00:00,3415.3,3420.0,3413.8,3418.7,11836
2025-08-25 11:00:00,3418.6,3421.5,3416.4,3418.9,6383
2025-08-25 12:00:00,3419.0,3419.2,3416.3,3418.6,3663
2025-08-25 13:00:00,3418.7,3419.4,3415.3,3415.5,4448
2025-08-25 14:00:00,3415.6,3418.1,3414.6,3415.4,2194
2025-08-25 15:00:00,3415.4,3415.9,3410.1,3410.6,4023
2025-08-25 16:00:00,3410.7,3411.1,3409.6,3410.7,1795
2025-08-25 18:00:00,3410.8,3411.4,3407.6,3408.4,0
2025-08-25 19:00:00,3408.2,3408.2,3396.5,3399.8,5408
2025-08-25 20:00:00,3399.7,3434.7,3396.1,3431.1,21823
2025-08-25 21:00:00,3431.3,3432.6,3420.5,3424.5,9603
2025-08-25 22:00:00,3424.4,3427.8,3420.5,3423.0,4449
2025-08-25 23:00:00,3422.9,3423.1,3418.0,3420.9,3491
2025-08-26 00:00:00,3420.3,3426.5,3420.2,3424.6,3042
2025-08-26 01:00:00,3424.9,3426.6,3420.0,3424.2,3276
2025-08-26 02:00:00,3424.0,3424.4,3419.1,3422.6,3972
2025-08-26 03:00:00,3422.6,3425.3,3413.1,3423.0,8212
2025-08-26 04:00:00,3423.0,3426.4,3422.1,3422.8,3727
2025-08-26 05:00:00,3422.7,3425.4,3415.9,3419.1,7131
2025-08-26 06:00:00,3418.9,3422.0,3412.9,3418.4,4622
2025-08-26 07:00:00,3418.5,3428.3,3417.1,3425.0,8087
2025-08-26 08:00:00,3425.0,3427.7,3418.0,3418.9,8576
2025-08-26 09:00:00,3419.1,3425.4,3416.9,3422.2,13114
2025-08-26 10:00:00,3422.4,3427.8,3417.9,3427.2,14860
2025-08-26 11:00:00,3427.3,3437.5,3425.6,3435.1,14771
2025-08-26 12:00:00,3435.2,3435.7,3431.1,3432.1,9085
2025-08-26 13:00:00,3432.2,3434.7,3430.3,3430.6,6877
2025-08-26 14:00:00,3430.5,3434.1,3428.5,3433.9,4125
2025-08-26 15:00:00,3434.1,3439.1,3433.5,3437.7,5919
2025-08-26 16:00:00,3437.7,3443.3,3437.4,3443.2,3266
2025-08-26 18:00:00,3443.0,3444.3,3438.2,3440.5,0
2025-08-26 19:00:00,3440.4,3442.8,3439.6,3440.7,1260
2025-08-26 20:00:00,3440.6,3443.4,3438.3,3438.7,3673
2025-08-26 21:00:00,3438.8,3439.2,3434.6,3436.6,5220
2025-08-26 22:00:00,3436.7,3437.4,3431.7,3433.7,3332
2025-08-26 23:00:00,3433.8,3434.0,3430.4,3431.0,2254
2025-08-27 00:00:00,3430.9,3431.4,3424.9,3426.0,3986
2025-08-27 01:00:00,3426.0,3428.6,3424.3,3426.7,4747
2025-08-27 02:00:00,3426.8,3431.7,3426.2,3427.3,4962
2025-08-27 03:00:00,3427.1,3430.6,3423.0,3430.5,6164
2025-08-27 04:00:00,3430.3,3433.6,3429.3,3433.1,5039
2025-08-27 05:00:00,3433.0,3433.9,3425.7,3426.9,5236
2025-08-27 06:00:00,3426.9,3427.7,3423.3,3424.6,7890
2025-08-27 07:00:00,3424.8,3427.3,3422.2,3425.6,5481
2025-08-27 08:00:00,3425.6,3431.8,3422.9,3429.7,8280
2025-08-27 09:00:00,3429.8,3434.0,3423.7,3426.2,14409
2025-08-27 10:00:00,3426.0,3436.4,3424.3,3435.7,14488
2025-08-27 11:00:00,3435.7,3440.7,3434.2,3438.1,13467
2025-08-27 12:00:00,3438.2,3450.9,3437.6,3448.9,15849
2025-08-27 13:00:00,3448.9,3450.5,3447.0,3447.6,8590
2025-08-27 14:00:00,3447.4,3449.5,3445.0,3447.9,4366
2025-08-27 15:00:00,3447.8,3449.7,3447.0,3449.4,3208
2025-08-27 16:00:00,3449.3,3452.5,3448.3,3451.8,3052
2025-08-27 18:00:00,3452.6,3453.0,3448.2,3449.2,0
2025-08-27 19:00:00,3449.4,3453.1,3449.3,3451.0,1938
2025-08-27 20:00:00,3450.9,3453.8,3447.1,3448.3,2795
2025-08-27 21:00:00,3448.2,3448.7,3442.7,3443.6,5231
2025-08-27 22:00:00,3443.6,3447.9,3442.5,3447.9,3493
2025-08-27 23:00:00,3448.0,3448.5,3444.0,3445.1,2439
2025-08-28 00:00:00,3444.7,3447.1,3443.5,3445.1,1800
2025-08-28 01:00:00,3445.0,3446.0,3443.2,3446.0,2139
2025-08-28 02:00:00,3446.1,3453.0,3445.8,3451.5,5986
2025-08-28 03:00:00,3451.4,3452.8,3448.6,3450.8,4146
2025-08-28 04:00:00,3450.7,3457.3,3449.0,3456.9,6363
2025-08-28 05:00:00,3456.9,3457.6,3454.3,3455.2,3756
2025-08-28 06:00:00,3455.2,3455.7,3450.3,3454.7,4885
2025-08-28 07:00:00,3454.5,3465.8,3452.9,3462.0,9444
2025-08-28 08:00:00,3462.3,3467.3,3455.2,3455.9,15428
2025-08-28 09:00:00,3455.9,3468.2,3452.1,3464.8,19431
2025-08-28 10:00:00,3464.8,3471.0,3463.5,3468.9,13305
2025-08-28 11:00:00,3468.9,3469.5,3459.2,3465.8,10759
2025-08-28 12:00:00,3465.8,3476.1,3465.6,3473.4,13378
2025-08-28 13:00:00,3473.3,3477.1,3472.9,3475.9,8034
2025-08-28 14:00:00,3475.9,3478.7,3475.1,3478.3,6271
2025-08-28 15:00:00,3478.2,3478.7,3475.4,3477.6,5152
2025-08-28 16:00:00,3477.7,3478.0,3475.7,3476.9,3746
2025-08-28 18:00:00,3477.2,3477.3,3475.0,3475.7,0
2025-08-28 19:00:00,3475.7,3476.1,3475.0,3475.3,946
2025-08-28 20:00:00,3475.5,3479.6,3473.2,3473.5,4304
2025-08-28 21:00:00,3473.6,3473.7,3469.9,3472.3,4897
2025-08-28 22:00:00,3472.3,3474.6,3471.3,3471.4,2827
2025-08-28 23:00:00,3471.4,3473.1,3470.0,3470.9,1871
2025-08-29 00:00:00,3470.2,3470.6,3467.8,3469.6,2268
2025-08-29 01:00:00,3469.6,3470.9,3467.2,3470.6,2090
2025-08-29 02:00:00,3470.6,3472.2,3466.6,3469.1,3346
2025-08-29 03:00:00,3469.0,3471.7,3466.1,3471.2,5928
2025-08-29 04:00:00,3471.1,3472.6,3468.8,3470.6,4257
2025-08-29 05:00:00,3470.7,3471.4,3467.0,3467.6,4639
2025-08-29 06:00:00,3467.7,3468.1,3463.5,3464.3,4264
2025-08-29 07:00:00,3464.3,3470.4,3463.0,3469.8,4623
2025-08-29 08:00:00,3469.8,3476.2,3464.1,3475.9,10980
2025-08-29 09:00:00,3476.0,3488.3,3473.4,3488.2,16537
2025-08-29 10:00:00,3492.5,3505.5,3491.0,3504.0,37865
2025-08-29 11:00:00,3504.1,3515.3,3503.3,3512.5,20592
2025-08-29 12:00:00,3512.6,3518.0,3508.4,3517.5,15557
2025-08-29 13:00:00,3517.4,3518.5,3510.4,3512.9,13937
2025-08-29 14:00:00,3513.1,3513.7,3509.6,3509.6,5015
2025-08-29 15:00:00,3509.6,3516.7,3508.4,3516.1,7344
2025-08-29 16:00:00,3516.0,3517.6,3514.0,3516.1,4393
2025-09-02 00:00:00,3564.3,3568.0,3562.0,3565.9,77066
2025-09-02 01:00:00,3566.0,3567.3,3561.4,3561.8,3228
2025-09-02 02:00:00,3561.7,3564.4,3554.2,3555.6,7790
2025-09-02 03:00:00,3555.8,3557.7,3538.5,3541.6,12523
2025-09-02 04:00:00,3541.6,3550.8,3537.5,3545.2,9232
2025-09-02 05:00:00,3545.1,3550.3,3544.8,3546.4,5126
2025-09-02 06:00:00,3546.5,3555.2,3545.5,3555.0,7544
2025-09-02 07:00:00,3555.0,3559.0,3546.7,3558.7,6476
2025-09-02 08:00:00,3558.6,3564.1,3538.6,3548.0,21702
2025-09-02 09:00:00,3548.0,3556.1,3542.1,3552.2,22022
2025-09-02 10:00:00,3552.3,3579.8,3549.8,3574.9,35163
2025-09-02 11:00:00,3574.8,3586.3,3573.0,3586.1,20992
2025-09-02 12:00:00,3586.1,3594.0,3582.6,3593.0,17617
2025-09-02 13:00:00,3593.1,3595.0,3588.2,3594.3,11206
2025-09-02 14:00:00,3594.3,3595.8,3591.5,3593.2,6416
2025-09-02 15:00:00,3593.4,3600.8,3593.3,3597.9,8989
2025-09-02 16:00:00,3597.8,3602.4,3597.1,3599.5,4067
2025-09-02 18:00:00,3600.0,3601.4,3596.1,3596.5,0
2025-09-02 19:00:00,3596.6,3598.8,3593.4,3595.5,3265
2025-09-02 20:00:00,3595.7,3616.9,3595.3,3603.1,11075
2025-09-02 21:00:00,3602.9,3609.7,3597.1,3604.0,7275
2025-09-02 22:00:00,3603.9,3610.0,3596.2,3596.7,5796
2025-09-02 23:00:00,3596.9,3599.2,3595.1,3596.6,4003
2025-09-03 00:00:00,3596.7,3604.1,3596.6,3602.3,2731
2025-09-03 01:00:00,3602.8,3602.9,3592.4,3595.1,4349
2025-09-03 02:00:00,3595.2,3603.2,3595.0,3601.9,6633
2025-09-03 03:00:00,3601.6,3603.0,3594.2,3598.4,6427
2025-09-03 04:00:00,3598.4,3608.2,3598.4,3606.9,6931
2025-09-03 05:00:00,3607.0,3609.7,3600.9,3601.6,4914
2025-09-03 06:00:00,3601.8,3610.6,3600.2,3608.7,4975
2025-09-03 07:00:00,3608.6,3617.4,3608.5,3616.0,9261
2025-09-03 08:00:00,3615.9,3618.6,3607.3,3616.5,15030
2025-09-03 09:00:00,3616.4,3627.7,3613.3,3619.6,27229
2025-09-03 10:00:00,3619.5,3631.0,3616.8,3621.3,25481
2025-09-03 11:00:00,3624.5,3631.5,3621.2,3628.6,12882
2025-09-03 12:00:00,3628.6,3636.0,3626.8,3635.8,10284
2025-09-03 13:00:00,3635.8,3639.0,3632.9,3637.4,11970
2025-09-03 14:00:00,3637.5,3640.1,3623.4,3628.8,16072
2025-09-03 15:00:00,3628.9,3630.2,3617.2,3619.3,11221
2025-09-03 16:00:00,3619.5,3624.6,3618.4,3619.7,5258
2025-09-03 18:00:00,3619.8,3620.2,3611.4,3616.1,0
2025-09-03 19:00:00,3616.0,3616.8,3609.5,3613.6,13814
2025-09-03 20:00:00,3613.9,3619.9,3604.1,3619.1,6856
2025-09-03 21:00:00,3619.1,3621.6,3602.7,3605.0,10561
2025-09-03 22:00:00,3605.0,3609.1,3584.0,3589.2,17349
2025-09-03 23:00:00,3589.3,3590.6,3573.7,3587.9,11463
2025-09-04 00:00:00,3587.6,3592.0,3586.7,3590.2,2725
2025-09-04 01:00:00,3590.2,3590.8,3581.5,3584.2,4642
2025-09-04 02:00:00,3584.4,3600.1,3581.5,3596.5,8044
2025-09-04 03:00:00,3596.4,3600.1,3591.8,3599.5,5974
2025-09-04 04:00:00,3599.7,3604.4,3595.5,3599.2,6889
2025-09-04 05:00:00,3599.2,3603.6,3594.0,3596.0,6076
2025-09-04 06:00:00,3596.0,3605.0,3595.7,3599.6,5059
2025-09-04 07:00:00,3599.8,3609.0,3594.3,3603.1,8280
2025-09-04 08:00:00,3602.8,3614.3,3600.3,3609.0,14632
2025-09-04 09:00:00,3609.1,3617.8,3598.6,3605.6,25579
2025-09-04 10:00:00,3605.4,3606.5,3592.2,3605.6,26385
2025-09-04 11:00:00,3605.7,3612.6,3601.7,3612.3,11604
2025-09-04 12:00:00,3612.3,3615.5,3606.9,3610.5,9573
2025-09-04 13:00:00,3610.5,3613.4,3600.0,3600.6,9711
2025-09-04 14:00:00,3600.7,3605.0,3600.7,3602.3,6130
2025-09-04 15:00:00,3602.2,3606.9,3601.6,3605.9,4192
2025-09-04 16:00:00,3605.9,3606.8,3600.4,3602.4,0
2025-09-04 18:00:00,3602.0,3602.0,3595.4,3596.7,2060
2025-09-04 19:00:00,3596.7,3611.8,3596.6,3609.6,4170
2025-09-04 20:00:00,3609.7,3613.5,3607.0,3610.3,4928
2025-09-04 21:00:00,3610.0,3614.4,3608.7,3611.1,4605
2025-09-04 22:00:00,3611.1,3614.1,3605.0,3610.3,4122
2025-09-04 23:00:00,3610.5,3618.5,3608.2,3618.2,4051
2025-09-05 00:00:00,3617.6,3618.7,3615.5,3616.7,2419
2025-09-05 01:00:00,3616.8,3619.2,3614.9,3617.7,3914
2025-09-05 02:00:00,3617.9,3618.0,3608.5,3612.5,4693
2025-09-05 03:00:00,3612.6,3612.9,3606.1,3607.5,5619
2025-09-05 04:00:00,3607.7,3608.7,3601.6,3603.0,6593
2025-09-05 05:00:00,3603.0,3610.7,3602.9,3609.3,4860
2025-09-05 06:00:00,3609.4,3609.9,3606.1,3608.2,2719
2025-09-05 07:00:00,3608.1,3611.8,3603.6,3609.3,5503
2025-09-05 08:00:00,3609.4,3644.9,3604.3,3639.3,44372
2025-09-05 09:00:00,3639.6,3651.8,3629.5,3651.0,35216
2025-09-05 10:00:00,3650.8,3654.2,3630.0,3646.2,33642
2025-09-05 11:00:00,3646.3,3650.9,3636.2,3647.4,16029
2025-09-05 12:00:00,3647.4,3655.5,3646.3,3651.4,11916
2025-09-05 13:00:00,3651.5,3654.6,3646.2,3651.6,11331
2025-09-05 14:00:00,3651.7,3653.0,3646.0,3649.2,7172
2025-09-05 15:00:00,3649.0,3649.8,3645.6,3646.5,5120
2025-09-05 16:00:00,3646.4,3647.4,3639.0,3639.8,5208
2025-09-07 18:00:00,3635.0,3653.3,3623.0,3632.4,13509
2025-09-07 19:00:00,3632.5,3634.1,3627.4,3630.8,4609
2025-09-07 20:00:00,3630.9,3634.5,3627.0,3634.4,5865
2025-09-07 21:00:00,3634.5,3637.9,3625.0,3631.1,10763
2025-09-07 22:00:00,3631.4,3636.0,3627.8,3632.9,8231
2025-09-07 23:00:00,3632.9,3634.4,3626.1,3626.8,4789
2025-09-08 00:00:00,3626.6,3626.6,3621.7,3623.4,3853
2025-09-08 01:00:00,3623.3,3632.5,3622.4,3631.8,5903
2025-09-08 02:00:00,3631.9,3638.7,3630.6,3638.2,7476
2025-09-08 03:00:00,3638.2,3654.3,3636.0,3650.5,11705
2025-09-08 04:00:00,3650.6,3657.5,3647.7,3651.4,8957
2025-09-08 05:00:00,3651.2,3655.1,3648.2,3654.0,6259
2025-09-08 06:00:00,3654.2,3662.5,3652.9,3657.0,8353
2025-09-08 07:00:00,3656.8,3659.1,3652.4,3658.9,5187
2025-09-08 08:00:00,3658.9,3664.9,3653.5,3663.1,10610
2025-09-08 09:00:00,3663.2,3674.8,3659.8,3673.3,26124
2025-09-08 10:00:00,3673.1,3681.1,3668.2,3680.5,21852
2025-09-08 11:00:00,3680.6,3685.7,3673.2,3680.1,19661
2025-09-08 12:00:00,3680.2,3682.4,3676.2,3681.5,9895
2025-09-08 13:00:00,3681.5,3681.9,3673.5,3674.3,9676
2025-09-08 14:00:00,3674.4,3677.9,3673.2,3677.5,7956
2025-09-08 15:00:00,3677.4,3678.4,3674.1,3676.2,4861
2025-09-08 16:00:00,3676.2,3678.8,3675.0,3677.6,2019
2025-09-08 18:00:00,3676.6,3678.0,3670.8,3671.5,0
2025-09-08 19:00:00,3671.5,3676.3,3669.8,3674.8,2608
2025-09-08 20:00:00,3675.0,3681.4,3673.3,3679.8,3832
2025-09-08 21:00:00,3679.6,3688.6,3676.7,3687.7,11083
2025-09-08 22:00:00,3687.7,3694.9,3685.5,3687.6,12121
2025-09-08 23:00:00,3687.5,3691.6,3682.4,3685.2,6531
2025-09-09 00:00:00,3685.9,3695.8,3685.6,3693.4,4237
2025-09-09 01:00:00,3693.2,3698.9,3692.0,3694.9,4680
2025-09-09 02:00:00,3695.0,3695.9,3676.8,3687.3,14437
2025-09-09 03:00:00,3687.5,3690.8,3680.9,3683.8,7622
2025-09-09 04:00:00,3683.8,3689.7,3681.2,3687.6,7308
2025-09-09 05:00:00,3687.6,3695.8,3687.1,3692.2,6720
2025-09-09 06:00:00,3692.3,3694.7,3687.5,3690.8,4721
2025-09-09 07:00:00,3691.0,3693.0,3685.4,3686.7,4842
2025-09-09 08:00:00,3686.8,3694.8,3682.4,3686.3,14432
2025-09-09 09:00:00,3686.4,3708.0,3684.9,3705.8,32904
2025-09-09 10:00:00,3705.8,3715.2,3674.8,3684.3,59515
2025-09-09 11:00:00,3684.5,3686.2,3665.3,3684.3,24733
2025-09-09 12:00:00,3684.1,3688.5,3682.7,3684.2,9181
2025-09-09 13:00:00,3684.3,3685.9,3680.4,3682.1,7521
2025-09-09 14:00:00,3682.0,3684.4,3678.5,3679.2,4329
2025-09-09 15:00:00,3679.2,3680.1,3667.2,3668.3,8127
2025-09-09 16:00:00,3668.3,3671.3,3663.7,3663.8,3420
2025-09-09 18:00:00,3662.0,3671.9,3651.4,3671.8,0
2025-09-09 19:00:00,3671.6,3677.8,3670.6,3671.1,4226
2025-09-09 20:00:00,3670.9,3671.7,3658.7,3661.3,6762
2025-09-09 21:00:00,3661.2,3670.8,3656.5,3668.8,8359
2025-09-09 22:00:00,3669.1,3675.8,3668.0,3674.0,5718
2025-09-09 23:00:00,3673.9,3674.8,3670.9,3674.8,3111
2025-09-10 00:00:00,3674.5,3680.8,3674.5,3680.0,3243
2025-09-10 01:00:00,3679.9,3682.7,3677.6,3680.6,3652
2025-09-10 02:00:00,3680.4,3685.7,3678.3,3682.0,6813
2025-09-10 03:00:00,3682.1,3687.2,3679.3,3682.6,6919
2025-09-10 04:00:00,3682.7,3686.7,3680.7,3684.7,6394
2025-09-10 05:00:00,3684.5,3694.6,3683.2,3693.6,5819
2025-09-10 06:00:00,3693.3,3696.6,3690.0,3694.4,6909
2025-09-10 07:00:00,3694.4,3695.0,3688.0,3688.8,7900
2025-09-10 08:00:00,3688.7,3697.5,3678.8,3683.2,21867
2025-09-10 09:00:00,3683.2,3694.4,3681.0,3690.7,15933
2025-09-10 10:00:00,3690.9,3695.3,3683.3,3687.5,15798
2025-09-10 11:00:00,3687.5,3688.0,3677.5,3683.7,14290
2025-09-10 12:00:00,3683.7,3686.3,3679.1,3682.0,6888
2025-09-10 13:00:00,3682.1,3687.2,3680.9,3686.9,6313
2025-09-10 14:00:00,3686.8,3689.6,3683.9,3684.9,3935
2025-09-10 15:00:00,3685.0,3686.0,3674.6,3681.7,6377
2025-09-10 16:00:00,3681.8,3682.6,3678.0,3680.4,2579
2025-09-10 18:00:00,3680.6,3683.4,3676.6,3678.7,0
2025-09-10 19:00:00,3678.9,3684.1,3677.3,3683.2,2484
2025-09-10 20:00:00,3683.3,3687.0,3680.9,3682.5,5797
2025-09-10 21:00:00,3682.4,3687.5,3678.2,3679.2,5641
2025-09-10 22:00:00,3679.3,3681.7,3671.0,3674.9,5873
2025-09-10 23:00:00,3674.8,3674.9,3666.5,3669.7,5703
2025-09-11 00:00:00,3669.8,3672.2,3667.5,3668.3,2872
2025-09-11 01:00:00,3668.3,3670.1,3661.1,3663.0,8539
2025-09-11 02:00:00,3662.9,3675.5,3660.6,3670.7,8119
2025-09-11 03:00:00,3670.9,3671.0,3661.3,3667.6,9440
2025-09-11 04:00:00,3667.7,3669.5,3663.7,3664.6,5229
2025-09-11 05:00:00,3664.3,3664.3,3651.8,3659.6,12081
2025-09-11 06:00:00,3659.8,3663.5,3657.6,3659.9,5370
2025-09-11 07:00:00,3659.8,3660.2,3652.8,3654.9,8900
2025-09-11 08:00:00,3654.9,3682.0,3651.0,3666.6,35710
2025-09-11 09:00:00,3666.8,3675.4,3655.5,3667.9,29960
2025-09-11 10:00:00,3667.7,3676.5,3663.6,3668.0,15882
2025-09-11 11:00:00,3668.2,3677.1,3668.2,3672.0,9980
2025-09-11 12:00:00,3671.9,3680.6,3671.7,3674.2,10391
2025-09-11 13:00:00,3674.4,3675.4,3670.0,3673.1,6648
2025-09-11 14:00:00,3673.0,3675.3,3669.3,3671.4,4302
2025-09-11 15:00:00,3671.4,3676.7,3671.2,3675.4,3952
2025-09-11 16:00:00,3675.3,3676.3,3672.1,3673.4,1670
2025-09-11 18:00:00,3672.8,3676.6,3671.2,3672.9,0
2025-09-11 19:00:00,3672.9,3674.2,3669.0,3669.2,1701
2025-09-11 20:00:00,3669.2,3674.9,3667.3,3673.8,4062
2025-09-11 21:00:00,3674.0,3686.3,3673.9,3685.0,9007
2025-09-11 22:00:00,3685.0,3690.1,3683.4,3688.7,6003
2025-09-11 23:00:00,3688.6,3692.4,3687.0,3691.8,5037
2025-09-12 00:00:00,3692.0,3695.0,3690.5,3693.5,3265
2025-09-12 01:00:00,3693.5,3695.5,3690.9,3691.9,4054
2025-09-12 02:00:00,3691.8,3692.6,3687.2,3689.3,6018
2025-09-12 03:00:00,3689.1,3691.8,3685.7,3686.3,7123
2025-09-12 04:00:00,3686.3,3689.5,3677.3,3678.7,9147
2025-09-12 05:00:00,3678.6,3685.0,3675.3,3684.5,8099
2025-09-12 06:00:00,3684.4,3690.4,3684.2,3689.5,5495
2025-09-12 07:00:00,3689.3,3690.3,3684.4,3684.6,4783
2025-09-12 08:00:00,3684.7,3686.7,3675.5,3683.5,14265
2025-09-12 09:00:00,3683.6,3690.7,3681.3,3688.2,13671
2025-09-12 10:00:00,3688.2,3692.7,3684.8,3686.1,12765
2025-09-12 11:00:00,3686.0,3686.3,3679.7,3682.3,9582
2025-09-12 12:00:00,3682.3,3688.4,3680.5,3687.8,5659
2025-09-12 13:00:00,3687.7,3689.5,3686.0,3687.3,6055
2025-09-12 14:00:00,3687.4,3687.7,3685.5,3686.9,2868
2025-09-12 15:00:00,3686.9,3686.9,3681.8,3682.7,3907
2025-09-12 16:00:00,3682.7,3683.8,3679.3,3680.7,3411
2025-09-14 18:00:00,3680.2,3686.4,3677.2,3679.7,2521
2025-09-14 19:00:00,3679.5,3679.6,3673.6,3675.2,2013
2025-09-14 20:00:00,3675.0,3679.5,3669.1,3670.6,5659
2025-09-14 21:00:00,3670.7,3672.2,3662.8,3671.9,8695
2025-09-14 22:00:00,3672.0,3681.8,3671.5,3677.6,6486
2025-09-14 23:00:00,3677.7,3683.8,3676.9,3683.2,2957
2025-09-15 00:00:00,3683.7,3684.3,3680.9,3682.8,1835
2025-09-15 01:00:00,3682.9,3683.7,3679.7,3681.1,2374
2025-09-15 02:00:00,3681.1,3681.2,3674.3,3674.3,5717
2025-09-15 03:00:00,3674.3,3681.9,3671.5,3680.7,6941
2025-09-15 04:00:00,3680.7,3682.7,3677.5,3682.4,4608
2025-09-15 05:00:00,3682.4,3682.8,3673.4,3678.3,6158
2025-09-15 06:00:00,3678.5,3683.4,3675.5,3676.5,6435
2025-09-15 07:00:00,3676.7,3683.2,3675.8,3679.6,5964
2025-09-15 08:00:00,3679.7,3688.4,3673.7,3687.6,13883
2025-09-15 09:00:00,3687.6,3701.7,3684.0,3694.8,23404
2025-09-15 10:00:00,3694.8,3701.8,3691.2,3701.3,14807
2025-09-15 11:00:00,3701.5,3722.2,3700.8,3720.4,23891
2025-09-15 12:00:00,3720.5,3724.9,3713.6,3718.1,19005
2025-09-15 13:00:00,3718.2,3721.8,3717.8,3721.3,8711
2025-09-15 14:00:00,3721.6,3721.8,3715.0,3716.3,4940
2025-09-15 15:00:00,3716.4,3721.9,3716.1,3720.2,4237
2025-09-15 16:00:00,3720.2,3721.7,3718.5,3719.5,3237
2025-09-15 18:00:00,3720.3,3721.1,3715.5,3717.8,0
2025-09-15 20:00:00,3723.6,3725.8,3722.4,3725.4,8856
2025-09-15 21:00:00,3725.4,3728.4,3715.6,3717.7,8537
2025-09-15 22:00:00,3717.6,3720.9,3711.8,3714.9,6491
2025-09-15 23:00:00,3714.9,3720.3,3714.2,3718.1,3735
2025-09-16 00:00:00,3718.5,3721.3,3717.1,3721.1,2242
2025-09-16 01:00:00,3720.5,3721.5,3717.2,3720.0,4607
2025-09-16 02:00:00,3720.1,3731.6,3719.4,3730.8,8758
2025-09-16 03:00:00,3730.7,3731.9,3725.0,3726.2,5877
2025-09-16 04:00:00,3733.5,3733.7,3730.7,3731.7,9276
2025-09-16 05:00:00,3731.7,3737.1,3730.7,3736.3,7039
2025-09-16 06:00:00,3736.2,3736.8,3730.6,3731.0,5533
2025-09-16 07:00:00,3731.0,3737.6,3728.7,3734.5,7333
2025-09-16 08:00:00,3734.6,3734.8,3724.1,3726.6,13461
2025-09-16 09:00:00,3726.7,3735.9,3722.1,3733.0,18483
2025-09-16 10:00:00,3732.8,3739.9,3722.0,3722.3,26889
2025-09-16 11:00:00,3722.7,3725.9,3715.2,3723.0,19968
2025-09-16 12:00:00,3723.0,3728.4,3721.3,3726.9,9614
2025-09-16 13:00:00,3727.0,3728.1,3722.4,3723.8,8293
2025-09-16 14:00:00,3723.7,3727.0,3722.5,3726.7,3956
2025-09-16 15:00:00,3726.7,3727.6,3724.0,3726.6,4160
2025-09-16 16:00:00,3726.8,3731.3,3726.6,3727.5,2938
2025-09-16 18:00:00,3727.3,3730.3,3726.4,3729.0,0
2025-09-16 19:00:00,3729.2,3732.8,3729.1,3731.7,2758
2025-09-16 20:00:00,3731.9,3732.8,3727.8,3728.1,2363
2025-09-16 21:00:00,3728.1,3728.9,3712.4,3716.7,10614
2025-09-16 22:00:00,3716.6,3720.9,3710.7,3718.8,8638
2025-09-16 23:00:00,3718.9,3720.2,3716.5,3718.2,2892
2025-09-17 00:00:00,3718.5,3719.1,3716.8,3717.1,938
2025-09-17 01:00:00,3717.2,3722.7,3713.0,3716.4,5478
2025-09-17 02:00:00,3716.6,3717.4,3707.7,3711.8,8461
2025-09-17 03:00:00,3711.7,3714.3,3702.8,3703.7,8083
2025-09-17 04:00:00,3703.7,3704.2,3698.6,3701.0,9535
2025-09-17 05:00:00,3700.8,3707.1,3699.8,3703.9,6862
2025-09-17 06:00:00,3703.8,3706.0,3695.6,3697.0,9015
2025-09-17 07:00:00,3696.9,3705.5,3695.4,3701.2,7831
2025-09-17 08:00:00,3701.4,3714.5,3701.0,3713.9,9911
2025-09-17 09:00:00,3714.0,3718.6,3707.6,3714.2,15712
2025-09-17 10:00:00,3714.1,3721.2,3712.2,3719.3,13253
2025-09-17 11:00:00,3719.2,3722.0,3717.3,3718.6,7473
2025-09-17 12:00:00,3718.8,3724.4,3718.7,3720.4,6134
2025-09-17 13:00:00,3720.4,3723.0,3713.9,3722.3,9864
2025-09-17 14:00:00,3722.4,3744.0,3679.5,3685.9,74329
2025-09-17 15:00:00,3685.8,3702.8,3681.0,3696.2,25813
2025-09-17 16:00:00,3696.2,3696.3,3690.7,3694.6,3609
2025-09-17 18:00:00,3692.5,3698.4,3688.2,3695.8,0
2025-09-17 19:00:00,3695.6,3705.6,3694.8,3703.0,3687
2025-09-17 20:00:00,3703.5,3703.9,3692.1,3699.6,5245
2025-09-17 21:00:00,3699.5,3703.6,3686.6,3692.6,11601
2025-09-17 22:00:00,3692.7,3700.3,3691.1,3699.2,5553
2025-09-17 23:00:00,3699.1,3700.6,3692.1,3693.0,2496
2025-09-18 00:00:00,3693.0,3693.7,3688.0,3688.3,4144
2025-09-18 01:00:00,3688.4,3693.8,3683.1,3685.3,8314
2025-09-18 02:00:00,3685.4,3685.6,3667.3,3670.9,17481
2025-09-18 03:00:00,3671.0,3693.7,3668.8,3692.5,13275
2025-09-18 04:00:00,3692.4,3700.4,3687.7,3700.2,8370
2025-09-18 05:00:00,3700.0,3707.3,3699.0,3706.4,10171
2025-09-18 06:00:00,3706.2,3707.1,3699.8,3701.2,5463
2025-09-18 07:00:00,3701.3,3704.9,3698.1,3700.7,4929
2025-09-18 08:00:00,3700.9,3706.4,3696.4,3696.9,11102
2025-09-18 09:00:00,3696.9,3697.8,3660.5,3675.4,41810
2025-09-18 10:00:00,3675.3,3679.8,3667.5,3671.8,22668
2025-09-18 11:00:00,3672.0,3675.7,3669.8,3674.5,9013
2025-09-18 12:00:00,3674.6,3680.7,3674.0,3679.2,9439
2025-09-18 13:00:00,3679.3,3680.0,3676.3,3676.6,7603
2025-09-18 14:00:00,3676.7,3676.8,3673.6,3674.6,4462
2025-09-18 15:00:00,3674.5,3680.0,3673.7,3679.7,5971
2025-09-18 16:00:00,3679.7,3680.4,3677.3,3678.2,1935
2025-09-18 18:00:00,3677.7,3678.2,3672.6,3673.6,0
2025-09-18 19:00:00,3673.4,3674.9,3670.4,3672.8,2011
2025-09-18 20:00:00,3673.0,3675.4,3668.5,3672.7,4497
2025-09-18 21:00:00,3672.6,3684.3,3664.4,3672.2,11993
2025-09-18 22:00:00,3672.2,3683.3,3671.2,3680.5,6502
2025-09-18 23:00:00,3680.6,3689.6,3678.3,3686.6,5939
2025-09-19 00:00:00,3686.8,3692.8,3686.8,3691.5,4482
2025-09-19 01:00:00,3691.5,3694.1,3684.7,3685.6,5318
2025-09-19 02:00:00,3685.6,3687.2,3675.9,3679.7,9406
2025-09-19 03:00:00,3679.8,3689.3,3676.9,3686.0,6977
2025-09-19 04:00:00,3685.7,3689.2,3681.8,3688.2,6329
2025-09-19 05:00:00,3688.3,3691.4,3687.5,3691.2,4358
2025-09-19 06:00:00,3691.3,3691.9,3687.5,3688.5,3001
2025-09-19 07:00:00,3688.5,3688.5,3677.5,3680.5,8328
2025-09-19 08:00:00,3680.5,3684.3,3676.5,3681.7,9424
2025-09-19 09:00:00,3681.5,3697.3,3676.2,3696.1,17214
2025-09-19 10:00:00,3696.2,3703.0,3688.9,3700.8,18387
2025-09-19 11:00:00,3700.9,3709.5,3699.0,3704.2,19431
2025-09-19 12:00:00,3704.1,3706.7,3699.8,3702.4,8079
2025-09-19 13:00:00,3702.2,3713.9,3702.2,3713.0,10649
2025-09-19 14:00:00,3713.1,3718.4,3712.7,3717.7,8452
2025-09-19 15:00:00,3717.9,3718.8,3715.1,3717.9,5697
2025-09-19 16:00:00,3717.8,3719.6,3705.8,3705.8,3584
2025-09-21 18:00:00,3721.3,3727.4,3705.8,3723.8,5528
2025-09-21 19:00:00,3723.8,3726.1,3721.1,3721.6,3345
2025-09-21 20:00:00,3721.4,3726.1,3720.6,3725.9,3863
2025-09-21 21:00:00,3725.8,3732.5,3721.5,3724.3,9562
2025-09-21 22:00:00,3724.0,3728.4,3720.5,3721.4,4258
2025-09-21 23:00:00,3721.2,3733.1,3721.0,3730.9,5176
2025-09-22 00:00:00,3730.8,3731.5,3725.5,3727.5,3216
2025-09-22 01:00:00,3727.4,3735.8,3727.1,3732.5,5709
2025-09-22 02:00:00,3732.5,3753.4,3730.9,3749.1,18424
2025-09-22 03:00:00,3749.1,3751.0,3742.9,3747.5,9909
2025-09-22 04:00:00,3747.4,3756.8,3746.6,3754.6,7549
2025-09-22 05:00:00,3754.6,3761.2,3753.7,3757.9,8039
2025-09-22 06:00:00,3757.9,3763.1,3755.4,3762.0,6449
2025-09-22 07:00:00,3761.9,3762.7,3755.1,3758.8,8660
2025-09-22 08:00:00,3758.9,3759.5,3746.0,3755.5,15117
2025-09-22 09:00:00,3755.6,3759.0,3747.1,3756.4,19122
2025-09-22 10:00:00,3756.2,3761.0,3750.7,3760.2,16527
2025-09-22 11:00:00,3760.0,3770.3,3758.0,3769.9,15727
2025-09-22 12:00:00,3769.9,3773.7,3769.2,3771.1,11233
2025-09-22 13:00:00,3771.2,3782.0,3771.2,3781.4,16992
2025-09-22 14:00:00,3781.4,3782.6,3779.2,3782.1,7887
2025-09-22 15:00:00,3782.1,3783.2,3777.1,3781.2,8111
2025-09-22 16:00:00,3781.2,3783.3,3779.9,3781.2,3915
2025-09-22 18:00:00,3781.2,3782.1,3773.5,3775.5,0
2025-09-22 19:00:00,3775.5,3784.2,3774.3,3782.2,4522
2025-09-22 20:00:00,3782.2,3785.2,3779.6,3781.5,5161
2025-09-22 21:00:00,3781.7,3795.1,3779.8,3790.4,13014
2025-09-22 22:00:00,3790.3,3791.2,3772.4,3777.8,12551
2025-09-22 23:00:00,3777.7,3781.6,3774.3,3780.6,4897
2025-09-23 00:00:00,3780.9,3781.9,3777.4,3778.8,3981
2025-09-23 01:00:00,3778.7,3793.0,3777.4,3787.2,7507
2025-09-23 02:00:00,3787.3,3791.8,3785.2,3788.1,7011
2025-09-23 03:00:00,3787.8,3791.2,3782.8,3787.6,8936
2025-09-23 04:00:00,3787.6,3809.6,3786.8,3808.6,16427
2025-09-23 05:00:00,3808.5,3824.6,3808.3,3818.4,22471
2025-09-23 06:00:00,3818.6,3821.7,3814.4,3816.4,8039
2025-09-23 07:00:00,3816.5,3822.3,3812.8,3816.5,14025
2025-09-23 08:00:00,3816.6,3818.7,3810.1,3817.6,13290
2025-09-23 09:00:00,3817.5,3821.6,3806.6,3816.4,26331
2025-09-23 10:00:00,3816.3,3817.3,3799.0,3806.4,30007
2025-09-23 11:00:00,3806.5,3814.2,3805.1,3811.5,11834
2025-09-23 12:00:00,3811.7,3815.3,3796.6,3812.3,22057
2025-09-23 13:00:00,3812.5,3819.0,3808.2,3810.0,13912
2025-09-23 14:00:00,3810.1,3813.6,3788.4,3789.0,14478
2025-09-23 15:00:00,3789.0,3800.6,3783.9,3796.4,18697
2025-09-23 16:00:00,3796.6,3799.8,3794.6,3796.9,2795
2025-09-23 18:00:00,3796.9,3799.4,3793.8,3797.7,0
2025-09-23 19:00:00,3797.6,3802.6,3793.8,3796.1,4134
2025-09-23 20:00:00,3795.8,3797.8,3791.2,3797.5,4240
2025-09-23 21:00:00,3797.5,3803.6,3787.2,3789.0,9065
2025-09-23 22:00:00,3788.8,3792.3,3783.0,3790.1,6204
2025-09-23 23:00:00,3790.1,3799.3,3785.4,3799.1,6984
2025-09-24 00:00:00,3798.4,3800.7,3795.4,3800.6,4830
2025-09-24 01:00:00,3800.6,3809.5,3800.1,3808.0,7238
2025-09-24 02:00:00,3808.0,3809.3,3801.9,3804.4,6249
2025-09-24 03:00:00,3804.4,3812.6,3803.7,3810.9,7084
2025-09-24 04:00:00,3810.9,3811.3,3799.7,3802.7,6665
2025-09-24 05:00:00,3802.5,3804.3,3795.9,3801.4,6884
2025-09-24 06:00:00,3801.4,3801.7,3792.4,3795.0,6225
2025-09-24 07:00:00,3795.1,3802.9,3792.5,3802.3,6550
2025-09-24 08:00:00,3802.2,3804.7,3796.8,3801.0,13112
2025-09-24 09:00:00,3800.9,3806.4,3791.8,3794.5,19762
2025-09-24 10:00:00,3794.7,3798.4,3782.0,3784.8,27139
2025-09-24 11:00:00,3784.9,3790.0,3772.6,3774.1,23684
2025-09-24 12:00:00,3774.2,3778.4,3764.5,3768.3,21592
2025-09-24 13:00:00,3768.4,3772.4,3765.7,3766.6,12960
2025-09-24 14:00:00,3766.6,3767.5,3755.6,3757.0,12540
2025-09-24 15:00:00,3757.1,3764.0,3749.7,3762.5,14020
2025-09-24 16:00:00,3762.4,3770.0,3762.3,3768.5,3398
2025-09-24 18:00:00,3768.3,3776.6,3767.0,3772.7,0
2025-09-24 19:00:00,3772.5,3776.7,3770.5,3774.5,2565
2025-09-24 20:00:00,3774.3,3782.2,3772.8,3779.8,6510
2025-09-24 21:00:00,3779.7,3781.4,3763.9,3766.8,9170
2025-09-24 22:00:00,3766.6,3773.1,3760.5,3770.3,8166
2025-09-24 23:00:00,3770.3,3770.4,3764.7,3767.0,4521
2025-09-25 00:00:00,3767.2,3770.7,3762.2,3768.1,4589
2025-09-25 01:00:00,3768.1,3771.4,3764.1,3768.8,4953
2025-09-25 02:00:00,3769.2,3778.7,3768.2,3771.7,8402
2025-09-25 03:00:00,3771.8,3785.6,3770.5,3782.5,10593
2025-09-25 04:00:00,3782.6,3792.3,3781.3,3786.7,13919
2025-09-25 05:00:00,3786.7,3791.5,3780.1,3787.1,9534
2025-09-25 06:00:00,3787.1,3791.7,3785.8,3788.2,6719
2025-09-25 07:00:00,3788.2,3788.5,3771.0,3784.0,13459
2025-09-25 08:00:00,3783.7,3787.0,3760.8,3769.2,25095
2025-09-25 09:00:00,3769.2,3776.2,3751.9,3764.0,30234
2025-09-25 10:00:00,3764.1,3767.0,3753.4,3762.2,23262
2025-09-25 11:00:00,3762.4,3769.4,3758.6,3766.9,12853
2025-09-25 12:00:00,3766.9,3772.8,3762.8,3764.0,10397
2025-09-25 13:00:00,3763.9,3775.6,3762.5,3772.9,19261
2025-09-25 14:00:00,3773.0,3789.5,3767.5,3786.4,14053
2025-09-25 15:00:00,3786.4,3788.2,3776.0,3777.5,9554
2025-09-25 16:00:00,3777.5,3783.9,3776.9,3780.5,3475
2025-09-25 18:00:00,3781.5,3782.4,3777.2,3779.6,0
2025-09-25 19:00:00,3779.9,3780.9,3768.5,3775.0,4049
2025-09-25 20:00:00,3775.0,3779.3,3770.0,3779.2,5329
2025-09-25 21:00:00,3779.3,3783.5,3767.3,3768.6,7338
2025-09-25 22:00:00,3768.4,3772.5,3767.1,3767.8,3578
2025-09-25 23:00:00,3767.8,3775.5,3764.0,3775.4,3628
2025-09-26 00:00:00,3775.1,3777.2,3774.0,3777.1,2356
2025-09-26 01:00:00,3777.0,3779.4,3771.3,3771.6,2785
2025-09-26 02:00:00,3771.3,3784.4,3771.0,3773.3,7556
2025-09-26 03:00:00,3773.2,3779.2,3768.8,3777.9,7439
2025-09-26 04:00:00,3777.9,3784.9,3776.8,3782.6,7093
2025-09-26 05:00:00,3782.5,3784.1,3776.9,3781.5,4551
2025-09-26 06:00:00,3781.3,3785.2,3772.8,3774.9,5414
2025-09-26 07:00:00,3775.0,3783.1,3774.5,3778.7,5643
2025-09-26 08:00:00,3778.8,3788.0,3776.4,3782.3,14090
2025-09-26 09:00:00,3782.3,3797.2,3781.2,3792.4,28925
2025-09-26 10:00:00,3792.2,3814.4,3791.8,3808.6,31356
2025-09-26 11:00:00,3808.5,3811.3,3802.4,3810.4,12948
2025-09-26 12:00:00,3810.4,3811.2,3801.0,3804.1,13921
2025-09-26 13:00:00,3804.5,3813.2,3803.8,3812.8,11361
2025-09-26 14:00:00,3813.0,3813.3,3804.4,3808.6,7299
2025-09-26 15:00:00,3808.6,3808.8,3793.6,3795.8,11014
2025-09-26 16:00:00,3796.0,3809.0,3789.0,3809.0,6381
2025-09-28 18:00:00,3796.8,3800.5,3794.9,3800.1,2924
2025-09-28 19:00:00,3800.0,3801.6,3795.1,3795.9,3230
2025-09-28 20:00:00,3795.8,3816.4,3792.9,3816.1,9394
2025-09-28 21:00:00,3816.0,3817.7,3796.2,3808.0,16554
2025-09-28 22:00:00,3807.8,3827.8,3806.3,3822.1,13453
2025-09-28 23:00:00,3822.3,3828.5,3821.5,3823.5,6211
2025-09-29 00:00:00,3824.0,3837.8,3822.1,3833.6,9361
2025-09-29 01:00:00,3833.8,3842.8,3830.4,3841.8,10899
2025-09-29 02:00:00,3842.0,3848.8,3839.6,3846.5,11543
2025-09-29 03:00:00,3846.4,3849.0,3834.4,3836.1,11140
2025-09-29 04:00:00,3836.2,3849.3,3836.2,3848.5,11438
2025-09-29 05:00:00,3848.5,3849.4,3837.0,3837.5,7945
2025-09-29 06:00:00,3837.7,3848.7,3836.5,3847.7,7864
2025-09-29 07:00:00,3847.5,3860.6,3846.2,3858.2,13440
2025-09-29 08:00:00,3858.1,3859.7,3841.3,3843.5,18586
2025-09-29 09:00:00,3843.7,3857.7,3838.6,3850.7,20368
2025-09-29 10:00:00,3850.6,3859.9,3845.7,3857.1,20080
2025-09-29 11:00:00,3857.2,3862.2,3849.5,3859.3,16640
2025-09-29 12:00:00,3859.2,3862.2,3856.9,3858.9,9850
2025-09-29 13:00:00,3859.0,3861.6,3852.7,3857.6,11250
2025-09-29 14:00:00,3857.8,3859.8,3852.0,3853.2,6857
2025-09-29 15:00:00,3853.3,3858.4,3850.9,3857.1,5915
2025-09-29 16:00:00,3857.0,3863.7,3856.0,3862.9,4139
2025-09-29 18:00:00,3863.1,3863.2,3854.4,3859.1,0
2025-09-29 19:00:00,3859.1,3861.9,3856.5,3861.1,2378
2025-09-29 20:00:00,3861.2,3869.0,3859.5,3867.4,8450
2025-09-29 21:00:00,3867.5,3880.0,3866.2,3877.2,11377
2025-09-29 22:00:00,3877.2,3880.9,3871.0,3876.5,8814
2025-09-29 23:00:00,3876.6,3895.5,3874.3,3893.3,11172
2025-09-30 00:00:00,3892.8,3894.9,3890.1,3894.9,4528
2025-09-30 01:00:00,3894.9,3898.1,3890.2,3897.5,8860
2025-09-30 02:00:00,3897.4,3899.2,3882.7,3883.9,13715
2025-09-30 03:00:00,3883.8,3887.9,3867.9,3872.2,16249
2025-09-30 04:00:00,3872.0,3875.6,3835.4,3843.8,29538
2025-09-30 05:00:00,3843.7,3848.8,3820.6,3826.3,20864
2025-09-30 06:00:00,3825.8,3842.2,3825.8,3839.4,11284
2025-09-30 07:00:00,3839.4,3845.3,3831.7,3842.6,10779
2025-09-30 08:00:00,3842.4,3850.0,3836.5,3847.5,16411
2025-09-30 09:00:00,3847.8,3858.6,3839.7,3852.4,24387
2025-09-30 10:00:00,3852.0,3882.3,3848.7,3881.7,34787
2025-09-30 11:00:00,3881.7,3881.9,3858.7,3866.3,22795
2025-09-30 12:00:00,3866.8,3875.6,3865.7,3873.8,9575
2025-09-30 13:00:00,3873.8,3877.2,3870.7,3872.2,11131
2025-09-30 14:00:00,3872.5,3877.1,3867.2,3876.0,7041
2025-09-30 15:00:00,3876.0,3888.7,3875.2,3886.7,9923
2025-09-30 16:00:00,3886.8,3888.8,3878.7,3887.6,6217
2025-09-30 18:00:00,3887.7,3889.7,3882.4,3888.2,0
2025-09-30 19:00:00,3888.3,3890.8,3888.1,3890.6,2744
2025-09-30 20:00:00,3890.6,3892.5,3885.9,3888.3,5755
2025-09-30 21:00:00,3888.1,3896.5,3887.0,3896.5,6406
2025-09-30 22:00:00,3896.4,3904.1,3885.5,3891.3,13559
2025-09-30 23:00:00,3891.0,3894.3,3883.5,3889.7,6959
2025-10-01 00:00:00,3889.5,3892.8,3885.3,3892.6,4223
2025-10-01 01:00:00,3892.4,3897.0,3889.4,3890.8,5986
2025-10-01 02:00:00,3890.7,3892.7,3880.3,3887.1,9461
2025-10-01 03:00:00,3886.9,3908.3,3886.6,3907.2,14876
2025-10-01 04:00:00,3907.4,3922.7,3907.0,3920.1,20455
2025-10-01 05:00:00,3920.2,3922.4,3911.3,3916.8,11323
2025-10-01 06:00:00,3917.0,3917.4,3912.7,3914.7,6115
2025-10-01 07:00:00,3915.1,3915.9,3905.4,3911.1,10297
2025-10-01 08:00:00,3911.2,3918.8,3891.3,3897.5,30204
2025-10-01 09:00:00,3897.3,3904.1,3890.7,3899.8,27513
2025-10-01 10:00:00,3899.3,3906.2,3882.8,3899.9,35952
2025-10-01 11:00:00,3899.8,3903.8,3884.6,3895.1,23095
2025-10-01 12:00:00,3895.0,3898.2,3887.3,3897.6,10920
2025-10-01 13:00:00,3897.7,3898.5,3887.3,3887.4,9975
2025-10-01 14:00:00,3887.6,3893.1,3881.4,3888.7,11591
2025-10-01 15:00:00,3888.8,3897.6,3887.8,3894.3,7184
2025-10-01 16:00:00,3894.3,3894.4,3886.5,3892.6,4192
2025-10-01 18:00:00,3892.7,3895.7,3884.1,3887.5,0
2025-10-01 19:00:00,3887.4,3892.3,3882.9,3888.9,3926
2025-10-01 20:00:00,3888.7,3889.2,3881.5,3881.7,4123
2025-10-01 21:00:00,3881.5,3890.0,3877.0,3889.9,7330
2025-10-01 22:00:00,3889.9,3895.2,3886.5,3891.1,4638
2025-10-01 23:00:00,3890.8,3894.4,3888.8,3891.5,2954
2025-10-02 00:00:00,3891.6,3892.7,3886.6,3889.2,1894
2025-10-02 01:00:00,3889.3,3896.5,3889.3,3892.9,4233
2025-10-02 02:00:00,3893.0,3899.3,3886.8,3889.0,6454
2025-10-02 03:00:00,3888.9,3899.6,3886.9,3894.0,10410
2025-10-02 04:00:00,3893.6,3903.6,3889.7,3899.3,6557
2025-10-02 05:00:00,3899.4,3905.1,3898.1,3904.3,6461
2025-10-02 06:00:00,3904.4,3908.6,3901.2,3906.6,5373
2025-10-02 07:00:00,3906.7,3911.7,3904.5,3911.2,7482
2025-10-02 08:00:00,3911.3,3917.5,3905.1,3910.1,15411
2025-10-02 09:00:00,3909.9,3923.3,3898.1,3899.7,30004
2025-10-02 10:00:00,3900.0,3901.5,3849.1,3863.8,65720
2025-10-02 11:00:00,3863.7,3869.0,3842.8,3851.8,37303
2025-10-02 12:00:00,3851.7,3869.2,3850.7,3868.6,17974
2025-10-02 13:00:00,3868.6,3871.8,3864.7,3868.6,13327
2025-10-02 14:00:00,3868.5,3876.5,3867.8,3875.2,6904
2025-10-02 15:00:00,3875.2,3883.4,3874.8,3880.1,8588
2025-10-02 16:00:00,3880.3,3884.5,3878.0,3880.8,3274
2025-10-02 18:00:00,3880.4,3882.9,3876.0,3881.2,0
2025-10-02 19:00:00,3881.2,3888.1,3880.6,3886.8,2447
2025-10-02 20:00:00,3886.6,3887.2,3880.2,3880.7,4547
2025-10-02 21:00:00,3880.9,3886.5,3870.9,3882.2,9168
2025-10-02 22:00:00,3882.3,3882.9,3871.0,3871.9,4684
2025-10-02 23:00:00,3871.5,3874.6,3861.1,3865.8,7911
2025-10-03 00:00:00,3865.7,3871.3,3864.6,3867.2,3587
2025-10-03 01:00:00,3867.1,3882.4,3867.0,3878.3,6677
2025-10-03 02:00:00,3878.2,3884.2,3874.2,3882.0,6432
2025-10-03 03:00:00,3882.2,3888.7,3880.0,3887.3,6906
2025-10-03 04:00:00,3887.5,3889.0,3883.4,3888.3,4392
2025-10-03 05:00:00,3888.2,3888.4,3880.2,3887.7,4155
2025-10-03 06:00:00,3887.8,3891.5,3885.3,3888.9,8153
2025-10-03 07:00:00,3888.9,3890.3,3877.6,3885.3,7955
2025-10-03 08:00:00,3885.4,3899.5,3883.7,3898.4,15151
2025-10-03 09:00:00,3898.4,3915.6,3894.5,3907.3,34141
2025-10-03 10:00:00,3907.4,3912.5,3890.7,3904.3,27540
2025-10-03 11:00:00,3904.4,3916.8,3898.5,3914.4,17705
2025-10-03 12:00:00,3914.5,3914.8,3905.4,3908.9,10077
2025-10-03 13:00:00,3908.8,3911.4,3901.7,3906.6,10376
2025-10-03 14:00:00,3906.9,3914.8,3905.2,3911.8,7166
2025-10-03 15:00:00,3911.9,3914.6,3909.3,3910.9,5657
2025-10-03 16:00:00,3910.9,3912.7,3908.5,3908.9,3034
2025-10-05 18:00:00,3911.2,3930.3,3908.9,3927.3,8431
2025-10-05 19:00:00,3927.6,3945.2,3925.0,3935.3,15182
2025-10-05 20:00:00,3935.4,3935.9,3924.3,3926.1,9502
2025-10-05 21:00:00,3926.5,3943.4,3925.5,3943.3,7719
2025-10-05 22:00:00,3943.3,3950.0,3942.7,3946.1,10293
2025-10-05 23:00:00,3945.8,3956.8,3944.9,3954.3,7868
2025-10-06 00:00:00,3954.6,3964.5,3953.3,3963.2,8430
2025-10-06 01:00:00,3962.9,3969.0,3951.7,3957.4,11965
2025-10-06 02:00:00,3957.5,3959.0,3947.4,3958.5,9772
2025-10-06 03:00:00,3958.3,3968.0,3953.4,3965.7,10787
2025-10-06 04:00:00,3965.8,3973.7,3959.3,3966.7,13345
2025-10-06 05:00:00,3966.9,3969.3,3960.6,3966.5,5558
2025-10-06 06:00:00,3966.7,3971.1,3956.0,3966.6,8433
2025-10-06 07:00:00,3966.4,3967.3,3954.7,3962.4,9714
2025-10-06 08:00:00,3962.2,3966.1,3950.0,3957.6,21074
2025-10-06 09:00:00,3957.8,3971.1,3950.6,3968.6,20128
2025-10-06 10:00:00,3968.5,3983.0,3963.8,3978.3,24927
2025-10-06 11:00:00,3978.0,3988.2,3972.0,3986.4,17563
2025-10-06 12:00:00,3986.4,3994.5,3969.5,3978.1,23608
2025-10-06 13:00:00,3978.3,3983.3,3975.2,3982.5,11955
2025-10-06 14:00:00,3982.6,3985.5,3980.6,3983.0,4926
2025-10-06 15:00:00,3982.9,3989.7,3981.9,3983.2,7361
2025-10-06 16:00:00,3983.2,3986.2,3981.0,3984.4,3546
2025-10-07 03:00:00,3974.4,3979.4,3965.8,3968.6,7399
2025-10-07 04:00:00,3968.6,3976.7,3963.4,3974.1,11918
2025-10-07 05:00:00,3974.0,3986.6,3973.9,3977.7,11399
2025-10-07 06:00:00,3977.5,3985.9,3976.4,3983.1,5912
2025-10-07 07:00:00,3983.2,3992.1,3979.2,3989.8,7218
2025-10-07 08:00:00,3989.7,4003.7,3986.6,4002.9,19682
2025-10-07 09:00:00,4002.6,4009.0,3993.3,4002.4,26703
2025-10-07 10:00:00,4002.3,4010.1,3991.2,4009.0,25128
2025-10-07 11:00:00,4009.2,4014.6,3983.4,3988.7,34684
2025-10-07 12:00:00,3989.0,4002.5,3985.3,3999.9,21229
2025-10-07 13:00:00,3999.9,4011.1,3999.4,4003.9,16545
2025-10-07 14:00:00,4003.9,4006.7,3996.7,4003.8,9165
2025-10-07 15:00:00,4003.8,4006.1,4001.2,4002.5,5658
2025-10-07 16:00:00,4002.7,4009.4,4002.7,4007.9,3208
2025-10-07 18:00:00,4007.1,4013.2,4005.6,4012.3,0
2025-10-07 19:00:00,4012.4,4018.0,4011.0,4016.2,6412
2025-10-07 20:00:00,4016.3,4020.9,4011.0,4014.0,11447
2025-10-07 21:00:00,4014.0,4023.6,4006.7,4023.4,13240
2025-10-07 22:00:00,4023.2,4034.0,4018.1,4033.9,12499
2025-10-07 23:00:00,4033.9,4038.7,4031.4,4036.6,8724
2025-10-08 00:00:00,4037.1,4049.9,4037.1,4049.0,13061
2025-10-08 01:00:00,4049.0,4059.3,4046.7,4051.9,14052
2025-10-08 02:00:00,4052.0,4055.2,4043.5,4053.7,13885
2025-10-08 03:00:00,4053.7,4061.2,4052.3,4056.5,11993
2025-10-08 04:00:00,4056.4,4063.4,4055.4,4058.4,11295
2025-10-08 05:00:00,4058.2,4071.5,4055.0,4070.9,13936
2025-10-08 06:00:00,4070.9,4071.5,4055.7,4059.1,13670
2025-10-08 07:00:00,4059.2,4060.2,4053.6,4060.0,9768
2025-10-08 08:00:00,4060.1,4068.8,4052.5,4062.1,19656
2025-10-08 09:00:00,4062.1,4072.0,4047.5,4059.8,34592
2025-10-08 10:00:00,4059.7,4070.8,4057.3,4069.7,22889
2025-10-08 11:00:00,4069.7,4072.4,4058.1,4067.2,21992
2025-10-08 12:00:00,4067.3,4081.0,4065.4,4078.4,20867
2025-10-08 13:00:00,4078.6,4080.0,4063.7,4072.5,18141
2025-10-08 14:00:00,4072.0,4074.5,4059.5,4070.5,12823
2025-10-08 15:00:00,4070.6,4075.6,4052.5,4064.2,21561
2025-10-08 16:00:00,4064.3,4067.0,4058.7,4060.6,4636
2025-10-08 18:00:00,4061.8,4064.6,4033.2,4039.9,0
2025-10-08 19:00:00,4040.0,4041.3,4019.2,4030.1,14759
2025-10-08 20:00:00,4030.0,4047.6,4027.3,4042.2,12909
2025-10-08 21:00:00,4042.4,4057.0,4027.7,4040.4,24391
2025-10-08 22:00:00,4040.5,4041.6,4022.4,4038.4,13007
2025-10-08 23:00:00,4038.5,4049.0,4036.5,4045.0,6770
2025-10-09 00:00:00,4046.1,4059.8,4046.1,4057.5,8298
2025-10-09 01:00:00,4057.5,4062.1,4053.2,4058.2,7254
2025-10-09 02:00:00,4058.5,4059.6,4041.1,4044.8,8763
2025-10-09 03:00:00,4044.8,4052.2,4044.0,4051.2,7358
2025-10-09 04:00:00,4051.0,4060.0,4049.8,4057.8,6952
2025-10-09 05:00:00,4058.0,4062.1,4053.5,4057.2,6723
2025-10-09 06:00:00,4057.4,4064.1,4055.7,4064.1,4500
2025-10-09 07:00:00,4064.0,4066.9,4052.8,4063.7,9298
2025-10-09 08:00:00,4063.7,4073.5,4056.3,4072.9,15571
2025-10-09 09:00:00,4072.8,4077.9,4033.8,4034.6,55088
2025-10-09 10:00:00,4034.4,4046.2,4018.1,4039.5,60591
2025-10-09 11:00:00,4038.9,4044.2,4021.3,4029.6,31878
2025-10-09 12:00:00,4029.5,4037.9,3976.9,3982.4,49638
2025-10-09 13:00:00,3982.2,3987.7,3957.9,3963.4,55859
2025-10-09 14:00:00,3963.1,3981.7,3962.5,3971.3,16293
2025-10-09 15:00:00,3971.4,3996.5,3969.0,3988.3,17818
2025-10-09 16:00:00,3988.3,3994.2,3987.6,3991.1,5466
2025-10-09 18:00:00,3990.1,3996.4,3973.0,3990.7,0
2025-10-09 19:00:00,3991.1,4007.6,3989.4,4006.6,7472
2025-10-09 20:00:00,4006.6,4009.7,4002.5,4005.1,7935
2025-10-09 21:00:00,4005.4,4007.0,3984.0,3987.9,14743
2025-10-09 22:00:00,3988.0,4002.4,3987.9,3992.6,6626
2025-10-09 23:00:00,3992.6,3993.1,3975.0,3979.1,8807
2025-10-10 00:00:00,3976.8,3980.7,3961.2,3979.8,12026
2025-10-10 01:00:00,3979.8,3991.6,3979.0,3990.2,11401
2025-10-10 02:00:00,3990.1,3991.7,3977.7,3983.0,8072
2025-10-10 03:00:00,3983.2,3989.0,3966.3,3985.1,13356
2025-10-10 04:00:00,3985.0,4006.0,3982.8,4005.1,11039
2025-10-10 05:00:00,4005.0,4020.5,4003.1,4010.0,17317
2025-10-10 06:00:00,4009.8,4015.1,4006.0,4008.1,7457
2025-10-10 07:00:00,4008.1,4014.8,3998.8,4002.3,9743
2025-10-10 08:00:00,4002.4,4010.5,3995.6,4002.0,16607
2025-10-10 09:00:00,4001.9,4015.0,3990.3,3996.1,34062
2025-10-10 10:00:00,3995.5,4010.0,3986.7,4005.7,24438
2025-10-10 11:00:00,4005.7,4038.6,4003.3,4013.4,52492
2025-10-10 12:00:00,4013.5,4014.4,3990.9,3997.5,30283
2025-10-10 13:00:00,3997.7,4009.5,3988.4,4004.9,21320
2025-10-10 14:00:00,4005.0,4024.2,3998.7,4014.9,11243
2025-10-10 15:00:00,4014.9,4038.0,4010.5,4028.1,12429
2025-10-10 16:00:00,4028.0,4038.5,4000.4,4000.4,7026
2025-10-12 18:00:00,4018.3,4061.8,4000.4,4059.0,13230
2025-10-12 19:00:00,4058.8,4078.1,4050.4,4053.1,15174
2025-10-12 20:00:00,4053.0,4079.3,4042.1,4061.5,18027
2025-10-12 21:00:00,4062.0,4074.0,4053.4,4072.0,13370
2025-10-12 22:00:00,4071.9,4074.8,4059.7,4066.1,7227
2025-10-12 23:00:00,4066.4,4074.8,4064.3,4070.2,5096
2025-10-13 00:00:00,4069.8,4076.4,4068.9,4073.6,3797
2025-10-13 01:00:00,4073.5,4096.5,4071.8,4082.6,17419
2025-10-13 02:00:00,4082.6,4092.6,4078.9,4088.7,9827
2025-10-13 03:00:00,4088.6,4096.7,4085.8,4089.7,9588
2025-10-13 04:00:00,4089.6,4098.5,4087.4,4097.0,10098
2025-10-13 05:00:00,4097.0,4099.6,4090.5,4097.0,9042
2025-10-13 06:00:00,4097.1,4104.3,4090.6,4099.6,9425
2025-10-13 07:00:00,4099.5,4103.1,4092.7,4093.2,12025
2025-10-13 08:00:00,4093.2,4105.6,4092.3,4099.3,19146
2025-10-13 09:00:00,4099.5,4115.8,4097.4,4113.8,25933
2025-10-13 10:00:00,4113.6,4124.3,4110.1,4117.6,25101
2025-10-13 11:00:00,4117.6,4127.5,4111.5,4124.8,17745
2025-10-13 12:00:00,4124.8,4137.2,4123.5,4125.3,19379
2025-10-13 13:00:00,4125.4,4135.9,4119.8,4123.4,15882
2025-10-13 14:00:00,4123.3,4127.5,4119.3,4121.8,5803
2025-10-13 15:00:00,4121.7,4130.0,4110.3,4127.3,10300
2025-10-13 16:00:00,4127.3,4132.5,4124.8,4130.0,3404
2025-10-13 18:00:00,4130.9,4135.1,4125.9,4134.2,0
2025-10-13 19:00:00,4134.2,4150.0,4132.4,4145.9,11370
2025-10-13 20:00:00,4145.7,4148.4,4137.0,4142.2,9131
2025-10-13 21:00:00,4142.1,4168.4,4140.7,4154.1,25361
2025-10-13 22:00:00,4154.1,4167.4,4153.7,4162.6,12719
2025-10-13 23:00:00,4162.0,4178.6,4161.7,4175.3,13299
2025-10-14 00:00:00,4175.6,4182.7,4168.5,4181.0,10694
2025-10-14 01:00:00,4180.8,4190.9,4124.3,4135.3,42414
2025-10-14 02:00:00,4135.3,4147.2,4105.0,4127.3,42750
2025-10-14 03:00:00,4127.1,4143.0,4116.5,4141.8,19594
2025-10-14 04:00:00,4141.6,4160.5,4139.7,4158.0,16973
2025-10-14 05:00:00,4157.9,4159.5,4136.7,4143.7,12997
2025-10-14 06:00:00,4143.9,4161.8,4142.4,4149.7,11251
2025-10-14 07:00:00,4149.6,4156.1,4142.8,4148.6,8858
2025-10-14 08:00:00,4148.8,4152.8,4119.3,4122.8,26392
2025-10-14 09:00:00,4122.9,4145.0,4113.6,4140.6,34751
2025-10-14 10:00:00,4140.5,4154.7,4136.7,4145.4,21506
2025-10-14 11:00:00,4145.4,4159.1,4142.1,4154.3,14061
2025-10-14 12:00:00,4154.5,4172.1,4144.5,4156.3,20224
2025-10-14 13:00:00,4156.2,4169.0,4153.0,4164.2,15522
2025-10-14 14:00:00,4164.1,4168.6,4158.7,4164.6,7564
2025-10-14 15:00:00,4164.6,4167.3,4150.6,4159.2,12020
2025-10-14 16:00:00,4159.3,4163.8,4156.4,4159.6,2985
2025-10-14 18:00:00,4160.1,4180.5,4157.3,4174.8,0
2025-10-14 19:00:00,4174.8,4185.4,4173.4,4179.6,4985
2025-10-14 20:00:00,4179.6,4187.8,4171.6,4180.1,8409
2025-10-14 21:00:00,4180.3,4205.8,4180.0,4200.7,17325
2025-10-14 22:00:00,4201.0,4203.7,4186.0,4195.3,9828
2025-10-14 23:00:00,4195.4,4210.0,4194.8,4206.0,8296
2025-10-15 00:00:00,4206.0,4206.4,4192.4,4198.8,5600
2025-10-15 01:00:00,4198.7,4211.3,4195.6,4204.0,9144
2025-10-15 02:00:00,4203.9,4218.2,4202.2,4217.1,7944
2025-10-15 03:00:00,4217.0,4227.9,4212.2,4225.8,13029
2025-10-15 04:00:00,4225.7,4235.8,4225.0,4225.5,14215
2025-10-15 05:00:00,4225.8,4229.6,4180.0,4208.8,26106
2025-10-15 06:00:00,4208.7,4223.9,4206.8,4218.9,13067
2025-10-15 07:00:00,4218.6,4219.9,4209.1,4214.3,8449
2025-10-15 08:00:00,4214.5,4218.7,4191.2,4207.0,21769
2025-10-15 09:00:00,4207.0,4214.5,4198.8,4207.6,20896
2025-10-15 10:00:00,4207.7,4227.7,4207.5,4216.2,27384
2025-10-15 11:00:00,4216.1,4221.7,4196.1,4207.0,25600
2025-10-15 12:00:00,4207.0,4216.6,4202.3,4215.5,13519
2025-10-15 13:00:00,4215.1,4216.2,4198.2,4214.2,15950
2025-10-15 14:00:00,4214.4,4222.3,4213.0,4219.0,10049
2025-10-15 15:00:00,4218.8,4229.6,4218.3,4226.0,10760
2025-10-15 16:00:00,4226.0,4228.8,4222.2,4224.9,3735
2025-10-15 18:00:00,4225.1,4230.6,4214.5,4227.4,0
2025-10-15 19:00:00,4227.8,4230.4,4219.3,4223.2,5136
2025-10-15 20:00:00,4223.1,4241.5,4218.4,4224.5,12800
2025-10-15 21:00:00,4224.7,4246.9,4224.7,4243.8,15558
2025-10-15 22:00:00,4243.8,4253.0,4239.2,4253.0,9139
2025-10-15 23:00:00,4252.8,4255.4,4241.9,4249.2,10128
2025-10-16 00:00:00,4247.6,4253.2,4240.7,4246.7,7508
2025-10-16 01:00:00,4246.6,4248.0,4216.4,4218.5,19210
2025-10-16 02:00:00,4218.5,4241.1,4217.4,4236.8,15675
2025-10-16 03:00:00,4236.7,4248.0,4236.2,4244.5,10482
2025-10-16 04:00:00,4244.6,4250.3,4243.4,4247.6,8385
2025-10-16 05:00:00,4247.5,4257.6,4237.3,4254.9,10722
2025-10-16 06:00:00,4255.0,4262.5,4250.0,4259.1,11988
2025-10-16 07:00:00,4259.2,4264.0,4255.5,4256.1,8861
2025-10-16 08:00:00,4256.3,4266.8,4241.9,4250.4,22921
2025-10-16 09:00:00,4250.7,4274.0,4249.2,4262.5,30509
2025-10-16 10:00:00,4262.4,4283.9,4261.7,4278.8,26121
2025-10-16 11:00:00,4278.8,4292.7,4276.1,4289.4,19424
2025-10-16 12:00:00,4289.5,4308.2,4275.7,4296.9,43440
2025-10-16 13:00:00,4297.1,4314.7,4294.4,4309.5,25866
2025-10-16 14:00:00,4309.4,4310.5,4287.2,4306.0,18488
2025-10-16 15:00:00,4305.6,4328.7,4302.4,4321.4,15155
2025-10-16 16:00:00,4321.9,4346.7,4321.8,4344.3,12719
2025-10-16 18:00:00,4348.1,4392.0,4341.5,4359.8,0
2025-10-16 19:00:00,4360.2,4391.8,4354.6,4378.8,16579
2025-10-16 20:00:00,4378.3,4383.5,4365.4,4369.8,14145
2025-10-16 21:00:00,4369.7,4374.9,4291.3,4326.3,49384
2025-10-16 22:00:00,4326.1,4362.0,4324.2,4355.3,20480
2025-10-16 23:00:00,4355.6,4378.4,4351.3,4377.2,10843
2025-10-17 00:00:00,4378.9,4389.6,4367.5,4388.4,11877
2025-10-17 01:00:00,4388.2,4390.4,4353.5,4378.4,14308
2025-10-17 02:00:00,4378.5,4382.5,4358.9,4372.5,14709
2025-10-17 03:00:00,4372.0,4374.1,4320.0,4354.5,27039
2025-10-17 04:00:00,4354.5,4363.8,4332.4,4360.2,21390
2025-10-17 05:00:00,4360.2,4361.5,4345.3,4353.3,10037
2025-10-17 06:00:00,4353.1,4355.9,4332.0,4339.7,14011
2025-10-17 07:00:00,4339.7,4349.0,4298.0,4298.7,28514
2025-10-17 08:00:00,4298.7,4332.3,4294.5,4327.0,36740
2025-10-17 09:00:00,4326.6,4330.0,4268.2,4286.8,48315
2025-10-17 10:00:00,4286.4,4287.3,4226.0,4262.7,66589
2025-10-17 11:00:00,4262.3,4273.7,4244.2,4251.4,24890
2025-10-17 12:00:00,4251.5,4259.0,4211.6,4216.8,34543
2025-10-17 13:00:00,4217.5,4241.0,4196.0,4233.9,34200
2025-10-17 14:00:00,4234.2,4258.1,4231.2,4249.6,15208
2025-10-17 15:00:00,4249.8,4252.0,4225.0,4240.3,13705
2025-10-17 16:00:00,4241.7,4268.0,4213.3,4213.3,7250
2025-10-19 18:00:00,4269.0,4289.9,4213.3,4269.7,9908
2025-10-19 19:00:00,4269.7,4270.4,4243.3,4250.0,5897
2025-10-19 20:00:00,4249.4,4262.4,4229.7,4260.8,12152
2025-10-19 21:00:00,4260.5,4281.0,4240.7,4274.3,14812
2025-10-19 22:00:00,4274.7,4283.0,4264.2,4266.8,7824
2025-10-19 23:00:00,4266.8,4278.5,4261.0,4277.8,7129
2025-10-20 00:00:00,4278.0,4281.5,4273.3,4279.8,3677
2025-10-20 01:00:00,4279.3,4279.6,4251.4,4251.9,9463
2025-10-20 02:00:00,4252.3,4258.6,4233.6,4249.2,14498
2025-10-20 03:00:00,4249.0,4274.8,4247.5,4269.3,10513
2025-10-20 04:00:00,4269.1,4280.7,4266.3,4273.4,7974
2025-10-20 05:00:00,4273.3,4278.5,4264.4,4275.4,6900
2025-10-20 06:00:00,4275.4,4275.5,4259.5,4269.9,8462
2025-10-20 07:00:00,4269.5,4295.3,4265.7,4294.8,10437
2025-10-20 08:00:00,4294.6,4344.7,4287.6,4340.9,37529
2025-10-20 09:00:00,4340.9,4342.8,4315.4,4317.1,33448
2025-10-20 10:00:00,4316.8,4351.2,4308.3,4348.7,34412
2025-10-20 11:00:00,4348.7,4372.3,4348.7,4366.0,24107
2025-10-20 12:00:00,4366.0,4367.7,4358.9,4365.2,11997
2025-10-20 13:00:00,4365.4,4368.9,4354.4,4365.7,15176
2025-10-20 14:00:00,4365.8,4382.3,4362.1,4376.3,13480
2025-10-20 15:00:00,4376.4,4398.0,4376.1,4394.3,15800
2025-10-20 16:00:00,4394.4,4396.5,4363.7,4374.3,13710
2025-10-20 18:00:00,4371.0,4393.6,4370.2,4385.3,0
2025-10-20 19:00:00,4385.5,4389.7,4373.0,4377.3,6083
2025-10-20 20:00:00,4377.4,4387.9,4372.1,4386.0,10284
2025-10-20 21:00:00,4385.9,4390.0,4348.4,4367.7,18145
2025-10-20 22:00:00,4368.1,4372.9,4351.3,4354.9,11432
2025-10-20 23:00:00,4354.8,4367.3,4353.7,4362.9,6076
2025-10-21 00:00:00,4362.8,4362.8,4352.5,4358.4,3943
2025-10-21 01:00:00,4358.3,4360.7,4332.6,4339.5,13380
2025-10-21 02:00:00,4338.6,4359.6,4333.0,4358.6,11211
2025-10-21 03:00:00,4358.5,4358.6,4309.3,4312.8,21832
2025-10-21 04:00:00,4312.6,4316.3,4257.7,4287.6,35289
2025-10-21 05:00:00,4287.3,4291.4,4267.9,4278.6,17055
2025-10-21 06:00:00,4278.9,4280.7,4262.5,4268.2,13292
2025-10-21 07:00:00,4268.0,4286.8,4258.9,4266.8,12818
2025-10-21 08:00:00,4266.8,4270.9,4217.2,4223.4,41068
2025-10-21 09:00:00,4223.5,4238.9,4179.1,4185.3,62182
2025-10-21 10:00:00,4185.9,4202.5,4093.0,4152.1,88941
2025-10-21 11:00:00,4152.0,4164.2,4131.3,4150.6,41289
2025-10-21 12:00:00,4150.5,4156.7,4112.0,4124.8,30844
2025-10-21 13:00:00,4125.2,4133.6,4105.0,4124.2,30842
2025-10-21 14:00:00,4124.0,4139.5,4118.8,4128.2,13419
2025-10-21 15:00:00,4128.4,4135.9,4112.4,4124.2,16253
2025-10-21 16:00:00,4124.5,4145.5,4121.0,4138.5,9009
2025-10-21 18:00:00,4137.0,4146.7,4126.6,4136.2,0
2025-10-21 19:00:00,4136.1,4140.7,4103.4,4106.7,8822
2025-10-21 20:00:00,4106.8,4107.6,4021.2,4088.6,43590
2025-10-21 21:00:00,4088.5,4133.8,4077.2,4100.5,24308
2025-10-21 22:00:00,4100.7,4131.8,4100.6,4128.9,8982
2025-10-21 23:00:00,4129.1,4157.9,4120.4,4143.7,11326
2025-10-22 00:00:00,4142.8,4148.0,4121.9,4141.9,8132
2025-10-22 01:00:00,4142.4,4160.8,4140.2,4148.7,8526
2025-10-22 02:00:00,4148.8,4175.0,4141.0,4169.1,12285
2025-10-22 03:00:00,4169.3,4169.7,4142.4,4146.3,13265
2025-10-22 04:00:00,4146.2,4149.5,4074.0,4083.5,32520
2025-10-22 05:00:00,4083.7,4116.5,4076.3,4084.0,17574
2025-10-22 06:00:00,4083.9,4106.2,4035.0,4049.5,19608
2025-10-22 07:00:00,4049.4,4060.7,4029.1,4042.7,22394
2025-10-22 08:00:00,4042.5,4069.3,4038.0,4048.9,27288
2025-10-22 09:00:00,4048.9,4101.0,4048.8,4090.7,41301
2025-10-22 10:00:00,4090.6,4093.6,4025.1,4030.8,40999
2025-10-22 11:00:00,4030.7,4064.2,4030.5,4053.1,27483
2025-10-22 12:00:00,4053.5,4081.0,4039.4,4075.5,22653
2025-10-22 13:00:00,4074.7,4087.7,4058.8,4086.3,23571
2025-10-22 14:00:00,4086.5,4098.9,4083.0,4094.0,11619
2025-10-22 15:00:00,4094.2,4131.4,4093.8,4120.0,19401
2025-10-22 16:00:00,4120.4,4125.6,4106.4,4116.6,6877
2025-10-22 18:00:00,4114.8,4133.6,4108.8,4119.2,0
2025-10-22 19:00:00,4119.2,4122.3,4096.4,4104.7,6485
2025-10-22 20:00:00,4104.2,4114.3,4079.6,4098.2,9324
2025-10-22 21:00:00,4097.7,4108.6,4087.2,4088.5,8202
2025-10-22 22:00:00,4088.9,4100.8,4087.2,4098.1,5399
2025-10-22 23:00:00,4098.0,4116.4,4093.1,4106.9,6135
2025-10-23 00:00:00,4106.7,4107.9,4094.4,4104.6,4789
2025-10-23 01:00:00,4104.3,4125.1,4099.0,4124.6,6723
2025-10-23 02:00:00,4124.7,4152.9,4124.6,4127.7,18807
2025-10-23 03:00:00,4127.8,4136.3,4106.4,4109.6,13026
2025-10-23 04:00:00,4109.9,4134.0,4109.8,4131.5,8711
2025-10-23 05:00:00,4131.5,4140.7,4126.4,4139.6,8349
2025-10-23 06:00:00,4139.6,4140.5,4115.5,4122.9,10853
2025-10-23 07:00:00,4122.9,4135.4,4121.5,4123.7,9757
2025-10-23 08:00:00,4123.4,4144.4,4113.7,4142.3,15137
2025-10-23 09:00:00,4142.1,4167.5,4141.1,4161.2,32420
2025-10-23 10:00:00,4161.1,4171.5,4150.6,4164.5,23996
2025-10-23 11:00:00,4164.5,4168.6,4152.7,4158.6,15334
2025-10-23 12:00:00,4158.6,4165.4,4141.9,4149.4,15586
2025-10-23 13:00:00,4149.2,4156.3,4141.0,4153.9,13670
2025-10-23 14:00:00,4153.9,4160.0,4149.2,4152.3,9372
2025-10-23 15:00:00,4152.3,4154.6,4132.5,4134.6,11372
2025-10-23 16:00:00,4134.6,4143.7,4123.5,4143.2,6082
2025-10-23 18:00:00,4144.0,4149.0,4127.3,4132.4,0
2025-10-23 19:00:00,4132.5,4139.0,4121.2,4136.8,3625
2025-10-23 20:00:00,4137.1,4149.0,4133.4,4147.6,6513
2025-10-23 21:00:00,4147.7,4159.0,4126.0,4133.1,14043
2025-10-23 22:00:00,4133.3,4133.5,4123.3,4123.7,8594
2025-10-23 23:00:00,4123.6,4137.3,4122.1,4135.9,6035
2025-10-24 00:00:00,4136.2,4137.1,4115.5,4124.7,8764
2025-10-24 01:00:00,4124.9,4131.5,4116.4,4118.5,7452
2025-10-24 02:00:00,4118.3,4118.9,4096.1,4107.5,17410
2025-10-24 03:00:00,4107.4,4111.7,4083.1,4088.9,13126
2025-10-24 04:00:00,4088.8,4092.3,4060.9,4079.0,18695
2025-10-24 05:00:00,4078.7,4087.0,4068.1,4075.5,8573
2025-10-24 06:00:00,4074.9,4085.4,4067.0,4068.4,6940
2025-10-24 07:00:00,4068.2,4079.3,4055.7,4075.6,9888
2025-10-24 08:00:00,4075.7,4110.1,4073.4,4096.1,23399
2025-10-24 09:00:00,4096.3,4137.7,4093.2,4120.9,38932
2025-10-24 10:00:00,4121.3,4151.1,4116.5,4133.0,28560
2025-10-24 11:00:00,4133.1,4148.3,4128.7,4146.7,14863
2025-10-24 12:00:00,4146.6,4156.0,4138.1,4145.8,13460
2025-10-24 13:00:00,4146.3,4151.4,4121.2,4123.4,15327
2025-10-24 14:00:00,4123.5,4130.0,4117.6,4126.7,10942
2025-10-24 15:00:00,4126.3,4133.7,4117.5,4119.7,8173
2025-10-24 16:00:00,4119.7,4137.8,4111.0,4137.8,4840
2025-10-26 18:00:00,4103.2,4137.8,4074.2,4096.4,14845
2025-10-26 19:00:00,4097.3,4102.9,4075.4,4078.2,8989
2025-10-26 20:00:00,4078.7,4098.4,4071.8,4095.2,8247
2025-10-26 21:00:00,4094.9,4112.0,4088.8,4094.8,11194
2025-10-26 22:00:00,4094.6,4095.2,4083.0,4084.7,7365
2025-10-26 23:00:00,4084.9,4095.1,4078.3,4083.5,6351
2025-10-27 00:00:00,4082.0,4084.8,4065.8,4081.8,10132
2025-10-27 01:00:00,4081.5,4098.6,4081.2,4093.5,6520
2025-10-27 02:00:00,4093.5,4098.3,4087.0,4091.8,6112
2025-10-27 03:00:00,4091.8,4093.8,4077.4,4081.7,5391
2025-10-27 04:00:00,4081.6,4083.6,4034.2,4055.2,17530
2025-10-27 05:00:00,4055.4,4063.6,4042.7,4053.3,13309
2025-10-27 06:00:00,4053.0,4061.8,4042.3,4050.8,8136
2025-10-27 07:00:00,4051.0,4054.9,4028.0,4038.0,16016
2025-10-27 08:00:00,4037.9,4061.2,4036.0,4060.1,13886
2025-10-27 09:00:00,4060.3,4064.8,4026.9,4036.0,27267
2025-10-27 10:00:00,4035.7,4037.3,3995.2,4002.2,50809
2025-10-27 11:00:00,4002.1,4008.3,3985.9,4004.6,31006
2025-10-27 12:00:00,4004.8,4015.6,3998.6,4014.3,15454
2025-10-27 13:00:00,4014.5,4024.2,4005.5,4021.7,17166
2025-10-27 14:00:00,4021.8,4025.8,4012.1,4014.1,10064
2025-10-27 15:00:00,4014.2,4020.3,4000.8,4006.0,11563
2025-10-27 16:00:00,4005.8,4016.0,3994.2,3997.0,5872
2025-10-27 18:00:00,3999.9,4012.2,3994.1,4004.5,0
2025-10-27 19:00:00,4004.2,4019.0,3997.2,4012.5,6078
2025-10-27 20:00:00,4012.8,4024.5,3987.2,4021.5,11283
2025-10-27 21:00:00,4021.8,4034.2,4017.0,4024.4,11478
2025-10-27 22:00:00,4024.4,4027.2,3995.1,3998.6,10532
2025-10-27 23:00:00,3998.3,4008.9,3997.3,4006.6,5374
2025-10-28 00:00:00,4007.0,4008.2,3978.0,3988.0,12704
2025-10-28 01:00:00,3988.3,3995.1,3973.0,3980.7,10093
2025-10-28 02:00:00,3980.5,3983.0,3953.4,3958.1,14704
2025-10-28 03:00:00,3958.2,3964.6,3936.9,3947.4,15905
2025-10-28 04:00:00,3947.6,3950.9,3911.1,3912.0,23050
2025-10-28 05:00:00,3911.7,3925.7,3901.3,3919.0,21436
2025-10-28 06:00:00,3918.6,3947.0,3913.5,3940.8,16377
2025-10-28 07:00:00,3941.0,3944.3,3925.6,3937.1,13199
2025-10-28 08:00:00,3937.0,3944.3,3919.2,3927.0,15767
2025-10-28 09:00:00,3927.2,3955.4,3926.5,3953.5,27656
2025-10-28 10:00:00,3953.9,3968.6,3949.5,3964.6,26462
2025-10-28 11:00:00,3964.5,3983.8,3961.8,3978.6,20918
2025-10-28 12:00:00,3978.7,3979.7,3965.6,3973.5,19996
2025-10-28 13:00:00,3973.4,3985.7,3969.1,3976.6,19284
2025-10-28 14:00:00,3976.5,3978.4,3959.1,3971.6,10810
2025-10-28 15:00:00,3971.5,3978.3,3965.1,3975.8,10015
2025-10-28 16:00:00,3975.4,3976.4,3964.6,3968.1,3997
2025-10-28 18:00:00,3967.2,3977.5,3930.0,3948.8,0
2025-10-28 19:00:00,3949.1,3982.5,3948.7,3979.0,5286
2025-10-28 20:00:00,3978.6,3995.7,3973.4,3988.6,11000
2025-10-28 21:00:00,3988.9,3993.7,3979.6,3987.3,9129
2025-10-28 22:00:00,3987.2,3988.2,3957.2,3975.0,8379
2025-10-28 23:00:00,3974.6,3986.2,3971.7,3977.3,5324
2025-10-29 00:00:00,3977.2,3978.8,3964.5,3965.8,4346
2025-10-29 01:00:00,3965.6,3979.7,3963.9,3976.0,4541
2025-10-29 02:00:00,3976.3,3998.8,3973.2,3992.2,6449
2025-10-29 03:00:00,3992.0,4014.8,3988.7,4014.5,11910
2025-10-29 04:00:00,4014.8,4031.2,4013.4,4029.8,14310
2025-10-29 05:00:00,4029.5,4042.7,4026.0,4037.2,12180
2025-10-29 06:00:00,4037.4,4043.7,4030.1,4037.2,8713
2025-10-29 07:00:00,4037.1,4042.1,4026.6,4030.2,9877
2025-10-29 08:00:00,4031.0,4046.2,4027.0,4038.8,10519
2025-10-29 09:00:00,4038.8,4038.9,4016.8,4026.9,24911
2025-10-29 10:00:00,4026.8,4037.1,4020.6,4021.9,16059
2025-10-29 11:00:00,4021.8,4026.6,4003.4,4007.5,18541
2025-10-29 12:00:00,4007.8,4016.3,4005.9,4007.7,9850
2025-10-29 13:00:00,4007.3,4012.0,3999.2,4009.0,10392
2025-10-29 14:00:00,4008.6,4021.7,3954.7,3982.9,40283
2025-10-29 15:00:00,3983.0,3993.5,3940.4,3959.2,23646
2025-10-29 16:00:00,3958.7,3967.8,3940.5,3941.7,7750
2025-10-29 18:00:00,3942.8,3960.5,3925.1,3953.0,0
2025-10-29 19:00:00,3952.9,3965.5,3951.0,3963.9,3699
2025-10-29 20:00:00,3964.1,3976.6,3948.2,3961.8,8361
2025-10-29 21:00:00,3961.5,3978.2,3956.5,3960.4,11097
2025-10-29 22:00:00,3960.0,3960.8,3934.2,3934.5,10593
2025-10-29 23:00:00,3934.9,3949.5,3927.6,3947.3,6507
2025-10-30 00:00:00,3949.5,3996.0,3946.7,3985.2,14339
2025-10-30 01:00:00,3985.5,3991.0,3959.0,3976.2,9572
2025-10-30 02:00:00,3975.8,3990.0,3968.4,3989.3,7492
2025-10-30 03:00:00,3989.1,3990.0,3967.0,3972.8,6756
2025-10-30 04:00:00,3973.0,3989.2,3971.4,3988.5,8030
2025-10-30 05:00:00,3988.2,4024.2,3988.1,4010.4,14302
2025-10-30 06:00:00,4010.7,4013.3,3985.1,3995.8,10523
2025-10-30 07:00:00,3996.1,3997.3,3975.3,3985.7,9138
2025-10-30 08:00:00,3985.8,3997.7,3972.0,3972.6,13844
2025-10-30 09:00:00,3972.2,4007.9,3970.9,4007.9,19441
2025-10-30 10:00:00,4007.6,4028.3,3999.6,4009.6,29301
2025-10-30 11:00:00,4009.2,4022.4,4001.6,4015.3,13785
2025-10-30 12:00:00,4015.3,4017.8,4004.6,4014.5,8622
2025-10-30 13:00:00,4014.7,4031.5,4007.7,4017.5,11030
2025-10-30 14:00:00,4017.5,4030.5,4013.3,4028.2,7592
2025-10-30 15:00:00,4028.3,4038.5,4027.2,4035.2,7014
2025-10-30 16:00:00,4035.2,4041.5,4029.3,4038.3,4891
2025-10-30 18:00:00,4038.2,4059.9,4029.3,4051.1,0
2025-10-30 19:00:00,4051.5,4055.3,4031.3,4048.6,7172
2025-10-30 20:00:00,4048.7,4049.0,4035.5,4036.9,5167
2025-10-30 21:00:00,4037.1,4051.4,4025.4,4032.0,9366
2025-10-30 22:00:00,4031.7,4032.7,4012.8,4023.9,11705
2025-10-30 23:00:00,4023.6,4026.4,4003.6,4009.0,8409
2025-10-31 00:00:00,4009.5,4023.7,4001.9,4018.4,6324
2025-10-31 01:00:00,4018.0,4022.9,4006.2,4016.6,6023
2025-10-31 02:00:00,4016.9,4027.8,4013.7,4024.9,6105
2025-10-31 03:00:00,4024.7,4036.6,4019.2,4032.6,9245
2025-10-31 04:00:00,4032.4,4038.5,4018.1,4021.9,7101
2025-10-31 05:00:00,4021.6,4026.1,4010.0,4019.8,7056
2025-10-31 06:00:00,4020.1,4028.6,4015.0,4018.8,6034
2025-10-31 07:00:00,4018.7,4023.0,4012.8,4022.3,4494
2025-10-31 08:00:00,4022.4,4049.2,4020.8,4035.3,14540
2025-10-31 09:00:00,4035.4,4048.5,4021.9,4028.2,19034
2025-10-31 10:00:00,4028.3,4039.4,4022.5,4033.0,14644
2025-10-31 11:00:00,4032.8,4035.9,4021.4,4025.0,15449
2025-10-31 12:00:00,4024.8,4027.5,3982.3,3991.8,33819
2025-10-31 13:00:00,3992.2,4015.1,3991.5,4009.0,18378
2025-10-31 14:00:00,4009.3,4021.5,4006.4,4011.7,8146
2025-10-31 15:00:00,4011.9,4017.6,4003.4,4012.9,7091
2025-10-31 16:00:00,4012.7,4018.9,4007.6,4014.2,3129
2025-11-02 18:00:00,4001.9,4009.0,3988.1,3989.7,5571
2025-11-02 19:00:00,3990.0,3998.3,3971.3,3980.9,11152
2025-11-02 20:00:00,3980.9,4011.5,3974.5,4006.1,12281
2025-11-02 21:00:00,4005.6,4017.0,4000.0,4014.5,6528
2025-11-02 22:00:00,4014.8,4025.4,4012.7,4021.3,5874
2025-11-02 23:00:00,4021.4,4024.6,4011.7,4013.5,4542
2025-11-03 00:00:00,4013.8,4029.2,4007.0,4024.7,7192
2025-11-03 01:00:00,4025.0,4029.9,4020.5,4028.4,4359
2025-11-03 02:00:00,4028.2,4036.7,4023.2,4035.9,6335
2025-11-03 03:00:00,4036.2,4038.7,4021.2,4029.9,8533
2025-11-03 04:00:00,4030.2,4036.9,4003.3,4011.6,11749
2025-11-03 05:00:00,4011.7,4016.2,4005.2,4010.2,7890
2025-11-03 06:00:00,4010.0,4020.7,4005.9,4019.6,7426
2025-11-03 07:00:00,4019.6,4025.5,4012.9,4025.3,8897
2025-11-03 08:00:00,4025.2,4032.5,4021.8,4028.1,15251
2025-11-03 09:00:00,4028.0,4038.5,4012.4,4034.1,20128
2025-11-03 10:00:00,4035.0,4043.1,4014.4,4019.3,29098
2025-11-03 11:00:00,4019.2,4024.6,4006.0,4019.8,15378
2025-11-03 12:00:00,4019.9,4024.4,4015.2,4018.0,9053
2025-11-03 13:00:00,4017.9,4021.9,4011.6,4018.2,9465
2025-11-03 14:00:00,4018.4,4020.3,4007.1,4016.3,6411
2025-11-03 15:00:00,4016.6,4027.4,4016.6,4022.7,5810
2025-11-03 16:00:00,4022.5,4022.7,4012.1,4013.7,2234
2025-11-03 18:00:00,4013.7,4018.0,3989.1,4008.1,0
2025-11-03 19:00:00,4008.4,4010.0,3988.1,3996.1,8567
2025-11-03 20:00:00,3996.3,4004.3,3988.7,3996.4,7853
2025-11-03 21:00:00,3996.4,3996.5,3984.2,3996.4,9513
2025-11-03 22:00:00,3996.5,4009.2,3991.5,4003.7,6355
2025-11-03 23:00:00,4003.8,4004.4,3993.0,3995.3,4904
2025-11-04 00:00:00,3994.6,3996.3,3980.9,3982.4,7594
2025-11-04 01:00:00,3982.1,3996.9,3975.0,3993.4,9909
2025-11-04 02:00:00,3993.5,4006.6,3990.7,4004.0,7643
2025-11-04 03:00:00,4004.3,4011.6,4000.7,4006.8,7328
2025-11-04 04:00:00,4006.5,4010.6,4000.1,4001.1,6575
2025-11-04 05:00:00,4000.9,4008.1,3995.4,4004.0,5859
2025-11-04 06:00:00,4004.1,4010.7,4001.6,4005.7,4115
2025-11-04 07:00:00,4005.8,4008.0,3992.9,3994.7,7888
2025-11-04 08:00:00,3994.5,4006.8,3981.9,3985.7,14459
2025-11-04 09:00:00,3985.5,3987.3,3937.1,3966.5,45787
2025-11-04 10:00:00,3966.4,3977.9,3950.3,3966.4,21575
2025-11-04 11:00:00,3966.5,3986.3,3966.4,3979.4,13580
2025-11-04 12:00:00,3979.4,3981.2,3962.1,3965.3,11138
2025-11-04 13:00:00,3965.1,3967.0,3941.7,3947.1,17265
2025-11-04 14:00:00,3947.5,3953.6,3944.0,3947.2,8583
2025-11-04 15:00:00,3947.1,3951.6,3940.9,3948.7,9492
2025-11-04 16:00:00,3948.8,3949.3,3939.8,3941.3,3172
2025-11-04 18:00:00,3939.5,3949.5,3938.4,3942.5,0
2025-11-04 19:00:00,3942.4,3951.5,3935.7,3948.0,7246
2025-11-04 20:00:00,3948.4,3958.0,3942.6,3945.3,8482
2025-11-04 21:00:00,3945.3,3959.7,3943.6,3957.6,6322
2025-11-04 22:00:00,3957.1,3974.1,3955.9,3969.2,5750
2025-11-04 23:00:00,3969.2,3982.4,3968.3,3977.6,5402
2025-11-05 00:00:00,3978.8,3987.2,3970.6,3973.2,6899
2025-11-05 01:00:00,3973.6,3982.5,3970.3,3975.0,4471
2025-11-05 02:00:00,3975.1,3984.4,3971.7,3982.2,6169
2025-11-05 03:00:00,3982.2,3997.0,3982.0,3990.0,9343
2025-11-05 04:00:00,3989.8,3991.3,3973.5,3981.9,7851
2025-11-05 05:00:00,3981.8,3981.8,3965.1,3973.5,7292
2025-11-05 06:00:00,3973.5,3978.2,3966.4,3975.5,5634
2025-11-05 07:00:00,3975.5,3979.3,3970.8,3979.3,4477
2025-11-05 08:00:00,3979.3,3989.5,3973.8,3985.9,10555
2025-11-05 09:00:00,3985.6,3995.6,3979.0,3983.0,14477
2025-11-05 10:00:00,3982.5,3994.5,3972.9,3987.9,17408
2025-11-05 11:00:00,3988.5,4000.7,3983.8,3996.8,10679
2025-11-05 12:00:00,3996.8,3999.8,3988.1,3991.3,7068
2025-11-05 13:00:00,3991.7,3995.9,3988.4,3992.1,10718
2025-11-05 14:00:00,3992.2,3998.9,3988.7,3997.9,5078
2025-11-05 15:00:00,3997.8,4000.3,3991.6,3994.8,4932
2025-11-05 16:00:00,3995.1,3995.6,3988.5,3990.4,2067
2025-11-05 18:00:00,3992.4,3992.8,3973.9,3982.8,0
2025-11-05 19:00:00,3982.7,3984.7,3978.2,3984.7,3232
2025-11-05 20:00:00,3984.9,3986.1,3973.2,3984.6,4897
2025-11-05 21:00:00,3984.6,3993.9,3982.2,3991.7,4439
2025-11-05 22:00:00,3991.7,3998.7,3987.6,3995.7,3908
2025-11-05 23:00:00,3995.5,3998.3,3992.6,3997.3,2614
2025-11-06 00:00:00,3997.0,3999.5,3994.2,3996.7,3235
2025-11-06 01:00:00,3996.7,4002.3,3990.7,4000.7,4779
2025-11-06 02:00:00,4000.8,4018.5,4000.3,4014.8,9414
2025-11-06 03:00:00,4014.8,4026.0,4013.8,4024.3,7849
2025-11-06 04:00:00,4024.1,4024.6,4018.4,4020.3,5561
2025-11-06 05:00:00,4020.4,4020.6,4013.5,4017.7,7060
2025-11-06 06:00:00,4017.6,4028.6,4016.3,4027.2,7217
2025-11-06 07:00:00,4027.0,4028.7,4012.0,4014.5,7677
2025-11-06 08:00:00,4014.6,4025.5,4012.8,4021.1,8690
2025-11-06 09:00:00,4021.1,4023.1,3997.4,4001.9,22121
2025-11-06 10:00:00,4001.5,4002.2,3983.5,3988.3,24560
2025-11-06 11:00:00,3988.2,3994.7,3984.3,3989.1,12204
2025-11-06 12:00:00,3989.5,3996.4,3973.2,3994.5,15905
2025-11-06 13:00:00,3994.5,3999.1,3988.1,3995.9,11562
2025-11-06 14:00:00,3995.9,4003.7,3990.8,3993.2,5659
2025-11-06 15:00:00,3993.3,3995.2,3987.2,3988.8,4182
2025-11-06 16:00:00,3989.0,3990.8,3984.3,3984.8,2299
2025-11-06 18:00:00,3986.9,3996.8,3981.6,3996.0,0
2025-11-06 19:00:00,3996.0,4002.0,3991.6,3996.0,3662
2025-11-06 20:00:00,3995.9,4010.4,3994.7,4009.2,6034
2025-11-06 21:00:00,4009.2,4011.3,3998.7,4002.6,4736
2025-11-06 22:00:00,4002.3,4003.7,3995.4,3997.7,3473
2025-11-06 23:00:00,3997.4,4005.8,3992.6,4005.5,3187
2025-11-07 00:00:00,4006.0,4006.3,3998.7,4002.4,2792
2025-11-07 01:00:00,4002.3,4016.2,3999.5,4014.5,5075
2025-11-07 02:00:00,4014.7,4017.3,4010.3,4015.2,5638
2025-11-07 03:00:00,4015.4,4018.7,4011.2,4018.0,5081
2025-11-07 04:00:00,4017.9,4022.6,4011.6,4014.5,5503
2025-11-07 05:00:00,4014.6,4017.3,4010.5,4015.7,4328
2025-11-07 06:00:00,4015.6,4019.9,4001.2,4011.0,7523
2025-11-07 07:00:00,4010.9,4016.9,3998.9,4003.3,8158
2025-11-07 08:00:00,4003.4,4009.6,3998.7,4004.5,8157
2025-11-07 09:00:00,4004.7,4015.0,3991.2,4001.0,21790
2025-11-07 10:00:00,4000.5,4006.8,3991.0,3998.0,12672
2025-11-07 11:00:00,3998.3,4035.8,3997.0,4015.8,28241
2025-11-07 12:00:00,4015.9,4018.0,3999.6,4012.6,21196
2025-11-07 13:00:00,4012.6,4016.4,4006.6,4012.5,24243
2025-11-07 14:00:00,4012.8,4016.1,4008.9,4014.2,5999
2025-11-07 15:00:00,4014.0,4014.4,4002.4,4012.1,6610
2025-11-07 16:00:00,4011.8,4013.1,4006.3,4008.4,1934
2025-11-09 18:00:00,4017.8,4020.4,4009.8,4019.5,4445
2025-11-09 19:00:00,4019.7,4032.1,4019.2,4028.3,6707
2025-11-09 20:00:00,4027.9,4062.0,4026.8,4052.9,20730
2025-11-09 21:00:00,4052.8,4057.9,4046.3,4056.8,8856
2025-11-09 22:00:00,4056.8,4061.7,4053.5,4058.7,5142
2025-11-09 23:00:00,4058.5,4065.9,4058.5,4062.9,4218
2025-11-10 00:00:00,4062.8,4078.2,4058.7,4078.0,7755
2025-11-10 01:00:00,4077.8,4087.2,4074.9,4083.5,8735
2025-11-10 02:00:00,4083.9,4087.6,4080.4,4083.6,6425
2025-11-10 03:00:00,4083.4,4093.7,4083.0,4090.3,8412
2025-11-10 04:00:00,4090.5,4095.1,4079.5,4084.9,8876
2025-11-10 05:00:00,4084.8,4092.2,4084.3,4089.3,5348
2025-11-10 06:00:00,4089.3,4094.0,4083.9,4093.8,4848
2025-11-10 07:00:00,4094.0,4108.7,4092.9,4106.1,14277
2025-11-10 08:00:00,4105.9,4115.0,4098.2,4099.9,16579
2025-11-10 09:00:00,4099.9,4102.4,4082.4,4091.4,21939
2025-11-10 10:00:00,4091.3,4102.3,4084.6,4091.4,19578
2025-11-10 11:00:00,4091.2,4104.2,4089.2,4103.2,11219
2025-11-10 12:00:00,4103.1,4110.7,4101.3,4110.7,11336
2025-11-10 13:00:00,4110.4,4123.9,4109.4,4117.4,29886
2025-11-10 14:00:00,4118.0,4123.4,4115.4,4120.9,6199
2025-11-10 15:00:00,4121.0,4122.3,4113.8,4118.8,7009
2025-11-10 16:00:00,4118.9,4124.0,4117.6,4123.4,2307
2025-11-10 18:00:00,4124.0,4129.7,4121.5,4126.6,0
2025-11-10 19:00:00,4126.9,4139.9,4123.1,4137.3,9773
2025-11-10 20:00:00,4137.3,4147.4,4133.9,4142.2,13001
2025-11-10 21:00:00,4142.2,4145.5,4135.2,4143.9,6997
2025-11-10 22:00:00,4144.0,4154.0,4142.8,4152.7,5857
2025-11-10 23:00:00,4152.4,4155.0,4147.6,4148.9,6870
2025-11-11 00:00:00,4149.1,4150.6,4131.4,4137.3,9145
2025-11-11 01:00:00,4136.9,4144.0,4133.2,4136.1,6422
2025-11-11 02:00:00,4136.3,4139.5,4131.2,4136.1,5773
2025-11-11 03:00:00,4135.9,4144.5,4135.1,4142.3,6826
2025-11-11 04:00:00,4142.4,4152.4,4141.0,4148.0,6891
2025-11-11 05:00:00,4148.0,4150.6,4143.0,4148.2,4473
2025-11-11 06:00:00,4148.2,4151.3,4145.5,4149.6,4921
2025-11-11 07:00:00,4149.7,4150.6,4139.4,4140.7,6398
2025-11-11 08:00:00,4140.8,4153.4,4140.0,4149.2,11790
2025-11-11 09:00:00,4149.4,4150.1,4126.0,4131.2,29111
2025-11-11 10:00:00,4131.1,4132.3,4102.8,4112.6,40458
2025-11-11 11:00:00,4112.4,4121.7,4110.7,4119.2,13174
2025-11-11 12:00:00,4119.0,4123.7,4116.0,4119.9,8027
2025-11-11 13:00:00,4120.1,4122.1,4112.4,4119.8,20075
2025-11-11 14:00:00,4119.7,4131.7,4118.0,4128.4,8296
2025-11-11 15:00:00,4128.6,4138.5,4127.7,4135.7,7035
2025-11-11 16:00:00,4135.6,4137.7,4131.7,4133.2,2536
2025-11-11 18:00:00,4132.2,4151.0,4132.2,4148.7,0
2025-11-11 19:00:00,4148.4,4151.5,4137.6,4139.0,6040
2025-11-11 20:00:00,4139.0,4143.2,4132.0,4137.4,9380
2025-11-11 21:00:00,4137.4,4141.8,4124.5,4129.9,6884
2025-11-11 22:00:00,4130.2,4131.5,4117.5,4117.7,6229
2025-11-11 23:00:00,4117.6,4119.4,4109.4,4116.5,8015
2025-11-12 00:00:00,4116.5,4116.8,4104.4,4110.5,6647
2025-11-12 01:00:00,4110.5,4124.2,4108.9,4123.9,6401
2025-11-12 02:00:00,4123.7,4130.7,4118.6,4122.3,7305
2025-11-12 03:00:00,4122.6,4138.2,4117.4,4136.8,9629
2025-11-12 04:00:00,4136.7,4139.6,4126.2,4130.6,6154
2025-11-12 05:00:00,4130.4,4135.2,4123.4,4133.3,6955
2025-11-12 06:00:00,4133.3,4137.0,4128.5,4131.7,4416
2025-11-12 07:00:00,4131.4,4145.9,4130.3,4136.4,9079
2025-11-12 08:00:00,4136.4,4139.0,4128.7,4132.9,10102
2025-11-12 09:00:00,4133.1,4146.8,4130.7,4142.7,15614
2025-11-12 10:00:00,4142.7,4192.3,4140.7,4187.9,47411
2025-11-12 11:00:00,4187.7,4204.6,4186.5,4203.0,27228
2025-11-12 12:00:00,4203.2,4212.6,4198.4,4205.8,21502
2025-11-12 13:00:00,4206.1,4218.5,4196.9,4213.5,31631
2025-11-12 14:00:00,4213.8,4216.5,4197.8,4203.3,10680
2025-11-12 15:00:00,4203.4,4205.5,4196.0,4201.3,9792
2025-11-12 16:00:00,4201.3,4207.9,4196.5,4201.4,5153
2025-11-12 18:00:00,4202.4,4210.0,4190.3,4195.6,0
2025-11-12 19:00:00,4195.5,4212.5,4189.1,4209.3,8200
2025-11-12 20:00:00,4209.2,4213.0,4183.2,4197.0,11371
2025-11-12 21:00:00,4197.1,4201.0,4188.1,4194.2,7782
2025-11-12 22:00:00,4194.0,4217.2,4193.9,4216.8,10175
2025-11-12 23:00:00,4216.9,4223.9,4207.7,4214.6,7975
2025-11-13 00:00:00,4213.3,4221.4,4211.2,4216.0,8281
2025-11-13 01:00:00,4215.4,4216.4,4206.9,4214.4,6847
2025-11-13 02:00:00,4214.4,4224.9,4212.4,4224.6,8405
2025-11-13 03:00:00,4224.7,4244.3,4223.4,4237.5,13695
2025-11-13 04:00:00,4237.4,4245.1,4230.0,4238.3,8850
2025-11-13 05:00:00,4238.1,4245.6,4226.6,4230.3,8622
2025-11-13 06:00:00,4230.7,4236.9,4224.0,4235.0,7992
2025-11-13 07:00:00,4234.7,4250.0,4234.2,4247.4,10175
2025-11-13 08:00:00,4247.2,4248.7,4224.5,4236.7,16128
2025-11-13 09:00:00,4236.9,4237.5,4188.6,4199.9,36248
2025-11-13 10:00:00,4199.8,4209.7,4190.5,4206.6,18274
2025-11-13 11:00:00,4206.6,4215.8,4200.0,4210.8,17260
2025-11-13 12:00:00,4211.0,4212.8,4197.7,4206.3,13588
2025-11-13 13:00:00,4206.2,4207.8,4148.5,4161.6,45551
2025-11-13 14:00:00,4161.5,4174.5,4149.5,4167.8,17758
2025-11-13 15:00:00,4167.8,4174.8,4164.2,4168.1,7701
2025-11-13 16:00:00,4167.9,4185.0,4165.0,4174.5,5281
2025-11-13 18:00:00,4174.9,4189.6,4173.1,4188.9,0
2025-11-13 19:00:00,4189.0,4192.6,4180.9,4186.9,5414
2025-11-13 20:00:00,4186.5,4196.6,4176.2,4193.0,8450
2025-11-13 21:00:00,4193.1,4213.0,4191.3,4209.8,8733
2025-11-13 22:00:00,4209.6,4215.1,4204.2,4207.7,4745
2025-11-13 23:00:00,4207.6,4209.0,4199.5,4206.2,3416
2025-11-14 00:00:00,4206.3,4206.6,4186.4,4192.8,7865
2025-11-14 01:00:00,4192.3,4196.2,4171.7,4177.3,8401
2025-11-14 02:00:00,4177.7,4186.0,4162.1,4184.4,11017
2025-11-14 03:00:00,4184.5,4190.7,4172.6,4179.1,10415
2025-11-14 04:00:00,4178.6,4183.6,4169.0,4171.9,7745
2025-11-14 05:00:00,4171.7,4174.3,4162.6,4170.7,8288
2025-11-14 06:00:00,4171.0,4172.8,4133.3,4135.6,16872
2025-11-14 07:00:00,4135.1,4143.4,4109.0,4118.3,24708
2025-11-14 08:00:00,4117.8,4121.3,4042.4,4056.5,55493
2025-11-14 09:00:00,4056.4,4085.0,4032.6,4083.7,44512
2025-11-14 10:00:00,4083.4,4098.2,4069.1,4095.5,30350
2025-11-14 11:00:00,4095.7,4113.2,4082.6,4107.1,18566
2025-11-14 12:00:00,4107.4,4112.7,4095.4,4101.5,16133
2025-11-14 13:00:00,4101.6,4106.0,4082.6,4100.0,17643
2025-11-14 14:00:00,4100.2,4102.0,4089.5,4091.8,6514
2025-11-14 15:00:00,4092.2,4094.2,4077.5,4088.9,9018
2025-11-14 16:00:00,4088.6,4094.2,4078.8,4094.2,3721
2025-11-16 18:00:00,4100.0,4107.6,4094.0,4097.0,4908
2025-11-16 19:00:00,4097.6,4099.7,4081.0,4084.4,5254
2025-11-16 20:00:00,4084.3,4103.6,4083.8,4092.2,7210
2025-11-16 21:00:00,4092.4,4095.3,4081.6,4082.9,7691
2025-11-16 22:00:00,4082.6,4086.9,4070.5,4084.0,8501
2025-11-16 23:00:00,4084.2,4089.1,4077.8,4078.8,5343
2025-11-17 00:00:00,4079.8,4079.8,4051.1,4060.0,11836
2025-11-17 01:00:00,4059.9,4072.6,4055.5,4067.0,8401
2025-11-17 02:00:00,4066.5,4089.9,4065.7,4088.9,7504
2025-11-17 03:00:00,4088.9,4097.1,4072.9,4078.8,10463
2025-11-17 04:00:00,4078.4,4090.0,4073.5,4083.3,7844
2025-11-17 05:00:00,4083.4,4091.0,4069.8,4072.1,9088
2025-11-17 06:00:00,4071.9,4087.5,4062.3,4080.1,9491
2025-11-17 07:00:00,4080.0,4087.0,4075.8,4078.5,5592
2025-11-17 08:00:00,4078.6,4093.5,4059.8,4065.9,12514
2025-11-17 09:00:00,4066.0,4083.6,4060.8,4077.8,13106
2025-11-17 10:00:00,4077.6,4078.9,4061.7,4065.6,13771
2025-11-17 11:00:00,4065.2,4074.5,4053.1,4071.1,13567
2025-11-17 12:00:00,4071.2,4082.5,4071.0,4074.7,8840
2025-11-17 13:00:00,4074.7,4077.1,4063.6,4063.8,7850
2025-11-17 14:00:00,4063.8,4066.5,4010.1,4011.3,28322
2025-11-17 15:00:00,4011.4,4044.4,4006.8,4041.2,17597
2025-11-17 16:00:00,4041.0,4046.8,4038.9,4045.1,3654
2025-11-17 18:00:00,4045.6,4055.4,4027.6,4036.3,0
2025-11-17 19:00:00,4036.5,4041.0,4026.9,4039.8,5898
2025-11-17 20:00:00,4040.1,4044.8,4021.4,4024.3,8063
2025-11-17 21:00:00,4024.1,4035.9,4015.8,4018.2,7198
2025-11-17 22:00:00,4018.0,4026.2,4008.0,4012.3,9224
2025-11-17 23:00:00,4012.2,4017.8,4002.5,4011.0,7940
2025-11-18 00:00:00,4010.1,4024.8,4007.7,4018.7,8575
2025-11-18 01:00:00,4018.6,4020.3,4007.1,4008.3,6571
2025-11-18 02:00:00,4008.4,4017.1,3997.4,4013.4,15404
2025-11-18 03:00:00,4013.7,4042.5,4010.2,4036.8,12042
2025-11-18 04:00:00,4036.1,4047.0,4029.6,4039.7,6884
2025-11-18 05:00:00,4039.7,4050.2,4036.8,4043.6,7527
2025-11-18 06:00:00,4043.5,4049.9,4036.1,4039.0,4913
2025-11-18 07:00:00,4039.0,4044.7,4028.1,4031.7,6435
2025-11-18 08:00:00,4031.9,4070.8,4030.4,4065.3,19490
2025-11-18 09:00:00,4065.7,4082.3,4057.9,4065.0,25915
2025-11-18 10:00:00,4064.9,4072.4,4048.7,4053.2,21609
2025-11-18 11:00:00,4053.4,4069.8,4040.1,4067.4,19366
2025-11-18 12:00:00,4067.2,4076.4,4059.3,4072.1,8981
2025-11-18 13:00:00,4072.0,4075.3,4063.5,4072.3,7758
2025-11-18 14:00:00,4073.5,4083.3,4073.2,4082.3,6600
2025-11-18 15:00:00,4082.2,4083.7,4067.7,4069.8,4584
2025-11-18 16:00:00,4069.7,4072.8,4064.9,4067.4,1605
2025-11-18 18:00:00,4067.8,4077.6,4065.3,4076.5,0
2025-11-18 19:00:00,4076.1,4078.2,4067.0,4069.0,3406
2025-11-18 20:00:00,4068.9,4070.7,4056.6,4059.6,5174
2025-11-18 21:00:00,4059.8,4081.3,4056.1,4075.7,5825
2025-11-18 22:00:00,4075.7,4079.0,4065.9,4066.8,4655
2025-11-18 23:00:00,4066.7,4076.8,4064.1,4075.3,2818
2025-11-19 00:00:00,4075.2,4098.4,4073.9,4096.6,9592
2025-11-19 01:00:00,4096.5,4100.0,4090.0,4091.7,6258
2025-11-19 02:00:00,4091.4,4097.7,4085.1,4087.3,6005
2025-11-19 03:00:00,4086.8,4089.6,4078.2,4083.6,6745
2025-11-19 04:00:00,4083.8,4117.7,4081.1,4114.3,11248
2025-11-19 05:00:00,4114.1,4120.0,4107.5,4109.6,8508
2025-11-19 06:00:00,4109.7,4118.5,4107.1,4113.6,6893
2025-11-19 07:00:00,4113.6,4121.0,4112.7,4115.1,5655
2025-11-19 08:00:00,4115.0,4118.7,4101.0,4111.5,15461
2025-11-19 09:00:00,4111.8,4130.7,4102.3,4129.2,17409
2025-11-19 10:00:00,4129.1,4134.3,4090.5,4097.4,32874
2025-11-19 11:00:00,4097.0,4099.4,4068.3,4075.7,25671
2025-11-19 12:00:00,4074.7,4082.0,4055.6,4079.6,18816
2025-11-19 13:00:00,4079.4,4092.4,4076.4,4087.9,14223
2025-11-19 14:00:00,4087.6,4087.7,4069.0,4073.8,9407
2025-11-19 15:00:00,4073.4,4082.8,4072.3,4076.5,5247
2025-11-19 16:00:00,4076.3,4085.2,4065.0,4078.3,3921
2025-11-19 18:00:00,4079.9,4108.1,4076.8,4104.3,0
2025-11-19 19:00:00,4104.3,4109.6,4098.9,4102.0,5099
2025-11-19 20:00:00,4102.0,4108.0,4080.8,4081.1,9801
2025-11-19 21:00:00,4081.2,4081.6,4034.0,4065.3,15557
2025-11-19 22:00:00,4065.2,4084.0,4060.2,4070.3,8592
2025-11-19 23:00:00,4070.4,4079.1,4066.6,4075.1,3115
2025-11-20 00:00:00,4074.2,4074.7,4063.4,4065.1,4477
2025-11-20 01:00:00,4064.8,4077.0,4057.5,4066.9,5536
2025-11-20 02:00:00,4066.6,4075.3,4052.8,4058.9,8447
2025-11-20 03:00:00,4058.3,4069.0,4037.4,4062.4,16282
2025-11-20 04:00:00,4062.4,4071.5,4054.3,4062.3,13084
2025-11-20 05:00:00,4062.8,4066.6,4056.9,4058.6,4983
2025-11-20 06:00:00,4058.6,4067.0,4049.6,4059.6,6992
2025-11-20 07:00:00,4059.6,4081.6,4059.0,4081.2,8788
2025-11-20 08:00:00,4081.4,4096.2,4066.1,4079.7,27640
2025-11-20 09:00:00,4080.0,4106.9,4071.8,4092.6,23722
2025-11-20 10:00:00,4092.3,4098.5,4069.3,4069.5,21239
2025-11-20 11:00:00,4069.3,4082.6,4043.5,4047.6,25364
2025-11-20 12:00:00,4047.5,4067.5,4042.6,4064.7,17948
2025-11-20 13:00:00,4064.7,4071.5,4055.5,4060.0,15823
2025-11-20 14:00:00,4060.1,4087.3,4058.6,4084.4,10082
2025-11-20 15:00:00,4084.2,4084.7,4072.7,4077.3,6828
2025-11-20 16:00:00,4077.3,4080.3,4073.9,4076.7,1974
2025-11-20 18:00:00,4074.9,4089.4,4072.1,4079.7,0
2025-11-20 19:00:00,4079.2,4081.1,4071.0,4073.6,3419
2025-11-20 20:00:00,4073.4,4074.0,4060.2,4068.2,6254
2025-11-20 21:00:00,4067.5,4079.1,4054.9,4055.5,6225
2025-11-20 22:00:00,4055.4,4057.9,4048.0,4054.5,6908
2025-11-20 23:00:00,4054.0,4060.7,4045.5,4049.4,4571
2025-11-21 00:00:00,4050.3,4057.5,4037.5,4056.2,8678
2025-11-21 01:00:00,4056.6,4063.4,4026.0,4030.3,11322
2025-11-21 02:00:00,4030.2,4036.9,4021.6,4029.0,8758
2025-11-21 03:00:00,4028.7,4045.7,4018.1,4037.9,10704
2025-11-21 04:00:00,4037.8,4060.5,4037.0,4047.7,13811
2025-11-21 05:00:00,4047.3,4049.8,4029.0,4034.1,12379
2025-11-21 06:00:00,4034.3,4044.1,4028.1,4034.1,6464
2025-11-21 07:00:00,4034.3,4070.5,4032.3,4064.2,14458
2025-11-21 08:00:00,4064.5,4080.3,4057.3,4078.2,16147
2025-11-21 09:00:00,4078.2,4082.9,4060.0,4070.3,22165
2025-11-21 10:00:00,4070.1,4075.9,4053.4,4068.7,22846
2025-11-21 11:00:00,4068.5,4100.6,4061.8,4099.7,21971
2025-11-21 12:00:00,4099.6,4101.0,4078.8,4085.0,16807
2025-11-21 13:00:00,4085.0,4087.4,4075.5,4081.9,13158
2025-11-21 14:00:00,4082.1,4092.1,4081.8,4087.2,5176
2025-11-21 15:00:00,4087.0,4088.2,4053.5,4064.5,12522
2025-11-21 16:00:00,4064.4,4079.5,4052.2,4079.5,4134
2025-11-23 18:00:00,4068.5,4074.8,4062.5,4071.6,3954
2025-11-23 19:00:00,4071.7,4072.7,4054.8,4064.7,3517
2025-11-23 20:00:00,4064.8,4070.6,4038.9,4041.1,8368
2025-11-23 21:00:00,4040.9,4048.6,4037.2,4040.7,4936
2025-11-23 22:00:00,4041.0,4055.2,4040.7,4047.5,4740
2025-11-23 23:00:00,4047.2,4058.7,4038.8,4039.9,5038
2025-11-24 00:00:00,4040.8,4046.3,4036.4,4042.7,4978
2025-11-24 01:00:00,4042.7,4054.3,4041.9,4049.5,4752
2025-11-24 02:00:00,4049.7,4064.5,4047.9,4057.0,6121
2025-11-24 03:00:00,4056.5,4064.0,4056.2,4060.7,5160
2025-11-24 04:00:00,4060.2,4071.8,4059.9,4068.5,7842
2025-11-24 05:00:00,4068.6,4074.0,4060.2,4061.2,7176
2025-11-24 06:00:00,4061.2,4068.4,4060.2,4066.5,5363
2025-11-24 07:00:00,4066.4,4081.6,4062.6,4077.9,8415
2025-11-24 08:00:00,4078.0,4083.8,4070.6,4075.3,16263
2025-11-24 09:00:00,4075.1,4084.6,4066.0,4078.9,18953
2025-11-24 10:00:00,4079.0,4092.6,4078.9,4089.8,19734
2025-11-24 11:00:00,4090.0,4097.4,4087.7,4096.2,17015
2025-11-24 12:00:00,4096.6,4099.6,4087.5,4091.7,13720
2025-11-24 13:00:00,4091.8,4126.4,4086.5,4119.3,26871
2025-11-24 14:00:00,4119.4,4123.3,4113.0,4117.4,10045
2025-11-24 15:00:00,4117.4,4132.9,4117.0,4130.5,9570
2025-11-24 16:00:00,4130.3,4138.2,4128.2,4133.8,4295
2025-11-24 18:00:00,4133.5,4142.2,4124.0,4141.9,0
2025-11-24 19:00:00,4141.9,4142.8,4124.7,4126.6,2496
2025-11-24 20:00:00,4126.7,4136.4,4120.5,4132.0,4062
2025-11-24 21:00:00,4131.6,4152.0,4130.1,4147.3,3657
2025-11-24 22:00:00,4147.0,4147.3,4136.0,4140.1,2555
2025-11-24 23:00:00,4139.7,4145.7,4136.8,4138.8,1760
2025-11-25 00:00:00,4138.5,4150.0,4138.5,4148.4,1648
2025-11-25 01:00:00,4147.9,4149.5,4136.2,4138.6,1983
2025-11-25 02:00:00,4138.1,4142.7,4126.3,4129.4,4603
2025-11-25 03:00:00,4129.7,4166.7,4106.7,4113.0,36788
2025-11-25 04:00:00,4150.0,4164.9,4111.0,4161.9,8166
2025-11-25 05:00:00,4161.8,4172.9,4124.1,4165.3,0
2025-11-25 06:00:00,4128.3,4171.8,4124.3,4167.6,39405
2025-11-25 07:00:00,4130.6,4172.9,4112.4,4127.1,0
2025-11-25 08:00:00,4127.1,4185.6,4126.2,4181.8,56645
2025-11-25 09:00:00,4181.7,4182.8,4106.8,4158.6,28137
2025-11-25 10:00:00,4121.8,4167.7,4113.9,4156.8,17751
2025-11-25 11:00:00,4118.6,4175.5,4118.1,4132.2,0
2025-11-25 12:00:00,4132.2,4194.0,4131.8,4180.5,89134
2025-11-25 13:00:00,4180.5,4185.6,4128.3,4131.7,0
2025-11-25 14:00:00,4131.7,4174.7,4125.6,4131.7,2389
2025-11-25 15:00:00,4131.9,4173.5,4128.1,4166.7,92924
2025-11-25 16:00:00,4129.1,4177.3,4124.4,4177.3,1608
2025-11-25 18:00:00,4167.0,4172.4,4127.5,4167.6,0
2025-11-25 19:00:00,4167.9,4178.7,4129.4,4177.2,2947
2025-11-25 20:00:00,4177.6,4187.5,4135.9,4183.0,5250
2025-11-25 21:00:00,4183.0,4201.8,4144.9,4196.9,8924
2025-11-25 22:00:00,4197.0,4204.9,4157.6,4201.2,4535
2025-11-25 23:00:00,4201.0,4202.2,4154.7,4197.3,4632
2025-11-26 00:00:00,4197.5,4204.0,4158.5,4197.1,4487
2025-11-26 01:00:00,4197.0,4197.5,4144.1,4185.3,6533
2025-11-26 02:00:00,4185.0,4196.0,4146.8,4191.9,4964
2025-11-26 03:00:00,4191.9,4203.2,4151.7,4195.4,7920
2025-11-26 04:00:00,4195.1,4198.8,4153.5,4197.1,4532
2025-11-26 05:00:00,4197.2,4199.4,4153.3,4194.9,6399
2025-11-26 06:00:00,4195.0,4208.6,4154.8,4206.7,7286
2025-11-26 07:00:00,4206.8,4209.0,4145.4,4190.4,11146
2025-11-26 08:00:00,4189.9,4201.4,4146.0,4188.2,12370
2025-11-26 09:00:00,4187.9,4192.1,4138.3,4176.7,18124
2025-11-26 10:00:00,4176.4,4200.7,4132.9,4200.3,26337
2025-11-26 11:00:00,4200.4,4203.0,4158.1,4201.6,15354
2025-11-26 12:00:00,4201.5,4204.8,4162.8,4201.8,7685
2025-11-26 13:00:00,4202.1,4206.6,4155.6,4198.5,12300
2025-11-26 14:00:00,4198.8,4204.0,4159.4,4197.0,5090
2025-11-26 15:00:00,4196.6,4201.3,4157.2,4196.9,4900
2025-11-26 16:00:00,4196.9,4200.9,4158.4,4196.1,1723
2025-11-26 18:00:00,4198.6,4200.8,4161.5,4196.6,0
2025-11-26 19:00:00,4196.5,4199.5,4159.3,4197.1,1304
2025-11-26 20:00:00,4197.0,4198.2,4145.5,4187.4,6515
2025-11-26 21:00:00,4187.7,4189.3,4152.0,4177.4,4398
2025-11-26 22:00:00,4177.6,4183.0,4144.5,4179.5,3530
2025-11-26 23:00:00,4179.3,4186.9,4140.0,4182.7,4805
2025-11-28 09:30:00,4217.6,4246.6,4188.3,4233.5,15787
2025-11-28 10:30:00,4233.7,4239.5,4185.1,4239.3,13575
2025-11-28 11:30:00,4239.3,4246.2,4200.7,4242.1,9734
2025-11-28 12:30:00,4242.0,4251.7,4205.0,4251.4,9070
2025-11-30 18:00:00,4245.1,4261.0,4214.9,4257.3,8256
2025-11-30 19:00:00,4257.5,4269.8,4222.8,4267.2,8056
2025-11-30 20:00:00,4266.7,4291.4,4223.0,4290.6,13870
2025-11-30 21:00:00,4290.7,4291.8,4237.9,4277.8,10333
2025-11-30 22:00:00,4278.0,4278.9,4267.0,4273.8,8888
2025-11-30 23:00:00,4274.1,4281.9,4270.8,4280.5,3903
2025-12-01 00:00:00,4280.5,4281.3,4220.3,4263.5,12935
2025-12-01 01:00:00,4263.6,4273.9,4259.6,4269.9,6513
2025-12-01 02:00:00,4270.2,4280.0,4239.4,4278.9,5680
2025-12-01 03:00:00,4278.7,4288.8,4245.8,4279.2,7973
2025-12-01 04:00:00,4279.3,4287.0,4277.8,4284.3,6043
2025-12-01 05:00:00,4284.3,4297.8,4250.9,4290.7,9860
2025-12-01 06:00:00,4290.8,4294.0,4252.2,4290.0,4244
2025-12-01 07:00:00,4289.7,4292.1,4252.2,4280.8,6645
2025-12-01 08:00:00,4280.6,4299.6,4250.2,4281.7,13160
2025-12-01 09:00:00,4281.7,4283.7,4225.6,4273.2,24801
2025-12-01 10:00:00,4274.1,4279.0,4219.3,4265.2,23520
2025-12-01 11:00:00,4265.4,4275.7,4223.6,4258.9,16612
2025-12-01 12:00:00,4259.1,4273.2,4222.9,4265.2,10338
2025-12-01 13:00:00,4265.5,4278.8,4230.4,4274.2,9476
2025-12-01 14:00:00,4274.3,4278.0,4239.3,4270.8,5532
2025-12-01 15:00:00,4270.9,4276.0,4237.1,4270.8,5001
2025-12-01 16:00:00,4270.8,4274.1,4236.0,4265.0,1818
2025-12-01 18:00:00,4265.3,4269.2,4230.5,4260.1,0
2025-12-01 19:00:00,4260.4,4262.9,4254.4,4259.6,3976
2025-12-01 20:00:00,4259.7,4260.0,4199.7,4251.1,16108
2025-12-01 21:00:00,4250.8,4255.9,4220.4,4253.0,5094
2025-12-01 22:00:00,4252.9,4257.4,4219.2,4247.7,5349
2025-12-01 23:00:00,4247.9,4251.9,4244.4,4249.1,4248
2025-12-02 00:00:00,4249.7,4256.9,4246.4,4256.5,4954
2025-12-02 01:00:00,4256.3,4258.1,4234.4,4244.0,8176
2025-12-02 02:00:00,4244.0,4251.3,4240.6,4244.5,4636
2025-12-02 03:00:00,4244.7,4248.9,4209.3,4241.4,4981
2025-12-02 04:00:00,4241.2,4244.4,4188.7,4222.9,12851
2025-12-02 05:00:00,4222.9,4223.5,4183.7,4216.4,6922
2025-12-02 06:00:00,4216.2,4236.6,4182.1,4236.0,7085
2025-12-02 07:00:00,4236.1,4240.5,4200.9,4239.8,5780
2025-12-02 08:00:00,4239.8,4246.6,4206.1,4243.2,10418
2025-12-02 09:00:00,4243.1,4262.2,4210.2,4251.1,22189
2025-12-02 10:00:00,4250.8,4252.0,4181.5,4200.8,36440
2025-12-02 11:00:00,4200.9,4221.0,4167.0,4215.7,17242
2025-12-02 12:00:00,4215.3,4228.2,4187.7,4225.0,9670
2025-12-02 13:00:00,4224.7,4227.8,4214.0,4222.3,9302
2025-12-02 14:00:00,4222.3,4232.0,4192.5,4227.6,6425
2025-12-02 15:00:00,4227.6,4244.1,4195.4,4241.6,5970
2025-12-02 16:00:00,4241.6,4243.4,4206.9,4238.7,0
2025-12-02 18:00:00,4241.6,4248.0,4234.1,4244.0,3026
2025-12-02 19:00:00,4244.1,4244.4,4235.8,4243.0,3495
2025-12-02 20:00:00,4243.2,4252.6,4215.7,4245.3,6487
2025-12-02 21:00:00,4245.4,4260.1,4215.9,4258.1,5242
2025-12-02 22:00:00,4258.1,4259.0,4251.3,4252.4,2934
2025-12-02 23:00:00,4252.5,4256.3,4248.5,4252.6,2604
2025-12-03 00:00:00,4253.5,4254.8,4233.6,4238.3,7349
2025-12-03 01:00:00,4238.8,4243.2,4235.5,4238.9,3811
2025-12-03 02:00:00,4239.1,4241.0,4231.1,4236.1,6515
2025-12-03 03:00:00,4236.5,4241.3,4202.9,4236.6,6094
2025-12-03 04:00:00,4236.9,4237.8,4198.9,4233.0,5781
2025-12-03 05:00:00,4232.9,4235.8,4225.1,4230.7,7394
2025-12-03 06:00:00,4231.0,4239.6,4195.7,4239.0,4831
2025-12-03 07:00:00,4239.1,4245.0,4235.2,4244.5,4538
2025-12-03 08:00:00,4244.5,4270.1,4233.1,4268.7,17110
2025-12-03 09:00:00,4268.7,4273.3,4221.7,4244.5,25729
2025-12-03 10:00:00,4243.9,4261.5,4209.0,4247.8,13973
2025-12-03 11:00:00,4247.6,4256.9,4226.6,4231.9,13377
2025-12-03 12:00:00,4231.6,4246.9,4210.3,4242.8,8247
2025-12-03 13:00:00,4243.0,4243.3,4199.2,4228.0,10790
2025-12-03 14:00:00,4228.4,4241.7,4228.0,4239.4,4621
2025-12-03 15:00:00,4239.3,4244.5,4234.7,4237.2,3717
2025-12-03 16:00:00,4237.4,4241.4,4232.5,4232.5,1946
2025-12-03 18:00:00,4234.5,4239.0,4232.3,4237.0,0
2025-12-03 19:00:00,4237.1,4245.6,4234.1,4241.3,3037
2025-12-03 20:00:00,4241.2,4246.9,4211.0,4238.5,6688
2025-12-03 21:00:00,4238.0,4238.0,4227.9,4229.8,4560
2025-12-03 22:00:00,4229.3,4230.7,4216.1,4224.4,6364
2025-12-03 23:00:00,4224.4,4227.8,4221.5,4224.7,2581
2025-12-04 00:00:00,4225.6,4227.6,4175.0,4210.3,8340
2025-12-04 01:00:00,4210.3,4219.4,4181.3,4219.1,5809
2025-12-04 02:00:00,4219.2,4224.0,4184.1,4222.9,5717
2025-12-04 03:00:00,4222.7,4225.7,4188.9,4213.9,6010
2025-12-04 04:00:00,4213.7,4231.8,4184.3,4229.5,7205
2025-12-04 05:00:00,4229.8,4232.3,4226.4,4227.1,5380
2025-12-04 06:00:00,4227.3,4236.4,4200.2,4228.2,4641
2025-12-04 07:00:00,4228.4,4231.6,4191.9,4219.9,5231
2025-12-04 08:00:00,4219.9,4228.3,4214.8,4227.9,10642
2025-12-04 09:00:00,4228.4,4244.0,4203.2,4231.1,17367
2025-12-04 10:00:00,4231.2,4240.6,4203.5,4237.6,12570
2025-12-04 11:00:00,4237.8,4251.1,4210.9,4245.9,15613
2025-12-04 12:00:00,4246.2,4248.1,4239.0,4246.6,6422
2025-12-04 13:00:00,4246.8,4247.8,4237.6,4238.5,9423
2025-12-04 14:00:00,4238.5,4240.9,4202.0,4239.7,5802
2025-12-04 15:00:00,4239.3,4240.7,4235.9,4240.2,3062
2025-12-04 16:00:00,4240.2,4240.9,4207.0,4237.9,1123
2025-12-04 18:00:00,4239.5,4240.2,4233.7,4236.2,0
2025-12-04 19:00:00,4236.2,4240.6,4231.0,4231.7,3126
2025-12-04 20:00:00,4231.7,4234.7,4224.6,4232.9,6546
2025-12-04 21:00:00,4232.9,4237.9,4226.0,4237.0,4700
2025-12-04 22:00:00,4237.0,4240.4,4204.1,4238.9,4082
2025-12-04 23:00:00,4238.5,4247.0,4237.1,4246.0,4070
2025-12-05 00:00:00,4246.4,4252.0,4243.6,4250.7,6199
2025-12-05 01:00:00,4250.6,4259.5,4248.9,4254.4,7490
2025-12-05 02:00:00,4254.8,4261.1,4252.5,4254.3,3749
2025-12-05 03:00:00,4254.6,4257.1,4250.5,4250.7,4253
2025-12-05 04:00:00,4250.5,4255.2,4245.8,4253.5,4380
2025-12-05 05:00:00,4253.3,4257.7,4252.4,4252.9,2389
2025-12-05 06:00:00,4252.8,4255.7,4250.0,4253.5,2632
2025-12-05 07:00:00,4253.6,4260.0,4252.8,4259.0,5288
2025-12-05 08:00:00,4259.0,4269.6,4251.4,4264.9,14090
2025-12-05 09:00:00,4264.7,4277.0,4258.5,4272.3,16244
2025-12-05 10:00:00,4272.3,4290.5,4245.5,4274.9,25571
2025-12-05 11:00:00,4275.0,4276.9,4207.4,4244.1,38802
2025-12-05 12:00:00,4244.0,4251.0,4236.0,4248.4,10239
2025-12-05 13:00:00,4248.2,4250.3,4236.9,4239.3,9449
2025-12-05 14:00:00,4239.3,4241.1,4205.1,4237.3,4787
2025-12-05 15:00:00,4237.6,4237.6,4229.0,4231.6,5054
2025-12-05 16:00:00,4231.4,4231.7,4194.5,4227.7,3823
2025-12-07 18:00:00,4228.1,4236.5,4224.5,4230.6,3767
2025-12-07 19:00:00,4231.2,4241.3,4228.5,4240.2,3031
2025-12-07 20:00:00,4240.4,4241.3,4205.4,4230.2,6135
2025-12-07 21:00:00,4229.6,4241.2,4204.8,4236.9,4612
2025-12-07 22:00:00,4237.3,4241.8,4235.1,4238.7,2865
2025-12-07 23:00:00,4238.8,4241.9,4235.3,4236.3,1664
2025-12-08 00:00:00,4237.0,4246.8,4233.2,4246.3,4313
2025-12-08 01:00:00,4246.6,4247.9,4215.4,4245.4,3129
2025-12-08 02:00:00,4245.4,4245.8,4208.5,4235.7,3822
2025-12-08 03:00:00,4235.8,4246.0,4208.9,4239.2,5280
2025-12-08 04:00:00,4238.9,4242.0,4232.5,4237.4,4425
2025-12-08 05:00:00,4237.2,4239.9,4203.8,4232.9,3720
2025-12-08 06:00:00,4233.0,4243.6,4203.4,4237.7,4958
2025-12-08 07:00:00,4237.6,4245.1,4210.3,4243.3,3606
2025-12-08 08:00:00,4243.3,4244.4,4202.5,4230.9,9904
2025-12-08 09:00:00,4230.9,4240.8,4195.3,4225.8,16959
2025-12-08 10:00:00,4225.3,4225.8,4204.0,4211.8,23192
2025-12-08 11:00:00,4211.5,4227.0,4205.4,4220.7,12442
2025-12-08 12:00:00,4220.8,4224.8,4214.3,4224.2,6125
2025-12-08 13:00:00,4224.3,4225.0,4213.3,4216.1,8936
2025-12-08 14:00:00,4216.0,4218.2,4213.0,4216.1,4481
2025-12-08 15:00:00,4216.2,4224.8,4214.0,4221.1,4461
2025-12-08 16:00:00,4221.2,4222.7,4217.9,4219.9,1228
2025-12-08 18:00:00,4219.6,4224.5,4217.9,4223.8,0
2025-12-08 19:00:00,4223.8,4224.9,4219.2,4219.6,3139
2025-12-08 20:00:00,4219.5,4226.5,4217.7,4225.1,3822
2025-12-08 21:00:00,4225.0,4226.1,4214.4,4218.7,4748
2025-12-08 22:00:00,4218.7,4227.6,4218.6,4223.8,5414
2025-12-08 23:00:00,4223.7,4224.7,4213.6,4216.6,4943
2025-12-09 00:00:00,4215.9,4216.5,4206.4,4208.2,6027
2025-12-09 01:00:00,4208.1,4212.0,4197.8,4209.8,9704
2025-12-09 02:00:00,4209.8,4213.6,4203.2,4209.7,6656
2025-12-09 03:00:00,4209.9,4220.3,4209.9,4220.3,7717
2025-12-09 04:00:00,4220.1,4242.3,4219.4,4232.2,14829
2025-12-09 05:00:00,4232.4,4237.3,4230.4,4233.2,3983
2025-12-09 06:00:00,4233.2,4235.8,4230.3,4232.1,2515
2025-12-09 07:00:00,4232.4,4237.0,4227.6,4233.4,3756
2025-12-09 08:00:00,4233.6,4238.0,4223.8,4230.4,10688
2025-12-09 09:00:00,4230.6,4240.0,4218.0,4233.9,18576
2025-12-09 10:00:00,4233.8,4246.0,4218.4,4242.0,21325
2025-12-09 11:00:00,4242.3,4251.7,4239.3,4242.1,17712
2025-12-09 12:00:00,4242.4,4246.0,4230.7,4232.1,8030
2025-12-09 13:00:00,4232.1,4238.8,4230.1,4238.2,7839
2025-12-09 14:00:00,4237.9,4243.3,4235.7,4241.4,4561
2025-12-09 15:00:00,4241.1,4245.1,4238.2,4240.8,4138
2025-12-09 16:00:00,4240.9,4241.8,4235.9,4236.6,0
2025-12-09 18:00:00,4237.5,4241.3,4235.3,4238.7,1905
2025-12-09 19:00:00,4239.0,4240.5,4235.2,4236.9,2256
2025-12-09 20:00:00,4237.2,4247.0,4235.4,4243.1,5500
2025-12-09 21:00:00,4242.7,4247.9,4240.4,4246.1,2797
2025-12-09 22:00:00,4246.0,4246.3,4232.5,4235.0,3831
2025-12-09 23:00:00,4234.9,4238.1,4233.7,4235.9,1862
2025-12-10 00:00:00,4235.5,4242.6,4229.7,4239.3,4521
2025-12-10 01:00:00,4239.0,4239.7,4231.0,4235.1,3791
2025-12-10 02:00:00,4235.2,4237.2,4231.1,4231.2,3681
2025-12-10 03:00:00,4231.1,4234.8,4224.8,4225.8,6134
2025-12-10 04:00:00,4225.6,4228.4,4220.3,4221.8,5706
2025-12-10 05:00:00,4222.0,4224.8,4215.3,4221.0,5904
2025-12-10 06:00:00,4221.2,4226.0,4220.3,4225.6,3200
2025-12-10 07:00:00,4225.5,4230.3,4223.4,4224.5,4788
2025-12-10 08:00:00,4224.6,4233.3,4220.9,4228.8,9435
2025-12-10 09:00:00,4229.0,4235.3,4219.5,4221.2,12520
2025-12-10 10:00:00,4221.0,4230.0,4216.6,4222.1,12929
2025-12-10 11:00:00,4222.1,4233.8,4221.4,4233.2,8141
2025-12-10 12:00:00,4233.0,4233.1,4224.8,4227.9,5637
2025-12-10 13:00:00,4227.9,4228.9,4219.9,4221.9,9539
2025-12-10 14:00:00,4221.8,4249.0,4207.8,4245.7,40074
2025-12-10 15:00:00,4245.6,4268.8,4240.4,4259.1,22618
2025-12-10 16:00:00,4259.1,4262.4,4251.0,4258.3,3772
2025-12-10 18:00:00,4258.3,4263.3,4253.5,4261.6,0
2025-12-10 19:00:00,4261.7,4274.6,4260.6,4266.5,6624
2025-12-10 20:00:00,4266.5,4277.7,4262.1,4267.7,8041
2025-12-10 21:00:00,4267.8,4270.3,4248.6,4250.4,7692
2025-12-10 22:00:00,4250.2,4253.2,4236.2,4244.6,8855
2025-12-10 23:00:00,4244.1,4246.2,4235.7,4241.2,4138
2025-12-11 00:00:00,4240.6,4243.5,4233.4,4235.0,3933
2025-12-11 01:00:00,4235.2,4242.4,4231.2,4241.5,4290
2025-12-11 02:00:00,4241.3,4246.1,4237.2,4243.5,4340
2025-12-11 03:00:00,4243.7,4247.4,4240.0,4244.0,3876
2025-12-11 04:00:00,4244.0,4248.8,4237.7,4245.6,4605
2025-12-11 05:00:00,4245.7,4253.9,4239.4,4244.2,5839
2025-12-11 06:00:00,4244.3,4246.7,4236.6,4238.1,3574
2025-12-11 07:00:00,4238.1,4248.0,4235.6,4248.0,5151
2025-12-11 08:00:00,4248.0,4250.8,4231.9,4248.6,13504
2025-12-11 09:00:00,4248.5,4273.4,4245.4,4257.9,26841
2025-12-11 10:00:00,4257.9,4291.2,4253.9,4285.3,30001
2025-12-11 11:00:00,4285.4,4309.4,4278.9,4304.4,24943
2025-12-11 12:00:00,4304.1,4312.3,4302.1,4309.0,14542
2025-12-11 13:00:00,4309.2,4317.3,4297.0,4298.6,16879
2025-12-11 14:00:00,4298.4,4307.0,4292.6,4302.6,8563
2025-12-11 15:00:00,4302.4,4305.0,4293.2,4304.8,7020
2025-12-11 16:00:00,4304.9,4313.5,4301.5,4309.3,4156
2025-12-11 18:00:00,4309.1,4313.1,4302.7,4305.9,0
2025-12-11 19:00:00,4305.7,4310.0,4298.7,4299.6,3885
2025-12-11 20:00:00,4299.5,4307.0,4295.5,4302.1,7190
2025-12-11 21:00:00,4301.9,4307.6,4300.0,4301.1,3110
2025-12-11 22:00:00,4301.0,4305.3,4299.0,4301.3,2576
2025-12-11 23:00:00,4301.3,4301.6,4297.1,4297.6,2083
2025-12-12 00:00:00,4297.5,4311.3,4297.0,4309.8,3598
2025-12-12 01:00:00,4309.9,4313.9,4306.8,4313.6,3662
2025-12-12 02:00:00,4313.2,4321.1,4311.6,4317.6,7300
2025-12-12 03:00:00,4317.5,4340.7,4317.5,4339.1,12563
2025-12-12 04:00:00,4339.4,4352.3,4338.0,4350.3,12722
2025-12-12 05:00:00,4350.6,4368.3,4347.1,4365.1,14830
2025-12-12 06:00:00,4364.9,4376.5,4361.6,4374.2,13399
2025-12-12 07:00:00,4374.4,4376.8,4360.8,4361.1,10705
2025-12-12 08:00:00,4361.4,4381.4,4356.5,4375.9,19003
2025-12-12 09:00:00,4375.8,4387.8,4363.4,4381.5,24771
2025-12-12 10:00:00,4381.2,4384.5,4312.7,4320.1,52322
2025-12-12 11:00:00,4320.3,4326.5,4286.0,4312.8,42144
2025-12-12 12:00:00,4312.8,4330.1,4301.8,4325.8,15698
2025-12-12 13:00:00,4326.1,4336.1,4322.8,4327.5,12867
2025-12-12 14:00:00,4327.5,4332.3,4322.1,4328.4,5081
2025-12-12 15:00:00,4328.3,4334.7,4319.2,4329.7,8007
2025-12-12 16:00:00,4329.8,4335.0,4328.6,4329.8,2367
2025-12-14 18:00:00,4337.3,4339.3,4332.6,4333.9,3005
2025-12-14 19:00:00,4334.0,4339.7,4331.8,4339.5,2663
2025-12-14 20:00:00,4339.7,4357.8,4337.7,4354.6,7526
2025-12-14 21:00:00,4354.1,4361.5,4353.5,4358.3,4462
2025-12-14 22:00:00,4358.2,4361.8,4351.8,4359.9,4035
2025-12-14 23:00:00,4359.5,4363.1,4356.2,4358.9,3204
2025-12-15 00:00:00,4359.0,4378.0,4357.8,4377.5,6444
2025-12-15 01:00:00,4377.3,4380.5,4372.2,4376.1,4563
2025-12-15 02:00:00,4376.1,4377.8,4366.7,4372.4,6472
2025-12-15 03:00:00,4372.2,4382.6,4372.0,4380.4,5127
2025-12-15 04:00:00,4380.3,4384.3,4375.7,4376.1,5429
2025-12-15 05:00:00,4376.3,4382.5,4372.0,4374.0,5970
2025-12-15 06:00:00,4373.8,4377.7,4369.4,4376.6,4594
2025-12-15 07:00:00,4376.9,4382.6,4376.8,4379.9,4809
2025-12-15 08:00:00,4379.9,4380.7,4364.3,4365.7,13370
2025-12-15 09:00:00,4365.7,4370.4,4348.7,4355.4,26496
2025-12-15 10:00:00,4355.3,4359.8,4342.8,4349.9,24938
2025-12-15 11:00:00,4350.0,4350.5,4315.9,4328.2,31113
2025-12-15 12:00:00,4328.1,4336.3,4321.2,4334.3,10665
2025-12-15 13:00:00,4334.1,4343.3,4329.6,4342.7,9238
2025-12-15 14:00:00,4342.5,4347.0,4336.6,4342.9,7200
2025-12-15 15:00:00,4342.8,4343.3,4327.9,4333.7,6661
2025-12-15 16:00:00,4333.9,4335.1,4329.7,4334.3,2212
2025-12-15 18:00:00,4334.3,4339.1,4332.3,4333.1,0
2025-12-15 19:00:00,4333.2,4341.9,4332.0,4335.8,3274
2025-12-15 20:00:00,4336.0,4345.3,4326.4,4336.3,6630
2025-12-15 21:00:00,4336.2,4340.0,4312.6,4316.4,7096
2025-12-15 22:00:00,4316.5,4321.5,4307.2,4317.2,9481
2025-12-15 23:00:00,4317.3,4318.6,4313.0,4315.1,1788
2025-12-16 00:00:00,4315.4,4318.9,4297.4,4309.9,7398
2025-12-16 01:00:00,4310.3,4318.4,4308.7,4315.5,3126
2025-12-16 02:00:00,4315.6,4315.9,4304.9,4313.4,4797
2025-12-16 03:00:00,4313.3,4315.1,4301.0,4311.8,7445
2025-12-16 04:00:00,4311.5,4312.6,4303.1,4306.8,4115
2025-12-16 05:00:00,4307.2,4311.6,4301.6,4305.1,7371
2025-12-16 06:00:00,4304.9,4307.5,4301.2,4306.8,3882
2025-12-16 07:00:00,4306.7,4323.4,4304.9,4323.2,7386
2025-12-16 08:00:00,4323.0,4343.1,4319.2,4342.5,22895
2025-12-16 09:00:00,4342.7,4363.8,4341.0,4356.1,28910
2025-12-16 10:00:00,4355.9,4367.9,4344.3,4351.8,24819
2025-12-16 11:00:00,4352.1,4355.7,4322.9,4332.0,19088
2025-12-16 12:00:00,4332.1,4342.2,4330.4,4333.8,9524
2025-12-16 13:00:00,4334.0,4344.2,4328.1,4341.5,10273
2025-12-16 14:00:00,4341.8,4346.2,4326.3,4341.4,7933
2025-12-16 15:00:00,4341.1,4344.8,4332.5,4334.1,5392
2025-12-16 16:00:00,4334.1,4334.9,4329.7,4332.2,1602
2025-12-16 18:00:00,4333.5,4337.7,4330.7,4336.9,0
2025-12-16 19:00:00,4336.7,4343.6,4336.3,4342.2,2145
2025-12-16 20:00:00,4342.0,4355.3,4339.9,4355.0,6698
2025-12-16 21:00:00,4355.3,4356.4,4340.0,4343.3,5474
2025-12-16 22:00:00,4343.7,4354.4,4341.6,4353.2,4969
2025-12-16 23:00:00,4353.5,4361.6,4349.9,4359.8,4357
2025-12-17 00:00:00,4359.5,4373.6,4357.5,4364.9,8517
2025-12-17 01:00:00,4364.8,4368.7,4355.0,4359.4,5161
2025-12-17 02:00:00,4359.3,4359.3,4345.5,4348.1,5607
2025-12-17 03:00:00,4347.8,4351.0,4337.9,4348.3,6618
2025-12-17 04:00:00,4348.1,4352.6,4344.7,4345.7,3936
2025-12-17 05:00:00,4345.4,4351.6,4335.7,4346.1,5829
2025-12-17 06:00:00,4346.3,4349.7,4344.2,4345.9,2905
2025-12-17 07:00:00,4346.1,4353.7,4344.7,4347.5,5324
2025-12-17 08:00:00,4347.8,4375.9,4345.3,4373.6,20217
2025-12-17 09:00:00,4373.5,4378.2,4354.1,4369.3,25749
2025-12-17 10:00:00,4369.0,4383.6,4355.1,4361.5,32351
2025-12-17 11:00:00,4361.7,4370.0,4351.0,4365.2,19093
2025-12-17 12:00:00,4365.1,4373.6,4360.2,4373.4,10222
2025-12-17 13:00:00,4373.6,4378.5,4360.7,4367.7,14384
2025-12-17 14:00:00,4367.6,4373.5,4362.4,4369.3,5780
2025-12-17 15:00:00,4369.3,4379.0,4367.3,4373.4,5901
2025-12-17 16:00:00,4373.3,4379.4,4370.6,4371.4,0
2025-12-17 18:00:00,4371.5,4374.5,4366.9,4371.0,2141
2025-12-17 19:00:00,4371.0,4375.1,4365.4,4366.9,2791
2025-12-17 20:00:00,4366.9,4369.3,4355.2,4363.2,5745
2025-12-17 21:00:00,4363.5,4369.5,4361.1,4364.7,4399
2025-12-17 22:00:00,4364.3,4368.0,4361.4,4363.4,2130
2025-12-17 23:00:00,4363.6,4364.0,4358.5,4362.0,1988
2025-12-18 00:00:00,4361.6,4367.7,4360.7,4363.2,2775
2025-12-18 01:00:00,4363.3,4366.7,4360.9,4364.4,2291
2025-12-18 02:00:00,4364.0,4368.7,4360.0,4362.6,3813
2025-12-18 03:00:00,4362.5,4363.7,4352.3,4357.4,5737
2025-12-18 04:00:00,4357.1,4359.4,4351.0,4353.9,5481
2025-12-18 05:00:00,4353.9,4359.3,4353.0,4357.3,4890
2025-12-18 06:00:00,4357.4,4360.9,4356.6,4357.6,4074
2025-12-18 07:00:00,4357.6,4358.8,4348.6,4352.9,5556
2025-12-18 08:00:00,4352.7,4375.7,4346.6,4368.5,20449
2025-12-18 09:00:00,4368.4,4373.8,4338.0,4360.2,31726
2025-12-18 10:00:00,4360.0,4373.9,4356.7,4370.2,21455
2025-12-18 11:00:00,4370.0,4409.5,4369.6,4394.6,43425
2025-12-18 12:00:00,4394.6,4397.7,4352.6,4365.1,35718
2025-12-18 13:00:00,4365.4,4373.8,4357.6,4363.5,10707
2025-12-18 14:00:00,4363.4,4367.3,4354.6,4357.2,4950
2025-12-18 15:00:00,4357.8,4370.4,4356.8,4365.9,4634
2025-12-18 16:00:00,4365.7,4365.8,4359.9,4363.9,1730
2025-12-18 18:00:00,4363.6,4368.4,4363.0,4366.5,0
2025-12-18 19:00:00,4366.7,4367.2,4355.5,4356.1,2699
2025-12-18 20:00:00,4356.2,4357.4,4336.3,4350.5,10454
2025-12-18 21:00:00,4350.8,4355.3,4340.6,4344.2,4276
2025-12-18 22:00:00,4344.0,4350.6,4339.9,4345.8,4171
2025-12-18 23:00:00,4346.0,4351.0,4344.3,4350.8,1627
2025-12-19 00:00:00,4350.9,4357.4,4344.9,4354.6,2827
2025-12-19 01:00:00,4354.4,4358.0,4349.7,4355.1,2585
2025-12-19 02:00:00,4355.0,4357.0,4349.3,4350.4,3719
2025-12-19 03:00:00,4350.5,4359.7,4349.2,4355.0,3917
2025-12-19 04:00:00,4354.6,4362.4,4352.8,4358.6,3438
2025-12-19 05:00:00,4358.4,4360.9,4351.2,4358.0,4695
2025-12-19 06:00:00,4358.0,4359.3,4355.0,4357.1,2304
2025-12-19 07:00:00,4357.3,4358.0,4349.8,4356.0,6492
2025-12-19 08:00:00,4356.2,4367.6,4355.5,4360.0,12966
2025-12-19 09:00:00,4359.9,4369.8,4350.7,4363.4,17680
2025-12-19 10:00:00,4363.4,4382.5,4363.4,4381.3,25644
2025-12-19 11:00:00,4381.3,4388.0,4374.6,4383.8,15099
2025-12-19 12:00:00,4383.5,4389.0,4380.9,4386.0,9947
2025-12-19 13:00:00,4385.9,4389.0,4375.3,4380.0,11577
2025-12-19 14:00:00,4380.2,4382.1,4376.0,4376.2,3905
2025-12-19 15:00:00,4376.4,4377.6,4368.0,4370.3,8164
2025-12-19 16:00:00,4370.6,4387.3,4367.8,4387.3,1582
2025-12-21 18:00:00,4373.3,4386.2,4372.8,4385.3,4151
2025-12-21 19:00:00,4385.3,4397.1,4385.2,4396.5,6699
2025-12-21 20:00:00,4396.6,4417.5,4391.7,4415.6,13574
2025-12-21 21:00:00,4415.4,4421.0,4410.9,4417.6,6774
2025-12-21 22:00:00,4417.6,4427.3,4415.9,4425.1,5225
2025-12-21 23:00:00,4425.1,4433.7,4423.7,4431.1,5000
2025-12-22 00:00:00,4431.0,4442.8,4429.6,4433.5,10799
2025-12-22 01:00:00,4433.3,4452.7,4432.1,4452.2,8599
2025-12-22 02:00:00,4451.9,4453.0,4442.5,4447.1,6655
2025-12-22 03:00:00,4446.9,4448.0,4439.1,4441.3,6614
2025-12-22 04:00:00,4441.5,4448.5,4441.0,4444.4,4504
2025-12-22 05:00:00,4444.6,4449.6,4439.6,4442.2,6090
2025-12-22 06:00:00,4442.4,4445.7,4439.7,4443.8,4127
2025-12-22 07:00:00,4443.7,4449.9,4439.5,4449.5,6677
2025-12-22 08:00:00,4449.5,4462.3,4445.9,4458.2,17112
2025-12-22 09:00:00,4458.4,4465.1,4449.8,4454.6,18827
2025-12-22 10:00:00,4454.8,4471.1,4447.3,4467.2,19018
2025-12-22 11:00:00,4467.2,4477.7,4463.5,4474.0,15160
2025-12-22 12:00:00,4473.8,4477.3,4467.0,4473.4,7944
2025-12-22 13:00:00,4473.6,4473.9,4464.6,4470.6,8518
2025-12-22 14:00:00,4470.8,4471.4,4464.1,4469.0,4698
2025-12-22 15:00:00,4468.9,4473.9,4467.0,4472.5,5601
2025-12-22 16:00:00,4472.5,4484.5,4472.5,4480.6,4757
2025-12-22 18:00:00,4481.8,4494.2,4479.8,4492.3,0
2025-12-22 19:00:00,4492.1,4504.8,4490.6,4504.5,6277
2025-12-22 20:00:00,4504.5,4523.0,4502.2,4519.2,16270
2025-12-22 21:00:00,4519.5,4530.8,4513.2,4525.5,8308
2025-12-22 22:00:00,4525.2,4528.6,4515.4,4519.9,6085
2025-12-22 23:00:00,4519.8,4521.9,4510.7,4514.2,3670
2025-12-23 00:00:00,4514.5,4518.3,4507.3,4507.4,6094
2025-12-23 01:00:00,4507.2,4513.9,4502.6,4513.9,6359
2025-12-23 02:00:00,4513.6,4522.2,4510.4,4519.1,4924
2025-12-23 03:00:00,4519.1,4524.5,4515.3,4520.8,4691
2025-12-23 04:00:00,4520.8,4522.0,4510.0,4512.0,5919
2025-12-23 05:00:00,4511.8,4518.6,4511.0,4516.7,4888
2025-12-23 06:00:00,4516.8,4526.3,4514.4,4525.8,4870
2025-12-23 07:00:00,4525.5,4525.7,4515.3,4518.6,5179
2025-12-23 08:00:00,4518.5,4529.3,4503.7,4510.0,19579
2025-12-23 09:00:00,4510.2,4510.8,4470.8,4476.7,39357
2025-12-23 10:00:00,4475.1,4486.5,4457.7,4485.8,31055
2025-12-23 11:00:00,4485.9,4504.1,4482.5,4501.4,17650
2025-12-23 12:00:00,4501.6,4507.6,4496.6,4499.9,13799
2025-12-23 13:00:00,4500.0,4513.1,4500.0,4512.1,11934
2025-12-23 14:00:00,4512.0,4524.6,4511.7,4519.1,9796
2025-12-23 15:00:00,4519.2,4526.2,4516.2,4523.8,5818
2025-12-23 16:00:00,4523.8,4524.9,4512.5,4515.0,2677
2025-12-23 18:00:00,4516.7,4540.6,4512.2,4533.9,0
2025-12-23 19:00:00,4534.1,4547.0,4531.2,4539.7,7407
2025-12-23 20:00:00,4539.5,4555.1,4534.8,4547.1,11033
2025-12-23 21:00:00,4547.2,4547.7,4505.7,4508.2,11755
2025-12-23 22:00:00,4509.0,4526.6,4496.5,4521.1,9849
2025-12-23 23:00:00,4521.3,4528.7,4518.8,4524.9,3079
2025-12-24 09:30:00,4516.1,4518.2,4487.5,4491.9,16651
2025-12-24 10:30:00,4491.8,4504.0,4474.3,4484.8,17584
2025-12-24 11:30:00,4484.6,4504.7,4482.2,4502.8,10252
2025-12-24 12:30:00,4502.7,4513.4,4501.3,4505.6,9061
2025-12-26 00:00:00,4538.8,4544.6,4535.7,4540.5,3735
2025-12-26 01:00:00,4540.3,4549.8,4537.8,4541.5,5250
2025-12-26 02:00:00,4541.5,4545.6,4536.3,4540.6,2616
2025-12-26 03:00:00,4540.3,4550.7,4539.0,4549.3,2970
2025-12-26 04:00:00,4549.2,4551.4,4541.8,4542.5,3048
2025-12-26 05:00:00,4542.4,4554.0,4541.0,4544.1,4359
2025-12-26 06:00:00,4544.3,4545.4,4531.2,4538.2,5200
2025-12-26 07:00:00,4538.0,4544.7,4535.4,4539.0,3166
2025-12-26 08:00:00,4538.8,4562.7,4533.1,4557.3,11504
2025-12-26 09:00:00,4557.5,4568.5,4544.0,4552.9,18558
2025-12-26 10:00:00,4552.9,4581.1,4551.5,4580.1,20035
2025-12-26 11:00:00,4580.3,4584.0,4564.9,4570.3,15044
2025-12-26 12:00:00,4570.4,4571.6,4543.4,4552.2,16678
2025-12-26 13:00:00,4552.1,4563.9,4547.4,4562.5,10673
2025-12-26 14:00:00,4562.4,4567.6,4551.1,4554.9,6300
2025-12-26 15:00:00,4554.8,4566.4,4552.5,4560.4,7323
2025-12-26 16:00:00,4560.6,4565.9,4552.7,4552.7,3246
2025-12-28 18:00:00,4570.5,4571.8,4549.5,4550.9,9145
2025-12-28 19:00:00,4551.0,4551.9,4490.3,4516.9,20293
2025-12-28 20:00:00,4516.9,4538.1,4511.6,4520.5,10998
2025-12-28 21:00:00,4519.6,4539.7,4519.0,4536.7,5975
2025-12-28 22:00:00,4536.5,4545.0,4533.8,4541.1,5331
2025-12-28 23:00:00,4540.8,4542.5,4531.0,4538.6,3749
2025-12-29 00:00:00,4537.6,4541.4,4526.1,4527.0,4518
2025-12-29 01:00:00,4528.0,4530.8,4492.1,4496.7,10136
2025-12-29 02:00:00,4495.7,4501.2,4463.3,4496.1,17495
2025-12-29 03:00:00,4495.7,4510.5,4472.5,4481.1,13212
2025-12-29 04:00:00,4481.2,4496.6,4479.5,4493.0,7431
2025-12-29 05:00:00,4492.4,4496.0,4479.0,4482.9,7494
2025-12-29 06:00:00,4483.1,4489.7,4454.4,4466.2,12298
2025-12-29 07:00:00,4466.4,4485.0,4464.6,4484.5,7393
2025-12-29 08:00:00,4484.3,4488.7,4426.2,4440.9,24262
2025-12-29 09:00:00,4440.6,4440.6,4375.4,4378.6,45745
2025-12-29 10:00:00,4378.6,4379.7,4316.0,4343.1,40293
2025-12-29 11:00:00,4343.0,4365.6,4341.5,4359.8,15760
2025-12-29 12:00:00,4360.2,4361.2,4332.8,4346.2,13005
2025-12-29 13:00:00,4346.5,4352.7,4340.2,4349.5,12988
2025-12-29 14:00:00,4350.0,4355.6,4346.1,4354.2,5905
2025-12-29 15:00:00,4354.4,4362.5,4344.3,4354.3,7505
2025-12-29 16:00:00,4354.0,4358.0,4345.7,4350.2,3090
2025-12-29 18:00:00,4350.3,4363.2,4338.8,4361.2,0
2025-12-29 19:00:00,4361.1,4366.0,4349.8,4354.7,4785
2025-12-29 20:00:00,4354.7,4374.7,4339.0,4374.7,8617
2025-12-29 21:00:00,4374.7,4378.4,4362.7,4376.3,7049
2025-12-29 22:00:00,4376.2,4383.0,4370.5,4373.8,6899
2025-12-29 23:00:00,4373.8,4384.0,4371.7,4377.6,3352
2025-12-30 00:00:00,4378.3,4394.7,4373.4,4392.0,6040
2025-12-30 01:00:00,4392.2,4392.7,4374.8,4379.7,4730
2025-12-30 02:00:00,4379.6,4398.5,4374.0,4388.3,6726
2025-12-30 03:00:00,4388.6,4390.4,4366.6,4380.8,7577
2025-12-30 04:00:00,4381.0,4392.8,4379.8,4387.6,5416
2025-12-30 05:00:00,4387.4,4407.5,4383.4,4400.5,6651
2025-12-30 06:00:00,4400.8,4406.0,4396.7,4399.6,3816
2025-12-30 07:00:00,4399.8,4418.8,4398.7,4417.0,8154
2025-12-30 08:00:00,4417.6,4420.5,4391.2,4403.7,15383
2025-12-30 09:00:00,4403.6,4407.7,4370.5,4381.4,19701
2025-12-30 10:00:00,4381.3,4394.2,4375.4,4381.9,15063
2025-12-30 11:00:00,4381.7,4396.1,4371.4,4393.5,10725
2025-12-30 12:00:00,4393.6,4397.8,4379.6,4385.5,9272
2025-12-30 13:00:00,4385.5,4394.1,4378.0,4380.2,9962
2025-12-30 14:00:00,4380.1,4383.5,4352.4,4364.0,8170
2025-12-30 15:00:00,4364.0,4370.6,4353.0,4357.5,8301
2025-12-30 16:00:00,4358.0,4366.1,4349.2,4352.3,4573
2025-12-30 18:00:00,4353.0,4358.9,4338.1,4350.9,0
2025-12-30 19:00:00,4351.3,4358.7,4344.7,4354.9,4999
2025-12-30 20:00:00,4354.6,4384.9,4348.7,4378.1,8467
2025-12-30 21:00:00,4378.1,4383.5,4357.6,4360.5,7052
2025-12-30 22:00:00,4361.8,4371.7,4352.5,4360.4,6856
2025-12-30 23:00:00,4360.8,4363.5,4342.9,4344.6,3859
2025-12-31 00:00:00,4345.1,4354.3,4284.3,4296.5,16264
2025-12-31 01:00:00,4297.0,4341.2,4285.0,4339.0,11737
2025-12-31 02:00:00,4339.3,4346.3,4334.2,4342.7,5911
2025-12-31 03:00:00,4343.0,4344.6,4315.5,4319.4,5932
2025-12-31 04:00:00,4319.3,4349.0,4319.0,4338.6,6495
2025-12-31 05:00:00,4338.7,4344.0,4315.7,4318.8,5705
2025-12-31 06:00:00,4318.9,4329.4,4316.4,4323.8,4169
2025-12-31 07:00:00,4323.9,4331.2,4315.0,4326.1,3822
2025-12-31 08:00:00,4326.6,4361.5,4320.2,4358.7,8629
2025-12-31 09:00:00,4358.6,4367.8,4346.2,4360.1,13435
2025-12-31 10:00:00,4360.5,4360.5,4340.3,4350.9,9033
2025-12-31 11:00:00,4351.1,4353.4,4330.8,4336.8,7246
2025-12-31 12:00:00,4337.1,4343.3,4331.5,4335.7,5064
2025-12-31 13:00:00,4335.4,4345.7,4329.7,4333.5,8709
2025-12-31 14:00:00,4333.7,4337.0,4320.4,4323.9,3949
2025-12-31 15:00:00,4324.2,4338.1,4316.8,4326.0,5743
2025-12-31 16:00:00,4326.9,4333.2,4320.7,4332.1,1696
2026-01-02 00:00:00,4386.0,4395.0,4383.5,4394.1,3281
2026-01-02 01:00:00,4393.5,4394.0,4386.1,4387.6,3086
2026-01-02 02:00:00,4387.6,4395.5,4384.2,4394.7,4400
2026-01-02 03:00:00,4394.6,4409.5,4392.6,4399.2,6746
2026-01-02 04:00:00,4398.9,4404.0,4395.6,4397.5,3669
2026-01-02 05:00:00,4397.6,4410.8,4396.7,4408.7,4548
2026-01-02 06:00:00,4408.4,4411.8,4403.0,4405.5,3373
2026-01-02 07:00:00,4405.2,4410.7,4397.4,4407.0,3861
2026-01-02 08:00:00,4407.0,4414.8,4373.6,4377.6,15740
2026-01-02 09:00:00,4377.8,4385.8,4359.2,4364.7,15685
2026-01-02 10:00:00,4364.7,4368.7,4341.4,4346.5,18053
2026-01-02 11:00:00,4346.7,4348.6,4325.3,4337.5,14664
2026-01-02 12:00:00,4337.1,4344.5,4332.9,4332.9,7096
2026-01-02 13:00:00,4333.0,4334.1,4319.7,4325.3,11113
2026-01-02 14:00:00,4325.5,4336.2,4325.5,4328.1,5850
2026-01-02 15:00:00,4328.3,4341.4,4327.4,4341.3,4460
2026-01-02 16:00:00,4341.4,4342.7,4329.6,4329.6,1786
2026-01-04 18:00:00,4368.8,4385.4,4363.3,4381.4,8207
2026-01-04 19:00:00,4381.9,4406.4,4379.3,4404.5,8865
2026-01-04 20:00:00,4404.6,4430.7,4400.4,4411.1,14897
2026-01-04 21:00:00,4411.4,4418.8,4397.1,4415.0,6408
2026-01-04 22:00:00,4414.8,4423.2,4408.5,4408.8,4021
2026-01-04 23:00:00,4408.6,4417.8,4406.1,4415.1,2929
2026-01-05 00:00:00,4413.4,4423.6,4410.0,4421.4,3965
2026-01-05 01:00:00,4421.1,4436.1,4420.3,4429.7,10166
2026-01-05 02:00:00,4429.9,4434.9,4426.3,4431.2,6504
2026-01-05 03:00:00,4431.4,4444.0,4429.2,4439.9,7270
2026-01-05 04:00:00,4439.8,4449.1,4436.8,4445.9,7760
2026-01-05 05:00:00,4446.0,4451.7,4441.6,4447.4,6568
2026-01-05 06:00:00,4447.7,4448.8,4422.2,4430.7,8518
2026-01-05 07:00:00,4430.5,4433.0,4416.7,4421.4,6058
2026-01-05 08:00:00,4421.5,4430.6,4407.0,4428.8,16051
2026-01-05 09:00:00,4429.0,4454.3,4428.3,4447.8,20601
2026-01-05 10:00:00,4448.2,4467.6,4445.6,4459.0,22123
2026-01-05 11:00:00,4458.8,4465.8,4448.9,4452.7,11430
2026-01-05 12:00:00,4452.9,4459.6,4443.2,4454.2,9525
2026-01-05 13:00:00,4453.9,4459.7,4450.4,4459.7,7603
2026-01-05 14:00:00,4459.9,4461.0,4445.6,4450.9,5235
2026-01-05 15:00:00,4450.7,4458.0,4448.3,4454.9,5372
2026-01-05 16:00:00,4455.1,4460.8,4453.8,4459.7,2141
2026-01-05 18:00:00,4459.8,4471.6,4447.0,4450.7,0
2026-01-05 19:00:00,4450.6,4455.6,4440.7,4447.4,3596
2026-01-05 20:00:00,4447.4,4462.2,4437.9,4460.0,5879
2026-01-05 21:00:00,4460.1,4472.0,4458.1,4464.9,6401
2026-01-05 22:00:00,4464.8,4478.9,4464.2,4478.3,4261
2026-01-05 23:00:00,4478.3,4479.4,4472.1,4478.0,2654
2026-01-06 00:00:00,4477.9,4485.2,4460.2,4463.3,5168
2026-01-06 01:00:00,4463.3,4476.9,4462.4,4475.6,4915
2026-01-06 02:00:00,4475.5,4480.5,4466.8,4469.3,5298
2026-01-06 03:00:00,4468.5,4486.0,4466.9,4478.8,7670
2026-01-06 04:00:00,4479.0,4479.2,4454.7,4456.5,9648
2026-01-06 05:00:00,4456.2,4466.0,4452.5,4461.7,4495
2026-01-06 06:00:00,4461.7,4475.3,4458.4,4474.1,5045
2026-01-06 07:00:00,4474.1,4477.2,4469.3,4474.4,3828
2026-01-06 08:00:00,4474.2,4481.0,4464.1,4478.2,9761
2026-01-06 09:00:00,4478.4,4500.7,4474.7,4498.3,19971
2026-01-06 10:00:00,4498.0,4501.8,4474.4,4488.5,20899
2026-01-06 11:00:00,4488.4,4499.7,4481.7,4498.7,9090
2026-01-06 12:00:00,4498.7,4501.6,4493.7,4499.9,8290
2026-01-06 13:00:00,4499.8,4503.7,4492.2,4500.0,12027
2026-01-06 14:00:00,4497.8,4498.4,4488.0,4492.2,6615
2026-01-06 15:00:00,4492.1,4504.7,4491.6,4504.2,5373
2026-01-06 16:00:00,4504.1,4508.3,4502.4,4505.7,1945
2026-01-06 18:00:00,4505.4,4512.4,4503.4,4504.6,0
2026-01-06 19:00:00,4504.8,4506.4,4493.2,4502.9,4514
2026-01-06 20:00:00,4503.2,4506.9,4471.9,4476.5,10526
2026-01-06 21:00:00,4476.4,4490.5,4470.1,4486.0,6215
2026-01-06 22:00:00,4486.0,4491.5,4482.7,4485.7,2874
2026-01-06 23:00:00,4485.6,4487.0,4473.5,4474.4,5174
2026-01-07 00:00:00,4474.7,4480.6,4453.4,4464.1,8608
2026-01-07 01:00:00,4464.1,4470.2,4451.5,4454.8,8119
2026-01-07 02:00:00,4454.4,4475.2,4452.0,4470.8,4956
2026-01-07 03:00:00,4470.7,4485.0,4468.9,4478.3,5360
2026-01-07 04:00:00,4477.9,4478.5,4469.2,4473.6,4240
2026-01-07 05:00:00,4473.2,4477.7,4468.2,4474.2,2785
2026-01-07 06:00:00,4474.3,4474.8,4456.2,4456.9,5134
2026-01-07 07:00:00,4457.3,4464.2,4448.6,4454.5,7679
2026-01-07 08:00:00,4454.3,4463.0,4436.6,4462.9,21977
2026-01-07 09:00:00,4462.7,4464.1,4445.5,4454.6,18786
2026-01-07 10:00:00,4454.6,4462.5,4432.9,4453.6,24874
2026-01-07 11:00:00,4457.1,4478.4,4453.8,4474.2,17108
2026-01-07 12:00:00,4474.1,4475.5,4459.4,4461.8,10465
2026-01-07 13:00:00,4461.6,4468.8,4457.2,4461.6,10428
2026-01-07 14:00:00,4461.7,4467.8,4455.0,4466.8,5774
2026-01-07 15:00:00,4466.8,4471.5,4460.7,4462.6,6297
2026-01-07 16:00:00,4462.5,4467.1,4459.9,4467.1,1624
2026-01-07 18:00:00,4467.1,4473.2,4467.1,4472.2,0
2026-01-07 19:00:00,4472.0,4475.2,4455.1,4459.0,3442
2026-01-07 20:00:00,4458.6,4469.4,4450.2,4457.1,7105
2026-01-07 21:00:00,4457.1,4458.3,4441.7,4449.7,5985
2026-01-07 22:00:00,4450.1,4455.4,4445.5,4448.2,2735
2026-01-07 23:00:00,4448.3,4448.7,4438.4,4440.6,2887
2026-01-08 00:00:00,4439.8,4441.0,4423.6,4433.6,8429
2026-01-08 01:00:00,4433.4,4445.7,4423.7,4441.5,6833
2026-01-08 02:00:00,4441.4,4448.4,4436.1,4438.6,4898
2026-01-08 03:00:00,4438.5,4441.4,4427.4,4439.4,5248
2026-01-08 04:00:00,4439.2,4443.3,4433.5,4440.3,4190
2026-01-08 05:00:00,4440.3,4443.0,4430.6,4441.6,5023
2026-01-08 06:00:00,4441.5,4441.6,4429.6,4431.0,3018
2026-01-08 07:00:00,4430.9,4439.0,4415.0,4434.7,10887
2026-01-08 08:00:00,4435.1,4444.5,4425.0,4432.0,11685
2026-01-08 09:00:00,4432.3,4448.2,4427.2,4441.4,15781
2026-01-08 10:00:00,4441.4,4465.7,4436.3,4463.5,26018
2026-01-08 11:00:00,4463.6,4474.5,4456.2,4472.5,12422
2026-01-08 12:00:00,4472.7,4475.8,4466.8,4472.8,10551
2026-01-08 13:00:00,4472.7,4472.8,4456.9,4458.9,21921
2026-01-08 14:00:00,4458.9,4462.0,4453.7,4460.9,4488
2026-01-08 15:00:00,4460.8,4487.7,4460.3,4485.1,12281
2026-01-08 16:00:00,4485.2,4489.3,4482.0,4487.9,3624
2026-01-08 18:00:00,4489.3,4493.7,4482.2,4485.3,0
2026-01-08 19:00:00,4485.6,4486.9,4469.4,4472.4,3933
2026-01-08 20:00:00,4472.5,4478.8,4461.8,4477.4,6734
2026-01-08 21:00:00,4477.8,4485.5,4474.8,4478.9,4420
2026-01-08 22:00:00,4478.7,4479.5,4469.4,4472.8,2641
2026-01-08 23:00:00,4473.1,4475.8,4469.4,4474.5,2147
2026-01-09 00:00:00,4473.4,4480.8,4466.6,4476.5,3551
2026-01-09 01:00:00,4477.1,4486.0,4474.4,4483.0,3876
2026-01-09 02:00:00,4483.3,4484.7,4477.2,4479.3,4245
2026-01-09 03:00:00,4478.8,4485.8,4472.8,4476.9,4536
2026-01-09 04:00:00,4477.1,4486.4,4477.0,4479.4,3389
2026-01-09 05:00:00,4479.7,4482.7,4475.7,4481.3,3216
2026-01-09 06:00:00,4481.4,4485.3,4477.4,4484.3,4102
2026-01-09 07:00:00,4484.2,4489.6,4469.5,4474.5,6698
2026-01-09 08:00:00,4474.6,4500.8,4467.0,4492.0,18200
2026-01-09 09:00:00,4492.2,4507.8,4488.1,4503.9,24000
2026-01-09 10:00:00,4503.4,4527.0,4499.2,4521.5,25952
2026-01-09 11:00:00,4521.8,4523.8,4509.3,4516.5,12664
2026-01-09 12:00:00,4516.4,4521.5,4491.4,4493.9,17982
2026-01-09 13:00:00,4493.6,4514.1,4492.4,4505.9,27012
2026-01-09 14:00:00,4505.8,4511.3,4502.3,4508.3,4954
2026-01-09 15:00:00,4508.0,4518.8,4506.8,4516.1,7020
2026-01-09 16:00:00,4516.0,4520.3,4500.9,4500.9,2373
2026-01-11 18:00:00,4538.1,4555.0,4531.4,4550.1,7488
2026-01-11 19:00:00,4550.0,4612.7,4546.3,4600.0,25099
2026-01-11 20:00:00,4600.2,4606.1,4581.4,4582.1,15923
2026-01-11 21:00:00,4581.6,4594.0,4573.1,4589.4,9893
2026-01-11 22:00:00,4589.5,4593.5,4579.4,4582.6,4417
2026-01-11 23:00:00,4582.8,4584.0,4574.8,4579.4,3594
2026-01-12 00:00:00,4580.0,4595.6,4576.9,4591.3,5409
2026-01-12 01:00:00,4591.3,4591.3,4580.8,4589.3,4992
2026-01-12 02:00:00,4589.7,4599.8,4585.4,4597.8,7725
2026-01-12 03:00:00,4597.7,4608.5,4589.6,4607.0,7975
2026-01-12 04:00:00,4606.9,4609.6,4597.9,4599.4,6771
2026-01-12 05:00:00,4599.5,4605.8,4596.1,4604.5,5984
2026-01-12 06:00:00,4604.7,4605.4,4591.5,4594.8,5061
2026-01-12 07:00:00,4595.0,4600.4,4587.6,4600.4,7086
2026-01-12 08:00:00,4600.4,4630.8,4598.5,4626.3,21446
2026-01-12 09:00:00,4626.6,4628.1,4595.1,4612.1,29042
2026-01-12 10:00:00,4611.8,4638.2,4611.4,4630.9,27369
2026-01-12 11:00:00,4630.9,4640.5,4618.0,4627.0,22590
2026-01-12 12:00:00,4626.8,4630.7,4620.0,4626.9,10555
2026-01-12 13:00:00,4626.9,4629.2,4609.8,4620.3,30106
2026-01-12 14:00:00,4620.6,4628.9,4618.3,4620.6,6888
2026-01-12 15:00:00,4620.5,4621.2,4601.0,4603.3,8921
2026-01-12 16:00:00,4603.4,4609.0,4598.7,4608.8,4157
2026-01-12 18:00:00,4610.0,4616.9,4586.4,4607.6,0
2026-01-12 19:00:00,4607.5,4607.7,4593.3,4595.8,3692
2026-01-12 20:00:00,4596.2,4604.5,4584.3,4586.4,6588
2026-01-12 21:00:00,4586.0,4604.2,4585.0,4603.1,4580
2026-01-12 22:00:00,4602.8,4608.7,4601.3,4603.1,3892
2026-01-12 23:00:00,4603.4,4608.8,4603.0,4606.4,3136
2026-01-13 00:00:00,4605.6,4611.2,4594.0,4600.7,4754
2026-01-13 01:00:00,4600.5,4600.8,4582.8,4590.5,5973
2026-01-13 02:00:00,4590.8,4595.3,4585.6,4589.1,5941
2026-01-13 03:00:00,4588.9,4605.4,4587.8,4601.6,6412
2026-01-13 04:00:00,4601.1,4604.1,4594.5,4595.2,4291
2026-01-13 05:00:00,4595.3,4597.3,4589.4,4595.0,4374
2026-01-13 06:00:00,4595.2,4600.8,4590.8,4596.9,7371
2026-01-13 07:00:00,4597.0,4603.9,4586.2,4602.0,6909
2026-01-13 08:00:00,4601.7,4629.3,4599.1,4619.5,30128
2026-01-13 09:00:00,4619.5,4644.0,4617.0,4638.9,27609
2026-01-13 10:00:00,4638.5,4639.9,4609.1,4627.6,24098
2026-01-13 11:00:00,4627.7,4629.5,4601.3,4622.2,15396
2026-01-13 12:00:00,4622.3,4624.9,4595.0,4599.0,16829
2026-01-13 13:00:00,4598.8,4610.2,4589.5,4602.3,33579
2026-01-13 14:00:00,4602.6,4606.8,4592.4,4605.3,9069
2026-01-13 15:00:00,4605.3,4605.6,4576.7,4594.1,13414
2026-01-13 16:00:00,4594.2,4597.8,4590.7,4594.4,4129
2026-01-13 18:00:00,4594.3,4606.5,4594.3,4603.9,0
2026-01-13 19:00:00,4604.4,4618.4,4604.4,4616.9,4482
2026-01-13 20:00:00,4617.2,4627.6,4613.7,4626.7,8894
2026-01-13 21:00:00,4626.9,4631.5,4621.9,4629.1,5276
2026-01-13 22:00:00,4628.8,4638.9,4621.5,4636.5,6388
2026-01-13 23:00:00,4636.6,4638.6,4633.0,4636.0,5844
2026-01-14 00:00:00,4636.8,4647.6,4624.7,4626.3,12027
2026-01-14 01:00:00,4626.3,4644.6,4625.2,4644.5,7172
2026-01-14 02:00:00,4644.7,4647.2,4638.9,4639.7,6779
2026-01-14 03:00:00,4639.9,4644.9,4628.4,4641.8,9485
2026-01-14 04:00:00,4641.9,4646.7,4634.5,4637.9,6720
2026-01-14 05:00:00,4637.9,4646.2,4635.4,4641.2,6106
2026-01-14 06:00:00,4641.1,4645.3,4634.1,4638.5,6054
2026-01-14 07:00:00,4638.6,4650.1,4638.3,4646.9,11058
2026-01-14 08:00:00,4647.0,4649.8,4631.3,4643.8,15975
2026-01-14 09:00:00,4643.7,4646.7,4613.9,4624.5,25345
2026-01-14 10:00:00,4624.4,4633.6,4605.9,4624.8,30072
2026-01-14 11:00:00,4624.9,4631.7,4615.3,4624.1,16176
2026-01-14 12:00:00,4624.0,4626.1,4607.7,4621.3,23831
2026-01-14 13:00:00,4621.4,4644.9,4619.6,4642.5,36263
2026-01-14 14:00:00,4642.6,4650.5,4640.8,4646.7,16579
2026-01-14 15:00:00,4646.7,4649.2,4632.7,4639.2,21031
2026-01-14 16:00:00,4639.3,4639.8,4623.6,4633.9,5789
2026-01-14 18:00:00,4635.7,4637.2,4607.2,4619.6,0
2026-01-14 19:00:00,4619.4,4622.9,4614.5,4619.3,4029
2026-01-14 20:00:00,4619.5,4622.0,4587.5,4604.3,17788
2026-01-14 21:00:00,4604.0,4618.9,4599.4,4606.9,9909
2026-01-14 22:00:00,4606.6,4608.1,4584.5,4596.1,11140
2026-01-14 23:00:00,4595.8,4601.4,4590.7,4596.6,5575
2026-01-15 00:00:00,4595.7,4602.6,4584.6,4599.1,6426
2026-01-15 01:00:00,4598.9,4616.4,4597.4,4614.5,6929
2026-01-15 02:00:00,4614.9,4618.0,4603.5,4606.1,5380
2026-01-15 03:00:00,4606.4,4611.5,4602.2,4608.2,6197
2026-01-15 04:00:00,4608.1,4617.2,4604.6,4616.9,5953
2026-01-15 05:00:00,4616.7,4624.9,4613.4,4624.2,7304
2026-01-15 06:00:00,4624.3,4627.0,4619.6,4623.4,5430
2026-01-15 07:00:00,4623.3,4624.9,4615.7,4617.9,4989
2026-01-15 08:00:00,4618.0,4620.2,4584.0,4591.6,21329
2026-01-15 09:00:00,4591.6,4618.8,4586.3,4614.9,21927
2026-01-15 10:00:00,4614.8,4622.3,4608.2,4620.2,15178
2026-01-15 11:00:00,4620.0,4630.1,4605.7,4610.2,18463
2026-01-15 12:00:00,4610.4,4621.8,4610.3,4621.5,9651
2026-01-15 13:00:00,4621.4,4626.0,4617.6,4622.1,12867
2026-01-15 14:00:00,4622.2,4626.5,4616.8,4620.0,6399
2026-01-15 15:00:00,4620.2,4620.7,4604.2,4609.8,7888
2026-01-15 16:00:00,4609.5,4620.6,4608.5,4620.5,2974
2026-01-15 18:00:00,4621.6,4625.5,4610.6,4614.6,0
2026-01-15 19:00:00,4614.2,4615.1,4602.4,4604.4,4239
2026-01-15 20:00:00,4603.8,4612.3,4597.8,4604.8,7359
2026-01-15 21:00:00,4604.8,4607.7,4594.6,4598.4,8871
2026-01-15 22:00:00,4598.2,4603.2,4595.8,4599.4,2779
2026-01-15 23:00:00,4599.4,4605.5,4599.2,4604.6,2377
2026-01-16 00:00:00,4604.5,4620.2,4598.6,4615.4,5053
2026-01-16 01:00:00,4615.5,4616.3,4597.1,4601.8,7871
2026-01-16 02:00:00,4601.5,4616.2,4600.5,4611.5,8614
2026-01-16 03:00:00,4611.2,4614.8,4605.2,4606.8,4537
2026-01-16 04:00:00,4606.8,4612.2,4602.7,4604.2,3202
2026-01-16 05:00:00,4604.1,4615.1,4603.6,4604.1,5588
2026-01-16 06:00:00,4604.1,4620.5,4602.3,4616.5,6347
2026-01-16 07:00:00,4616.4,4617.0,4601.0,4605.7,6728
2026-01-16 08:00:00,4605.8,4609.9,4586.0,4605.7,23000
2026-01-16 09:00:00,4605.7,4618.9,4599.9,4611.9,17115
2026-01-16 10:00:00,4611.4,4624.6,4539.1,4574.8,65602
2026-01-16 11:00:00,4574.6,4603.9,4570.8,4595.8,24830
2026-01-16 12:00:00,4596.2,4597.9,4581.0,4586.0,8833
2026-01-16 13:00:00,4586.0,4601.1,4584.7,4587.9,10228
2026-01-16 14:00:00,4587.8,4597.2,4585.8,4595.2,4435
2026-01-16 15:00:00,4595.3,4600.2,4585.0,4587.3,7957
2026-01-16 16:00:00,4587.2,4602.1,4587.2,4601.1,3758
2026-01-18 23:00:00,4595.4,4672.3,4595.4,4671.2,997
2026-01-20 00:00:00,4700.9,4722.8,4700.0,4720.6,15150
2026-01-20 01:00:00,4720.7,4723.4,4711.3,4718.6,10913
2026-01-20 02:00:00,4718.4,4728.0,4717.5,4721.4,9599
2026-01-20 03:00:00,4721.4,4738.0,4720.4,4735.6,11090
2026-01-20 04:00:00,4735.5,4742.9,4727.2,4737.6,11763
2026-01-20 05:00:00,4737.5,4740.4,4728.7,4732.3,7291
2026-01-20 06:00:00,4732.3,4740.8,4727.3,4738.6,5365
2026-01-20 07:00:00,4738.6,4738.6,4729.5,4733.3,7862
2026-01-20 08:00:00,4733.4,4743.8,4720.0,4742.3,21812
2026-01-20 09:00:00,4742.3,4756.6,4733.4,4746.4,32158
2026-01-20 10:00:00,4745.9,4753.7,4726.7,4742.0,28924
2026-01-20 11:00:00,4742.1,4762.0,4733.4,4758.0,19673
2026-01-20 12:00:00,4757.7,4767.0,4750.3,4763.7,15279
2026-01-20 13:00:00,4763.8,4771.2,4757.5,4764.2,17373
2026-01-20 14:00:00,4764.4,4771.5,4761.3,4765.9,6958
2026-01-20 15:00:00,4765.8,4766.6,4752.6,4761.4,9291
2026-01-20 16:00:00,4761.5,4769.3,4761.1,4769.1,2587
2026-01-20 18:00:00,4767.5,4784.9,4761.5,4779.8,0
2026-01-20 19:00:00,4779.6,4792.9,4774.5,4789.6,6393
2026-01-20 20:00:00,4789.6,4847.7,4788.5,4838.5,26857
2026-01-20 21:00:00,4838.6,4845.3,4820.4,4839.4,12218
2026-01-20 22:00:00,4839.2,4852.6,4829.5,4847.6,11760
2026-01-20 23:00:00,4847.3,4873.6,4840.0,4867.5,8548
2026-01-21 00:00:00,4868.4,4880.9,4861.7,4872.4,9511
2026-01-21 01:00:00,4872.6,4891.1,4848.0,4850.2,16912
2026-01-21 02:00:00,4849.9,4859.4,4835.2,4857.5,16598
2026-01-21 03:00:00,4856.9,4871.6,4853.7,4856.9,10002
2026-01-21 04:00:00,4856.9,4879.4,4854.5,4862.4,10928
2026-01-21 05:00:00,4862.5,4869.2,4861.6,4864.4,7274
2026-01-21 06:00:00,4864.3,4874.0,4857.4,4869.1,9609
2026-01-21 07:00:00,4869.3,4873.5,4858.1,4868.0,11558
2026-01-21 08:00:00,4868.2,4883.3,4861.0,4882.3,17829
2026-01-21 09:00:00,4882.6,4884.5,4840.8,4853.7,45513
2026-01-21 10:00:00,4853.7,4871.2,4813.8,4850.0,38879
2026-01-21 11:00:00,4850.0,4858.7,4821.6,4836.5,21696
2026-01-21 12:00:00,4836.7,4837.0,4804.6,4829.0,26130
2026-01-21 13:00:00,4828.6,4853.5,4822.6,4853.2,15720
2026-01-21 14:00:00,4853.1,4857.2,4757.1,4783.4,33073
2026-01-21 15:00:00,4783.0,4830.9,4774.5,4830.0,21449
2026-01-21 16:00:00,4829.6,4842.8,4816.0,4836.2,6107
2026-01-21 18:00:00,4836.2,4837.7,4779.3,4779.6,0
2026-01-21 19:00:00,4779.9,4799.8,4779.4,4798.8,6043
2026-01-21 20:00:00,4798.4,4810.6,4772.7,4799.2,10077
2026-01-21 21:00:00,4798.9,4799.8,4775.3,4789.9,7938
2026-01-21 22:00:00,4790.2,4798.1,4785.0,4797.4,3213
2026-01-21 23:00:00,4797.9,4801.8,4794.7,4797.7,3241
2026-01-22 00:00:00,4798.1,4822.1,4794.7,4821.8,5861
2026-01-22 01:00:00,4821.6,4829.6,4816.6,4827.3,6795
2026-01-22 02:00:00,4827.4,4841.1,4826.4,4833.5,7547
2026-01-22 03:00:00,4833.4,4836.8,4823.3,4832.2,6573
2026-01-22 04:00:00,4832.2,4839.5,4815.3,4824.4,13123
2026-01-22 05:00:00,4824.8,4833.7,4820.8,4831.0,5413
2026-01-22 06:00:00,4830.8,4838.5,4826.2,4833.2,6128
2026-01-22 07:00:00,4832.9,4834.6,4820.5,4821.5,7341
2026-01-22 08:00:00,4821.6,4837.4,4809.6,4823.8,18049
2026-01-22 09:00:00,4823.5,4849.4,4821.7,4836.7,25160
2026-01-22 10:00:00,4836.7,4876.8,4826.4,4874.0,27507
2026-01-22 11:00:00,4874.2,4888.1,4870.1,4880.8,20778
2026-01-22 12:00:00,4880.8,4909.5,4871.0,4907.8,24733
2026-01-22 13:00:00,4907.7,4922.5,4904.6,4918.7,19898
2026-01-22 14:00:00,4918.7,4927.6,4909.3,4915.2,11485
2026-01-22 15:00:00,4915.5,4932.2,4914.8,4920.5,9621
2026-01-22 16:00:00,4920.7,4944.3,4918.3,4938.4,5669
2026-01-22 18:00:00,4940.0,4964.0,4932.4,4960.8,0
2026-01-22 19:00:00,4961.2,4968.5,4949.7,4967.6,7024
2026-01-22 20:00:00,4968.0,4970.0,4938.0,4956.8,11674
2026-01-22 21:00:00,4956.0,4964.5,4948.4,4957.7,5877
2026-01-22 22:00:00,4957.4,4961.1,4939.5,4953.0,8448
2026-01-22 23:00:00,4952.7,4960.0,4951.0,4958.0,3591
2026-01-23 00:00:00,4957.8,4969.0,4955.7,4962.1,4891
2026-01-23 01:00:00,4962.3,4964.3,4946.2,4954.1,8519
2026-01-23 02:00:00,4954.5,4960.7,4944.3,4945.5,7081
2026-01-23 03:00:00,4945.2,4948.7,4901.9,4915.3,18527
2026-01-23 04:00:00,4914.8,4922.7,4901.2,4919.4,11840
2026-01-23 05:00:00,4919.6,4933.3,4916.6,4931.0,7096
2026-01-23 06:00:00,4930.9,4931.5,4912.8,4923.3,7366
2026-01-23 07:00:00,4923.7,4943.4,4918.8,4940.0,7730
2026-01-23 08:00:00,4940.2,4948.6,4924.3,4939.8,18624
2026-01-23 09:00:00,4940.3,4957.3,4933.5,4944.1,19594
2026-01-23 10:00:00,4943.6,4964.0,4938.9,4961.9,23866
2026-01-23 11:00:00,4961.9,4989.9,4960.0,4981.4,31217
2026-01-23 12:00:00,4981.7,4989.4,4963.0,4966.9,17654
2026-01-23 13:00:00,4967.2,4985.4,4959.5,4967.8,15931
2026-01-23 14:00:00,4968.2,4991.4,4968.2,4985.2,11212
2026-01-23 15:00:00,4985.1,4986.7,4971.7,4981.4,8924
2026-01-23 16:00:00,4981.4,4990.2,4978.6,4988.3,4736
2026-01-25 18:00:00,5023.3,5039.4,5010.9,5038.7,11060
2026-01-25 19:00:00,5039.4,5051.4,5029.3,5041.0,9483
2026-01-25 20:00:00,5040.8,5082.9,5028.0,5068.8,22345
2026-01-25 21:00:00,5068.9,5091.5,5064.2,5078.9,10600
2026-01-25 22:00:00,5078.5,5086.5,5067.5,5073.9,8406
2026-01-25 23:00:00,5074.1,5076.0,5055.6,5068.6,7657
2026-01-26 00:00:00,5067.9,5074.3,5049.7,5072.1,12596
2026-01-26 01:00:00,5071.8,5107.9,5063.0,5074.2,17432
2026-01-26 02:00:00,5074.5,5092.4,5070.0,5086.4,8053
2026-01-26 03:00:00,5086.3,5096.1,5077.4,5081.3,12598
2026-01-26 04:00:00,5081.3,5097.4,5073.1,5082.2,12726
2026-01-26 05:00:00,5082.4,5093.0,5076.5,5090.1,8797
2026-01-26 06:00:00,5090.1,5091.3,5076.5,5089.8,8024
2026-01-26 07:00:00,5089.6,5095.4,5074.5,5076.2,13054
2026-01-26 08:00:00,5076.6,5080.9,5052.0,5065.9,26718
2026-01-26 09:00:00,5065.7,5094.7,5055.5,5093.7,36919
2026-01-26 10:00:00,5094.1,5095.2,5071.3,5088.4,39649
2026-01-26 11:00:00,5088.4,5103.0,5062.0,5086.4,33155
2026-01-26 12:00:00,5087.0,5102.1,5076.7,5098.1,19145
2026-01-26 13:00:00,5097.9,5100.3,5053.4,5064.6,28284
2026-01-26 14:00:00,5065.2,5065.5,5002.7,5023.6,32637
2026-01-26 15:00:00,5023.6,5058.3,5022.0,5049.4,18903
2026-01-26 16:00:00,5049.6,5053.9,4983.6,5004.8,14550
2026-01-26 18:00:00,5005.5,5056.0,5004.5,5037.7,0
2026-01-26 19:00:00,5037.7,5048.7,5008.3,5027.1,6861
2026-01-26 20:00:00,5027.3,5071.5,5013.0,5055.3,12976
2026-01-26 21:00:00,5054.7,5074.8,5043.9,5067.4,6303
2026-01-26 22:00:00,5067.9,5074.3,5054.4,5071.9,4269
2026-01-26 23:00:00,5071.7,5073.6,5056.4,5061.1,3529
2026-01-27 00:00:00,5062.6,5080.3,5051.9,5078.1,6698
2026-01-27 01:00:00,5077.9,5089.6,5071.6,5081.5,6453
2026-01-27 02:00:00,5081.4,5097.3,5077.1,5081.6,12397
2026-01-27 03:00:00,5081.5,5084.1,5068.5,5075.6,11072
2026-01-27 04:00:00,5075.0,5096.3,5074.1,5095.3,8389
2026-01-27 05:00:00,5095.2,5095.3,5078.2,5082.5,8333
2026-01-27 06:00:00,5082.7,5087.0,5062.2,5073.1,8799
2026-01-27 07:00:00,5072.9,5087.4,5069.5,5081.6,8729
2026-01-27 08:00:00,5081.5,5089.4,5065.8,5073.8,21153
2026-01-27 09:00:00,5073.7,5077.9,5042.0,5049.6,36300
2026-01-27 10:00:00,5049.2,5088.3,5042.3,5087.6,33547
2026-01-27 11:00:00,5087.5,5100.3,5080.5,5085.1,24390
2026-01-27 12:00:00,5085.2,5092.0,5074.7,5079.2,18243
2026-01-27 13:00:00,5079.1,5093.5,5074.0,5085.9,14221
2026-01-27 14:00:00,5085.5,5098.3,5078.6,5097.3,8348
2026-01-27 15:00:00,5097.1,5184.2,5096.2,5174.7,37840
2026-01-27 16:00:00,5175.0,5190.8,5169.1,5179.6,11934
2026-01-27 18:00:00,5179.0,5181.9,5156.4,5169.2,0
2026-01-27 19:00:00,5169.3,5177.0,5154.8,5168.5,2637
2026-01-27 20:00:00,5168.9,5220.7,5165.1,5199.5,5399
2026-01-27 21:00:00,5199.0,5228.9,5196.6,5226.4,3722
2026-01-27 22:00:00,5226.3,5242.2,5218.7,5229.2,3621
2026-01-27 23:00:00,5228.8,5244.0,5227.4,5242.7,2002
2026-01-28 00:00:00,5240.9,5259.3,5237.1,5253.9,2298
2026-01-28 01:00:00,5253.1,5264.4,5245.0,5262.7,2150
2026-01-28 02:00:00,5263.2,5288.0,5255.7,5286.2,3634
2026-01-28 03:00:00,5285.4,5345.0,5282.0,5327.0,80993
2026-01-28 04:00:00,5326.8,5331.2,5296.8,5311.8,12951
2026-01-28 05:00:00,5311.9,5319.9,5302.5,5303.7,9074
2026-01-28 06:00:00,5304.3,5305.0,5271.0,5294.2,13736
2026-01-28 07:00:00,5294.4,5311.8,5284.3,5311.7,13005
2026-01-28 08:00:00,5311.6,5322.1,5288.7,5298.6,22859
2026-01-28 09:00:00,5299.0,5321.4,5280.7,5318.8,31539
2026-01-28 10:00:00,5318.7,5331.0,5266.5,5311.3,52543
2026-01-28 11:00:00,5311.6,5334.5,5307.5,5333.6,28880
2026-01-28 12:00:00,5334.0,5341.2,5316.1,5332.2,22438
2026-01-28 13:00:00,5332.4,5360.6,5301.1,5317.3,29811
2026-01-28 14:00:00,5315.0,5365.9,5301.0,5359.1,20627
2026-01-28 15:00:00,5358.6,5425.1,5353.4,5409.4,25096
2026-01-28 16:00:00,5409.8,5452.8,5409.4,5447.8,10471
2026-01-28 18:00:00,5449.9,5626.8,5449.4,5539.4,0
2026-01-28 19:00:00,5539.9,5555.0,5481.4,5548.5,19633
2026-01-28 20:00:00,5548.9,5580.5,5472.4,5574.0,25886
2026-01-28 21:00:00,5574.1,5578.4,5532.6,5565.7,15871
2026-01-28 22:00:00,5565.2,5579.3,5538.2,5575.8,12318
2026-01-28 23:00:00,5576.0,5595.0,5563.7,5589.8,10672
2026-01-29 00:00:00,5588.0,5593.3,5544.5,5590.9,13796
2026-01-29 01:00:00,5591.1,5625.9,5583.8,5591.0,15859
2026-01-29 02:00:00,5591.0,5604.0,5566.2,5578.4,12955
2026-01-29 03:00:00,5578.4,5584.8,5503.9,5540.6,23677
2026-01-29 04:00:00,5540.1,5560.3,5528.1,5544.8,13386
2026-01-29 05:00:00,5544.7,5556.4,5513.0,5514.1,12294
2026-01-29 06:00:00,5514.5,5559.9,5501.0,5553.5,12240
2026-01-29 07:00:00,5553.2,5573.3,5549.2,5564.5,10412
2026-01-29 08:00:00,5565.2,5571.5,5528.8,5540.3,19323
2026-01-29 09:00:00,5540.7,5581.3,5519.3,5525.3,42708
2026-01-29 10:00:00,5525.3,5525.3,5126.0,5212.9,124149
2026-01-29 11:00:00,5210.7,5338.9,5201.5,5292.5,41840
2026-01-29 12:00:00,5292.9,5404.2,5292.2,5364.3,28595
2026-01-29 13:00:00,5364.0,5390.6,5336.0,5367.7,19482
2026-01-29 14:00:00,5368.6,5374.3,5318.7,5334.1,13291
2026-01-29 15:00:00,5334.8,5438.6,5311.0,5423.3,17959
2026-01-29 16:00:00,5422.9,5456.2,5400.0,5410.8,8391
2026-01-29 18:00:00,5410.0,5478.6,5407.5,5467.6,0
2026-01-29 19:00:00,5467.5,5480.2,5418.2,5435.3,11362
2026-01-29 20:00:00,5436.0,5438.9,5320.4,5331.7,20582
2026-01-29 21:00:00,5330.3,5345.8,5145.8,5255.0,35979
2026-01-29 22:00:00,5254.8,5259.8,5176.9,5225.1,12685
2026-01-29 23:00:00,5224.2,5260.0,5222.0,5243.1,5883
2026-01-30 00:00:00,5242.1,5269.2,5208.0,5212.4,6286
2026-01-30 01:00:00,5210.7,5232.7,5171.4,5183.9,8910
2026-01-30 02:00:00,5184.1,5215.0,5143.7,5209.2,12118
2026-01-30 03:00:00,5208.8,5208.8,5075.1,5145.0,19132
2026-01-30 04:00:00,5143.8,5161.5,4962.7,5040.0,31830
2026-01-30 05:00:00,5039.3,5150.2,5027.0,5147.7,15150
2026-01-30 06:00:00,5146.0,5173.9,5114.7,5164.7,13555
2026-01-30 07:00:00,5165.3,5175.6,5082.6,5092.0,13558
2026-01-30 08:00:00,5093.1,5127.8,5018.3,5045.6,23045
2026-01-30 09:00:00,5046.7,5142.3,5039.6,5061.0,29988
2026-01-30 10:00:00,5059.7,5088.0,5006.3,5067.5,19572
2026-02-02 13:00:00,4677.4,4683.3,4665.8,4679.5,68372
2026-02-02 14:00:00,4679.5,4736.0,4653.5,4707.4,8451
2026-02-02 15:00:00,4707.4,4723.3,4671.3,4676.3,7834
2026-02-02 16:00:00,4677.9,4712.0,4667.0,4680.9,3235
2026-02-02 18:00:00,4691.0,4799.9,4690.2,4798.5,0
2026-02-02 19:00:00,4798.7,4853.7,4788.1,4802.7,8631
2026-02-02 20:00:00,4803.1,4882.0,4788.0,4862.7,10523
2026-02-02 21:00:00,4863.2,4864.0,4768.5,4806.2,10293
2026-02-02 22:00:00,4806.1,4836.1,4774.3,4831.6,5403
2026-02-02 23:00:00,4831.0,4848.4,4822.6,4832.6,2820
2026-02-03 00:00:00,4832.8,4865.5,4831.3,4846.3,4168
2026-02-03 01:00:00,4848.0,4916.0,4838.0,4903.0,8443
2026-02-03 02:00:00,4901.2,4956.0,4893.0,4940.0,10850
2026-02-03 03:00:00,4940.2,4975.5,4921.0,4935.8,12609
2026-02-03 04:00:00,4935.8,4950.0,4908.7,4939.8,10289
2026-02-03 05:00:00,4939.6,4953.0,4922.4,4924.8,7412
2026-02-03 06:00:00,4925.2,4941.9,4905.2,4938.9,5909
2026-02-03 07:00:00,4939.6,4959.5,4915.0,4938.2,8331
2026-02-03 08:00:00,4938.4,4977.7,4926.7,4958.0,20413
2026-02-03 09:00:00,4958.7,4963.1,4917.6,4939.2,21666
2026-02-03 10:00:00,4939.1,4971.2,4926.9,4957.7,16881
2026-02-03 11:00:00,4957.2,5018.1,4952.1,4978.2,20560
2026-02-03 12:00:00,4978.3,4992.7,4929.7,4951.5,19867
2026-02-03 13:00:00,4951.1,4977.3,4900.5,4930.5,18951
2026-02-03 14:00:00,4930.2,4971.9,4902.0,4949.3,11046
2026-02-03 15:00:00,4949.9,4980.0,4924.5,4967.5,7920
2026-02-03 16:00:00,4967.1,4987.5,4957.3,4970.5,2613
2026-02-03 18:00:00,4966.1,4997.8,4930.4,4968.7,0
2026-02-03 19:00:00,4969.9,5039.7,4966.9,5038.1,7602
2026-02-03 20:00:00,5038.6,5075.5,5006.4,5067.2,12502
2026-02-03 21:00:00,5067.9,5086.8,5055.1,5061.6,6794
2026-02-03 22:00:00,5060.9,5094.0,5056.2,5090.3,4868
2026-02-03 23:00:00,5090.7,5101.0,5076.3,5100.2,3264
2026-02-04 00:00:00,5100.1,5109.3,5088.5,5098.3,5560
2026-02-04 01:00:00,5099.4,5102.5,5071.0,5096.6,7355
2026-02-04 02:00:00,5098.0,5113.5,5082.5,5106.8,7432
2026-02-04 03:00:00,5106.3,5113.9,5091.1,5106.5,6436
2026-02-04 04:00:00,5105.9,5109.7,5065.0,5082.3,8029
2026-02-04 05:00:00,5083.1,5086.9,5064.7,5072.2,6371
2026-02-04 06:00:00,5070.7,5076.9,5036.0,5071.3,6647
2026-02-04 07:00:00,5070.6,5088.1,5058.6,5064.6,5171
2026-02-04 08:00:00,5064.3,5087.0,5045.0,5077.0,10243
2026-02-04 09:00:00,5077.8,5082.5,4988.4,5008.4,27799
2026-02-04 10:00:00,5007.3,5030.7,4909.0,4943.1,33383
2026-02-04 11:00:00,4943.1,4964.1,4867.7,4926.9,25838
2026-02-04 12:00:00,4926.5,4953.0,4909.6,4921.3,17490
2026-02-04 13:00:00,4919.6,4956.9,4893.9,4949.7,15469
2026-02-04 14:00:00,4949.8,4979.4,4936.7,4963.5,9302
2026-02-04 15:00:00,4963.6,4975.6,4936.0,4961.6,6067
2026-02-04 16:00:00,4960.9,4994.1,4960.0,4986.4,1836
2026-02-04 18:00:00,4986.6,5045.0,4986.6,5033.4,0
2026-02-04 19:00:00,5033.2,5041.9,5017.6,5028.1,4288
2026-02-04 20:00:00,5028.7,5033.7,4957.0,4978.3,11866
2026-02-04 21:00:00,4979.2,4982.1,4822.6,4831.0,22912
2026-02-04 22:00:00,4830.4,4907.1,4805.0,4898.5,12491
2026-02-04 23:00:00,4898.4,4910.8,4880.8,4888.5,3893
2026-02-05 00:00:00,4881.7,4923.7,4842.0,4911.8,7408
2026-02-05 01:00:00,4914.1,4951.9,4893.0,4938.8,5889
2026-02-05 02:00:00,4937.2,4960.2,4914.7,4934.3,6507
2026-02-05 03:00:00,4934.1,4962.0,4921.4,4934.0,5814
2026-02-05 04:00:00,4934.4,4937.1,4871.1,4876.9,9116
2026-02-05 05:00:00,4875.9,4907.6,4868.0,4897.9,4913
2026-02-05 06:00:00,4896.8,4915.5,4885.6,4889.1,4140
2026-02-05 07:00:00,4889.3,4899.9,4831.0,4876.2,12916
2026-02-05 08:00:00,4876.1,4893.1,4822.0,4858.2,14918
2026-02-05 09:00:00,4858.0,4891.1,4827.2,4867.8,21283
2026-02-05 10:00:00,4866.5,4888.0,4820.8,4838.6,20830
2026-02-05 11:00:00,4837.8,4930.0,4833.5,4912.0,16183
2026-02-05 12:00:00,4910.9,4913.3,4881.5,4891.5,7495
2026-02-05 13:00:00,4891.4,4898.4,4872.8,4880.4,8473
2026-02-05 14:00:00,4881.2,4889.0,4847.0,4852.5,5456
2026-02-05 15:00:00,4853.0,4866.2,4814.6,4833.6,8194
2026-02-05 16:00:00,4833.2,4848.5,4779.6,4798.1,8870
2026-02-05 18:00:00,4800.0,4815.9,4721.2,4722.0,0
2026-02-05 19:00:00,4722.0,4781.7,4670.0,4779.9,17110
2026-02-05 20:00:00,4779.1,4803.4,4710.0,4792.1,11834
2026-02-05 21:00:00,4792.7,4863.5,4777.8,4833.5,10104
2026-02-05 22:00:00,4832.5,4856.4,4816.7,4841.1,4063
2026-02-05 23:00:00,4842.0,4848.9,4823.9,4831.9,1665
2026-02-06 00:00:00,4830.4,4916.2,4824.5,4915.3,7342
2026-02-06 01:00:00,4916.3,4921.6,4841.0,4865.6,7624
2026-02-06 02:00:00,4865.0,4881.9,4856.8,4862.3,4156
2026-02-06 03:00:00,4861.6,4904.5,4849.5,4884.8,5998
2026-02-06 04:00:00,4884.1,4896.5,4862.2,4889.5,4583
2026-02-06 05:00:00,4888.0,4901.7,4872.6,4899.9,3696
2026-02-06 06:00:00,4899.7,4918.7,4885.6,4909.1,4559
2026-02-06 07:00:00,4910.1,4926.0,4892.0,4921.7,7041
2026-02-06 08:00:00,4922.0,4961.0,4918.2,4951.0,11464
2026-02-06 09:00:00,4951.7,4973.7,4916.2,4972.5,14712
2026-02-06 10:00:00,4970.8,4988.8,4959.1,4966.3,12059
2026-02-06 11:00:00,4972.4,4978.0,4945.0,4975.3,7741
2026-02-06 12:00:00,4975.3,4992.9,4972.2,4986.5,6918
2026-02-06 13:00:00,4986.7,4995.6,4967.9,4986.3,7932
2026-02-06 14:00:00,4986.3,4987.0,4971.8,4980.7,3083
2026-02-06 15:00:00,4980.4,4983.0,4960.4,4977.2,4524
2026-02-06 16:00:00,4977.2,4992.1,4970.1,4988.6,2361
2026-02-08 18:00:00,5000.0,5069.0,4991.3,5057.4,6457
2026-02-08 19:00:00,5057.5,5068.0,5033.1,5041.2,3871
2026-02-08 20:00:00,5042.1,5064.2,4997.0,5002.3,7071
2026-02-08 21:00:00,5002.4,5037.2,4989.3,5026.6,4859
2026-02-08 22:00:00,5026.5,5051.8,5025.8,5037.1,2817
2026-02-08 23:00:00,5036.5,5045.6,5028.7,5034.7,1638
2026-02-09 00:00:00,5034.0,5063.1,5032.4,5058.0,2666
2026-02-09 01:00:00,5058.6,5067.6,5035.1,5052.4,3922
2026-02-09 02:00:00,5052.5,5052.5,5015.2,5027.2,4089
2026-02-09 03:00:00,5026.8,5057.0,5023.9,5048.1,3516
2026-02-09 04:00:00,5048.7,5062.6,5023.6,5028.2,3814
2026-02-09 05:00:00,5028.5,5036.9,5002.6,5011.3,5560
2026-02-09 06:00:00,5011.5,5040.0,5009.2,5031.1,2963
2026-02-09 07:00:00,5032.0,5043.6,5028.3,5035.7,2809
2026-02-09 08:00:00,5035.4,5046.8,5016.9,5028.9,6500
2026-02-09 09:00:00,5028.4,5063.3,5023.8,5059.6,9817
2026-02-09 10:00:00,5059.5,5084.4,5045.6,5082.2,10311
2026-02-09 11:00:00,5082.6,5106.8,5079.8,5096.9,10426
2026-02-09 12:00:00,5097.8,5099.7,5064.4,5069.8,6127
2026-02-09 13:00:00,5070.6,5088.4,5068.5,5087.0,7065
2026-02-09 14:00:00,5086.9,5104.0,5086.5,5098.4,3210
2026-02-09 15:00:00,5098.3,5111.1,5096.6,5102.9,4015
2026-02-09 16:00:00,5103.6,5107.1,5072.5,5084.2,2351
2026-02-09 18:00:00,5084.3,5100.9,5011.0,5055.3,0
2026-02-09 19:00:00,5056.4,5073.0,5031.0,5042.6,2729
2026-02-09 20:00:00,5042.9,5062.0,5035.5,5054.9,3609
2026-02-09 21:00:00,5055.1,5079.0,5053.2,5061.2,2939
2026-02-09 22:00:00,5059.0,5060.7,5036.5,5051.5,2451
2026-02-09 23:00:00,5052.4,5056.3,5039.5,5052.8,1284
2026-02-10 00:00:00,5052.9,5064.0,5032.8,5061.9,2500
2026-02-10 01:00:00,5061.4,5068.4,5041.0,5045.8,2190
2026-02-10 02:00:00,5045.7,5057.1,5040.0,5055.3,2074
2026-02-10 03:00:00,5054.5,5077.1,5049.6,5063.8,3115
2026-02-10 04:00:00,5063.6,5085.3,5062.6,5068.5,3514
2026-02-10 05:00:00,5068.6,5081.3,5059.9,5070.2,4846
2026-02-10 06:00:00,5069.5,5081.0,5067.4,5079.0,2410
2026-02-10 07:00:00,5079.7,5080.7,5042.0,5054.9,5392
2026-02-10 08:00:00,5055.0,5082.4,5048.6,5074.1,6628
2026-02-10 09:00:00,5074.1,5102.7,5043.2,5063.0,13131
2026-02-10 10:00:00,5062.0,5070.9,5021.3,5041.6,12477
2026-02-10 11:00:00,5042.7,5049.7,5028.2,5046.5,6430
2026-02-10 12:00:00,5046.4,5064.0,5043.6,5049.7,4121
2026-02-10 13:00:00,5049.1,5051.3,5026.7,5036.0,6989
2026-02-10 14:00:00,5035.3,5053.2,5031.4,5050.8,2822
2026-02-10 15:00:00,5050.5,5068.9,5042.9,5052.9,3995
2026-02-10 16:00:00,5052.0,5055.0,5043.0,5047.9,1089
2026-02-10 18:00:00,5048.0,5077.4,5046.3,5064.1,0
2026-02-10 19:00:00,5064.7,5072.1,5050.9,5060.9,2166
2026-02-10 20:00:00,5060.4,5075.9,5053.4,5075.0,2365
2026-02-10 21:00:00,5075.6,5081.0,5055.6,5079.2,2503
2026-02-10 22:00:00,5078.6,5085.0,5068.2,5079.0,2024
2026-02-10 23:00:00,5078.6,5083.7,5070.0,5073.2,1272
2026-02-11 00:00:00,5071.2,5088.1,5067.6,5076.8,2430
2026-02-11 01:00:00,5076.6,5088.8,5073.6,5088.3,2169
2026-02-11 02:00:00,5088.4,5093.3,5072.2,5078.7,5930
2026-02-11 03:00:00,5078.9,5084.1,5068.8,5077.0,2218
2026-02-11 04:00:00,5077.4,5095.9,5070.4,5086.6,3770
2026-02-11 05:00:00,5086.5,5128.8,5086.0,5118.6,9425
2026-02-11 06:00:00,5118.8,5141.8,5107.4,5136.8,6612
2026-02-11 07:00:00,5137.4,5144.5,5071.4,5107.2,11454
2026-02-11 08:00:00,5107.5,5115.0,5036.3,5089.6,16452
2026-02-11 09:00:00,5088.2,5107.1,5058.7,5082.3,10920
2026-02-11 10:00:00,5082.3,5105.5,5062.0,5084.2,10824
2026-02-11 11:00:00,5083.1,5101.8,5065.5,5099.2,6992
2026-02-11 12:00:00,5098.7,5123.4,5091.4,5116.5,7602
2026-02-11 13:00:00,5115.8,5117.9,5090.1,5107.4,9363
2026-02-11 14:00:00,5107.8,5119.4,5101.1,5106.5,3511
2026-02-11 15:00:00,5106.2,5114.8,5102.4,5111.4,1845
2026-02-11 16:00:00,5111.4,5118.0,5094.1,5107.8,1800
2026-02-11 18:00:00,5107.3,5122.8,5074.0,5083.5,0
2026-02-11 19:00:00,5083.5,5090.0,5071.0,5084.9,2347
2026-02-11 20:00:00,5083.0,5085.8,5065.0,5084.8,2821
2026-02-11 21:00:00,5084.9,5094.0,5075.5,5086.7,2028
2026-02-11 22:00:00,5085.7,5096.0,5075.7,5078.2,1797
2026-02-11 23:00:00,5077.7,5091.1,5072.2,5090.4,1115
2026-02-12 00:00:00,5090.0,5099.3,5085.7,5096.3,2409
2026-02-12 01:00:00,5097.2,5097.8,5068.9,5081.1,3276
2026-02-12 02:00:00,5080.9,5087.5,5073.6,5085.3,2198
2026-02-12 03:00:00,5085.7,5095.0,5073.5,5090.0,3030
2026-02-12 04:00:00,5089.5,5102.5,5087.3,5095.0,3191
2026-02-12 05:00:00,5094.8,5099.3,5077.0,5083.8,4105
2026-02-12 06:00:00,5084.0,5090.2,5080.6,5085.6,1553
2026-02-12 07:00:00,5086.5,5090.8,5070.6,5074.2,3673
2026-02-12 08:00:00,5074.4,5106.7,5073.1,5098.2,6855
2026-02-12 09:00:00,5098.2,5101.1,5061.3,5067.0,11711
2026-02-12 10:00:00,5066.4,5098.0,5061.7,5083.9,10454
2026-02-12 11:00:00,5083.5,5091.6,4900.0,4976.3,51512
2026-02-12 12:00:00,4974.5,5004.4,4959.9,4961.5,13967
2026-02-12 13:00:00,4961.7,4972.4,4926.9,4955.9,13114
2026-02-12 14:00:00,4956.1,4978.3,4947.1,4965.0,4519
2026-02-12 15:00:00,4965.3,4968.4,4931.0,4935.1,4631
2026-02-12 16:00:00,4935.7,4947.3,4932.0,4941.4,2314
2026-02-12 18:00:00,4950.0,4951.5,4907.1,4939.7,0
2026-02-12 19:00:00,4938.5,4967.7,4932.1,4946.7,3143
2026-02-12 20:00:00,4946.7,5007.8,4945.6,4999.8,5529
2026-02-12 21:00:00,5000.3,5011.0,4991.0,5008.0,2966
2026-02-12 22:00:00,5007.8,5008.5,4992.0,5001.6,1483
2026-02-12 23:00:00,5000.0,5016.4,4991.7,4994.0,1415
2026-02-13 00:00:00,4996.1,5005.4,4963.2,4965.4,3484
2026-02-13 01:00:00,4964.6,4988.0,4964.4,4986.7,3082
2026-02-13 02:00:00,4985.9,5001.9,4970.0,4994.6,4245
2026-02-13 03:00:00,4995.0,5009.5,4990.0,5001.9,3173
2026-02-13 04:00:00,5002.8,5002.8,4981.2,4990.1,2990
2026-02-13 05:00:00,4990.0,5000.9,4967.2,4970.8,4740
2026-02-13 06:00:00,4970.8,4975.0,4952.8,4973.4,5683
2026-02-13 07:00:00,4973.1,4994.0,4971.8,4988.8,3926
2026-02-13 08:00:00,4990.0,5024.5,4977.1,5008.4,10236
2026-02-13 09:00:00,5007.2,5036.7,4986.1,5017.4,13825
2026-02-13 10:00:00,5017.4,5043.3,4995.2,4998.7,12004
2026-02-13 11:00:00,4999.0,5056.8,4997.4,5030.0,11191
2026-02-13 12:00:00,5030.0,5051.5,5027.8,5043.5,4925
2026-02-13 13:00:00,5043.5,5058.9,5038.0,5054.1,6344
2026-02-13 14:00:00,5054.7,5069.1,5046.4,5046.4,4536
2026-02-13 15:00:00,5046.2,5057.1,5043.3,5054.0,4187
2026-02-13 16:00:00,5053.9,5067.4,5046.3,5046.3,1712
2026-02-15 18:00:00,5046.3,5051.6,5031.6,5038.5,917
2026-02-15 19:00:00,5038.4,5043.0,5018.2,5035.0,1713
2026-02-15 20:00:00,5034.1,5051.4,5026.4,5047.6,1387
2026-02-15 21:00:00,5048.4,5051.0,5011.3,5014.8,2108
2026-02-15 22:00:00,5013.7,5019.5,4986.0,5007.2,2652
2026-02-15 23:00:00,5006.2,5012.2,4988.0,4994.7,2082
2026-02-17 00:00:00,4970.8,4972.3,4875.2,4906.9,10392
2026-02-17 01:00:00,4906.7,4932.9,4905.1,4930.0,3806
2026-02-17 02:00:00,4928.5,4941.7,4922.3,4935.8,2829
2026-02-17 03:00:00,4936.0,4949.4,4934.8,4939.5,2718
2026-02-17 04:00:00,4939.0,4951.6,4926.3,4945.2,3072
2026-02-17 05:00:00,4944.6,4959.5,4927.1,4932.1,4390
2026-02-17 06:00:00,4932.5,4950.3,4932.5,4948.7,2585
2026-02-17 07:00:00,4948.4,4964.0,4947.5,4951.6,3865
2026-02-17 08:00:00,4951.3,4953.0,4887.8,4889.4,11869
2026-02-17 09:00:00,4888.7,4926.3,4854.2,4881.3,21246
2026-02-17 10:00:00,4880.8,4902.1,4867.0,4897.2,9723
2026-02-17 11:00:00,4897.1,4913.0,4886.8,4887.7,7222
2026-02-17 12:00:00,4887.5,4890.0,4868.0,4884.0,6932
2026-02-17 13:00:00,4883.5,4931.0,4881.1,4917.7,8956
2026-02-17 14:00:00,4917.9,4920.6,4895.2,4899.3,3130
2026-02-17 15:00:00,4899.2,4902.6,4891.7,4896.7,2072
2026-02-17 16:00:00,4896.2,4905.2,4893.5,4896.1,1097
2026-02-17 18:00:00,4898.5,4902.2,4868.5,4876.9,0
2026-02-17 19:00:00,4876.0,4901.2,4875.8,4891.8,1748
2026-02-17 20:00:00,4891.8,4911.7,4891.8,4908.0,2132
2026-02-17 21:00:00,4907.3,4925.8,4904.6,4923.8,1750
2026-02-17 22:00:00,4924.0,4940.6,4922.7,4939.5,1742
2026-02-17 23:00:00,4939.1,4961.8,4937.0,4951.6,1792
2026-02-18 00:00:00,4953.5,4959.1,4949.2,4952.4,1050
2026-02-18 01:00:00,4952.7,4955.3,4944.2,4949.7,1448
2026-02-18 02:00:00,4949.6,4962.2,4948.6,4949.5,2058
2026-02-18 03:00:00,4950.2,4953.2,4936.3,4937.7,3508
2026-02-18 04:00:00,4937.5,4943.5,4933.1,4937.9,3167
2026-02-18 05:00:00,4937.4,4945.4,4929.3,4935.0,3836
2026-02-18 06:00:00,4934.5,4938.2,4925.9,4933.4,2167
2026-02-18 07:00:00,4932.7,4967.5,4931.9,4963.5,6203
2026-02-18 08:00:00,4963.3,4989.8,4962.9,4974.2,10511
2026-02-18 09:00:00,4975.0,5015.5,4972.6,5012.3,10946
2026-02-18 10:00:00,5012.1,5029.6,5011.7,5018.8,11786
2026-02-18 11:00:00,5018.9,5031.9,5011.5,5021.2,6278
2026-02-18 12:00:00,5021.4,5022.8,5014.2,5020.1,4022
2026-02-18 13:00:00,5020.2,5024.2,5001.2,5008.2,6113
2026-02-18 14:00:00,5007.6,5016.4,4993.7,5000.7,5046
2026-02-18 15:00:00,5000.7,5008.4,4995.9,5005.3,2738
2026-02-18 16:00:00,5004.9,5006.7,4995.6,4996.1,846
2026-02-18 18:00:00,4993.7,5007.8,4971.5,4994.8,0
2026-02-18 19:00:00,4994.6,4994.8,4978.5,4980.2,1684
2026-02-18 20:00:00,4980.2,4995.0,4979.1,4992.1,1184
2026-02-18 21:00:00,4992.7,4996.2,4984.9,4986.9,1039
2026-02-18 22:00:00,4986.9,5002.6,4985.2,5000.4,1638
2026-02-18 23:00:00,5000.0,5004.7,4995.3,5002.8,1162
2026-02-19 00:00:00,5002.5,5017.6,5002.5,5015.5,1530
2026-02-19 01:00:00,5015.1,5038.0,5014.4,5035.4,2594
2026-02-19 02:00:00,5036.5,5039.8,5026.9,5028.0,2242
2026-02-19 03:00:00,5028.0,5040.9,5023.9,5035.5,2642
2026-02-19 04:00:00,5035.8,5039.1,5012.0,5014.4,4046
2026-02-19 05:00:00,5014.4,5015.2,5000.7,5013.0,4185
2026-02-19 06:00:00,5013.0,5016.8,4997.1,5003.3,3820
2026-02-19 07:00:00,5003.8,5012.0,4999.8,5004.4,2918
2026-02-19 08:00:00,5005.1,5018.5,4990.1,5016.6,5679
2026-02-19 09:00:00,5016.5,5029.6,4982.0,5024.6,10993
2026-02-19 10:00:00,5025.2,5042.8,5014.7,5033.4,11551
2026-02-19 11:00:00,5033.9,5034.2,5008.8,5014.2,6747
2026-02-19 12:00:00,5014.2,5021.1,5001.9,5004.2,3945
2026-02-19 13:00:00,5004.5,5008.8,4994.0,5000.7,4998
2026-02-19 14:00:00,5000.7,5009.7,4996.8,5006.5,2219
2026-02-19 15:00:00,5006.9,5022.2,5006.9,5020.6,2448
2026-02-19 16:00:00,5020.7,5022.8,5010.2,5015.5,1675
2026-02-19 18:00:00,5015.0,5026.5,5003.5,5005.6,0
2026-02-19 19:00:00,5006.4,5025.5,5003.5,5024.5,1024
2026-02-19 20:00:00,5024.6,5033.4,5012.9,5015.4,2142
2026-02-19 21:00:00,5015.5,5025.7,5010.6,5013.7,1716
2026-02-19 22:00:00,5013.7,5017.2,4999.3,5006.0,1783
2026-02-19 23:00:00,5005.6,5021.2,5004.2,5017.5,704
2026-02-20 00:00:00,5018.1,5030.1,5015.9,5030.1,1447
2026-02-20 01:00:00,5030.5,5048.9,5029.7,5039.6,2923
2026-02-20 02:00:00,5040.3,5047.3,5024.6,5025.3,3379
2026-02-20 03:00:00,5025.6,5050.6,5023.8,5048.7,4073
2026-02-20 04:00:00,5048.5,5063.0,5046.9,5047.6,4924
2026-02-20 05:00:00,5047.8,5058.1,5038.5,5054.6,4755
2026-02-20 06:00:00,5054.7,5054.8,5034.7,5036.8,4381
2026-02-20 07:00:00,5037.0,5045.6,5025.7,5044.5,5994
2026-02-20 08:00:00,5044.1,5068.7,5037.7,5063.5,7198
2026-02-20 09:00:00,5063.1,5081.2,5056.8,5074.8,13288
2026-02-20 10:00:00,5073.6,5084.5,5005.5,5062.3,24846
2026-02-20 11:00:00,5062.3,5089.8,5058.2,5087.0,9358
2026-02-20 12:00:00,5087.0,5097.3,5075.2,5093.7,8471
2026-02-20 13:00:00,5093.7,5097.0,5075.1,5094.0,10467
2026-02-20 14:00:00,5093.6,5104.6,5091.1,5102.4,4598
2026-02-20 15:00:00,5102.3,5120.7,5099.8,5119.4,5258
2026-02-20 16:00:00,5119.5,5131.0,5080.9,5080.9,3745
2026-02-22 18:00:00,5157.0,5194.2,5157.0,5187.2,5616
2026-02-22 19:00:00,5187.0,5188.5,5151.0,5165.9,7692
2026-02-22 20:00:00,5166.3,5190.0,5161.6,5179.4,3469
2026-02-22 21:00:00,5179.1,5198.8,5178.8,5195.0,3198
2026-02-22 22:00:00,5195.2,5197.6,5173.2,5188.4,3172
2026-02-22 23:00:00,5188.3,5190.3,5177.3,5181.3,1696
2026-02-23 00:00:00,5182.0,5183.3,5173.9,5179.9,1702
2026-02-23 01:00:00,5180.3,5183.2,5166.1,5167.3,2509
2026-02-23 02:00:00,5167.4,5176.3,5145.1,5157.6,6027
2026-02-23 03:00:00,5157.5,5162.9,5142.8,5161.0,4541
2026-02-23 04:00:00,5160.7,5170.6,5159.4,5170.1,3962
2026-02-23 05:00:00,5170.4,5184.8,5165.6,5184.0,6079
2026-02-23 06:00:00,5184.0,5184.5,5167.3,5170.3,3222
2026-02-23 07:00:00,5170.3,5186.4,5165.9,5185.0,4603
2026-02-23 08:00:00,5185.0,5186.4,5164.1,5166.2,6539
2026-02-23 09:00:00,5165.9,5221.9,5161.5,5213.5,15876
2026-02-23 10:00:00,5213.1,5226.2,5201.6,5216.6,13268
2026-02-23 11:00:00,5216.3,5240.9,5196.0,5230.4,12838
2026-02-23 12:00:00,5231.1,5234.5,5211.2,5227.4,7278
2026-02-23 13:00:00,5228.0,5235.9,5220.8,5229.5,6167
2026-02-23 14:00:00,5229.0,5238.4,5226.4,5235.4,3290
2026-02-23 15:00:00,5235.0,5257.3,5234.6,5255.6,5334
2026-02-23 16:00:00,5255.2,5256.5,5245.9,5247.9,2092
2026-02-23 18:00:00,5247.5,5269.4,5241.0,5254.5,0
2026-02-23 19:00:00,5254.1,5257.4,5236.8,5243.1,5485
2026-02-23 20:00:00,5243.0,5243.0,5164.1,5196.6,15770
2026-02-23 21:00:00,5197.0,5210.9,5184.5,5209.0,3870
2026-02-23 22:00:00,5209.4,5212.2,5190.7,5192.0,1826
2026-02-23 23:00:00,5191.5,5195.3,5181.0,5188.4,2002
2026-02-24 00:00:00,5188.1,5205.6,5183.7,5203.0,2836
2026-02-24 01:00:00,5203.2,5204.8,5173.6,5193.6,3296
2026-02-24 02:00:00,5193.0,5203.6,5183.6,5198.7,5175
2026-02-24 03:00:00,5198.6,5201.6,5184.5,5193.0,4477
2026-02-24 04:00:00,5192.3,5199.4,5185.4,5190.7,2545
2026-02-24 05:00:00,5190.2,5201.0,5182.3,5192.3,4242
2026-02-24 06:00:00,5192.3,5198.0,5190.6,5191.9,1893
2026-02-24 07:00:00,5192.1,5192.5,5162.2,5168.8,7679
2026-02-24 08:00:00,5169.2,5180.1,5126.9,5132.3,15665
2026-02-24 09:00:00,5132.0,5157.0,5109.5,5145.5,20642
2026-02-24 10:00:00,5147.7,5173.4,5135.2,5168.2,11233
2026-02-24 11:00:00,5168.5,5170.7,5147.8,5159.7,6548
2026-02-24 12:00:00,5159.7,5182.3,5159.4,5182.0,5999
2026-02-24 13:00:00,5182.1,5188.5,5171.3,5178.9,7822
2026-02-24 14:00:00,5178.0,5178.5,5164.2,5171.8,3321
2026-02-24 15:00:00,5172.1,5191.4,5164.2,5181.8,4246
2026-02-24 16:00:00,5181.9,5183.9,5158.0,5160.5,1721
2026-02-24 18:00:00,5160.0,5170.0,5135.9,5165.0,0
2026-02-24 19:00:00,5165.1,5175.3,5154.3,5171.0,1902
2026-02-24 20:00:00,5171.1,5208.0,5162.8,5195.1,5376
2026-02-24 21:00:00,5194.4,5212.0,5184.3,5198.6,3435
2026-02-24 22:00:00,5199.3,5208.7,5196.5,5200.6,2213
2026-02-24 23:00:00,5200.1,5203.9,5189.3,5201.3,1779
2026-02-25 00:00:00,5202.1,5230.0,5201.7,5221.2,4866
2026-02-25 01:00:00,5220.1,5220.9,5201.7,5213.2,2933
2026-02-25 02:00:00,5213.7,5214.4,5199.5,5203.8,2765
2026-02-25 03:00:00,5203.7,5216.6,5203.0,5204.5,2626
2026-02-25 04:00:00,5204.3,5213.9,5194.5,5212.9,4350
2026-02-25 05:00:00,5212.4,5214.7,5188.0,5193.7,4693
2026-02-25 06:00:00,5193.3,5200.8,5173.2,5199.5,5330
2026-02-25 07:00:00,5199.3,5205.2,5195.0,5201.0,3851
2026-02-25 08:00:00,5201.9,5210.0,5199.0,5203.7,5513
2026-02-25 09:00:00,5203.2,5211.8,5177.0,5210.2,13098
2026-02-25 10:00:00,5209.3,5222.0,5190.3,5214.5,11560
2026-02-25 11:00:00,5214.1,5233.6,5209.1,5231.7,7686
2026-02-25 12:00:00,5232.0,5237.3,5222.9,5226.5,5380
2026-02-25 13:00:00,5226.5,5227.0,5226.4,5226.4,8
2026-02-25 14:00:00,5226.2,5229.3,5218.1,5224.4,2742
2026-02-25 15:00:00,5224.1,5225.0,5163.3,5169.9,8972
2026-02-25 16:00:00,5171.2,5191.4,5168.6,5183.7,4053
2026-02-25 18:00:00,5175.3,5198.1,5175.2,5180.0,0
2026-02-25 19:00:00,5179.1,5207.4,5170.1,5203.2,3822
2026-02-25 20:00:00,5203.8,5213.4,5194.5,5206.8,3994
2026-02-25 21:00:00,5207.0,5211.5,5188.8,5199.6,2791
2026-02-25 22:00:00,5199.4,5209.4,5198.2,5208.1,1622
2026-02-25 23:00:00,5208.1,5215.4,5206.6,5208.7,2008
2026-02-26 00:00:00,5208.8,5221.9,5206.1,5214.4,2922
2026-02-26 01:00:00,5214.8,5216.1,5207.0,5209.8,2410
2026-02-26 02:00:00,5210.2,5211.5,5196.4,5202.6,3643
2026-02-26 03:00:00,5202.8,5207.9,5182.9,5195.8,5853
2026-02-26 04:00:00,5195.4,5205.8,5190.1,5202.4,4452
2026-02-26 05:00:00,5202.6,5206.4,5180.6,5187.1,5507
2026-02-26 06:00:00,5186.8,5194.3,5176.4,5180.7,4170
2026-02-26 07:00:00,5180.9,5204.2,5173.1,5200.0,6294
2026-02-26 08:00:00,5200.1,5202.1,5180.2,5182.3,7090
2026-02-26 09:00:00,5182.2,5192.2,5154.6,5181.1,12544
2026-02-26 10:00:00,5180.7,5210.1,5144.8,5202.5,18806
2026-02-26 11:00:00,5203.0,5204.3,5189.4,5196.3,7721
2026-02-26 12:00:00,5196.7,5207.4,5178.6,5184.0,6613
2026-02-26 13:00:00,5184.2,5202.8,5176.3,5196.9,10610
2026-02-26 14:00:00,5197.3,5211.3,5195.9,5204.2,4640
2026-02-26 15:00:00,5203.9,5218.2,5203.8,5213.5,4489
2026-02-26 16:00:00,5213.8,5217.8,5200.2,5201.5,0
2026-02-26 18:00:00,5201.9,5206.7,5191.5,5200.9,1668
2026-02-26 19:00:00,5201.6,5212.0,5186.0,5191.6,3018
2026-02-26 20:00:00,5191.1,5210.5,5182.9,5210.2,3294
2026-02-26 21:00:00,5210.2,5216.2,5190.2,5200.3,4509
2026-02-26 22:00:00,5200.7,5207.4,5197.5,5201.2,2110
2026-02-26 23:00:00,5200.6,5205.5,5198.0,5200.5,937
2026-02-27 00:00:00,5198.1,5217.5,5198.0,5214.7,2758
2026-02-27 01:00:00,5214.6,5216.3,5201.9,5202.8,2816
2026-02-27 02:00:00,5202.9,5206.5,5192.6,5193.1,5669
2026-02-27 03:00:00,5193.2,5199.4,5191.1,5195.1,2995
2026-02-27 04:00:00,5195.4,5199.3,5188.5,5192.3,3527
2026-02-27 05:00:00,5192.5,5197.2,5183.2,5193.6,4555
2026-02-27 06:00:00,5193.6,5202.2,5188.3,5202.0,2889
2026-02-27 07:00:00,5202.1,5207.0,5199.6,5204.3,3699
2026-02-27 08:00:00,5204.5,5259.3,5203.5,5240.8,23821
2026-02-27 09:00:00,5240.8,5254.3,5230.6,5240.9,13563
2026-02-27 10:00:00,5240.8,5265.0,5232.6,5257.8,17451
2026-02-27 11:00:00,5258.0,5276.6,5240.6,5246.9,14051
2026-02-27 12:00:00,5247.1,5254.5,5237.4,5252.4,9843
2026-02-27 13:00:00,5252.2,5264.8,5240.0,5263.0,8215
2026-02-27 14:00:00,5262.8,5270.8,5258.2,5268.4,4317
2026-02-27 15:00:00,5267.9,5283.8,5266.9,5281.3,5019
2026-02-27 16:00:00,5281.6,5299.0,5247.9,5247.9,4487
2026-03-01 18:00:00,5364.2,5409.7,5354.3,5400.4,10881
2026-03-01 19:00:00,5401.3,5402.0,5353.9,5360.6,7620
2026-03-01 20:00:00,5360.5,5360.6,5315.3,5338.3,12958
2026-03-01 21:00:00,5338.5,5364.9,5329.2,5358.8,4640
2026-03-01 22:00:00,5358.8,5379.5,5357.4,5378.7,3077
2026-03-01 23:00:00,5378.6,5380.0,5358.4,5369.8,2620
2026-03-02 00:00:00,5368.2,5380.0,5353.4,5378.9,3138
2026-03-02 01:00:00,5378.8,5403.9,5376.7,5401.5,6073
2026-03-02 02:00:00,5401.7,5434.1,5398.9,5423.0,10116
2026-03-02 03:00:00,5422.8,5432.0,5406.3,5408.9,9458
2026-03-02 04:00:00,5409.1,5418.4,5400.0,5406.9,6492
2026-03-02 05:00:00,5407.8,5416.8,5393.6,5404.1,7210
2026-03-02 06:00:00,5404.2,5415.0,5386.0,5399.6,5631
2026-03-02 07:00:00,5399.9,5413.7,5393.5,5412.4,5779
2026-03-02 08:00:00,5412.2,5432.2,5396.8,5409.8,14541
2026-03-02 09:00:00,5409.0,5410.8,5318.6,5346.4,31605
2026-03-02 10:00:00,5346.1,5364.3,5321.6,5329.6,15936
2026-03-02 11:00:00,5328.7,5329.3,5272.9,5304.0,22017
2026-03-02 12:00:00,5303.6,5335.1,5300.4,5321.1,6716
2026-03-02 13:00:00,5321.4,5330.8,5302.9,5329.8,7951
2026-03-02 14:00:00,5329.9,5348.5,5328.2,5344.2,5683
2026-03-02 15:00:00,5344.1,5360.9,5342.2,5346.1,5997
2026-03-02 16:00:00,5346.5,5354.6,5335.4,5335.9,1860
2026-03-02 18:00:00,5335.7,5360.9,5334.9,5359.1,0
2026-03-02 19:00:00,5359.9,5376.9,5350.1,5364.5,3197
2026-03-02 20:00:00,5364.9,5394.2,5351.5,5352.9,6470
2026-03-02 21:00:00,5353.7,5381.8,5346.7,5380.0,4266
2026-03-02 22:00:00,5380.7,5387.2,5372.2,5381.2,2135
2026-03-02 23:00:00,5380.8,5389.2,5373.0,5377.9,2393
2026-03-03 00:00:00,5374.7,5381.5,5318.0,5331.9,5796
2026-03-03 01:00:00,5333.7,5336.2,5292.1,5323.0,9322
2026-03-03 02:00:00,5322.8,5346.1,5318.5,5340.6,4818
2026-03-03 03:00:00,5340.5,5349.0,5302.8,5308.8,6910
2026-03-03 04:00:00,5308.5,5317.4,5236.0,5286.8,17993
2026-03-03 05:00:00,5287.3,5300.1,5246.1,5259.7,8270
2026-03-03 06:00:00,5258.3,5274.8,5081.4,5154.0,35026
2026-03-03 07:00:00,5154.5,5236.9,5148.2,5234.5,17701
2026-03-03 08:00:00,5234.6,5234.6,5137.2,5166.5,18681
2026-03-03 09:00:00,5166.9,5185.8,5025.0,5048.0,33468
2026-03-03 10:00:00,5048.8,5107.4,5005.0,5105.3,29186
2026-03-03 11:00:00,5105.4,5145.2,5100.3,5117.9,14875
2026-03-03 12:00:00,5117.8,5120.6,5075.1,5089.5,10853
2026-03-03 13:00:00,5089.4,5149.8,5089.3,5146.5,11291
2026-03-03 14:00:00,5147.0,5161.5,5109.3,5122.3,7238
2026-03-03 15:00:00,5123.7,5141.7,5096.0,5109.3,5194
2026-03-03 16:00:00,5108.6,5122.0,5093.3,5099.5,2438
2026-03-03 18:00:00,5110.0,5139.1,5092.8,5133.4,0
2026-03-03 19:00:00,5134.5,5149.5,5114.3,5147.3,3378
2026-03-03 20:00:00,5148.2,5188.1,5147.9,5183.7,7682
2026-03-03 21:00:00,5183.9,5200.7,5162.6,5165.4,6100
2026-03-03 22:00:00,5164.8,5186.3,5150.0,5183.1,3724
2026-03-03 23:00:00,5183.3,5189.6,5160.1,5166.4,2344
2026-03-04 00:00:00,5165.7,5177.2,5160.5,5169.5,2255
2026-03-04 01:00:00,5168.4,5170.3,5130.0,5170.3,5912
2026-03-04 02:00:00,5169.0,5186.0,5168.5,5178.2,5536
2026-03-04 03:00:00,5178.3,5192.8,5157.8,5178.6,5306
2026-03-04 04:00:00,5177.9,5196.4,5170.0,5193.9,5123
2026-03-04 05:00:00,5194.0,5214.7,5191.2,5201.9,9054
2026-03-04 06:00:00,5201.3,5213.2,5199.3,5204.2,3547
2026-03-04 07:00:00,5204.3,5218.3,5167.9,5182.0,7095
2026-03-04 08:00:00,5182.2,5207.5,5177.3,5178.5,7694
2026-03-04 09:00:00,5178.1,5195.2,5148.4,5155.7,13321
2026-03-04 10:00:00,5155.2,5177.3,5140.2,5161.6,14335
2026-03-04 11:00:00,5161.2,5172.6,5148.5,5161.5,7171
2026-03-04 12:00:00,5160.9,5165.0,5131.5,5153.6,6703
2026-03-04 13:00:00,5152.7,5155.5,5119.4,5144.7,9422
2026-03-04 14:00:00,5144.8,5150.5,5133.6,5148.7,2883
2026-03-04 15:00:00,5148.4,5159.2,5134.8,5146.8,2710
2026-03-04 16:00:00,5146.9,5156.3,5141.4,5151.6,1768
2026-03-04 18:00:00,5155.7,5177.8,5152.0,5176.2,0
2026-03-04 19:00:00,5176.5,5191.5,5170.4,5183.9,2613
2026-03-04 20:00:00,5184.1,5198.0,5177.1,5181.7,4535
2026-03-04 21:00:00,5181.2,5201.8,5180.9,5201.6,3509
2026-03-04 22:00:00,5201.7,5204.3,5187.3,5189.5,2226
2026-03-04 23:00:00,5189.4,5195.9,5175.2,5179.7,1907
2026-03-05 00:00:00,5181.0,5185.9,5156.9,5157.7,2764
2026-03-05 01:00:00,5157.9,5177.5,5129.0,5176.5,6396
2026-03-05 02:00:00,5175.9,5181.8,5168.0,5171.4,3259
2026-03-05 03:00:00,5171.1,5180.1,5146.2,5176.0,5568
2026-03-05 04:00:00,5175.9,5192.5,5162.7,5171.8,5482
2026-03-05 05:00:00,5171.1,5178.5,5156.9,5175.6,4286
2026-03-05 06:00:00,5175.5,5178.5,5168.0,5174.8,2856
2026-03-05 07:00:00,5175.1,5182.7,5171.5,5173.0,3060
2026-03-05 08:00:00,5173.6,5174.9,5085.5,5126.5,23141
2026-03-05 09:00:00,5126.8,5139.2,5099.2,5110.8,13906
2026-03-05 10:00:00,5110.7,5128.5,5065.5,5111.3,17528
2026-03-05 11:00:00,5111.8,5113.5,5062.4,5086.5,9934
2026-03-05 12:00:00,5086.6,5098.5,5063.5,5071.2,8948
2026-03-05 13:00:00,5071.0,5094.6,5058.9,5077.6,10075
2026-03-05 14:00:00,5077.6,5089.7,5063.5,5074.6,3501
2026-03-05 15:00:00,5074.3,5104.4,5071.2,5086.6,6153
2026-03-05 16:00:00,5086.3,5094.6,5082.0,5093.3,1924
2026-03-05 18:00:00,5099.7,5119.2,5092.2,5095.6,0
2026-03-05 19:00:00,5095.5,5101.0,5082.9,5092.5,2352
2026-03-05 20:00:00,5092.4,5151.3,5074.0,5142.1,6771
2026-03-05 21:00:00,5142.0,5145.9,5129.8,5133.9,3466
2026-03-05 22:00:00,5134.8,5149.8,5132.1,5139.9,2568
2026-03-05 23:00:00,5139.9,5145.2,5135.0,5137.2,1108
2026-03-06 00:00:00,5136.0,5138.9,5122.9,5126.6,2591
2026-03-06 01:00:00,5126.1,5131.9,5118.7,5124.9,2240
2026-03-06 02:00:00,5124.7,5129.4,5114.0,5128.2,4297
2026-03-06 03:00:00,5128.0,5132.3,5104.5,5116.7,3493
2026-03-06 04:00:00,5117.6,5117.8,5091.4,5093.5,5714
2026-03-06 05:00:00,5094.5,5102.0,5084.2,5099.9,4786
2026-03-06 06:00:00,5100.7,5109.6,5071.0,5086.1,5176
2026-03-06 07:00:00,5086.3,5105.8,5085.3,5091.9,4662
2026-03-06 08:00:00,5091.6,5140.0,5073.9,5093.8,17370
2026-03-06 09:00:00,5093.2,5142.4,5089.9,5139.3,15352
2026-03-06 10:00:00,5139.3,5182.0,5137.4,5151.2,22227
2026-03-06 11:00:00,5151.7,5163.0,5136.0,5149.5,9094
2026-03-06 12:00:00,5150.1,5162.8,5138.7,5150.2,6214
2026-03-06 13:00:00,5149.9,5176.5,5147.9,5170.3,15790
2026-03-06 14:00:00,5170.4,5183.8,5165.2,5168.5,3745
2026-03-06 15:00:00,5168.2,5171.2,5157.5,5161.4,4144
2026-03-06 16:00:00,5161.1,5185.0,5158.7,5158.7,2451
2026-03-08 18:00:00,5165.5,5180.0,5113.5,5138.5,5619
2026-03-08 19:00:00,5140.3,5145.5,5050.0,5083.4,10158
2026-03-08 20:00:00,5083.1,5088.9,5035.5,5056.9,8311
2026-03-08 21:00:00,5056.7,5094.4,5021.2,5077.6,9663
2026-03-08 22:00:00,5076.4,5105.8,5061.9,5100.9,7592
2026-03-08 23:00:00,5101.3,5109.1,5087.6,5098.0,3367
2026-03-09 00:00:00,5098.0,5103.4,5091.3,5096.4,1201
2026-03-09 01:00:00,5096.6,5147.6,5087.1,5131.6,5859
2026-03-09 02:00:00,5131.4,5141.7,5103.6,5104.8,4276
2026-03-09 03:00:00,5104.8,5115.2,5095.4,5106.7,5055
2026-03-09 04:00:00,5106.8,5118.7,5094.9,5104.4,4532
2026-03-09 05:00:00,5104.1,5140.5,5102.8,5114.3,7308
2026-03-09 06:00:00,5114.0,5119.8,5090.9,5094.8,6702
2026-03-09 07:00:00,5094.8,5104.8,5086.5,5095.7,5633
2026-03-09 08:00:00,5096.2,5120.5,5096.2,5103.1,7251
2026-03-09 09:00:00,5103.1,5119.5,5075.0,5081.5,13198
2026-03-09 10:00:00,5081.1,5124.7,5066.9,5102.6,14107
2026-03-09 11:00:00,5102.2,5112.0,5087.8,5108.5,11683
2026-03-09 12:00:00,5108.1,5119.7,5103.1,5113.1,7788
2026-03-09 13:00:00,5113.2,5115.5,5097.7,5104.9,10656
2026-03-09 14:00:00,5104.9,5136.7,5101.6,5133.2,7471
2026-03-09 15:00:00,5133.3,5154.7,5128.3,5150.5,7655
2026-03-09 16:00:00,5150.9,5158.0,5143.7,5148.7,2478
2026-03-09 18:00:00,5152.4,5163.0,5127.1,5162.1,0
2026-03-09 19:00:00,5161.9,5165.6,5145.6,5149.8,2256
2026-03-09 20:00:00,5149.3,5151.1,5134.8,5140.2,2782
2026-03-09 21:00:00,5140.3,5195.2,5134.0,5193.2,8128
2026-03-09 22:00:00,5192.8,5195.8,5172.1,5174.3,4886
2026-03-09 23:00:00,5173.8,5181.9,5163.0,5166.4,2788
2026-03-10 00:00:00,5165.3,5175.3,5162.4,5172.1,1931
2026-03-10 01:00:00,5172.5,5188.2,5172.4,5186.7,1828
2026-03-10 02:00:00,5187.3,5190.0,5180.7,5183.6,2357
2026-03-10 03:00:00,5184.1,5191.3,5167.3,5190.5,4821
2026-03-10 04:00:00,5190.6,5204.0,5184.5,5192.5,7353
2026-03-10 05:00:00,5192.6,5198.4,5189.7,5191.8,3962
2026-03-10 06:00:00,5191.5,5193.3,5165.6,5186.6,6475
2026-03-10 07:00:00,5186.6,5201.1,5180.9,5184.2,6776
2026-03-10 08:00:00,5184.6,5198.9,5171.4,5196.5,6641
2026-03-10 09:00:00,5196.2,5238.9,5194.9,5214.2,23344
2026-03-10 10:00:00,5215.4,5224.0,5193.6,5215.8,16453
2026-03-10 11:00:00,5216.0,5248.7,5212.0,5238.0,16210
2026-03-10 12:00:00,5238.1,5245.1,5232.2,5236.9,10769
2026-03-10 13:00:00,5236.9,5244.5,5232.6,5237.1,13336
2026-03-10 14:00:00,5237.0,5237.3,5169.0,5200.0,14491
2026-03-10 15:00:00,5200.3,5216.5,5188.7,5207.0,5803
2026-03-10 16:00:00,5206.7,5207.7,5198.5,5198.7,1622
2026-03-10 18:00:00,5194.0,5206.2,5191.3,5196.7,0
2026-03-10 19:00:00,5197.2,5206.0,5195.2,5204.9,1487
2026-03-10 20:00:00,5205.0,5227.0,5194.0,5223.1,3771
2026-03-10 21:00:00,5223.0,5230.9,5215.9,5215.9,3201
2026-03-10 22:00:00,5215.9,5228.7,5202.0,5225.4,3951
2026-03-10 23:00:00,5225.5,5228.5,5207.5,5211.1,2384
2026-03-11 00:00:00,5211.5,5217.1,5207.9,5212.8,0
2026-03-11 01:00:00,5212.5,5216.8,5197.8,5207.6,2569
2026-03-11 02:00:00,5207.2,5218.4,5199.6,5205.8,2806
2026-03-11 03:00:00,5205.0,5209.8,5192.1,5203.7,5248
2026-03-11 04:00:00,5203.3,5206.7,5183.3,5195.2,5657
2026-03-11 05:00:00,5194.9,5205.1,5187.1,5195.7,4462
2026-03-11 06:00:00,5195.8,5203.0,5184.8,5194.1,4926
2026-03-11 07:00:00,5194.3,5201.1,5182.3,5189.2,4825
2026-03-11 08:00:00,5188.7,5207.5,5172.0,5175.1,9448
2026-03-11 09:00:00,5174.7,5191.1,5155.9,5184.3,14343
2026-03-11 10:00:00,5184.0,5204.3,5181.8,5190.8,13639
2026-03-11 11:00:00,5190.7,5193.8,5169.9,5173.4,10146
2026-03-11 12:00:00,5173.4,5185.5,5170.8,5183.1,6393
2026-03-11 13:00:00,5183.3,5188.5,5158.4,5176.6,20090
2026-03-11 14:00:00,5176.6,5186.3,5176.2,5180.1,3915
2026-03-11 15:00:00,5180.2,5191.2,5176.9,5191.0,2266
2026-03-11 16:00:00,5190.8,5191.5,5182.9,5183.9,0
2026-03-11 18:00:00,5185.4,5189.8,5135.0,5144.8,3397
2026-03-11 19:00:00,5144.5,5163.9,5138.8,5140.0,2955
2026-03-11 20:00:00,5139.4,5168.0,5130.0,5158.1,4338
2026-03-11 21:00:00,5158.2,5178.4,5156.2,5174.4,4479
2026-03-11 22:00:00,5173.7,5180.6,5150.5,5156.0,4453
2026-03-11 23:00:00,5155.7,5160.5,5152.0,5158.2,2543
2026-03-12 00:00:00,5158.4,5159.2,5145.3,5147.4,0
2026-03-12 01:00:00,5147.6,5162.5,5142.0,5159.7,2469
2026-03-12 02:00:00,5159.6,5176.2,5152.7,5172.6,3128
2026-03-12 03:00:00,5171.9,5190.9,5170.3,5188.4,4092
2026-03-12 04:00:00,5188.2,5195.9,5181.4,5184.4,4195
2026-03-12 05:00:00,5184.6,5196.2,5179.8,5194.2,4448
2026-03-12 06:00:00,5194.1,5197.8,5181.8,5188.2,4975
2026-03-12 07:00:00,5187.9,5189.6,5178.6,5184.8,2449
2026-03-12 08:00:00,5185.0,5192.3,5168.5,5187.7,7942
2026-03-12 09:00:00,5187.5,5192.5,5152.1,5157.4,12991
2026-03-12 10:00:00,5157.0,5170.2,5144.2,5148.8,10328
2026-03-12 11:00:00,5148.6,5150.9,5114.6,5138.0,16059
2026-03-12 12:00:00,5138.1,5144.3,5126.8,5130.1,10170
2026-03-12 13:00:00,5129.9,5136.5,5109.0,5112.4,13911
2026-03-12 14:00:00,5111.9,5119.5,5095.3,5100.0,6878
2026-03-12 15:00:00,5100.2,5102.9,5084.5,5091.7,7030
2026-03-12 16:00:00,5092.0,5097.6,5058.2,5084.1,0
2026-03-12 18:00:00,5084.0,5099.3,5074.6,5099.1,2227
2026-03-12 19:00:00,5099.6,5104.4,5092.6,5101.5,2764
2026-03-12 20:00:00,5101.0,5118.1,5100.4,5116.6,3464
2026-03-12 21:00:00,5116.7,5128.5,5111.4,5128.5,7335
2026-03-12 22:00:00,5127.9,5132.4,5113.7,5115.4,3702
2026-03-12 23:00:00,5115.8,5120.0,5109.4,5119.2,2329
2026-03-13 00:00:00,5118.9,5121.1,5105.5,5107.1,0
2026-03-13 01:00:00,5107.4,5114.9,5100.6,5106.2,4068
2026-03-13 02:00:00,5106.1,5111.3,5088.6,5092.2,5385
2026-03-13 03:00:00,5092.2,5098.3,5075.5,5089.5,5635
2026-03-13 04:00:00,5089.8,5092.8,5066.0,5092.2,6613
2026-03-13 05:00:00,5092.3,5101.9,5087.9,5094.3,4103
2026-03-13 06:00:00,5094.0,5103.4,5085.0,5099.6,4561
2026-03-13 07:00:00,5099.9,5112.9,5091.1,5112.9,4828
2026-03-13 08:00:00,5113.0,5128.5,5109.8,5124.4,7661
2026-03-13 09:00:00,5124.6,5127.9,5102.1,5107.5,8918
2026-03-13 10:00:00,5107.1,5114.1,5039.3,5045.8,17577
2026-03-13 11:00:00,5045.9,5076.2,5032.2,5039.1,20600
2026-03-13 12:00:00,5038.8,5057.0,5022.8,5050.6,13963
2026-03-13 13:00:00,5050.1,5068.1,5047.5,5050.9,9916
2026-03-13 14:00:00,5050.8,5056.0,5040.7,5050.9,4572
2026-03-13 15:00:00,5050.9,5054.2,5014.1,5022.0,8977
2026-03-13 16:00:00,5022.3,5061.7,5017.0,5061.7,0
2026-03-15 18:00:00,5027.6,5029.9,5003.0,5028.8,3121
2026-03-15 19:00:00,5028.0,5030.0,4970.1,5000.6,6451
2026-03-15 20:00:00,5001.1,5035.4,5000.0,5030.4,5504
2026-03-15 21:00:00,5031.5,5031.5,4986.0,5020.0,6495
2026-03-15 22:00:00,5019.4,5022.7,5001.4,5006.6,2954
2026-03-15 23:00:00,5007.2,5024.3,5001.4,5022.5,2353
2026-03-16 00:00:00,5023.2,5030.1,5016.0,5016.5,0
2026-03-16 01:00:00,5016.4,5024.0,5006.9,5021.1,2199
2026-03-16 02:00:00,5021.0,5039.8,5008.5,5016.2,5219
2026-03-16 03:00:00,5016.1,5020.0,4992.9,4998.9,6856
2026-03-16 04:00:00,4998.7,5008.0,4988.2,4995.0,8068
2026-03-16 05:00:00,4994.1,4995.6,4976.5,4979.4,9581
2026-03-16 06:00:00,4979.7,5005.3,4973.5,5004.2,7860
2026-03-16 07:00:00,5004.3,5028.2,4996.8,5001.9,9349
2026-03-16 08:00:00,5001.7,5033.5,4999.5,5024.9,13053
2026-03-16 09:00:00,5025.4,5041.3,5018.8,5035.7,12908
2026-03-16 10:00:00,5035.8,5044.5,4992.1,5000.8,16157
2026-03-16 11:00:00,5000.4,5010.9,4988.5,4991.9,14779
2026-03-16 12:00:00,4991.5,5004.2,4978.6,4995.9,9464
2026-03-16 13:00:00,4996.1,5009.6,4989.5,4996.7,8491
2026-03-16 14:00:00,4997.0,5024.0,4995.8,5018.9,5640
2026-03-16 15:00:00,5018.7,5026.5,5014.0,5019.3,4156
2026-03-16 16:00:00,5018.9,5028.0,5010.8,5011.3,2408
2026-03-16 18:00:00,5012.2,5021.9,5003.9,5007.6,0
2026-03-16 19:00:00,5007.2,5021.0,5007.0,5018.0,1282
2026-03-16 20:00:00,5018.0,5019.3,5002.3,5007.1,1875
2026-03-16 21:00:00,5006.3,5032.7,4998.7,5032.1,3693
2026-03-16 22:00:00,5032.3,5034.1,5024.1,5026.2,1783
2026-03-16 23:00:00,5026.0,5037.5,5024.2,5030.3,1698
2026-03-17 00:00:00,5031.1,5046.7,5030.1,5042.4,0
2026-03-17 01:00:00,5043.1,5049.4,5024.3,5024.5,4025
2026-03-17 02:00:00,5025.3,5027.0,5009.0,5013.9,5001
2026-03-17 03:00:00,5013.7,5031.9,5013.0,5025.0,4682
2026-03-17 04:00:00,5025.2,5033.5,5022.3,5029.0,4513
2026-03-17 05:00:00,5029.2,5030.3,5014.4,5014.7,4778
2026-03-17 06:00:00,5014.7,5020.7,4994.8,5004.4,8149
2026-03-17 07:00:00,5004.0,5016.1,5001.0,5007.3,4130
2026-03-17 08:00:00,5007.0,5029.0,5003.3,5016.3,8058
2026-03-17 09:00:00,5016.6,5036.7,5010.6,5021.9,12007
2026-03-17 10:00:00,5021.6,5026.5,5007.2,5012.5,8055
2026-03-17 11:00:00,5011.9,5022.2,4977.0,5002.6,16059
2026-03-17 12:00:00,5002.5,5010.3,4995.6,5006.4,6952
2026-03-17 13:00:00,5006.5,5013.7,5001.0,5007.0,7244
2026-03-17 14:00:00,5007.4,5013.5,5003.9,5007.5,2777
2026-03-17 15:00:00,5007.1,5009.4,5000.4,5005.1,3302
2026-03-17 16:00:00,5004.9,5011.6,5004.7,5011.3,1693
2026-03-17 18:00:00,5010.6,5011.2,4996.9,5003.6,0
2026-03-17 19:00:00,5003.4,5007.9,5002.2,5006.6,587
2026-03-17 20:00:00,5006.6,5017.3,5004.7,5008.4,3174
2026-03-17 21:00:00,5008.9,5022.0,4994.3,5002.2,5126
2026-03-17 22:00:00,5002.2,5010.7,4993.0,4994.9,2187
2026-03-17 23:00:00,4994.9,5000.9,4988.5,4992.7,2088
2026-03-18 00:00:00,4994.5,4997.0,4984.9,4989.9,0
2026-03-18 01:00:00,4990.4,5006.2,4987.7,5001.1,3782
2026-03-18 02:00:00,5000.4,5020.5,4999.6,5013.8,4444
2026-03-18 03:00:00,5014.1,5019.4,4994.7,4999.1,3934
2026-03-18 04:00:00,4999.0,5001.7,4981.1,4990.7,10728
2026-03-18 05:00:00,4991.1,5000.0,4988.7,4996.4,4026
2026-03-18 06:00:00,4996.3,4996.4,4962.6,4971.7,11330
2026-03-18 07:00:00,4971.7,4977.7,4928.0,4933.3,18535
2026-03-18 08:00:00,4933.9,4935.9,4873.0,4884.4,30884
2026-03-18 09:00:00,4884.0,4889.2,4837.1,4881.8,30042
2026-03-18 10:00:00,4881.9,4899.0,4859.4,4873.1,14620
2026-03-18 11:00:00,4872.9,4883.6,4864.5,4866.3,8080
2026-03-18 12:00:00,4866.2,4894.8,4864.7,4891.2,7334
2026-03-18 13:00:00,4891.4,4904.0,4888.1,4895.1,10551
2026-03-18 14:00:00,4895.2,4904.5,4856.2,4857.3,12095
2026-03-18 15:00:00,4856.9,4868.9,4841.4,4846.8,11113
2026-03-18 16:00:00,4846.5,4852.1,4809.3,4823.9,7915
2026-03-18 18:00:00,4828.0,4842.0,4806.0,4837.1,0
2026-03-18 19:00:00,4836.5,4845.0,4830.5,4839.2,1937
2026-03-18 20:00:00,4838.4,4850.8,4837.6,4842.6,2707
2026-03-18 21:00:00,4842.3,4868.7,4833.7,4851.3,5558
2026-03-18 22:00:00,4851.2,4863.4,4842.6,4859.5,2784
2026-03-18 23:00:00,4859.8,4867.4,4852.3,4852.7,2038
2026-03-19 00:00:00,4852.4,4855.2,4847.0,4851.8,0
2026-03-19 01:00:00,4851.5,4855.7,4828.1,4829.2,4298
2026-03-19 02:00:00,4829.1,4844.2,4749.0,4765.2,14291
2026-03-19 03:00:00,4765.3,4786.0,4727.3,4729.6,11354
2026-03-19 04:00:00,4729.3,4742.2,4688.0,4710.6,16114
2026-03-19 05:00:00,4711.2,4728.1,4690.3,4701.1,12786
2026-03-19 06:00:00,4700.6,4722.0,4669.4,4681.9,16441
2026-03-19 07:00:00,4682.3,4702.7,4652.4,4654.4,16882
2026-03-19 08:00:00,4654.9,4657.0,4533.1,4577.3,40229
2026-03-19 09:00:00,4576.1,4625.0,4505.0,4624.0,41771
2026-03-19 10:00:00,4624.9,4651.8,4583.4,4603.5,29577
2026-03-19 11:00:00,4603.2,4641.7,4566.0,4598.3,20907
2026-03-19 12:00:00,4598.0,4628.0,4579.2,4587.1,13233
2026-03-19 13:00:00,4587.2,4633.3,4576.7,4618.8,14104
2026-03-19 14:00:00,4619.3,4626.3,4598.7,4625.8,7156
2026-03-19 15:00:00,4625.8,4666.9,4625.8,4647.9,14104
2026-03-19 16:00:00,4647.5,4664.7,4646.0,4651.9,3483
2026-03-19 18:00:00,4653.9,4679.5,4638.0,4638.1,0
2026-03-19 19:00:00,4638.7,4650.0,4635.8,4645.5,2093
2026-03-19 20:00:00,4645.5,4666.6,4643.9,4649.5,3039
2026-03-19 21:00:00,4649.6,4701.5,4640.5,4679.1,8676
2026-03-19 22:00:00,4680.0,4704.5,4672.2,4699.3,5110
2026-03-19 23:00:00,4698.9,4738.2,4694.4,4725.2,5710
2026-03-20 00:00:00,4726.3,4728.0,4715.5,4722.0,0
2026-03-20 01:00:00,4722.0,4724.1,4686.8,4689.9,5495
2026-03-20 02:00:00,4690.0,4702.6,4661.6,4670.3,7131
2026-03-20 03:00:00,4669.9,4709.0,4668.8,4707.2,6768
2026-03-20 04:00:00,4707.7,4736.3,4685.2,4695.1,11543
2026-03-20 05:00:00,4694.5,4701.8,4660.5,4668.4,7183
2026-03-20 06:00:00,4668.3,4670.5,4639.1,4646.4,10086
2026-03-20 07:00:00,4645.8,4676.0,4638.2,4673.4,7046
2026-03-20 08:00:00,4673.4,4696.9,4662.8,4679.0,11455
2026-03-20 09:00:00,4679.4,4680.5,4613.1,4617.0,19865
2026-03-20 10:00:00,4617.1,4623.2,4547.6,4564.9,26207
2026-03-20 11:00:00,4564.5,4582.4,4542.1,4555.3,16663
2026-03-20 12:00:00,4554.9,4616.3,4554.0,4585.3,16772
2026-03-20 13:00:00,4585.6,4602.5,4556.7,4575.9,13556
2026-03-20 14:00:00,4576.1,4580.5,4478.4,4500.7,16249
2026-03-20 15:00:00,4501.3,4518.7,4487.4,4503.8,10062
2026-03-20 16:00:00,4503.5,4516.6,4492.0,4496.3,3848
2026-03-22 18:00:00,4511.7,4537.1,4490.0,4498.1,5750
2026-03-22 19:00:00,4499.3,4511.2,4453.2,4465.9,7327
2026-03-22 20:00:00,4466.2,4474.8,4322.0,4356.4,23933
2026-03-22 21:00:00,4357.7,4455.0,4330.0,4390.0,16646
2026-03-22 22:00:00,4389.4,4423.8,4356.0,4362.3,12129
2026-03-22 23:00:00,4362.0,4379.4,4337.5,4355.3,8729
2026-03-23 00:00:00,4355.9,4385.0,4353.2,4370.9,0
2026-03-23 01:00:00,4370.5,4383.2,4305.5,4314.1,11549
2026-03-23 02:00:00,4313.8,4317.1,4166.0,4225.1,34076
2026-03-23 03:00:00,4224.8,4233.8,4100.0,4205.7,32362
2026-03-23 04:00:00,4206.5,4273.3,4203.6,4251.7,21649
2026-03-23 05:00:00,4252.6,4310.3,4224.1,4254.5,18698
2026-03-23 06:00:00,4254.7,4283.0,4241.8,4270.0,10208
2026-03-23 07:00:00,4270.4,4466.3,4270.1,4379.2,33188
2026-03-23 08:00:00,4380.1,4495.5,4338.0,4480.6,21627
2026-03-23 09:00:00,4481.6,4489.0,4404.0,4457.6,23269
2026-03-23 10:00:00,4457.6,4516.5,4455.9,4463.5,23762
2026-03-23 11:00:00,4464.4,4488.9,4350.8,4365.6,25658
2026-03-23 12:00:00,4364.1,4394.0,4354.1,4378.1,15172
2026-03-23 13:00:00,4378.0,4441.5,4372.7,4428.8,18047
2026-03-23 14:00:00,4428.9,4469.5,4404.8,4451.0,6833
2026-03-23 15:00:00,4451.6,4452.5,4394.6,4401.5,9241
2026-03-23 16:00:00,4400.7,4416.1,4385.0,4410.4,2491
2026-03-23 18:00:00,4414.8,4433.8,4363.5,4429.9,0
2026-03-23 19:00:00,4428.7,4450.5,4424.0,4442.8,3190
2026-03-23 20:00:00,4442.7,4448.4,4329.0,4366.9,7677
2026-03-23 21:00:00,4366.6,4376.9,4309.2,4323.4,9231
2026-03-23 22:00:00,4323.1,4380.1,4306.3,4366.9,6621
2026-03-23 23:00:00,4367.1,4368.6,4335.4,4346.8,3073
2026-03-24 00:00:00,4347.4,4357.7,4327.0,4334.0,0
2026-03-24 01:00:00,4334.5,4375.4,4319.9,4349.5,6232
2026-03-24 02:00:00,4348.9,4406.7,4345.5,4403.8,6113
2026-03-24 03:00:00,4402.5,4437.6,4401.0,4420.2,8472
2026-03-24 04:00:00,4420.1,4423.6,4392.7,4413.5,8800
2026-03-24 05:00:00,4413.1,4432.2,4397.3,4427.7,6689
2026-03-24 06:00:00,4428.0,4442.9,4415.2,4439.7,7584
2026-03-24 07:00:00,4438.9,4443.2,4372.4,4408.0,14144
2026-03-24 08:00:00,4408.2,4427.6,4361.7,4378.7,15189
2026-03-24 09:00:00,4379.0,4390.7,4350.4,4382.5,20103
2026-03-24 10:00:00,4381.0,4435.0,4380.4,4416.3,17194
2026-03-24 11:00:00,4415.8,4431.2,4396.5,4412.8,14146
2026-03-24 12:00:00,4412.4,4428.9,4403.7,4422.2,11557
2026-03-24 13:00:00,4422.2,4427.6,4372.2,4388.3,13794
2026-03-24 14:00:00,4388.3,4424.5,4383.6,4390.9,7903
2026-03-24 15:00:00,4390.0,4411.9,4389.4,4400.9,3568
2026-03-24 16:00:00,4400.8,4485.6,4397.7,4474.9,9429
2026-03-24 18:00:00,4473.5,4492.3,4458.2,4487.7,0
2026-03-24 19:00:00,4487.5,4555.0,4475.4,4549.2,9333
2026-03-24 20:00:00,4549.0,4572.8,4540.5,4564.9,10775
2026-03-24 21:00:00,4564.8,4600.0,4553.3,4593.2,13927
2026-03-24 22:00:00,4593.3,4601.0,4578.3,4581.9,9213
2026-03-24 23:00:00,4581.5,4584.4,4566.1,4572.3,5917
2026-03-25 00:00:00,4568.5,4573.2,4563.9,4571.2,0
2026-03-25 01:00:00,4571.1,4572.0,4546.7,4555.0,5910
2026-03-25 02:00:00,4555.0,4556.1,4532.5,4543.8,7617
2026-03-25 03:00:00,4543.9,4561.8,4536.7,4539.0,9557
2026-03-25 04:00:00,4539.2,4568.7,4535.6,4555.6,10282
2026-03-25 05:00:00,4555.7,4567.0,4525.7,4550.4,10492
2026-03-25 06:00:00,4550.7,4561.3,4549.5,4557.1,6186
2026-03-25 07:00:00,4557.5,4586.2,4554.6,4577.4,8361
2026-03-25 08:00:00,4577.8,4582.5,4519.5,4542.4,17116
2026-03-25 09:00:00,4542.8,4575.8,4539.2,4543.3,20226
2026-03-25 10:00:00,4543.3,4577.6,4531.2,4565.3,14184
2026-03-25 11:00:00,4565.2,4567.6,4522.0,4557.4,17899
2026-03-25 12:00:00,4557.1,4563.2,4543.5,4553.4,8289
2026-03-25 13:00:00,4553.5,4561.7,4540.8,4548.2,19094
2026-03-25 14:00:00,4548.0,4566.6,4528.2,4535.7,9513
2026-03-25 15:00:00,4535.0,4537.3,4484.3,4528.7,12465
2026-03-25 16:00:00,4528.3,4539.6,4492.9,4503.3,4308
2026-03-25 18:00:00,4508.9,4531.1,4501.9,4513.9,0
2026-03-25 19:00:00,4513.9,4515.2,4485.6,4495.3,3598
2026-03-25 20:00:00,4495.3,4536.6,4495.2,4533.3,4567
2026-03-25 21:00:00,4533.0,4541.6,4518.7,4532.0,3703
2026-03-25 22:00:00,4532.3,4532.3,4501.9,4505.2,3542
2026-03-25 23:00:00,4505.1,4515.0,4495.8,4510.2,2651
2026-03-26 00:00:00,4513.3,4520.9,4508.0,4516.9,0
2026-03-26 01:00:00,4517.0,4518.7,4434.9,4435.0,9488
2026-03-26 02:00:00,4434.7,4456.4,4412.1,4452.9,10332
2026-03-26 03:00:00,4453.1,4460.5,4434.3,4449.4,8135
2026-03-26 04:00:00,4448.7,4456.0,4409.3,4424.8,11850
2026-03-26 05:00:00,4425.4,4434.1,4412.1,4421.3,10331
2026-03-26 06:00:00,4421.1,4445.3,4414.6,4440.2,11194
2026-03-26 07:00:00,4440.5,4453.1,4415.9,4419.7,11846
2026-03-26 08:00:00,4420.1,4442.5,4412.7,4426.8,13200
2026-03-26 09:00:00,4426.5,4457.8,4417.6,4450.1,21820
2026-03-26 10:00:00,4450.4,4476.6,4433.7,4461.9,21728
2026-03-26 11:00:00,4461.5,4466.1,4429.8,4434.0,18036
2026-03-26 12:00:00,4434.0,4438.9,4362.8,4385.3,24936
2026-03-26 13:00:00,4384.9,4398.5,4372.5,4377.6,16206
2026-03-26 14:00:00,4377.2,4394.5,4363.7,4391.0,7403
2026-03-26 15:00:00,4391.7,4395.9,4356.4,4361.3,7834
2026-03-26 16:00:00,4361.1,4416.8,4348.2,4376.9,11897
2026-03-26 18:00:00,4371.8,4409.6,4369.1,4406.5,0
2026-03-26 19:00:00,4404.9,4408.5,4383.8,4400.3,1611
2026-03-26 20:00:00,4399.4,4405.3,4370.5,4374.0,1168
2026-03-26 21:00:00,4372.3,4414.3,4372.3,4411.4,1400
2026-03-26 22:00:00,4413.4,4434.6,4413.4,4426.1,959
2026-03-26 23:00:00,4427.0,4440.2,4415.0,4432.0,565
2026-03-27 00:00:00,4431.8,4444.2,4426.2,4440.9,0
2026-03-27 01:00:00,4440.1,4469.3,4434.7,4448.9,1441
2026-03-27 02:00:00,4448.0,4466.8,4446.0,4453.6,803
2026-03-27 03:00:00,4453.1,4483.2,4441.2,4475.2,33353
2026-03-27 04:00:00,4475.3,4478.2,4451.3,4452.1,7884
2026-03-27 05:00:00,4452.0,4466.2,4448.3,4457.2,5874
2026-03-27 06:00:00,4457.2,4461.0,4438.6,4442.8,8464
2026-03-27 07:00:00,4443.3,4453.7,4432.2,4447.5,9076
2026-03-27 08:00:00,4447.6,4472.4,4439.8,4465.4,9804
2026-03-27 09:00:00,4465.5,4471.2,4441.0,4458.6,16557
2026-03-27 10:00:00,4460.5,4545.5,4459.0,4540.1,25591
2026-03-27 11:00:00,4540.3,4585.3,4531.6,4554.4,26505
2026-03-27 12:00:00,4554.6,4563.8,4535.8,4546.5,15121
2026-03-27 13:00:00,4546.5,4552.7,4515.0,4515.5,16961
2026-03-27 14:00:00,4515.8,4558.3,4515.8,4546.1,6919
2026-03-27 15:00:00,4547.1,4555.2,4529.4,4543.1,6096
2026-03-27 16:00:00,4543.5,4549.3,4518.9,4521.3,4464
2026-03-29 18:00:00,4510.1,4538.9,4506.3,4512.3,3976
2026-03-29 19:00:00,4513.4,4521.1,4472.0,4476.9,5868
2026-03-29 20:00:00,4477.0,4494.2,4444.7,4461.2,9172
2026-03-29 21:00:00,4460.6,4506.4,4460.3,4498.5,7258
2026-03-29 22:00:00,4498.8,4528.7,4487.8,4510.9,4454
2026-03-29 23:00:00,4510.4,4548.0,4508.1,4528.1,4735
2026-03-30 00:00:00,4526.5,4528.5,4514.9,4526.8,0
2026-03-30 01:00:00,4526.8,4557.4,4526.6,4551.5,3925
2026-03-30 02:00:00,4551.6,4579.2,4545.7,4560.0,6036
2026-03-30 03:00:00,4559.6,4562.8,4543.3,4555.2,5488
2026-03-30 04:00:00,4555.1,4569.0,4552.7,4566.9,5381
2026-03-30 05:00:00,4566.6,4569.4,4551.3,4562.0,5278
2026-03-30 06:00:00,4561.9,4569.2,4556.6,4561.2,3636
2026-03-30 07:00:00,4561.4,4611.4,4553.9,4589.0,10657
2026-03-30 08:00:00,4589.5,4608.1,4574.6,4599.6,8767
2026-03-30 09:00:00,4599.9,4609.0,4546.7,4553.7,14556
2026-03-30 10:00:00,4553.2,4571.9,4542.0,4569.2,12896
2026-03-30 11:00:00,4569.0,4587.1,4554.5,4578.1,9848
2026-03-30 12:00:00,4578.4,4580.0,4560.1,4569.5,6762
2026-03-30 13:00:00,4569.1,4572.0,4540.9,4544.8,8393
2026-03-30 14:00:00,4545.1,4553.1,4528.0,4528.8,5198
2026-03-30 15:00:00,4528.5,4548.3,4522.7,4543.2,5325
2026-03-30 16:00:00,4543.7,4547.0,4530.2,4540.4,1970
2026-03-30 18:00:00,4538.9,4552.5,4530.5,4539.4,0
2026-03-30 19:00:00,4539.1,4550.1,4520.8,4542.1,2139
2026-03-30 20:00:00,4541.4,4577.3,4510.0,4576.6,7357
2026-03-30 21:00:00,4576.5,4649.5,4560.9,4635.5,14017
2026-03-30 22:00:00,4634.7,4637.6,4595.7,4597.8,5594
2026-03-30 23:00:00,4597.5,4607.3,4578.5,4584.9,3694
2026-03-31 00:00:00,4585.9,4597.8,4585.5,4592.9,0
2026-03-31 01:00:00,4592.7,4610.2,4575.7,4597.0,4743
2026-03-31 02:00:00,4596.7,4596.7,4581.4,4586.4,4105
2026-03-31 03:00:00,4586.9,4596.0,4571.8,4594.7,5332
2026-03-31 04:00:00,4594.5,4605.5,4590.6,4599.0,5581
2026-03-31 05:00:00,4599.3,4602.7,4580.1,4585.3,4846
2026-03-31 06:00:00,4584.7,4591.6,4558.9,4576.6,5269
2026-03-31 07:00:00,4577.5,4623.9,4571.0,4612.8,9904
2026-03-31 08:00:00,4613.3,4628.0,4599.4,4604.5,8762
2026-03-31 09:00:00,4605.4,4640.0,4597.8,4637.3,14043
2026-03-31 10:00:00,4637.2,4662.0,4625.3,4628.7,17099
2026-03-31 11:00:00,4629.5,4655.8,4629.3,4640.0,10382
2026-03-31 12:00:00,4640.1,4682.7,4637.5,4669.1,11774
2026-03-31 13:00:00,4669.2,4698.5,4667.0,4685.5,14550
2026-03-31 14:00:00,4685.0,4702.0,4684.1,4698.2,5652
2026-03-31 15:00:00,4698.2,4716.3,4691.8,4713.3,7286
2026-03-31 16:00:00,4713.4,4717.6,4695.0,4699.6,3842
2026-03-31 18:00:00,4698.4,4725.9,4690.0,4709.7,0
2026-03-31 19:00:00,4709.4,4728.8,4700.3,4723.6,2962
2026-03-31 20:00:00,4723.6,4750.5,4721.5,4738.8,7352
2026-03-31 21:00:00,4738.6,4751.9,4708.3,4718.8,6443
2026-03-31 22:00:00,4719.9,4727.5,4704.5,4711.1,4748
2026-03-31 23:00:00,4710.3,4720.2,4705.5,4707.0,3239
2026-04-01 00:00:00,4707.6,4707.7,4693.0,4702.7,0
2026-04-01 01:00:00,4702.9,4730.0,4700.8,4710.3,5342
2026-04-01 02:00:00,4710.8,4759.9,4708.9,4757.4,9443
2026-04-01 03:00:00,4757.5,4774.2,4735.6,4739.4,10019
2026-04-01 04:00:00,4739.6,4767.5,4737.0,4755.8,7421
2026-04-01 05:00:00,4755.8,4757.6,4740.0,4750.5,4366
2026-04-01 06:00:00,4750.0,4766.0,4742.4,4758.7,4270
2026-04-01 07:00:00,4758.2,4791.5,4755.2,4780.2,7281
2026-04-01 08:00:00,4780.2,4782.0,4752.0,4752.1,12456
2026-04-01 09:00:00,4752.0,4776.8,4743.3,4765.4,11126
2026-04-01 10:00:00,4765.2,4796.8,4751.3,4788.4,13958
2026-04-01 11:00:00,4788.8,4816.2,4785.2,4814.4,11457
2026-04-01 12:00:00,4814.3,4818.9,4802.1,4815.0,5512
2026-04-01 13:00:00,4815.2,4821.0,4800.4,4801.4,6303
2026-04-01 14:00:00,4801.1,4802.6,4768.2,4779.5,8859
2026-04-01 15:00:00,4780.0,4804.4,4777.6,4791.7,5102
2026-04-01 16:00:00,4791.7,4797.2,4780.0,4784.6,1583
2026-04-01 18:00:00,4783.0,4808.1,4776.6,4801.1,0
2026-04-01 19:00:00,4802.2,4825.9,4798.5,4808.9,3496
2026-04-01 20:00:00,4809.3,4823.9,4800.0,4810.4,4032
2026-04-01 21:00:00,4811.0,4813.4,4675.7,4723.8,23580
2026-04-01 22:00:00,4723.1,4732.2,4683.4,4715.1,10428
2026-04-01 23:00:00,4714.0,4726.8,4702.8,4707.1,3622
2026-04-02 00:00:00,4703.6,4708.6,4683.8,4698.9,0
2026-04-02 01:00:00,4699.3,4706.6,4612.2,4622.1,10617
2026-04-02 02:00:00,4621.8,4635.6,4580.4,4625.0,16255
2026-04-02 03:00:00,4624.5,4677.0,4623.7,4668.2,8174
2026-04-02 04:00:00,4668.1,4674.5,4641.6,4646.1,7660
2026-04-02 05:00:00,4645.5,4657.3,4638.2,4647.3,5929
2026-04-02 06:00:00,4647.5,4661.1,4629.5,4646.7,4593
2026-04-02 07:00:00,4647.1,4656.8,4618.8,4626.2,4927
2026-04-02 08:00:00,4626.6,4656.5,4620.8,4628.1,7419
2026-04-02 09:00:00,4628.3,4679.1,4605.5,4672.9,16316
2026-04-02 10:00:00,4672.7,4726.4,4657.6,4707.9,20776
2026-04-02 11:00:00,4708.4,4710.3,4678.5,4687.5,8983
2026-04-02 12:00:00,4686.9,4697.9,4668.6,4686.5,8730
2026-04-02 13:00:00,4685.7,4695.8,4672.7,4675.7,6570
2026-04-02 14:00:00,4676.5,4699.0,4674.1,4695.2,2799
2026-04-02 15:00:00,4695.8,4708.6,4687.8,4697.9,3569
2026-04-02 16:00:00,4698.6,4703.6,4690.4,4702.7,1974
2026-04-05 18:00:00,4675.0,4699.3,4634.9,4673.6,7570
2026-04-05 19:00:00,4673.8,4678.4,4631.0,4636.8,3466
2026-04-05 20:00:00,4637.2,4655.7,4626.2,4647.9,3008
2026-04-05 21:00:00,4648.9,4668.7,4645.8,4651.8,3577
2026-04-05 22:00:00,4650.6,4697.5,4649.8,4673.6,3842
2026-04-05 23:00:00,4673.1,4673.5,4650.5,4666.3,2820
2026-04-06 00:00:00,4665.3,4685.3,4665.1,4685.1,0
2026-04-06 01:00:00,4684.9,4704.4,4677.5,4678.5,2974
2026-04-06 02:00:00,4678.7,4693.3,4669.3,4691.7,2943
2026-04-06 03:00:00,4691.9,4714.3,4670.3,4710.5,3530
2026-04-06 04:00:00,4710.4,4724.7,4704.7,4722.8,3512
2026-04-06 05:00:00,4722.8,4733.1,4717.0,4719.9,3164
2026-04-06 06:00:00,4720.0,4723.9,4710.1,4715.3,2384
2026-04-06 07:00:00,4716.3,4723.2,4703.4,4704.6,2761
2026-04-06 08:00:00,4704.9,4712.9,4685.6,4701.5,3728
2026-04-06 09:00:00,4701.8,4708.2,4684.5,4705.6,6754
2026-04-06 10:00:00,4707.4,4724.0,4686.0,4708.6,8157
2026-04-06 11:00:00,4709.0,4709.7,4677.4,4693.4,6748
2026-04-06 12:00:00,4693.5,4698.0,4683.4,4685.6,3375
2026-04-06 13:00:00,4685.9,4688.6,4671.4,4680.6,4920
2026-04-06 14:00:00,4680.8,4694.0,4675.9,4685.2,3184
2026-04-06 15:00:00,4685.2,4686.6,4672.6,4682.2,2573
2026-04-06 16:00:00,4682.6,4685.6,4674.6,4676.1,920
2026-04-06 18:00:00,4678.6,4694.9,4675.6,4685.1,0
2026-04-06 19:00:00,4684.9,4688.0,4677.9,4685.9,859
2026-04-06 20:00:00,4685.9,4689.1,4675.8,4681.9,1692
2026-04-06 21:00:00,4681.4,4692.0,4641.4,4651.9,10971
2026-04-06 22:00:00,4652.3,4679.2,4645.0,4675.9,3438
2026-04-06 23:00:00,4675.9,4679.4,4664.7,4674.9,1706
2026-04-07 00:00:00,4675.2,4690.3,4670.8,4686.4,0
2026-04-07 01:00:00,4686.9,4687.5,4648.4,4668.0,5065
2026-04-07 02:00:00,4668.1,4681.9,4662.8,4680.5,3953
2026-04-07 03:00:00,4684.7,4684.7,4661.6,4671.1,3750
2026-04-07 04:00:00,4671.2,4717.6,4669.6,4709.6,8194
2026-04-07 05:00:00,4709.8,4721.2,4684.0,4696.6,8561
2026-04-07 06:00:00,4696.8,4706.6,4674.9,4677.5,8402
2026-04-07 07:00:00,4677.1,4690.0,4653.9,4684.6,7000
2026-04-07 08:00:00,4685.2,4696.3,4671.6,4676.1,6139
2026-04-07 09:00:00,4676.2,4688.8,4660.0,4668.6,8082
2026-04-07 10:00:00,4668.5,4687.4,4631.9,4658.1,16969
2026-04-07 11:00:00,4658.3,4685.0,4650.0,4681.3,9889
2026-04-07 12:00:00,4681.8,4694.6,4678.1,4682.4,6317
2026-04-07 13:00:00,4682.5,4712.8,4679.4,4701.7,7814
2026-04-07 14:00:00,4702.3,4712.7,4683.0,4688.5,5367
2026-04-07 15:00:00,4688.5,4745.7,4686.9,4727.3,10531
2026-04-07 16:00:00,4727.3,4743.7,4723.0,4733.3,3858
2026-04-07 18:00:00,4747.2,4847.1,4740.5,4845.1,0
2026-04-07 19:00:00,4844.8,4863.5,4828.3,4860.7,11790
2026-04-07 20:00:00,4860.7,4888.0,4836.9,4845.6,14347
2026-04-07 21:00:00,4846.7,4854.1,4817.2,4838.6,15364
2026-04-07 22:00:00,4838.5,4853.8,4828.2,4833.4,5693
2026-04-07 23:00:00,4833.8,4835.3,4824.4,4828.2,3330
2026-04-08 00:00:00,4826.8,4836.1,4819.8,4832.7,0
2026-04-08 01:00:00,4833.0,4872.2,4829.4,4855.5,6295
2026-04-08 02:00:00,4855.2,4866.8,4846.2,4846.6,10373
2026-04-08 03:00:00,4846.8,4847.3,4831.0,4839.7,5643
2026-04-08 04:00:00,4839.9,4846.0,4817.5,4821.8,6574
2026-04-08 05:00:00,4821.9,4834.0,4802.9,4810.2,7407
2026-04-08 06:00:00,4810.3,4823.1,4798.2,4809.7,5244
2026-04-08 07:00:00,4809.3,4830.4,4806.4,4826.4,7574
2026-04-08 08:00:00,4826.3,4834.8,4793.7,4827.1,11105
2026-04-08 09:00:00,4826.6,4833.6,4792.8,4804.1,14078
2026-04-08 10:00:00,4803.7,4818.8,4757.6,4762.2,20500
2026-04-08 11:00:00,4761.6,4788.8,4759.9,4782.0,10212
2026-04-08 12:00:00,4782.2,4791.1,4770.9,4785.9,6265
2026-04-08 13:00:00,4785.7,4789.9,4755.5,4759.5,10144
2026-04-08 14:00:00,4759.1,4769.8,4728.1,4730.1,11362
2026-04-08 15:00:00,4729.3,4756.6,4720.6,4755.3,6064
2026-04-08 16:00:00,4755.2,4757.3,4742.1,4745.0,1801
2026-04-08 18:00:00,4744.8,4757.7,4728.5,4741.5,0
2026-04-08 19:00:00,4741.2,4743.4,4728.5,4738.8,2259
2026-04-08 20:00:00,4739.4,4742.4,4718.6,4730.4,3881
2026-04-08 21:00:00,4730.2,4752.2,4722.4,4751.2,5911
2026-04-08 22:00:00,4751.5,4756.6,4741.0,4742.1,3799
2026-04-08 23:00:00,4742.2,4743.4,4728.0,4735.0,3062
2026-04-09 00:00:00,4734.6,4748.4,4733.0,4744.2,0
2026-04-09 01:00:00,4743.9,4749.6,4729.1,4736.4,3592
2026-04-09 02:00:00,4736.7,4749.2,4727.2,4736.3,4878
2026-04-09 03:00:00,4736.5,4755.2,4729.5,4748.4,8895
2026-04-09 04:00:00,4748.3,4758.6,4744.1,4750.5,4214
2026-04-09 05:00:00,4750.1,4758.5,4747.7,4753.9,3833
2026-04-09 06:00:00,4753.9,4771.4,4748.1,4765.7,3965
2026-04-09 07:00:00,4765.8,4782.7,4762.9,4781.3,4044
2026-04-09 08:00:00,4781.7,4785.0,4759.6,4770.9,6789
2026-04-09 09:00:00,4771.3,4802.8,4763.9,4789.6,11381
2026-04-09 10:00:00,4790.0,4801.8,4772.5,4794.0,10881
2026-04-09 11:00:00,4794.0,4823.9,4786.2,4817.4,16462
2026-04-09 12:00:00,4817.7,4825.5,4808.8,4813.0,6507
2026-04-09 13:00:00,4813.5,4826.0,4810.9,4822.3,8397
2026-04-09 14:00:00,4822.6,4822.7,4792.2,4796.6,6445
2026-04-09 15:00:00,4796.6,4806.9,4790.7,4793.0,3483
2026-04-09 16:00:00,4793.0,4797.4,4784.6,4790.5,1549
2026-04-09 18:00:00,4790.5,4810.0,4782.2,4787.6,0
2026-04-09 19:00:00,4787.4,4787.4,4779.8,4787.0,1829
2026-04-09 20:00:00,4786.6,4786.6,4773.8,4786.4,3505
2026-04-09 21:00:00,4786.2,4800.4,4781.3,4787.3,5109
2026-04-09 22:00:00,4787.5,4788.2,4760.4,4775.5,6207
2026-04-09 23:00:00,4775.6,4793.3,4775.2,4789.1,3908
2026-04-10 00:00:00,4790.4,4794.6,4781.8,4781.8,0
2026-04-10 01:00:00,4782.5,4793.0,4781.3,4789.9,2041
2026-04-10 02:00:00,4790.0,4790.2,4766.3,4769.7,4933
2026-04-10 03:00:00,4769.6,4781.2,4764.6,4773.0,2815
2026-04-10 04:00:00,4773.3,4776.5,4752.7,4763.1,6126
2026-04-10 05:00:00,4763.6,4783.3,4763.1,4774.6,4786
2026-04-10 06:00:00,4774.7,4784.0,4765.3,4780.7,3004
2026-04-10 07:00:00,4780.7,4792.9,4777.1,4792.0,2403
2026-04-10 08:00:00,4792.1,4806.9,4783.9,4795.5,9756
2026-04-10 09:00:00,4795.4,4804.4,4788.9,4799.3,9565
2026-04-10 10:00:00,4799.1,4820.0,4791.7,4799.3,12260
2026-04-10 11:00:00,4799.4,4811.9,4779.3,4785.8,9232
2026-04-10 12:00:00,4785.9,4790.7,4768.4,4788.1,8217
2026-04-10 13:00:00,4788.4,4793.3,4782.1,4784.5,6905
2026-04-10 14:00:00,4784.7,4797.7,4775.1,4789.5,4567
2026-04-10 15:00:00,4789.5,4794.6,4782.0,4783.6,2701
2026-04-10 16:00:00,4783.5,4783.5,4764.0,4771.0,3254
2026-04-12 18:00:00,4688.7,4707.4,4665.2,4680.6,6936
2026-04-12 19:00:00,4680.5,4694.2,4664.6,4693.6,3815
2026-04-12 20:00:00,4693.7,4721.0,4686.9,4718.0,3775
2026-04-12 21:00:00,4717.5,4749.5,4716.0,4743.1,7086
2026-04-12 22:00:00,4743.7,4749.5,4732.5,4742.0,2759
2026-04-12 23:00:00,4742.5,4745.8,4733.7,4741.6,1479
2026-04-13 00:00:00,4740.0,4747.0,4729.2,4744.7,0
2026-04-13 01:00:00,4744.9,4752.6,4737.9,4751.1,2387
2026-04-13 02:00:00,4751.5,4754.7,4742.7,4747.9,3468
2026-04-13 03:00:00,4748.0,4762.5,4747.4,4756.4,3696
2026-04-13 04:00:00,4756.7,4761.2,4743.3,4746.3,3351
2026-04-13 05:00:00,4746.3,4751.5,4733.2,4737.4,4062
2026-04-13 06:00:00,4737.4,4746.2,4730.5,4744.2,2368
2026-04-13 07:00:00,4744.8,4751.4,4725.2,4729.1,3912
2026-04-13 08:00:00,4728.6,4747.8,4725.6,4745.9,6057
2026-04-13 09:00:00,4745.8,4768.0,4743.0,4753.3,13761
2026-04-13 10:00:00,4753.2,4754.3,4731.9,4742.2,8407
2026-04-13 11:00:00,4742.6,4743.1,4722.5,4736.9,5623
2026-04-13 12:00:00,4737.2,4770.6,4731.5,4756.4,14166
2026-04-13 13:00:00,4756.7,4774.4,4748.4,4753.3,12009
2026-04-13 14:00:00,4753.5,4764.2,4746.1,4762.0,2668
2026-04-13 15:00:00,4762.0,4770.7,4753.8,4765.5,3145
2026-04-13 16:00:00,4765.3,4768.4,4762.2,4766.6,1091
2026-04-13 18:00:00,4769.3,4783.3,4767.6,4782.0,0
2026-04-13 19:00:00,4782.0,4789.7,4778.2,4781.3,2053
2026-04-13 20:00:00,4781.7,4799.4,4775.5,4792.7,3390
2026-04-13 21:00:00,4792.7,4802.8,4784.1,4787.2,3839
2026-04-13 22:00:00,4787.1,4800.4,4784.3,4797.6,2277
2026-04-13 23:00:00,4797.7,4797.8,4787.9,4792.3,1150
2026-04-14 00:00:00,4790.0,4799.2,4789.2,4796.3,0
2026-04-14 01:00:00,4796.1,4796.3,4780.0,4782.3,2584
2026-04-14 02:00:00,4782.6,4806.3,4782.4,4805.4,3622
2026-04-14 03:00:00,4805.4,4820.4,4790.9,4800.2,8922
2026-04-14 04:00:00,4799.6,4813.7,4797.2,4810.0,3480
2026-04-14 05:00:00,4810.5,4813.0,4794.8,4801.6,5260
2026-04-14 06:00:00,4801.7,4811.1,4773.3,4791.1,6404
2026-04-14 07:00:00,4790.6,4805.8,4789.4,4797.1,4787
2026-04-14 08:00:00,4797.1,4800.2,4784.2,4793.3,6565
2026-04-14 09:00:00,4793.0,4828.9,4792.9,4818.8,13726
2026-04-14 10:00:00,4818.4,4842.0,4816.7,4827.3,15730
2026-04-14 11:00:00,4827.3,4839.8,4814.4,4831.9,8092
2026-04-14 12:00:00,4832.1,4844.0,4829.0,4833.5,6345
2026-04-14 13:00:00,4833.4,4867.7,4832.9,4859.5,15236
2026-04-14 14:00:00,4859.6,4867.8,4855.2,4860.1,4222
2026-04-14 15:00:00,4860.3,4870.0,4860.3,4868.7,3359
2026-04-14 16:00:00,4869.2,4870.3,4863.0,4864.5,1559
2026-04-14 18:00:00,4862.7,4874.6,4857.2,4859.5,0
2026-04-14 19:00:00,4859.1,4869.0,4857.5,4861.7,2473
2026-04-14 20:00:00,4861.5,4864.1,4851.6,4859.7,2620
2026-04-14 21:00:00,4860.1,4895.4,4852.5,4871.0,8495
2026-04-14 22:00:00,4870.3,4877.2,4844.5,4847.7,4517
2026-04-14 23:00:00,4848.2,4853.6,4841.0,4849.6,2928
2026-04-15 00:00:00,4848.0,4851.6,4844.5,4848.9,0
2026-04-15 01:00:00,4849.1,4854.3,4835.9,4843.3,3173
2026-04-15 02:00:00,4843.4,4848.5,4834.2,4834.9,3181
2026-04-15 03:00:00,4835.2,4840.0,4827.4,4834.1,5425
2026-04-15 04:00:00,4833.8,4845.4,4827.1,4841.6,4178
2026-04-15 05:00:00,4841.4,4842.4,4808.4,4821.2,7859
2026-04-15 06:00:00,4820.6,4829.2,4812.7,4822.8,3680
2026-04-15 07:00:00,4822.8,4837.8,4818.4,4835.7,3358
2026-04-15 08:00:00,4835.0,4838.7,4829.3,4833.9,4057
2026-04-15 09:00:00,4834.4,4853.5,4831.1,4851.9,7410
2026-04-15 10:00:00,4851.7,4854.6,4836.2,4838.4,7008
2026-04-15 11:00:00,4839.0,4839.0,4807.9,4823.5,10578
2026-04-15 12:00:00,4824.0,4835.0,4822.0,4825.9,6127
2026-04-15 13:00:00,4826.2,4830.8,4812.9,4814.8,5612
2026-04-15 14:00:00,4814.8,4825.3,4812.2,4822.2,3533
2026-04-15 15:00:00,4822.2,4826.1,4817.1,4818.3,1686
2026-04-15 16:00:00,4818.7,4819.4,4810.5,4813.9,1178
2026-04-15 18:00:00,4813.6,4833.8,4812.4,4829.2,0
2026-04-15 19:00:00,4829.2,4848.6,4829.2,4845.4,2689
2026-04-15 20:00:00,4845.4,4859.7,4841.1,4854.7,6260
2026-04-15 21:00:00,4854.7,4858.6,4832.9,4839.9,3063
2026-04-15 22:00:00,4840.7,4847.2,4834.6,4842.1,1734
2026-04-15 23:00:00,4841.8,4849.6,4841.5,4847.7,1357
2026-04-16 00:00:00,4846.3,4856.1,4845.2,4855.7,0
2026-04-16 01:00:00,4855.5,4861.3,4843.7,4844.1,4390
2026-04-16 02:00:00,4843.6,4852.1,4836.0,4848.3,8371
2026-04-16 03:00:00,4848.0,4852.8,4838.3,4843.0,6619
2026-04-16 04:00:00,4842.8,4843.2,4827.8,4834.7,4341
2026-04-16 05:00:00,4834.9,4839.5,4827.7,4834.2,3324
2026-04-16 06:00:00,4834.1,4838.7,4825.6,4838.7,2183
2026-04-16 07:00:00,4838.7,4844.3,4836.8,4843.9,2185
2026-04-16 08:00:00,4844.1,4845.0,4833.0,4837.8,4452
2026-04-16 09:00:00,4838.3,4846.2,4805.3,4815.9,12136
2026-04-16 10:00:00,4815.8,4828.4,4792.1,4810.3,14057
2026-04-16 11:00:00,4810.4,4834.7,4809.9,4828.2,7900
2026-04-16 12:00:00,4828.6,4831.4,4806.0,4812.7,5836
2026-04-16 13:00:00,4812.6,4816.6,4802.0,4810.1,5596
2026-04-16 14:00:00,4810.0,4815.5,4806.5,4809.7,2187
2026-04-16 15:00:00,4810.9,4819.7,4810.3,4814.5,2245
2026-04-16 16:00:00,4814.8,4815.1,4806.0,4810.9,1172
2026-04-16 18:00:00,4811.8,4818.8,4811.4,4816.0,0
2026-04-16 19:00:00,4815.6,4818.7,4812.4,4812.5,661
2026-04-16 20:00:00,4812.0,4822.2,4806.7,4816.3,1571
2026-04-16 21:00:00,4815.6,4816.5,4785.9,4810.2,5852
2026-04-16 22:00:00,4809.8,4815.0,4804.3,4804.6,1861
2026-04-16 23:00:00,4804.8,4819.1,4804.8,4814.1,1690
2026-04-17 00:00:00,4813.9,4825.6,4813.1,4824.2,0
2026-04-17 01:00:00,4823.7,4827.2,4815.1,4815.9,2754
2026-04-17 02:00:00,4815.9,4816.5,4800.0,4805.5,3515
2026-04-17 03:00:00,4806.0,4815.3,4800.2,4805.5,4069
2026-04-17 04:00:00,4806.1,4818.8,4802.6,4817.8,3350
2026-04-17 05:00:00,4817.8,4822.7,4812.0,4812.2,3446
2026-04-17 06:00:00,4812.6,4816.0,4803.1,4809.0,2512
2026-04-17 07:00:00,4809.2,4834.0,4805.5,4822.0,4953
2026-04-17 08:00:00,4821.7,4870.8,4819.8,4869.0,16391
2026-04-17 09:00:00,4869.0,4917.7,4856.9,4903.1,30171
2026-04-17 10:00:00,4903.3,4908.9,4883.4,4895.7,13244
2026-04-17 11:00:00,4896.2,4903.5,4877.3,4889.7,10994
2026-04-17 12:00:00,4889.5,4896.0,4886.0,4889.0,3510
2026-04-17 13:00:00,4889.0,4891.6,4875.0,4884.6,5717
2026-04-17 14:00:00,4884.7,4890.1,4877.0,4879.6,2583
2026-04-17 15:00:00,4879.9,4882.6,4873.6,4875.5,3124
2026-04-17 16:00:00,4875.6,4876.3,4848.0,4849.4,5343
2026-04-19 18:00:00,4813.4,4815.0,4797.6,4799.4,4068
2026-04-19 19:00:00,4798.9,4799.4,4752.0,4775.0,7507
2026-04-19 20:00:00,4774.4,4793.8,4764.2,4792.0,5566
2026-04-19 21:00:00,4792.0,4834.5,4790.3,4827.8,8257
2026-04-19 22:00:00,4827.4,4828.8,4813.1,4813.3,3314
2026-04-20 05:00:00,4879.6,4879.6,4804.6,4811.4,1759
2026-04-20 06:00:00,4811.7,4879.6,4809.6,4815.7,2236
2026-04-20 07:00:00,4815.7,4879.6,4806.3,4830.9,5065
2026-04-20 08:00:00,4830.8,4842.9,4818.8,4823.3,9971
2026-04-20 09:00:00,4823.6,4847.3,4819.7,4838.8,8710
2026-04-20 10:00:00,4838.8,4847.9,4811.9,4824.9,12687
2026-04-20 11:00:00,4825.7,4829.8,4812.6,4819.9,7638
2026-04-20 12:00:00,4819.8,4826.6,4812.5,4825.6,4422
2026-04-20 13:00:00,4825.9,4832.4,4824.0,4827.1,4628
2026-04-20 14:00:00,4827.6,4837.0,4827.6,4834.8,2573
2026-04-20 15:00:00,4834.7,4842.1,4829.7,4834.8,2916
2026-04-20 16:00:00,4835.0,4842.7,4832.8,4841.0,1634
2026-04-20 18:00:00,4842.4,4854.8,4841.1,4848.5,0
2026-04-20 19:00:00,4848.7,4852.5,4840.5,4842.4,1559
2026-04-20 20:00:00,4843.0,4851.2,4836.4,4843.6,2616
2026-04-20 21:00:00,4843.8,4844.3,4825.3,4829.8,2917
2026-04-20 22:00:00,4830.1,4830.2,4821.5,4826.0,2293
2026-04-20 23:00:00,4826.2,4826.9,4811.2,4816.3,4134
2026-04-21 00:00:00,4816.1,4816.6,4807.0,4807.7,0
2026-04-21 01:00:00,4807.8,4815.7,4801.7,4802.9,5806
2026-04-21 02:00:00,4802.6,4828.8,4793.0,4796.8,9271
2026-04-21 03:00:00,4796.3,4811.5,4790.8,4804.9,4053
2026-04-21 04:00:00,4804.5,4812.2,4793.3,4805.0,3860
2026-04-21 05:00:00,4804.9,4808.3,4800.0,4802.4,4138
2026-04-21 06:00:00,4802.8,4809.7,4799.6,4809.0,2112
2026-04-21 07:00:00,4809.2,4818.0,4794.3,4814.2,4665
2026-04-21 08:00:00,4814.4,4816.7,4781.6,4797.6,9622
2026-04-21 09:00:00,4797.6,4813.8,4777.3,4798.2,13242
2026-04-21 10:00:00,4798.2,4801.9,4740.9,4757.4,25118
2026-04-21 11:00:00,4757.8,4776.6,4745.9,4759.8,15322
2026-04-21 12:00:00,4760.3,4765.9,4726.4,4729.5,13024
2026-04-21 13:00:00,4729.3,4742.0,4715.0,4731.0,16106
2026-04-21 14:00:00,4730.9,4734.2,4712.0,4728.1,7133
2026-04-21 15:00:00,4728.7,4734.1,4685.8,4698.3,11229
2026-04-21 16:00:00,4698.5,4739.6,4688.4,4738.5,6817
2026-04-21 18:00:00,4738.7,4748.1,4733.1,4737.6,0
2026-04-21 19:00:00,4737.1,4758.4,4736.0,4755.8,3191
2026-04-21 20:00:00,4756.3,4766.0,4756.1,4757.7,3128
2026-04-21 21:00:00,4757.4,4772.5,4753.5,4769.8,5273
2026-04-21 22:00:00,4770.3,4776.2,4767.5,4773.5,2943
2026-04-21 23:00:00,4773.1,4782.7,4770.4,4777.0,2997
2026-04-22 00:00:00,4776.1,4777.4,4770.1,4772.4,0
2026-04-22 01:00:00,4772.4,4789.9,4769.9,4786.4,5726
2026-04-22 02:00:00,4786.0,4786.5,4777.5,4786.0,3500
2026-04-22 03:00:00,4785.9,4790.8,4778.4,4779.5,3673
2026-04-22 04:00:00,4779.6,4781.4,4770.5,4775.7,3494
2026-04-22 05:00:00,4775.5,4781.1,4771.0,4773.4,3333
2026-04-22 06:00:00,4773.6,4779.2,4764.3,4778.1,3222
2026-04-22 07:00:00,4777.9,4779.6,4766.3,4768.9,3844
2026-04-22 08:00:00,4769.2,4779.0,4761.1,4762.6,6246
2026-04-22 09:00:00,4762.9,4779.4,4754.6,4771.7,9514
2026-04-22 10:00:00,4771.5,4776.3,4746.9,4754.3,9685
2026-04-22 11:00:00,4754.2,4758.4,4743.2,4746.2,5602
2026-04-22 12:00:00,4746.1,4754.1,4742.1,4747.5,3921
2026-04-22 13:00:00,4747.4,4758.4,4747.2,4756.4,4066
2026-04-22 14:00:00,4756.1,4770.2,4748.4,4760.7,4582
2026-04-22 15:00:00,4761.0,4764.4,4755.8,4759.0,2597
2026-04-22 16:00:00,4759.4,4759.9,4753.1,4758.3,1469
2026-04-22 18:00:00,4759.2,4763.6,4742.8,4743.2,0
2026-04-22 19:00:00,4743.5,4746.8,4740.6,4745.0,1522
2026-04-22 20:00:00,4745.0,4771.3,4710.4,4765.5,10234
2026-04-22 21:00:00,4765.3,4767.5,4738.4,4739.4,5136
2026-04-22 22:00:00,4738.9,4740.9,4714.0,4714.4,7317
2026-04-22 23:00:00,4715.0,4724.8,4713.9,4720.0,3744
2026-04-23 00:00:00,4719.0,4722.7,4714.3,4720.1,0
2026-04-23 01:00:00,4719.6,4731.1,4705.7,4729.0,4441
2026-04-23 02:00:00,4729.6,4739.0,4724.9,4730.1,6633
2026-04-23 03:00:00,4729.9,4737.4,4719.4,4736.1,7533
2026-04-23 04:00:00,4735.6,4742.1,4717.8,4719.6,3698
2026-04-23 05:00:00,4719.4,4720.0,4710.7,4713.5,5481
2026-04-23 06:00:00,4713.5,4717.9,4700.0,4712.6,5975
2026-04-23 07:00:00,4712.8,4737.8,4711.3,4737.4,5336
2026-04-23 08:00:00,4737.1,4761.7,4736.3,4757.7,13049
2026-04-23 09:00:00,4758.1,4759.1,4740.8,4742.0,8964
2026-04-23 10:00:00,4741.5,4754.0,4733.9,4750.6,8547
2026-04-23 11:00:00,4750.9,4758.2,4733.3,4737.3,6561
2026-04-23 12:00:00,4737.6,4754.1,4732.5,4749.8,4678
2026-04-23 13:00:00,4750.1,4751.7,4680.1,4725.6,24253
2026-04-23 14:00:00,4726.1,4738.7,4714.9,4717.2,5972
2026-04-23 15:00:00,4717.1,4720.6,4705.5,4712.8,4501
2026-04-23 16:00:00,4712.5,4714.8,4702.7,4708.6,1786
2026-04-23 18:00:00,4715.6,4719.8,4705.3,4708.5,0
2026-04-23 19:00:00,4708.7,4716.1,4702.0,4710.8,1374
2026-04-23 20:00:00,4711.7,4723.1,4706.3,4719.8,2269
2026-04-23 21:00:00,4719.8,4726.7,4705.7,4715.1,3093
2026-04-23 22:00:00,4715.2,4716.4,4687.3,4692.4,3891
2026-04-23 23:00:00,4692.0,4693.5,4683.5,4687.5,2939
2026-04-24 00:00:00,4686.9,4691.5,4672.2,4689.3,0
2026-04-24 01:00:00,4689.6,4702.3,4684.4,4701.5,2955
2026-04-24 02:00:00,4701.7,4703.1,4681.6,4687.1,4071
2026-04-24 03:00:00,4687.1,4710.7,4686.2,4709.4,3406
2026-04-24 04:00:00,4710.1,4712.7,4700.1,4705.5,2738
2026-04-24 05:00:00,4706.1,4711.9,4694.9,4697.7,5609
2026-04-24 06:00:00,4697.4,4701.5,4689.6,4693.0,2660
2026-04-24 07:00:00,4693.1,4733.9,4693.0,4723.2,9734
2026-04-24 08:00:00,4723.2,4727.9,4706.3,4716.9,6628
2026-04-24 09:00:00,4717.2,4734.2,4705.4,4727.9,8244
2026-04-24 10:00:00,4728.0,4757.1,4723.2,4743.2,13412
2026-04-24 11:00:00,4743.4,4750.4,4730.8,4743.9,6640
2026-04-24 12:00:00,4743.6,4746.5,4735.6,4743.7,3072
2026-04-24 13:00:00,4744.4,4747.0,4735.7,4740.1,5213
2026-04-24 14:00:00,4740.4,4741.5,4733.0,4738.7,1856
2026-04-24 15:00:00,4739.4,4742.4,4729.5,4732.1,2597
2026-04-24 16:00:00,4731.9,4740.9,4721.1,4740.9,2765
2026-04-26 18:00:00,4696.1,4704.0,4694.0,4699.6,1529
2026-04-26 19:00:00,4699.1,4700.0,4689.1,4694.8,1737
2026-04-26 20:00:00,4695.3,4713.1,4686.6,4712.6,2781
2026-04-26 21:00:00,4712.4,4724.8,4705.5,4717.1,4501
2026-04-26 22:00:00,4717.7,4738.3,4710.6,4732.9,3720
2026-04-26 23:00:00,4733.2,4744.8,4729.6,4739.8,2739
2026-04-27 00:00:00,4739.8,4745.8,4738.3,4740.5,0
2026-04-27 01:00:00,4741.2,4741.2,4724.0,4725.7,2966
2026-04-27 02:00:00,4725.4,4730.9,4724.3,4727.6,2210
2026-04-27 03:00:00,4727.4,4733.5,4725.0,4727.9,1957
2026-04-27 04:00:00,4728.4,4730.0,4720.2,4722.0,2299
2026-04-27 05:00:00,4722.3,4723.6,4714.7,4719.1,3418
2026-04-27 06:00:00,4719.2,4726.4,4714.7,4724.3,2067
2026-04-27 07:00:00,4724.2,4724.5,4713.5,4719.7,2269
2026-04-27 08:00:00,4720.1,4728.0,4712.0,4714.1,5212
2026-04-27 09:00:00,4714.8,4718.9,4703.3,4711.6,6827
2026-04-27 10:00:00,4711.2,4712.2,4691.3,4693.2,9115
2026-04-27 11:00:00,4693.4,4697.1,4681.2,4684.8,8890
2026-04-27 12:00:00,4684.6,4694.3,4681.5,4691.1,3540
2026-04-27 13:00:00,4691.4,4700.9,4682.5,4697.2,6866
2026-04-27 14:00:00,4696.7,4700.2,4693.6,4695.7,2077
2026-04-27 15:00:00,4695.5,4697.9,4691.7,4696.2,2530
2026-04-27 16:00:00,4695.9,4697.8,4691.8,4697.7,854
2026-04-27 18:00:00,4697.5,4706.3,4697.0,4702.7,0
2026-04-27 19:00:00,4703.3,4710.3,4702.1,4707.1,1091
2026-04-27 20:00:00,4707.1,4716.5,4705.2,4705.6,1782
2026-04-27 21:00:00,4705.2,4705.8,4681.4,4684.7,3590
2026-04-27 22:00:00,4684.6,4694.0,4679.9,4683.0,3665
2026-04-27 23:00:00,4682.9,4690.1,4682.3,4685.6,1971
2026-04-28 00:00:00,4684.6,4685.1,4679.7,4681.3,0
2026-04-28 01:00:00,4681.4,4681.5,4638.0,4646.6,9724
2026-04-28 02:00:00,4645.9,4656.9,4636.5,4642.7,7469
2026-04-28 03:00:00,4642.6,4653.3,4634.4,4646.6,5794
2026-04-28 04:00:00,4647.0,4649.4,4628.3,4643.6,6167
2026-04-28 05:00:00,4643.4,4644.0,4617.7,4618.6,7096
2026-04-28 06:00:00,4618.4,4630.5,4616.7,4616.7,4285
2026-04-28 07:00:00,4616.6,4622.4,4568.0,4575.2,14625
2026-04-28 08:00:00,4575.6,4613.8,4567.6,4607.4,14740
2026-04-28 09:00:00,4607.0,4608.2,4583.7,4593.4,12342
2026-04-28 10:00:00,4593.0,4594.0,4570.0,4588.3,14033
2026-04-28 11:00:00,4587.9,4600.2,4580.5,4600.1,8230
2026-04-28 12:00:00,4600.0,4608.8,4591.4,4606.2,5516
2026-04-28 13:00:00,4606.3,4615.9,4601.0,4609.0,6812
2026-04-28 14:00:00,4609.4,4614.8,4606.0,4608.4,2205
2026-04-28 15:00:00,4608.5,4614.1,4607.3,4609.6,2131
2026-04-28 16:00:00,4609.4,4612.9,4605.7,4609.6,1417
2026-04-28 18:00:00,4611.4,4614.0,4606.3,4607.8,0
2026-04-28 19:00:00,4608.3,4610.5,4602.0,4609.7,1027
2026-04-28 20:00:00,4609.5,4624.3,4608.8,4613.7,3091
2026-04-28 21:00:00,4613.5,4613.5,4589.1,4598.1,4744
2026-04-28 22:00:00,4598.5,4617.7,4598.5,4606.9,3045
2026-04-28 23:00:00,4606.9,4616.7,4605.7,4609.6,1604
2026-04-29 00:00:00,4609.1,4619.3,4609.1,4618.1,0
2026-04-29 01:00:00,4618.6,4621.3,4604.4,4604.7,1749
2026-04-29 02:00:00,4604.5,4612.3,4594.8,4598.1,4100
2026-04-29 03:00:00,4598.1,4603.2,4580.5,4581.4,6122
2026-04-29 04:00:00,4581.6,4590.0,4570.5,4586.1,5113
2026-04-29 05:00:00,4586.5,4594.3,4564.5,4568.3,6326
2026-04-29 06:00:00,4568.1,4589.5,4567.6,4582.7,3984
2026-04-29 07:00:00,4583.0,4585.6,4571.9,4574.7,3065
2026-04-29 08:00:00,4574.2,4582.1,4552.9,4557.4,6668
2026-04-29 09:00:00,4558.4,4566.0,4522.2,4534.7,15641
2026-04-29 10:00:00,4534.7,4556.4,4530.3,4551.9,11348
2026-04-29 11:00:00,4551.9,4572.0,4548.6,4560.2,10911
2026-04-29 12:00:00,4560.6,4578.3,4557.2,4559.0,7752
2026-04-29 13:00:00,4559.4,4568.5,4555.9,4561.8,6662
2026-04-29 14:00:00,4561.2,4567.0,4532.0,4552.7,9761
2026-04-29 15:00:00,4553.1,4565.0,4547.4,4560.8,4800
2026-04-29 16:00:00,4561.2,4567.3,4555.0,4557.3,2390
2026-04-29 18:00:00,4557.0,4564.9,4550.8,4563.6,0
2026-04-29 19:00:00,4564.5,4574.2,4561.6,4573.8,873
2026-04-29 20:00:00,4573.6,4586.3,4568.2,4582.0,3347
2026-04-29 21:00:00,4581.7,4594.1,4576.4,4590.8,3470
2026-04-29 22:00:00,4591.1,4593.8,4571.1,4576.4,3552
2026-04-29 23:00:00,4576.4,4581.0,4566.9,4567.9,2251
2026-04-30 00:00:00,4567.4,4568.0,4552.2,4553.2,0
2026-04-30 01:00:00,4553.7,4581.0,4553.0,4573.7,2747
2026-04-30 02:00:00,4573.7,4603.7,4570.9,4601.6,6632
2026-04-30 03:00:00,4601.8,4617.3,4596.5,4610.6,6529
2026-04-30 04:00:00,4610.5,4641.4,4609.2,4628.4,7863
2026-04-30 05:00:00,4628.7,4644.6,4626.3,4637.2,6372
2026-04-30 06:00:00,4637.2,4658.8,4635.5,4651.7,6117
2026-04-30 07:00:00,4651.9,4658.0,4639.5,4643.0,8239
2026-04-30 08:00:00,4643.3,4652.7,4635.0,4652.4,7436
2026-04-30 09:00:00,4652.5,4658.6,4622.4,4623.1,10546
2026-04-30 10:00:00,4623.2,4638.7,4621.3,4632.5,9458
2026-04-30 11:00:00,4633.3,4637.8,4623.7,4628.1,5002
2026-04-30 12:00:00,4628.2,4631.1,4618.0,4620.4,6487
2026-04-30 13:00:00,4620.9,4635.0,4620.8,4629.8,6417
2026-04-30 14:00:00,4630.0,4638.5,4629.6,4635.4,2971
2026-04-30 15:00:00,4635.5,4640.3,4627.7,4630.0,2808
2026-04-30 16:00:00,4630.4,4636.0,4628.3,4636.0,1238
2026-04-30 18:00:00,4636.9,4652.0,4636.9,4642.7,0
2026-04-30 19:00:00,4643.2,4646.8,4638.8,4638.9,1160
2026-04-30 20:00:00,4639.0,4643.5,4630.5,4631.8,1414
2026-04-30 21:00:00,4631.6,4634.1,4625.9,4632.6,1704
2026-04-30 22:00:00,4632.6,4648.1,4628.0,4630.5,2608
2026-04-30 23:00:00,4630.1,4643.5,4628.9,4638.6,1655
2026-05-01 00:00:00,4637.8,4640.3,4620.3,4620.4,0
2026-05-01 01:00:00,4620.7,4628.2,4614.1,4616.2,1957
2026-05-01 02:00:00,4616.2,4619.4,4602.2,4606.8,3120
2026-05-01 03:00:00,4606.0,4609.7,4586.8,4589.5,4557
2026-05-01 04:00:00,4589.7,4594.0,4575.9,4580.3,3541
2026-05-01 05:00:00,4580.1,4584.0,4570.0,4573.6,3221
2026-05-01 06:00:00,4573.7,4587.4,4572.4,4577.9,2204
2026-05-01 07:00:00,4577.8,4590.6,4573.0,4590.0,2684
2026-05-01 08:00:00,4589.5,4619.3,4586.0,4602.1,7746
2026-05-01 09:00:00,4601.6,4640.9,4596.9,4637.5,8223
2026-05-01 10:00:00,4636.9,4673.0,4635.8,4643.6,15612
2026-05-01 11:00:00,4644.0,4659.2,4630.4,4654.4,8564
2026-05-01 12:00:00,4654.0,4661.3,4644.9,4650.6,4390
2026-05-01 13:00:00,4650.2,4654.5,4638.4,4641.3,5506
2026-05-01 14:00:00,4641.7,4642.8,4625.3,4636.1,3419
2026-05-01 15:00:00,4636.2,4639.6,4621.0,4623.0,2750
2026-05-01 16:00:00,4623.0,4644.5,4619.0,4644.5,1556
2026-05-03 18:00:00,4633.3,4640.9,4623.5,4630.7,1470
2026-05-03 19:00:00,4630.0,4632.4,4622.4,4625.0,1025
2026-05-03 20:00:00,4624.8,4627.9,4612.5,4623.6,2027
2026-05-03 21:00:00,4624.7,4625.4,4603.8,4624.2,2219
2026-05-03 22:00:00,4624.0,4629.9,4602.0,4616.9,2830
2026-05-03 23:00:00,4616.6,4627.9,4609.6,4627.8,2393
2026-05-04 00:00:00,4626.5,4626.5,4615.8,4616.6,0
2026-05-04 01:00:00,4616.0,4624.0,4603.3,4610.2,2980
2026-05-04 02:00:00,4610.1,4611.9,4594.5,4599.7,3014
2026-05-04 03:00:00,4599.2,4604.4,4588.6,4589.7,2486
2026-05-04 04:00:00,4589.9,4592.6,4584.5,4587.5,2895
2026-05-04 05:00:00,4587.9,4595.3,4582.0,4586.0,2029
2026-05-04 06:00:00,4586.6,4586.9,4535.0,4573.2,12623
2026-05-04 07:00:00,4573.5,4581.8,4562.4,4571.1,4966
2026-05-04 08:00:00,4571.3,4590.4,4570.4,4579.3,5534
2026-05-04 09:00:00,4579.6,4588.1,4566.3,4575.0,6823
2026-05-04 10:00:00,4574.9,4594.7,4564.4,4572.7,8032
2026-05-04 11:00:00,4572.7,4577.9,4520.6,4531.6,18313
2026-05-04 12:00:00,4531.4,4537.1,4510.1,4520.4,13140
2026-05-04 13:00:00,4521.1,4541.8,4520.9,4532.5,7255
2026-05-04 14:00:00,4532.9,4535.2,4519.7,4526.3,3044
2026-05-04 15:00:00,4525.9,4536.9,4521.0,4527.6,4753
2026-05-04 16:00:00,4527.5,4533.9,4521.3,4532.4,1757
2026-05-04 18:00:00,4534.0,4535.9,4524.8,4527.0,0
2026-05-04 19:00:00,4526.8,4531.0,4525.7,4528.1,832
2026-05-04 20:00:00,4528.6,4540.1,4522.7,4538.9,2745
2026-05-04 21:00:00,4538.9,4551.5,4534.5,4550.4,2723
2026-05-04 22:00:00,4550.5,4556.4,4544.0,4548.2,2298
2026-05-04 23:00:00,4548.1,4551.7,4541.4,4544.7,1477
2026-05-05 00:00:00,4543.5,4545.8,4537.0,4543.0,0
2026-05-05 01:00:00,4543.0,4561.2,4540.4,4555.3,2799
2026-05-05 02:00:00,4555.3,4561.5,4543.2,4557.5,3315
2026-05-05 03:00:00,4557.9,4568.1,4553.3,4555.4,3304
2026-05-05 04:00:00,4555.4,4569.4,4555.2,4568.2,3248
2026-05-05 05:00:00,4568.6,4570.5,4561.1,4566.5,3505
2026-05-05 06:00:00,4566.7,4567.2,4550.0,4554.1,2786
2026-05-05 07:00:00,4554.0,4575.5,4550.1,4572.9,3866
2026-05-05 08:00:00,4572.7,4585.4,4564.2,4574.7,6663
2026-05-05 09:00:00,4575.0,4596.2,4575.0,4589.8,9660
2026-05-05 10:00:00,4590.3,4597.5,4576.4,4593.3,11254
2026-05-05 11:00:00,4593.6,4595.1,4579.3,4579.4,4376
2026-05-05 12:00:00,4579.4,4579.9,4564.6,4572.1,6343
2026-05-05 13:00:00,4571.7,4573.6,4563.8,4570.3,5086
2026-05-05 14:00:00,4570.5,4576.5,4568.0,4571.7,2391
2026-05-05 15:00:00,4571.6,4572.0,4562.3,4566.0,2512
2026-05-05 16:00:00,4566.0,4570.8,4564.9,4567.8,962
2026-05-05 18:00:00,4569.3,4587.2,4556.1,4583.2,0
2026-05-05 19:00:00,4583.5,4606.2,4579.4,4604.5,3333
2026-05-05 20:00:00,4604.1,4631.2,4598.3,4629.8,4719
2026-05-05 21:00:00,4629.9,4639.8,4620.4,4636.4,5513
2026-05-05 22:00:00,4636.2,4651.8,4635.8,4650.6,4722
2026-05-05 23:00:00,4650.6,4662.0,4648.0,4653.5,4686
2026-05-06 00:00:00,4653.6,4664.4,4653.3,4660.0,0
2026-05-06 01:00:00,4660.0,4674.8,4655.6,4673.9,5023
2026-05-06 02:00:00,4673.9,4680.2,4667.8,4679.5,5370
2026-05-06 03:00:00,4679.8,4693.2,4668.5,4692.4,8958
2026-05-06 04:00:00,4692.7,4714.3,4682.8,4712.0,9457
2026-05-06 05:00:00,4712.0,4720.2,4699.7,4713.4,11803
2026-05-06 06:00:00,4713.3,4734.6,4707.4,4729.6,9749
2026-05-06 07:00:00,4729.4,4732.7,4702.0,4703.3,9417
2026-05-06 08:00:00,4703.3,4704.8,4671.0,4694.4,13878
2026-05-06 09:00:00,4694.1,4719.2,4679.5,4713.5,13571
2026-05-06 10:00:00,4713.4,4728.7,4708.8,4714.2,11787
2026-05-06 11:00:00,4714.2,4717.3,4699.2,4699.3,6023
2026-05-06 12:00:00,4699.0,4703.5,4690.6,4694.0,5182
2026-05-06 13:00:00,4693.9,4699.1,4689.8,4694.8,6487
2026-05-06 14:00:00,4695.1,4701.3,4692.7,4696.8,3132
2026-05-06 15:00:00,4697.1,4711.3,4697.1,4703.0,3765
2026-05-06 16:00:00,4703.5,4710.4,4695.8,4703.1,2125
2026-05-06 18:00:00,4702.2,4709.2,4698.0,4704.1,0
2026-05-06 19:00:00,4703.7,4708.9,4699.3,4708.2,1386
2026-05-06 20:00:00,4708.3,4710.4,4694.2,4697.6,2468
2026-05-06 21:00:00,4697.4,4730.5,4694.0,4723.7,6562
2026-05-06 22:00:00,4723.4,4727.3,4708.2,4716.0,2563
2026-05-06 23:00:00,4715.2,4718.6,4708.9,4709.0,1410
2026-05-07 00:00:00,4707.7,4709.5,4700.4,4705.1,0
2026-05-07 01:00:00,4705.0,4715.4,4703.1,4709.4,2309
2026-05-07 02:00:00,4709.5,4759.4,4709.5,4748.6,7868
2026-05-07 03:00:00,4747.8,4760.5,4741.0,4752.5,6031
2026-05-07 04:00:00,4753.2,4763.6,4740.9,4741.1,6660
2026-05-07 05:00:00,4741.4,4749.0,4732.0,4738.4,5442
2026-05-07 06:00:00,4738.1,4749.6,4736.0,4745.0,3028
2026-05-07 07:00:00,4745.4,4753.0,4736.4,4752.0,4139
2026-05-07 08:00:00,4752.1,4762.7,4741.7,4760.1,8404
2026-05-07 09:00:00,4760.2,4768.5,4741.0,4756.5,11580
2026-05-07 10:00:00,4756.0,4774.0,4751.1,4773.3,13270
2026-05-07 11:00:00,4773.4,4775.2,4694.3,4739.1,12905
2026-05-07 12:00:00,4739.3,4739.9,4712.6,4724.8,11706
2026-05-07 13:00:00,4725.0,4729.5,4696.6,4721.1,25024
2026-05-07 14:00:00,4721.0,4725.5,4704.6,4719.1,6563
2026-05-07 15:00:00,4719.6,4722.5,4707.0,4712.9,4212
2026-05-07 16:00:00,4713.0,4729.1,4693.3,4696.0,4068
2026-05-07 18:00:00,4682.5,4708.5,4671.0,4694.9,0
2026-05-07 19:00:00,4694.4,4714.4,4693.9,4713.2,1629
2026-05-07 20:00:00,4713.4,4718.5,4702.7,4710.0,2412
2026-05-07 21:00:00,4710.1,4734.3,4709.1,4731.2,4467
2026-05-07 22:00:00,4731.1,4741.4,4715.4,4721.7,3497
2026-05-07 23:00:00,4721.6,4739.8,4719.3,4729.0,2252
2026-05-08 00:00:00,4728.6,4731.9,4716.6,4719.4,0
2026-05-08 01:00:00,4719.6,4740.0,4718.3,4736.0,2147
2026-05-08 02:00:00,4736.5,4743.5,4721.1,4734.3,3944
2026-05-08 03:00:00,4734.0,4734.9,4706.2,4717.4,6270
2026-05-08 04:00:00,4717.2,4732.9,4715.9,4724.8,2612
2026-05-08 05:00:00,4725.4,4732.5,4716.9,4721.6,3270
2026-05-08 06:00:00,4721.4,4737.8,4720.7,4729.4,2592
2026-05-08 07:00:00,4730.1,4737.0,4723.2,4727.5,3506
2026-05-08 08:00:00,4727.5,4741.6,4709.6,4734.1,10610
2026-05-08 09:00:00,4733.4,4758.6,4725.7,4757.8,13327
2026-05-08 10:00:00,4757.8,4760.4,4723.1,4725.7,13223
2026-05-08 11:00:00,4725.8,4730.8,4711.5,4716.6,10420
2026-05-08 12:00:00,4716.4,4729.9,4715.0,4721.9,4564
2026-05-08 13:00:00,4721.9,4732.1,4721.7,4730.4,10898
2026-05-08 14:00:00,4730.4,4738.6,4729.3,4731.9,3024
2026-05-08 15:00:00,4731.5,4736.4,4730.6,4733.4,1986
2026-05-08 16:00:00,4733.8,4733.9,4723.3,4730.7,2075
2026-05-10 18:00:00,4696.8,4704.5,4690.0,4700.1,2147
2026-05-10 19:00:00,4700.0,4707.5,4697.3,4700.3,1740
2026-05-10 20:00:00,4699.9,4702.1,4678.4,4692.5,5051
2026-05-10 21:00:00,4692.0,4714.1,4683.5,4694.2,6290
2026-05-10 22:00:00,4694.7,4709.0,4684.7,4690.0,5125
2026-05-10 23:00:00,4689.6,4698.3,4683.1,4687.0,2809
2026-05-11 00:00:00,4686.4,4687.7,4675.9,4679.8,0
2026-05-11 01:00:00,4679.8,4688.8,4655.1,4659.6,6147
2026-05-11 02:00:00,4659.5,4688.7,4656.6,4686.7,5518
2026-05-11 03:00:00,4686.9,4688.6,4672.8,4676.4,3301
2026-05-11 04:00:00,4676.3,4687.5,4672.8,4675.9,3633
2026-05-11 05:00:00,4675.6,4678.4,4658.7,4665.3,6450
2026-05-11 06:00:00,4665.0,4675.9,4664.5,4672.2,2995
2026-05-11 07:00:00,4672.6,4686.0,4672.6,4683.3,3770
2026-05-11 08:00:00,4682.9,4710.2,4675.9,4708.7,11000
2026-05-11 09:00:00,4708.9,4758.4,4707.3,4745.7,21316
2026-05-11 10:00:00,4745.7,4748.5,4724.6,4735.4,13139
2026-05-11 11:00:00,4735.3,4748.1,4732.2,4741.8,5462
2026-05-11 12:00:00,4742.0,4743.2,4716.8,4726.1,7320
2026-05-11 13:00:00,4726.0,4734.2,4725.4,4733.0,9394
2026-05-11 14:00:00,4733.1,4738.8,4730.1,4733.8,2600
2026-05-11 15:00:00,4734.2,4746.5,4731.8,4743.5,4586
2026-05-11 16:00:00,4743.7,4748.5,4739.5,4745.6,1702
2026-05-11 18:00:00,4745.3,4766.8,4745.2,4760.7,0
2026-05-11 19:00:00,4760.5,4780.3,4755.2,4777.2,5329
2026-05-11 20:00:00,4776.7,4783.4,4757.8,4759.3,4961
2026-05-11 21:00:00,4758.9,4765.6,4729.8,4736.6,5516
2026-05-11 22:00:00,4736.3,4743.4,4731.1,4739.8,2971
2026-05-11 23:00:00,4739.5,4742.4,4726.8,4729.0,2596
2026-05-12 00:00:00,4729.1,4739.6,4720.1,4723.1,0
2026-05-12 01:00:00,4722.5,4731.0,4717.5,4723.2,3936
2026-05-12 02:00:00,4722.6,4722.6,4701.6,4705.4,6639
2026-05-12 03:00:00,4705.0,4711.7,4692.4,4707.8,5043
2026-05-12 04:00:00,4707.5,4714.8,4704.6,4710.9,2657
2026-05-12 05:00:00,4710.7,4713.3,4702.2,4707.6,3690
2026-05-12 06:00:00,4708.0,4716.7,4692.8,4701.9,4698
2026-05-12 07:00:00,4702.4,4717.2,4694.7,4714.6,3913
2026-05-12 08:00:00,4714.5,4719.8,4697.4,4713.8,9041
2026-05-12 09:00:00,4713.6,4717.1,4684.5,4687.0,13210
2026-05-12 10:00:00,4686.5,4703.0,4676.0,4680.0,10866
2026-05-12 11:00:00,4680.0,4683.6,4645.2,4673.1,18910
2026-05-12 12:00:00,4673.5,4682.4,4671.3,4678.1,4852
2026-05-12 13:00:00,4678.4,4689.8,4678.4,4685.7,10977
2026-05-12 14:00:00,4685.7,4705.5,4683.0,4703.0,4942
2026-05-12 15:00:00,4704.1,4723.3,4703.6,4723.2,4188
2026-05-12 16:00:00,4722.8,4726.7,4719.4,4722.6,1764
2026-05-12 18:00:00,4722.3,4730.2,4720.3,4724.6,0
2026-05-12 19:00:00,4724.5,4731.6,4723.0,4724.7,2894
2026-05-12 20:00:00,4724.5,4734.8,4721.0,4723.0,2859
2026-05-12 21:00:00,4722.6,4725.1,4709.2,4710.9,4567
2026-05-12 22:00:00,4710.5,4715.7,4696.0,4700.6,4072
2026-05-12 23:00:00,4700.5,4714.3,4697.1,4703.0,3029
2026-05-13 00:00:00,4704.5,4711.4,4703.4,4707.9,0
2026-05-13 01:00:00,4707.5,4715.7,4701.3,4711.4,2464
2026-05-13 02:00:00,4711.8,4723.1,4706.9,4709.8,4357
2026-05-13 03:00:00,4709.8,4716.6,4704.8,4710.4,4382
2026-05-13 04:00:00,4710.3,4712.0,4701.8,4707.7,3497
2026-05-13 05:00:00,4707.8,4709.2,4692.3,4709.0,5883
2026-05-13 06:00:00,4708.4,4718.2,4701.0,4701.6,3041
2026-05-13 07:00:00,4701.8,4713.9,4698.6,4705.2,3113
2026-05-13 08:00:00,4704.9,4709.4,4682.0,4690.7,9990
2026-05-13 09:00:00,4690.6,4702.0,4676.0,4686.2,11058
2026-05-13 10:00:00,4686.2,4698.3,4679.8,4686.8,9935
2026-05-13 11:00:00,4687.1,4708.0,4686.0,4703.3,6097
2026-05-13 12:00:00,4703.0,4717.9,4702.8,4703.5,8297
2026-05-13 13:00:00,4703.7,4709.2,4692.6,4693.4,11680
2026-05-13 14:00:00,4693.8,4702.0,4685.5,4692.9,4130
2026-05-13 15:00:00,4692.6,4698.6,4691.3,4696.1,2143
2026-05-13 16:00:00,4696.0,4701.4,4693.7,4697.1,1059
2026-05-13 18:00:00,4696.8,4707.3,4695.5,4706.4,0
2026-05-13 19:00:00,4706.2,4709.0,4699.7,4703.5,832
2026-05-13 20:00:00,4703.1,4713.7,4696.2,4712.0,2120
2026-05-13 21:00:00,4712.2,4714.0,4690.2,4695.0,3819
2026-05-13 22:00:00,4695.5,4706.5,4686.0,4692.7,2465
2026-05-13 23:00:00,4692.8,4699.4,4679.3,4680.8,2850
2026-05-14 00:00:00,4680.8,4719.7,4673.2,4709.2,0
2026-05-14 01:00:00,4709.5,4711.2,4696.0,4696.3,2585
2026-05-14 02:00:00,4696.2,4709.3,4692.7,4707.2,3244
2026-05-14 03:00:00,4706.7,4725.8,4697.7,4700.1,5792
2026-05-14 04:00:00,4699.5,4713.6,4698.9,4700.3,3367
2026-05-14 05:00:00,4699.8,4709.3,4694.6,4706.1,2763
2026-05-14 06:00:00,4706.0,4711.9,4698.0,4704.1,2516
2026-05-14 07:00:00,4703.5,4711.6,4695.9,4700.4,3102
2026-05-14 08:00:00,4700.2,4716.9,4698.4,4711.8,7363
2026-05-14 09:00:00,4712.2,4715.2,4671.3,4685.2,13305
2026-05-14 10:00:00,4685.0,4707.3,4683.0,4685.7,9451
2026-05-14 11:00:00,4685.6,4695.8,4683.0,4691.9,4380
2026-05-14 12:00:00,4692.1,4693.5,4676.1,4684.8,5124
2026-05-14 13:00:00,4684.4,4689.6,4682.7,4684.2,5545
2026-05-14 14:00:00,4684.5,4684.5,4672.5,4677.3,3937
2026-05-14 15:00:00,4677.4,4677.4,4658.0,4659.5,5696
2026-05-14 16:00:00,4659.6,4663.0,4649.3,4655.4,2804
2026-05-14 18:00:00,4654.5,4667.0,4651.0,4666.7,0
2026-05-14 19:00:00,4666.4,4670.1,4651.0,4656.7,2992
2026-05-14 20:00:00,4656.4,4662.8,4618.3,4635.1,8786
2026-05-14 21:00:00,4635.0,4636.7,4611.0,4617.9,7338
2026-05-14 22:00:00,4617.9,4627.4,4613.5,4621.9,3538
2026-05-14 23:00:00,4621.6,4626.5,4611.3,4619.8,3428
2026-05-15 00:00:00,4619.3,4625.9,4608.2,4610.0,0
2026-05-15 01:00:00,4610.0,4610.6,4560.1,4562.9,11957
2026-05-15 02:00:00,4562.4,4585.4,4560.5,4574.5,8487
2026-05-15 03:00:00,4573.9,4593.8,4569.8,4575.7,8163
2026-05-15 04:00:00,4575.6,4576.9,4553.2,4558.9,8723
2026-05-15 05:00:00,4559.0,4568.2,4535.4,4549.8,9071
2026-05-15 06:00:00,4549.9,4577.0,4548.0,4570.2,8044
2026-05-15 07:00:00,4570.5,4574.8,4554.0,4555.9,5014
2026-05-15 08:00:00,4556.0,4562.7,4546.3,4550.2,8614
2026-05-15 09:00:00,4550.1,4561.9,4513.8,4537.3,19094
2026-05-15 10:00:00,4536.9,4570.9,4529.3,4566.8,13635
2026-05-15 11:00:00,4567.3,4568.0,4538.0,4543.8,7788
2026-05-15 12:00:00,4543.8,4552.4,4533.2,4548.7,5679
2026-05-15 13:00:00,4548.5,4568.7,4547.2,4564.0,7373
2026-05-15 14:00:00,4564.3,4567.3,4556.5,4563.4,2804
2026-05-15 15:00:00,4563.9,4564.2,4548.9,4549.8,3691
2026-05-15 16:00:00,4550.2,4561.9,4537.0,4561.9,2058
2026-05-17 18:00:00,4557.4,4558.6,4541.4,4549.7,2138
2026-05-17 19:00:00,4550.2,4551.4,4535.1,4540.9,1911
2026-05-17 20:00:00,4541.0,4546.0,4483.5,4518.5,9809
2026-05-17 21:00:00,4518.1,4538.6,4492.1,4527.9,8772
2026-05-17 22:00:00,4527.9,4545.9,4524.9,4536.4,4376
2026-05-17 23:00:00,4537.0,4551.4,4528.0,4546.8,4319
2026-05-18 00:00:00,4545.2,4553.8,4533.4,4544.2,0
2026-05-18 01:00:00,4544.8,4556.0,4533.6,4534.6,5303
2026-05-18 02:00:00,4534.3,4551.8,4533.1,4550.5,6923
2026-05-18 03:00:00,4551.0,4564.0,4541.6,4550.0,5760
2026-05-18 04:00:00,4550.0,4560.9,4546.0,4553.8,3990
2026-05-18 05:00:00,4553.9,4555.7,4543.8,4547.0,3695
2026-05-18 06:00:00,4546.4,4551.4,4535.6,4543.4,3986
2026-05-18 07:00:00,4543.5,4571.9,4533.5,4554.2,9746
2026-05-18 08:00:00,4554.4,4579.4,4548.8,4575.2,9361
2026-05-18 09:00:00,4575.4,4588.6,4565.4,4579.9,12978
2026-05-18 10:00:00,4579.9,4579.9,4542.1,4550.8,15134
2026-05-18 11:00:00,4551.0,4552.4,4536.2,4547.7,7691
2026-05-18 12:00:00,4548.6,4558.7,4537.6,4554.4,10432
2026-05-18 13:00:00,4554.3,4562.5,4549.8,4551.4,5596
2026-05-18 14:00:00,4551.3,4552.4,4538.3,4539.8,3632
2026-05-18 15:00:00,4539.9,4569.5,4539.1,4562.9,6702
2026-05-18 16:00:00,4563.3,4571.6,4562.4,4570.8,1323
2026-05-18 18:00:00,4570.6,4582.3,4570.6,4578.2,0
2026-05-18 19:00:00,4578.2,4593.2,4577.9,4585.5,2156
2026-05-18 20:00:00,4585.4,4593.1,4564.7,4566.3,3854
2026-05-18 21:00:00,4565.6,4575.4,4557.6,4567.0,3609
2026-05-18 22:00:00,4566.7,4566.7,4548.6,4550.3,4018
2026-05-18 23:00:00,4549.9,4558.1,4545.2,4548.9,3526
2026-05-19 00:00:00,4547.8,4548.8,4540.9,4545.4,0
2026-05-19 01:00:00,4545.6,4549.9,4533.9,4543.8,4755
2026-05-19 02:00:00,4543.7,4557.1,4536.5,4551.3,5310
2026-05-19 03:00:00,4550.4,4562.7,4544.7,4560.7,4900
2026-05-19 04:00:00,4560.7,4562.5,4539.1,4546.4,5403
2026-05-19 05:00:00,4545.8,4550.0,4538.8,4545.0,3629
2026-05-19 06:00:00,4544.5,4548.0,4528.6,4547.9,4535
2026-05-19 07:00:00,4547.7,4551.5,4533.1,4534.0,3549
2026-05-19 08:00:00,4533.8,4550.9,4530.3,4541.6,6508
2026-05-19 09:00:00,4540.4,4541.0,4467.1,4506.7,35176
2026-05-19 10:00:00,4506.6,4517.0,4487.0,4496.9,16526
2026-05-19 11:00:00,4497.9,4512.9,4492.8,4511.7,7388
2026-05-19 12:00:00,4512.0,4516.0,4499.5,4511.2,4793
2026-05-19 13:00:00,4511.0,4514.6,4502.6,4504.6,4982
2026-05-19 14:00:00,4504.5,4507.5,4493.1,4496.8,2427
2026-05-19 15:00:00,4496.4,4500.7,4484.8,4487.0,3410
2026-05-19 16:00:00,4486.9,4491.9,4484.3,4485.4,1485
2026-05-19 18:00:00,4486.6,4488.8,4480.0,4487.6,0
2026-05-19 19:00:00,4486.5,4499.5,4482.9,4491.8,2458
2026-05-19 20:00:00,4492.2,4512.0,4482.2,4503.9,3532
2026-05-19 21:00:00,4503.8,4509.3,4458.0,4484.3,7224
2026-05-19 22:00:00,4484.0,4489.6,4460.6,4467.2,4493
2026-05-19 23:00:00,4467.4,4469.2,4455.0,4467.1,3805
2026-05-20 00:00:00,4465.8,4472.5,4458.6,4464.2,0
2026-05-20 01:00:00,4464.0,4481.8,4463.8,4475.2,3475
2026-05-20 02:00:00,4474.8,4481.1,4463.6,4476.7,4796
2026-05-20 03:00:00,4476.4,4488.7,4474.5,4480.9,5645
2026-05-20 04:00:00,4481.1,4492.8,4479.1,4486.5,5231
2026-05-20 05:00:00,4486.2,4494.2,4475.1,4487.5,8041
2026-05-20 06:00:00,4487.5,4499.8,4487.3,4497.1,5096
2026-05-20 07:00:00,4497.5,4503.7,4493.1,4501.2,5318
2026-05-20 08:00:00,4501.0,4508.1,4495.3,4499.0,9966
2026-05-20 09:00:00,4499.0,4509.0,4484.6,4485.7,11611
2026-05-20 10:00:00,4485.5,4540.5,4469.1,4534.4,26367
2026-05-20 11:00:00,4534.8,4558.4,4526.5,4532.1,14832
2026-05-20 12:00:00,4532.1,4538.8,4527.1,4537.5,6808
2026-05-20 13:00:00,4537.7,4542.0,4533.0,4535.1,6397
2026-05-20 14:00:00,4534.6,4548.5,4532.3,4545.6,3543
2026-05-20 15:00:00,4545.8,4553.8,4544.9,4548.1,3444
2026-05-20 16:00:00,4548.4,4553.2,4544.5,4546.2,2282
2026-05-20 18:00:00,4548.0,4549.9,4536.0,4541.2,0
2026-05-20 19:00:00,4540.9,4548.6,4535.6,4548.0,1374
2026-05-20 20:00:00,4548.3,4554.6,4538.7,4547.0,2182
2026-05-20 21:00:00,4548.0,4572.4,4541.4,4562.9,5859
2026-05-20 22:00:00,4562.6,4566.8,4533.2,4535.3,3748
2026-05-20 23:00:00,4534.6,4541.7,4528.3,4529.9,2257
2026-05-21 00:00:00,4529.4,4541.6,4528.4,4540.0,0
2026-05-21 01:00:00,4539.8,4541.6,4519.0,4528.9,3253
2026-05-21 02:00:00,4528.0,4541.2,4520.0,4523.1,4701
2026-05-21 03:00:00,4522.9,4525.8,4513.2,4520.8,4691
2026-05-21 04:00:00,4520.9,4538.2,4519.2,4534.3,5113
2026-05-21 05:00:00,4533.7,4544.2,4528.8,4531.7,4265
2026-05-21 06:00:00,4531.6,4537.6,4505.7,4511.9,7174
2026-05-21 07:00:00,4512.3,4522.5,4508.8,4515.0,3005
2026-05-21 08:00:00,4515.2,4520.2,4501.4,4505.0,11145
2026-05-21 09:00:00,4505.1,4522.3,4488.3,4513.7,14316
2026-05-21 10:00:00,4514.1,4516.7,4499.2,4510.0,22074
2026-05-21 11:00:00,4510.5,4517.0,4498.0,4513.0,13713
2026-05-21 12:00:00,4513.2,4522.4,4513.1,4520.7,7374
2026-05-21 13:00:00,4521.0,4561.2,4515.0,4553.1,16159
2026-05-21 14:00:00,4553.0,4557.8,4528.6,4533.7,5574
2026-05-21 15:00:00,4533.4,4545.0,4531.3,4544.1,3176
2026-05-21 16:00:00,4543.9,4545.9,4540.8,4544.2,2517
2026-05-21 18:00:00,4544.2,4547.0,4540.4,4544.1,0
2026-05-21 19:00:00,4544.4,4545.8,4532.7,4536.0,934
2026-05-21 20:00:00,4536.2,4541.9,4526.5,4528.4,1793
2026-05-21 21:00:00,4527.6,4537.3,4521.7,4526.7,2528
2026-05-21 22:00:00,4526.9,4530.4,4519.4,4523.8,1882
2026-05-21 23:00:00,4523.9,4530.5,4519.7,4529.9,1889
2026-05-22 00:00:00,4530.6,4533.8,4526.6,4528.1,0
2026-05-22 01:00:00,4528.4,4535.4,4508.2,4512.4,2984
2026-05-22 02:00:00,4511.9,4529.6,4511.1,4527.7,4267
2026-05-22 03:00:00,4527.2,4528.2,4516.7,4522.7,3594
2026-05-22 04:00:00,4522.7,4531.9,4516.9,4522.9,4597
2026-05-22 05:00:00,4522.4,4536.7,4515.0,4532.9,5303
2026-05-22 06:00:00,4532.9,4537.6,4511.4,4515.5,5689
2026-05-22 07:00:00,4515.7,4525.8,4512.0,4521.5,3528
2026-05-22 08:00:00,4521.1,4537.4,4515.7,4529.5,10425
2026-05-22 09:00:00,4529.6,4535.7,4510.0,4514.5,10329
2026-05-22 10:00:00,4514.5,4515.0,4488.0,4501.4,14962
2026-05-22 11:00:00,4501.6,4523.2,4501.0,4521.0,7937
2026-05-22 12:00:00,4521.3,4528.4,4512.8,4516.3,5715
2026-05-22 13:00:00,4516.5,4529.9,4514.5,4520.2,7341
2026-05-22 14:00:00,4520.5,4522.7,4513.5,4517.0,3408
2026-05-22 15:00:00,4516.9,4517.7,4505.6,4510.0,3717
2026-05-22 16:00:00,4510.1,4523.2,4505.4,4523.2,1621
2026-05-26 00:00:00,4542.7,4543.6,4523.9,4526.1,0
2026-05-26 01:00:00,4525.8,4535.6,4523.4,4527.8,3073
2026-05-26 02:00:00,4527.9,4536.7,4527.4,4531.8,5367
2026-05-26 03:00:00,4531.9,4539.9,4521.8,4538.6,5737
2026-05-26 04:00:00,4539.0,4539.6,4520.2,4524.7,8306
2026-05-26 05:00:00,4524.3,4527.2,4512.3,4523.1,8433
2026-05-26 06:00:00,4523.0,4540.9,4519.5,4534.9,9571
2026-05-26 07:00:00,4535.1,4537.0,4503.0,4507.5,14849
2026-05-26 08:00:00,4507.1,4524.3,4500.2,4520.7,16727
2026-05-26 09:00:00,4520.6,4532.3,4512.6,4514.6,19814
2026-05-26 10:00:00,4515.1,4525.6,4508.3,4515.6,16707
2026-05-26 11:00:00,4515.6,4515.8,4502.5,4506.7,13472
2026-05-26 12:00:00,4506.5,4512.0,4499.3,4505.2,7572
2026-05-26 13:00:00,4504.9,4508.9,4487.4,4490.0,20936
2026-05-26 14:00:00,4490.0,4499.2,4480.0,4498.7,6964
2026-05-26 15:00:00,4499.0,4509.8,4497.2,4508.7,4716
2026-05-26 16:00:00,4509.0,4511.8,4504.3,4507.3,0
2026-05-26 18:00:00,4507.4,4512.7,4498.9,4510.9,1214
2026-05-26 19:00:00,4512.3,4528.1,4504.7,4519.6,1331
2026-05-26 20:00:00,4517.4,4525.8,4513.6,4514.6,730
2026-05-26 21:00:00,4516.8,4520.3,4506.2,4507.5,891
2026-05-26 22:00:00,4508.6,4508.6,4497.8,4505.2,695
2026-05-26 23:00:00,4505.3,4510.4,4496.2,4496.3,407
2026-05-27 00:00:00,4496.0,4516.2,4494.8,4509.3,0
2026-05-27 01:00:00,4508.8,4512.8,4490.5,4496.5,1803
2026-05-27 02:00:00,4496.4,4497.8,4478.5,4484.5,2862
2026-05-27 03:00:00,4485.3,4520.6,4479.5,4513.2,24479
2026-05-27 04:00:00,4513.1,4529.5,4512.2,4528.7,6610
2026-05-27 05:00:00,4528.5,4528.7,4517.9,4521.8,7261
2026-05-27 06:00:00,4521.6,4522.3,4472.7,4476.2,19486
2026-05-27 07:00:00,4476.3,4483.9,4454.3,4458.3,16635
2026-05-27 08:00:00,4458.5,4496.5,4457.3,4469.4,23030
2026-05-27 09:00:00,4469.2,4469.7,4431.0,4458.2,32963
2026-05-27 10:00:00,4458.1,4487.2,4457.0,4465.6,20310
2026-05-27 11:00:00,4465.4,4473.0,4459.5,4468.0,11942
2026-05-27 12:00:00,4468.1,4485.4,4465.6,4482.4,9219
2026-05-27 13:00:00,4482.4,4485.9,4472.7,4481.9,9843
2026-05-27 14:00:00,4481.6,4490.0,4479.0,4485.9,2941
2026-05-27 15:00:00,4486.0,4486.7,4480.7,4483.0,3755
2026-05-27 16:00:00,4482.8,4490.6,4481.8,4488.5,1578
2026-05-27 18:00:00,4488.0,4502.0,4485.5,4488.0,0
2026-05-27 19:00:00,4487.7,4488.2,4473.2,4477.7,1841
2026-05-27 20:00:00,4477.4,4488.8,4474.0,4487.6,1802
2026-05-27 21:00:00,4487.9,4489.5,4437.3,4440.4,6831
2026-05-27 22:00:00,4441.6,4443.2,4423.0,4424.4,6535
2026-05-27 23:00:00,4424.2,4428.4,4398.0,4405.3,6196
2026-05-28 00:00:00,4404.2,4411.8,4395.6,4402.2,0
2026-05-28 01:00:00,4402.7,4425.5,4396.1,4417.1,5287
2026-05-28 02:00:00,4417.2,4419.9,4403.8,4413.3,4737
2026-05-28 03:00:00,4413.6,4426.0,4412.4,4417.2,5568
2026-05-28 04:00:00,4417.5,4424.8,4415.6,4416.8,3734
2026-05-28 05:00:00,4416.3,4429.0,4416.1,4424.0,4114
2026-05-28 06:00:00,4424.1,4434.3,4405.5,4413.6,5963
2026-05-28 07:00:00,4413.0,4421.0,4410.9,4418.2,3607
2026-05-28 08:00:00,4417.9,4464.0,4409.8,4461.9,11792
2026-05-28 09:00:00,4462.3,4469.4,4448.0,4460.6,12835
2026-05-28 10:00:00,4460.1,4511.4,4450.6,4500.3,25430
2026-05-28 11:00:00,4500.7,4515.9,4499.4,4512.5,7872
2026-05-28 12:00:00,4512.9,4542.0,4507.5,4541.8,10682
2026-05-28 13:00:00,4541.9,4545.4,4531.5,4539.2,7531
2026-05-28 14:00:00,4539.2,4547.1,4529.3,4532.5,4776
2026-05-28 15:00:00,4532.2,4534.6,4528.0,4528.7,3487
2026-05-28 16:00:00,4528.7,4531.7,4525.6,4527.3,1792
2026-05-28 18:00:00,4527.6,4530.3,4521.6,4521.7,0
2026-05-28 19:00:00,4522.5,4527.9,4519.5,4525.6,1243
2026-05-28 20:00:00,4525.5,4531.5,4522.5,4525.3,2056
2026-05-28 21:00:00,4526.0,4551.2,4522.7,4536.9,5033
2026-05-28 22:00:00,4536.6,4541.4,4528.4,4531.7,2334
2026-05-28 23:00:00,4532.0,4532.2,4525.2,4530.9,1982
2026-05-29 00:00:00,4531.4,4545.4,4531.4,4544.7,0
2026-05-29 01:00:00,4544.6,4547.0,4533.0,4545.8,3525
2026-05-29 02:00:00,4546.1,4554.9,4540.7,4554.4,4965
2026-05-29 03:00:00,4554.2,4557.2,4541.3,4555.5,5830
2026-05-29 04:00:00,4555.0,4555.5,4540.0,4544.7,3905
2026-05-29 05:00:00,4545.2,4571.2,4543.4,4562.0,7602
2026-05-29 06:00:00,4562.0,4574.4,4556.4,4569.6,3657
2026-05-29 07:00:00,4569.4,4571.7,4556.7,4569.1,4027
2026-05-29 08:00:00,4569.2,4569.3,4543.4,4554.0,6399
2026-05-29 09:00:00,4553.6,4571.0,4547.5,4567.3,8304
2026-05-29 10:00:00,4567.0,4604.1,4556.1,4595.2,17995
2026-05-29 11:00:00,4596.1,4627.1,4587.3,4602.1,21304
2026-05-29 12:00:00,4602.1,4604.5,4590.5,4597.7,6344
2026-05-29 13:00:00,4597.8,4599.3,4582.4,4584.4,5782
2026-05-29 14:00:00,4584.2,4592.7,4581.6,4584.2,2820
2026-05-29 15:00:00,4584.3,4591.4,4574.1,4576.8,4106
2026-05-29 16:00:00,4576.9,4593.0,4567.3,4593.0,1797
2026-05-31 18:00:00,4555.3,4571.1,4554.1,4565.9,1372
2026-05-31 19:00:00,4566.2,4576.4,4565.9,4570.7,1950
2026-05-31 20:00:00,4570.5,4577.3,4565.5,4571.4,2361
2026-05-31 21:00:00,4571.2,4572.1,4554.4,4556.2,3504
2026-05-31 22:00:00,4556.1,4565.7,4551.4,4552.0,2019
2026-05-31 23:00:00,4551.7,4556.3,4540.3,4546.0,2803
2026-06-01 00:00:00,4546.9,4550.1,4537.6,4544.7,0
2026-06-01 01:00:00,4544.8,4555.4,4542.7,4548.2,2089
2026-06-01 02:00:00,4548.1,4548.6,4529.1,4531.7,4367
2026-06-01 03:00:00,4531.6,4540.2,4522.1,4532.7,4450
2026-06-01 04:00:00,4533.0,4534.5,4519.6,4527.4,4106
2026-06-01 05:00:00,4527.6,4536.2,4518.6,4525.6,4864
2026-06-01 06:00:00,4525.9,4540.9,4525.9,4534.1,2940
2026-06-01 07:00:00,4534.2,4542.8,4529.7,4536.0,3192
2026-06-01 08:00:00,4535.8,4540.4,4527.6,4532.0,5394
2026-06-01 09:00:00,4532.3,4533.8,4476.2,4480.1,21180
2026-06-01 10:00:00,4479.1,4494.9,4476.0,4488.5,12274
2026-06-01 11:00:00,4489.0,4510.5,4485.0,4504.1,9756
2026-06-01 12:00:00,4504.7,4513.1,4493.1,4510.6,6521
2026-06-01 13:00:00,4510.9,4525.6,4501.4,4517.5,8859
2026-06-01 14:00:00,4517.4,4520.2,4514.8,4516.8,1632
2026-06-01 15:00:00,4516.5,4518.2,4509.1,4511.1,2675
2026-06-01 16:00:00,4511.2,4515.7,4510.2,4514.8,1681
2026-06-01 18:00:00,4515.8,4517.9,4509.5,4515.3,0
2026-06-01 19:00:00,4515.3,4518.6,4508.2,4514.3,1281
2026-06-01 20:00:00,4514.4,4526.8,4506.3,4511.0,2641
2026-06-01 21:00:00,4510.7,4522.0,4492.3,4503.6,5185
2026-06-01 22:00:00,4503.7,4516.4,4502.0,4516.2,3035
2026-06-01 23:00:00,4515.8,4530.0,4515.6,4528.4,3113
2026-06-02 00:00:00,4529.3,4548.6,4528.0,4547.7,0
2026-06-02 01:00:00,4547.7,4558.8,4545.7,4547.0,4575
2026-06-02 02:00:00,4546.9,4568.8,4546.9,4566.0,6064
2026-06-02 03:00:00,4565.8,4571.3,4558.0,4565.2,4952
2026-06-02 04:00:00,4565.2,4569.3,4556.1,4557.0,3327
2026-06-02 05:00:00,4557.1,4565.9,4550.9,4559.4,5891
2026-06-02 06:00:00,4559.7,4563.5,4554.1,4563.1,2316
2026-06-02 07:00:00,4563.0,4564.2,4555.2,4557.3,2262
2026-06-02 08:00:00,4557.5,4563.8,4542.8,4544.0,7081
2026-06-02 09:00:00,4544.3,4554.4,4532.1,4532.1,8375
2026-06-02 10:00:00,4532.0,4536.8,4519.4,4533.7,9964
2026-06-02 11:00:00,4533.4,4538.2,4529.5,4531.7,5302
2026-06-02 12:00:00,4531.7,4532.8,4515.6,4521.3,5675
2026-06-02 13:00:00,4521.2,4522.7,4511.3,4514.0,5045
2026-06-02 14:00:00,4514.3,4520.2,4508.0,4516.9,3235
2026-06-02 15:00:00,4517.0,4520.2,4513.2,4517.7,1853
2026-06-02 16:00:00,4517.8,4521.0,4516.1,4519.2,990
2026-06-02 18:00:00,4520.0,4522.7,4512.9,4514.0,0
2026-06-02 19:00:00,4514.2,4517.6,4490.5,4502.9,5432
2026-06-02 20:00:00,4502.6,4525.1,4502.6,4514.4,3074
2026-06-02 21:00:00,4514.2,4516.0,4491.2,4504.0,5957
2026-06-02 22:00:00,4504.0,4513.1,4500.8,4509.8,2927
2026-06-02 23:00:00,4510.1,4515.5,4510.1,4512.0,1264
2026-06-03 00:00:00,4512.4,4516.1,4496.4,4497.5,0
2026-06-03 01:00:00,4497.2,4502.2,4484.8,4485.8,3961
2026-06-03 02:00:00,4485.4,4499.3,4483.7,4491.7,4252
2026-06-03 03:00:00,4491.4,4500.5,4481.1,4481.6,4607
2026-06-03 04:00:00,4481.8,4487.8,4468.2,4472.3,5944
2026-06-03 05:00:00,4472.3,4487.5,4467.2,4471.3,6054
2026-06-03 06:00:00,4471.7,4496.0,4469.5,4487.7,4638
2026-06-03 07:00:00,4487.8,4496.5,4487.0,4490.6,2303
2026-06-03 08:00:00,4490.9,4495.6,4476.3,4488.6,5977
2026-06-03 09:00:00,4488.5,4494.5,4454.0,4475.2,12532
2026-06-03 10:00:00,4473.9,4488.3,4470.5,4485.3,7807
2026-06-03 11:00:00,4485.7,4486.5,4464.8,4469.8,4959
2026-06-03 12:00:00,4470.0,4472.1,4461.1,4469.4,4378
2026-06-03 13:00:00,4469.9,4476.8,4463.4,4467.2,4622
2026-06-03 14:00:00,4467.1,4470.9,4462.0,4470.1,2389
2026-06-03 15:00:00,4469.8,4480.0,4469.5,4472.0,3531
2026-06-03 16:00:00,4471.9,4473.6,4458.6,4462.7,2452
2026-06-03 18:00:00,4462.6,4479.2,4450.1,4475.3,0
2026-06-03 19:00:00,4475.5,4491.2,4471.5,4483.5,2582
2026-06-03 20:00:00,4484.0,4491.8,4470.6,4475.6,2142
2026-06-03 21:00:00,4475.0,4500.8,4470.0,4492.5,4079
2026-06-03 22:00:00,4492.1,4504.2,4482.5,4502.0,3216
2026-06-03 23:00:00,4501.7,4504.2,4485.1,4490.6,2333
2026-06-04 00:00:00,4490.6,4511.2,4489.1,4508.1,0
2026-06-04 01:00:00,4508.2,4509.6,4493.5,4496.0,2816
2026-06-04 02:00:00,4495.8,4504.3,4489.8,4494.7,3389
2026-06-04 03:00:00,4495.0,4497.7,4486.2,4488.5,2587
2026-06-04 04:00:00,4488.4,4496.1,4485.4,4490.2,2898
2026-06-04 05:00:00,4489.9,4503.3,4487.7,4498.2,3809
2026-06-04 06:00:00,4497.9,4501.7,4491.9,4501.6,2386
2026-06-04 07:00:00,4501.6,4542.4,4496.4,4539.2,9500
2026-06-04 08:00:00,4539.1,4541.9,4518.8,4531.6,9388
2026-06-04 09:00:00,4531.6,4543.2,4523.3,4523.7,7856
2026-06-04 10:00:00,4523.4,4528.0,4483.8,4493.1,15279
2026-06-04 11:00:00,4493.2,4506.6,4490.6,4504.9,9260
2026-06-04 12:00:00,4504.9,4513.2,4502.8,4510.8,7936
2026-06-04 13:00:00,4510.5,4510.5,4502.0,4506.0,4630
2026-06-04 14:00:00,4506.1,4508.8,4500.0,4505.9,2237
2026-06-04 15:00:00,4506.1,4511.3,4503.9,4508.9,2341
2026-06-04 16:00:00,4508.5,4509.3,4502.3,4502.4,1315
2026-06-04 18:00:00,4503.0,4508.7,4496.0,4496.9,0
2026-06-04 19:00:00,4497.0,4501.1,4487.7,4488.4,1953
2026-06-04 20:00:00,4488.2,4493.9,4477.5,4485.8,3027
2026-06-04 21:00:00,4485.8,4497.0,4470.7,4473.3,5576
2026-06-04 22:00:00,4473.4,4481.6,4464.5,4467.1,4431
2026-06-04 23:00:00,4466.7,4470.1,4461.2,4468.4,2258
2026-06-05 00:00:00,4468.7,4472.9,4463.8,4471.0,0
2026-06-05 01:00:00,4471.0,4476.1,4464.9,4465.9,2702
2026-06-05 02:00:00,4466.4,4483.2,4454.8,4479.7,5810
2026-06-05 03:00:00,4479.9,4494.2,4478.7,4487.7,3762
2026-06-05 04:00:00,4487.3,4495.4,4485.5,4489.8,2190
2026-06-05 05:00:00,4489.6,4496.6,4485.8,4491.9,4905
2026-06-05 06:00:00,4491.6,4495.0,4488.7,4493.7,1918
2026-06-05 07:00:00,4493.2,4502.2,4484.8,4497.0,3213
2026-06-05 08:00:00,4497.4,4502.8,4430.1,4432.1,19016
2026-06-05 09:00:00,4432.0,4446.6,4390.0,4390.5,26144
2026-06-05 10:00:00,4390.4,4404.2,4369.4,4394.6,28089
2026-06-05 11:00:00,4394.6,4397.3,4358.8,4360.4,12096
2026-06-05 12:00:00,4360.3,4370.3,4347.5,4369.1,11479
2026-06-05 13:00:00,4369.3,4372.0,4360.2,4366.2,9819
2026-06-05 14:00:00,4366.8,4366.8,4339.8,4346.7,9937
2026-06-05 15:00:00,4347.4,4349.5,4338.3,4343.5,6585
2026-06-05 16:00:00,4343.7,4365.3,4336.6,4365.3,4141
2026-06-07 18:00:00,4342.2,4354.7,4337.3,4341.4,2919
2026-06-07 19:00:00,4341.5,4371.0,4341.4,4367.9,2778
2026-06-07 20:00:00,4367.0,4377.5,4363.1,4366.0,3579
2026-06-07 21:00:00,4365.6,4369.5,4323.6,4349.6,8305
2026-06-07 22:00:00,4350.2,4354.8,4331.0,4334.5,4973
2026-06-07 23:00:00,4334.9,4341.1,4327.4,4339.8,2880
2026-06-08 00:00:00,4342.0,4346.4,4331.8,4337.2,0
2026-06-08 01:00:00,4337.1,4340.1,4293.0,4317.5,8600
2026-06-08 02:00:00,4316.8,4336.5,4316.8,4325.3,5186
2026-06-08 03:00:00,4325.1,4342.0,4319.3,4319.9,5779
2026-06-08 04:00:00,4319.3,4322.4,4309.6,4313.1,6573
2026-06-08 05:00:00,4313.5,4326.4,4297.1,4318.8,7699
2026-06-08 06:00:00,4319.0,4330.3,4310.6,4326.4,4891
2026-06-08 07:00:00,4326.2,4358.5,4321.3,4356.3,9552
2026-06-08 08:00:00,4355.7,4364.8,4344.8,4358.0,8759
2026-06-08 09:00:00,4358.1,4371.5,4345.7,4351.8,11828
2026-06-08 10:00:00,4351.3,4356.3,4339.0,4355.8,11690
2026-06-08 11:00:00,4356.3,4370.0,4346.9,4366.1,8803
2026-06-08 12:00:00,4365.9,4371.0,4362.2,4365.0,4258
2026-06-08 13:00:00,4365.1,4366.8,4356.6,4363.4,6531
2026-06-08 14:00:00,4363.3,4370.2,4357.1,4358.8,3858
2026-06-08 15:00:00,4358.7,4362.3,4346.6,4350.3,4505
2026-06-08 16:00:00,4350.5,4354.4,4348.0,4353.8,1396
2026-06-08 18:00:00,4354.7,4363.4,4345.8,4351.5,0
2026-06-08 19:00:00,4350.9,4352.4,4336.0,4340.9,1894
2026-06-08 20:00:00,4340.9,4347.5,4338.8,4344.1,2452
2026-06-08 21:00:00,4344.0,4362.9,4342.5,4360.8,4070
2026-06-08 22:00:00,4360.9,4365.7,4352.7,4360.4,2458
2026-06-08 23:00:00,4360.1,4366.5,4355.2,4359.8,2613
2026-06-09 00:00:00,4360.8,4364.1,4348.6,4356.5,0
2026-06-09 01:00:00,4356.9,4375.7,4354.8,4367.9,3338
2026-06-09 02:00:00,4368.1,4373.2,4354.1,4354.4,3574
2026-06-09 03:00:00,4354.4,4358.9,4346.0,4350.2,3794
2026-06-09 04:00:00,4350.1,4360.8,4344.5,4350.4,3357
2026-06-09 05:00:00,4350.2,4359.5,4347.9,4356.0,3675
2026-06-09 06:00:00,4356.0,4365.2,4349.1,4363.3,3633
2026-06-09 07:00:00,4363.3,4368.3,4359.9,4364.3,2577
2026-06-09 08:00:00,4364.4,4369.0,4359.0,4365.4,5434
2026-06-09 09:00:00,4366.1,4388.6,4349.1,4353.2,13662
2026-06-09 10:00:00,4352.9,4360.3,4302.1,4325.0,20832
2026-06-09 11:00:00,4324.8,4326.4,4287.1,4296.7,13547
2026-06-09 12:00:00,4296.5,4305.3,4259.9,4276.0,18406
2026-06-09 13:00:00,4276.1,4292.7,4275.1,4287.2,11571
2026-06-09 14:00:00,4287.5,4298.8,4283.6,4294.4,3469
2026-06-09 15:00:00,4294.6,4296.1,4274.0,4282.7,4787
2026-06-09 16:00:00,4282.8,4286.1,4280.0,4284.8,1157
2026-06-09 18:00:00,4276.1,4281.1,4255.4,4260.4,0
2026-06-09 19:00:00,4260.1,4270.6,4233.0,4245.1,5370
2026-06-09 20:00:00,4245.2,4251.1,4222.0,4241.6,5697
2026-06-09 21:00:00,4242.2,4242.5,4207.2,4212.2,8495
2026-06-09 22:00:00,4212.9,4216.5,4196.9,4197.8,6025
2026-06-09 23:00:00,4197.5,4210.2,4195.5,4208.2,2830
2026-06-10 00:00:00,4208.9,4211.2,4194.2,4198.0,0
2026-06-10 01:00:00,4197.7,4232.2,4196.3,4228.7,4746
2026-06-10 02:00:00,4228.6,4245.5,4225.1,4227.1,5390
2026-06-10 03:00:00,4226.7,4231.0,4205.0,4209.7,5807
2026-06-10 04:00:00,4209.4,4211.0,4184.0,4191.7,9850
2026-06-10 05:00:00,4192.0,4202.6,4185.6,4191.6,7157
2026-06-10 06:00:00,4191.6,4201.5,4178.5,4197.5,5985
2026-06-10 07:00:00,4197.5,4198.6,4168.2,4170.2,10724
2026-06-10 08:00:00,4169.9,4197.3,4152.0,4169.6,20336
2026-06-10 09:00:00,4170.1,4209.5,4154.9,4203.0,21755
2026-06-10 10:00:00,4202.6,4204.1,4139.7,4147.1,16028
2026-06-10 11:00:00,4147.7,4159.7,4129.6,4151.9,17546
2026-06-10 12:00:00,4152.7,4158.8,4138.7,4144.6,8394
2026-06-10 13:00:00,4144.5,4157.6,4123.5,4134.9,13691
2026-06-10 14:00:00,4135.3,4144.0,4120.2,4125.0,5372
2026-06-10 15:00:00,4125.4,4125.8,4105.0,4106.2,8585
2026-06-10 16:00:00,4106.0,4106.4,4090.1,4094.1,4027
2026-06-10 18:00:00,4094.4,4094.4,4059.2,4069.1,0
2026-06-10 19:00:00,4069.2,4087.2,4046.2,4069.7,6250
2026-06-10 20:00:00,4070.9,4100.0,4058.0,4097.5,9399
2026-06-10 21:00:00,4097.3,4138.5,4087.4,4122.4,15001
2026-06-10 22:00:00,4122.8,4122.9,4073.4,4089.3,7475
2026-06-10 23:00:00,4089.4,4099.8,4078.1,4095.5,3870
2026-06-11 00:00:00,4094.4,4107.4,4091.2,4103.8,0
2026-06-11 01:00:00,4104.3,4127.4,4093.8,4115.5,5095
2026-06-11 02:00:00,4115.0,4118.5,4097.0,4115.7,4578
2026-06-11 03:00:00,4115.6,4131.5,4112.0,4125.8,6488
2026-06-11 04:00:00,4125.7,4133.6,4105.6,4105.6,5467
2026-06-11 05:00:00,4105.0,4117.5,4098.1,4112.4,5149
2026-06-11 06:00:00,4111.8,4115.6,4107.2,4110.3,2539
2026-06-11 07:00:00,4110.3,4116.4,4100.2,4100.7,4443
2026-06-11 08:00:00,4100.9,4107.8,4078.0,4102.5,12489
2026-06-11 09:00:00,4102.7,4114.3,4088.0,4104.3,12299
2026-06-11 10:00:00,4104.0,4106.6,4072.8,4094.4,14400
2026-06-11 11:00:00,4094.2,4116.8,4090.9,4110.0,9703
2026-06-11 12:00:00,4110.2,4129.0,4098.9,4101.2,7687
2026-06-11 13:00:00,4101.5,4191.8,4092.9,4173.2,26850
2026-06-11 14:00:00,4173.2,4193.0,4152.0,4183.1,11568
2026-06-11 15:00:00,4183.5,4241.3,4183.5,4229.9,13812
2026-06-11 16:00:00,4230.2,4240.0,4229.2,4233.8,3933
2026-06-11 18:00:00,4234.9,4267.8,4226.2,4264.2,0
2026-06-11 19:00:00,4264.5,4267.2,4234.6,4240.6,3490
2026-06-11 20:00:00,4240.1,4251.7,4221.4,4229.0,4643
2026-06-11 21:00:00,4229.7,4232.4,4192.9,4208.2,7376
2026-06-11 22:00:00,4208.2,4221.9,4204.2,4213.5,2896
2026-06-11 23:00:00,4212.7,4226.7,4211.4,4220.9,2318
2026-06-12 00:00:00,4219.0,4222.6,4211.1,4211.9,0
2026-06-12 01:00:00,4211.8,4214.4,4192.1,4194.7,3268
2026-06-12 02:00:00,4194.7,4207.0,4193.7,4205.4,3332
2026-06-12 03:00:00,4205.5,4215.2,4191.1,4215.2,5707
2026-06-12 04:00:00,4215.9,4247.7,4213.2,4241.2,7808
2026-06-12 05:00:00,4241.4,4249.6,4239.1,4243.1,5599
2026-06-12 06:00:00,4242.9,4246.7,4223.6,4231.9,4817
2026-06-12 07:00:00,4232.3,4236.3,4218.1,4227.8,4085
2026-06-12 08:00:00,4227.9,4236.3,4209.3,4212.3,9011
2026-06-12 09:00:00,4212.1,4231.2,4203.0,4206.7,11695
2026-06-12 10:00:00,4207.4,4229.5,4197.5,4224.9,13983
2026-06-12 11:00:00,4224.9,4256.8,4221.0,4232.4,12300
2026-06-12 12:00:00,4232.3,4254.1,4228.6,4236.5,7092
2026-06-12 13:00:00,4236.5,4247.1,4234.0,4241.8,6316
2026-06-12 14:00:00,4242.2,4256.2,4234.9,4236.2,4806
2026-06-12 15:00:00,4236.2,4240.8,4223.2,4231.9,4469
2026-06-12 16:00:00,4231.6,4240.6,4230.7,4238.8,1729
2026-06-14 18:00:00,4325.6,4327.0,4300.0,4305.8,4983
2026-06-14 19:00:00,4305.6,4315.4,4301.3,4314.3,3312
2026-06-14 20:00:00,4314.3,4328.5,4312.7,4313.1,5140
2026-06-14 21:00:00,4313.9,4340.7,4306.4,4337.5,5800
2026-06-14 22:00:00,4337.1,4356.8,4337.1,4350.7,5070
2026-06-14 23:00:00,4350.5,4352.5,4342.5,4345.7,2438
2026-06-15 00:00:00,4346.4,4351.7,4341.7,4349.5,0
2026-06-15 01:00:00,4349.2,4353.9,4328.6,4331.4,3384
2026-06-15 02:00:00,4331.5,4334.4,4321.6,4329.1,3909
2026-06-15 03:00:00,4329.2,4346.0,4326.1,4344.3,4514
2026-06-15 04:00:00,4344.1,4366.1,4342.7,4355.4,6463
2026-06-15 05:00:00,4355.5,4364.4,4355.1,4357.7,5858
2026-06-15 06:00:00,4357.9,4362.8,4356.3,4359.1,3052
2026-06-15 07:00:00,4359.0,4368.9,4352.9,4356.6,4567
2026-06-15 08:00:00,4356.6,4370.8,4345.3,4370.5,7662
2026-06-15 09:00:00,4370.4,4390.8,4362.8,4376.8,14176
2026-06-15 10:00:00,4376.7,4391.5,4375.5,4378.5,12336
2026-06-15 11:00:00,4378.3,4382.8,4370.6,4377.6,7472
2026-06-15 12:00:00,4377.8,4380.3,4355.9,4360.6,6150
2026-06-15 13:00:00,4360.5,4360.5,4341.7,4346.0,6309
2026-06-15 14:00:00,4346.2,4349.7,4339.1,4347.3,3362
2026-06-15 15:00:00,4347.5,4348.3,4338.2,4342.4,3198
2026-06-15 16:00:00,4342.6,4343.9,4328.5,4331.0,2330
2026-06-15 18:00:00,4331.3,4337.3,4326.7,4333.1,0
2026-06-15 19:00:00,4333.7,4340.8,4332.8,4337.3,1937
2026-06-15 20:00:00,4336.6,4341.6,4327.4,4340.3,3273
2026-06-15 21:00:00,4340.3,4346.8,4332.8,4334.0,3413
2026-06-15 22:00:00,4334.6,4341.6,4328.0,4339.7,2285
2026-06-15 23:00:00,4339.8,4354.1,4336.6,4351.4,1857
2026-06-16 00:00:00,4352.1,4353.0,4342.1,4343.2,0
2026-06-16 01:00:00,4343.4,4351.9,4335.5,4337.2,2538
2026-06-16 02:00:00,4337.4,4345.5,4334.2,4345.0,2627
2026-06-16 03:00:00,4345.1,4357.1,4343.5,4356.6,2838
2026-06-16 04:00:00,4356.4,4369.5,4354.2,4368.3,3940
2026-06-16 05:00:00,4368.1,4369.8,4359.4,4366.2,4587
2026-06-16 06:00:00,4366.2,4369.9,4363.1,4369.9,2217
2026-06-16 07:00:00,4369.9,4370.6,4355.7,4361.4,4577
2026-06-16 08:00:00,4361.6,4376.5,4358.2,4375.9,5684
2026-06-16 09:00:00,4375.9,4376.5,4352.6,4352.7,7907
2026-06-16 10:00:00,4352.5,4360.0,4333.7,4344.4,11778
2026-06-16 11:00:00,4344.4,4364.5,4341.4,4355.7,6929
2026-06-16 12:00:00,4355.6,4368.1,4355.4,4361.8,4793
2026-06-16 13:00:00,4361.5,4362.3,4346.4,4361.5,5901
2026-06-16 14:00:00,4361.8,4364.4,4357.4,4360.0,1886
2026-06-16 15:00:00,4359.6,4364.3,4352.4,4355.6,2650
2026-06-16 16:00:00,4355.3,4356.7,4351.3,4353.0,1142
2026-06-16 18:00:00,4352.6,4355.9,4348.7,4355.0,0
2026-06-16 19:00:00,4354.8,4358.0,4349.1,4350.8,575
2026-06-16 20:00:00,4350.9,4361.9,4348.2,4356.9,1639
2026-06-16 21:00:00,4356.4,4369.8,4354.1,4361.0,2926
2026-06-16 22:00:00,4360.9,4364.4,4349.6,4351.2,1822
2026-06-16 23:00:00,4351.0,4353.7,4348.4,4351.2,1339
2026-06-17 00:00:00,4352.2,4353.6,4337.1,4346.1,0
2026-06-17 01:00:00,4346.2,4353.8,4340.4,4346.1,2374
2026-06-17 02:00:00,4346.5,4351.2,4340.1,4351.2,2750
2026-06-17 03:00:00,4351.1,4352.5,4344.1,4344.7,2750
2026-06-17 04:00:00,4344.8,4347.5,4335.6,4344.2,2581
2026-06-17 05:00:00,4344.4,4355.1,4340.5,4349.3,2885
2026-06-17 06:00:00,4349.2,4355.1,4346.2,4351.1,1636
2026-06-17 07:00:00,4351.3,4351.5,4340.0,4342.6,2169
2026-06-17 08:00:00,4342.8,4355.2,4338.7,4353.3,4742
2026-06-17 09:00:00,4353.4,4365.5,4343.7,4359.8,8681
2026-06-17 10:00:00,4359.6,4384.2,4349.9,4364.1,15806
2026-06-17 11:00:00,4363.8,4385.5,4363.6,4383.6,5949
2026-06-17 12:00:00,4383.3,4386.7,4375.2,4379.8,4098
2026-06-17 13:00:00,4379.6,4403.6,4375.7,4401.1,10332
2026-06-17 14:00:00,4399.6,4399.6,4288.3,4305.2,41879
2026-06-17 15:00:00,4305.0,4315.0,4237.4,4254.3,28614
2026-06-17 16:00:00,4254.2,4289.0,4253.3,4276.3,6489
2026-06-17 18:00:00,4275.1,4290.5,4273.3,4285.8,0
2026-06-17 19:00:00,4285.7,4303.0,4283.2,4297.2,3335
2026-06-17 20:00:00,4297.6,4335.0,4296.2,4328.0,5487
2026-06-17 21:00:00,4328.8,4348.9,4326.3,4337.7,5735
2026-06-17 22:00:00,4338.0,4350.2,4330.4,4331.0,3763
2026-06-17 23:00:00,4331.3,4343.0,4328.9,4339.6,3031
2026-06-18 00:00:00,4340.0,4344.2,4330.0,4336.0,0
2026-06-18 01:00:00,4335.8,4345.2,4321.5,4328.0,4037
2026-06-18 02:00:00,4328.4,4330.3,4316.3,4326.6,3757
2026-06-18 03:00:00,4326.4,4329.7,4307.1,4308.4,4020
2026-06-18 04:00:00,4308.6,4312.6,4284.6,4285.9,5321
2026-06-18 05:00:00,4286.0,4292.6,4278.6,4287.7,5895
2026-06-18 06:00:00,4287.6,4291.9,4273.2,4273.9,4541
2026-06-18 07:00:00,4274.2,4274.2,4257.9,4260.6,7379
2026-06-18 08:00:00,4260.5,4288.6,4259.0,4265.1,11179
2026-06-18 09:00:00,4265.0,4296.2,4263.5,4275.5,11148
2026-06-18 10:00:00,4275.3,4277.3,4255.0,4271.7,14309
2026-06-18 11:00:00,4271.9,4274.2,4241.7,4245.5,9942
2026-06-18 12:00:00,4245.8,4252.5,4233.0,4238.7,9605
2026-06-18 13:00:00,4238.7,4252.5,4237.8,4249.5,7254
2026-06-18 14:00:00,4249.2,4252.1,4237.4,4237.7,2752
2026-06-18 15:00:00,4237.9,4238.4,4220.3,4236.2,6025
2026-06-18 16:00:00,4236.2,4238.7,4226.6,4227.9,1627
2026-06-18 18:00:00,4231.2,4231.4,4221.3,4225.9,0
2026-06-18 19:00:00,4226.2,4226.8,4205.0,4206.8,1721
2026-06-18 20:00:00,4206.9,4216.9,4202.2,4209.0,2276
2026-06-18 21:00:00,4209.3,4213.1,4201.2,4202.6,2233
2026-06-18 22:00:00,4202.3,4204.0,4189.5,4193.9,3208
2026-06-18 23:00:00,4194.0,4194.7,4162.7,4167.5,3948
2026-06-21 18:00:00,4163.9,4176.0,4151.4,4172.8,2613
2026-06-21 19:00:00,4172.8,4181.5,4152.9,4157.0,3971
2026-06-21 20:00:00,4157.3,4218.3,4156.6,4218.1,5774
2026-06-21 21:00:00,4217.7,4238.1,4172.9,4208.1,8227
2026-06-21 22:00:00,4208.2,4217.9,4172.9,4205.7,3342
2026-06-21 23:00:00,4206.3,4207.4,4172.9,4189.6,2146
2026-06-22 00:00:00,4189.2,4199.7,4172.9,4199.4,0
2026-06-22 01:00:00,4199.3,4216.4,4172.9,4211.3,2679
2026-06-22 02:00:00,4211.6,4225.4,4172.9,4215.4,3678
2026-06-22 03:00:00,4216.0,4219.7,4172.9,4208.5,2943
2026-06-22 04:00:00,4208.3,4215.9,4172.9,4215.7,2753
2026-06-22 05:00:00,4215.5,4228.6,4172.9,4226.2,4819
2026-06-22 06:00:00,4226.5,4232.3,4172.9,4222.7,2350
2026-06-22 07:00:00,4222.8,4233.7,4172.9,4225.3,2900
2026-06-22 08:00:00,4225.9,4229.9,4172.9,4211.4,5246
2026-06-22 09:00:00,4211.6,4224.5,4172.9,4218.5,12460
2026-06-22 10:00:00,4218.7,4229.5,4172.9,4216.7,11138
2026-06-22 11:00:00,4216.6,4219.6,4172.9,4201.0,8812
2026-06-22 12:00:00,4200.8,4211.9,4172.9,4208.5,4517
2026-06-22 13:00:00,4208.5,4210.1,4172.9,4201.4,3983
2026-06-22 14:00:00,4201.6,4211.3,4172.9,4209.1,1864
2026-06-22 15:00:00,4209.5,4211.6,4172.9,4209.4,2252
2026-06-22 16:00:00,4209.4,4212.3,4172.9,4172.9,965
2026-06-22 18:00:00,4210.8,4212.7,4206.1,4207.8,0
2026-06-22 19:00:00,4207.5,4213.6,4204.6,4205.5,864
2026-06-22 20:00:00,4205.0,4212.7,4196.0,4210.7,1939
2026-06-22 21:00:00,4210.6,4216.0,4167.5,4179.3,7114
2026-06-22 22:00:00,4179.4,4181.3,4164.3,4164.9,3501
2026-06-22 23:00:00,4164.9,4167.6,4148.4,4162.2,4736
2026-06-23 00:00:00,4161.8,4164.8,4132.2,4135.6,0
2026-06-23 01:00:00,4136.0,4155.0,4133.1,4138.9,4787
2026-06-23 02:00:00,4139.6,4144.9,4127.9,4132.4,6101
2026-06-23 03:00:00,4131.9,4142.7,4114.0,4116.0,5589
2026-06-23 04:00:00,4116.3,4128.4,4108.2,4122.6,5968
2026-06-23 05:00:00,4123.0,4140.1,4122.1,4140.1,4144
2026-06-23 06:00:00,4140.0,4151.1,4137.4,4137.7,3734
2026-06-23 07:00:00,4137.6,4150.0,4135.2,4141.1,4694
2026-06-23 08:00:00,4141.0,4145.3,4129.0,4131.0,6174
2026-06-23 09:00:00,4131.1,4158.5,4122.8,4154.1,11890
2026-06-23 10:00:00,4153.1,4163.5,4140.0,4147.5,14041
2026-06-23 11:00:00,4148.0,4159.4,4140.6,4156.7,8288
2026-06-23 12:00:00,4156.8,4161.8,4149.3,4151.9,4214
2026-06-23 13:00:00,4151.9,4157.7,4145.5,4145.9,4797
2026-06-23 14:00:00,4146.0,4148.8,4130.8,4135.6,2845
2026-06-23 15:00:00,4135.8,4144.4,4129.1,4129.6,3301
2026-06-23 16:00:00,4129.9,4130.8,4125.0,4129.0,2381
2026-06-23 18:00:00,4130.0,4132.4,4113.9,4121.2,0
2026-06-23 19:00:00,4120.9,4120.9,4097.9,4116.6,3096
2026-06-23 20:00:00,4117.0,4129.7,4111.4,4114.7,3091
2026-06-23 21:00:00,4114.9,4119.8,4086.0,4106.5,6255
2026-06-23 22:00:00,4106.4,4113.1,4069.0,4078.3,6567
2026-06-23 23:00:00,4078.1,4081.8,4067.0,4071.9,1555
2026-06-24 00:00:00,4080.1,4083.7,4071.6,4080.6,0
2026-06-24 01:00:00,4081.2,4103.1,4077.6,4093.1,3858
2026-06-24 02:00:00,4093.1,4114.7,4093.1,4103.9,5040
2026-06-24 03:00:00,4103.9,4107.8,4090.7,4091.5,3027
2026-06-24 04:00:00,4091.6,4104.8,4090.0,4093.3,2940
2026-06-24 05:00:00,4093.3,4095.8,4081.6,4081.8,3869
2026-06-24 06:00:00,4082.0,4083.7,4071.0,4072.3,3285
2026-06-24 07:00:00,4072.1,4075.6,4053.9,4063.2,7738
2026-06-24 08:00:00,4063.4,4065.2,4003.3,4004.0,22560
2026-06-24 09:00:00,4004.1,4059.0,3980.3,4054.9,39903
2026-06-24 10:00:00,4054.9,4058.2,4020.0,4025.0,16335
2026-06-24 11:00:00,4025.4,4033.9,4014.3,4019.5,8596
2026-06-24 12:00:00,4019.4,4039.7,4012.6,4023.4,8805
2026-06-24 13:00:00,4023.7,4028.6,3989.5,3989.8,11606
2026-06-24 14:00:00,3989.9,4011.7,3975.7,3998.1,9129
2026-06-24 15:00:00,3998.7,4008.2,3990.4,4004.9,4713
2026-06-24 16:00:00,4005.5,4020.0,4001.6,4016.4,3190
2026-06-24 18:00:00,4019.0,4024.9,4008.8,4012.0,0
2026-06-24 19:00:00,4012.5,4033.9,4006.0,4026.6,2972
2026-06-24 20:00:00,4028.3,4031.5,3994.2,4007.3,4459
2026-06-24 21:00:00,4007.2,4021.4,3987.9,3992.2,4714
2026-06-24 22:00:00,3992.9,4006.6,3976.3,3998.7,5946
2026-06-24 23:00:00,3998.8,4016.6,3981.6,4012.4,4917
2026-06-25 00:00:00,4011.1,4013.2,3999.5,4011.8,2431
2026-06-25 01:00:00,4012.0,4015.7,3996.2,4001.6,4181
2026-06-25 02:00:00,4001.5,4004.6,3988.9,3992.7,4374
2026-06-25 03:00:00,3992.5,4005.5,3986.6,4003.5,5612
2026-06-25 04:00:00,4003.6,4017.9,4000.2,4004.9,5972
2026-06-25 05:00:00,4004.9,4013.5,4001.9,4003.4,3753
2026-06-25 06:00:00,4003.0,4004.6,3998.2,4003.6,1775
