วันที่,ราคาเปิด,ราคาสูงสุด,ราคาต่ำสุด,ราคาปิด,ปริมาณซื้อขาย
2023-10-19 00:00:00,1958.0,1964.6,1957.0,1961.0,15854
2023-10-19 04:00:00,1960.9,1966.6,1959.5,1963.9,22336
2023-10-19 08:00:00,1963.9,1972.2,1961.4,1968.0,85608
2023-10-19 12:00:00,1968.1,1990.2,1963.8,1986.8,103261
2023-10-19 16:00:00,1986.9,1994.3,1984.4,1989.0,10801
2023-10-19 20:00:00,1988.9,1993.8,1983.7,1989.6,22382
2023-10-20 00:00:00,1989.6,1993.8,1985.9,1991.9,22921
2023-10-20 04:00:00,1991.9,1997.6,1987.8,1989.1,37182
2023-10-20 08:00:00,1989.0,2009.2,1984.7,2003.3,113016
2023-10-20 12:00:00,2003.4,2004.4,1985.6,1991.5,68585
2023-10-20 16:00:00,1991.4,1993.9,1990.7,1993.1,2677
2023-10-22 16:00:00,1987.7,1989.9,1971.0,1982.8,8093
2023-10-22 20:00:00,1982.7,1986.3,1975.5,1984.9,22187
2023-10-23 00:00:00,1984.9,1991.3,1984.1,1991.0,19099
2023-10-23 04:00:00,1990.9,1994.3,1986.6,1990.9,25392
2023-10-23 08:00:00,1990.8,1993.4,1981.3,1986.6,85697
2023-10-23 12:00:00,1986.6,1990.9,1982.6,1984.8,39711
2023-10-23 16:00:00,1984.8,1985.2,1982.6,1984.6,4786
2023-10-23 20:00:00,1984.7,1992.0,1983.6,1987.9,17814
2023-10-24 00:00:00,1987.8,1990.3,1985.4,1986.5,14899
2023-10-24 04:00:00,1986.6,1987.1,1964.6,1974.7,52182
2023-10-24 08:00:00,1974.7,1981.5,1970.0,1981.1,66975
2023-10-24 12:00:00,1981.1,1989.0,1980.2,1984.0,34988
2023-10-24 16:00:00,1984.0,1984.5,1981.2,1983.7,3769
2023-10-24 20:00:00,1983.8,1987.9,1981.6,1983.6,14854
2023-10-25 00:00:00,1983.8,1986.9,1979.2,1982.2,19442
2023-10-25 04:00:00,1982.2,1987.6,1980.2,1985.8,23146
2023-10-25 08:00:00,1985.8,1998.6,1973.6,1992.4,133157
2023-10-25 12:00:00,1992.3,1997.2,1987.4,1992.0,38972
2023-10-25 16:00:00,1992.0,1994.6,1988.6,1992.8,7050
2023-10-25 20:00:00,1992.8,1997.4,1992.3,1997.3,14245
2023-10-26 00:00:00,1997.3,2000.5,1994.1,2000.5,25339
2023-10-26 04:00:00,2000.4,2003.7,1992.6,1994.4,31837
2023-10-26 08:00:00,1994.4,1996.7,1981.6,1990.2,88546
2023-10-26 12:00:00,1990.2,1999.7,1989.6,1994.7,39083
2023-10-26 16:00:00,1994.7,1996.8,1993.5,1994.3,4120
2023-10-26 20:00:00,1994.3,1998.5,1992.8,1997.6,11892
2023-10-27 00:00:00,1997.8,1999.8,1995.5,1997.2,14699
2023-10-27 04:00:00,1997.2,1997.9,1989.6,1991.7,19027
2023-10-27 08:00:00,1991.6,1996.2,1986.4,1989.8,80537
2023-10-27 12:00:00,1989.8,2019.7,1989.0,2016.8,73336
2023-10-27 16:00:00,2016.8,2016.9,2014.4,2016.2,4085
2023-10-29 16:00:00,2013.5,2016.7,2007.1,2012.8,11170
2023-10-29 20:00:00,2012.8,2016.8,2011.1,2012.0,12395
2023-10-30 00:00:00,2011.7,2012.3,2002.8,2003.0,17234
2023-10-30 04:00:00,2003.1,2007.0,1999.7,2005.3,26411
2023-10-30 08:00:00,2005.4,2012.4,2001.5,2008.8,78552
2023-10-30 12:00:00,2008.9,2010.5,2004.3,2005.7,29115
2023-10-30 16:00:00,2005.7,2006.6,2003.6,2004.9,3790
2023-10-30 20:00:00,2004.8,2006.5,2001.0,2001.1,10011
2023-10-31 00:00:00,2001.5,2007.0,1999.9,2005.6,11707
2023-10-31 04:00:00,2005.5,2009.7,2004.2,2009.3,18302
2023-10-31 08:00:00,2009.2,2017.7,2001.5,2003.4,101891
2023-10-31 12:00:00,2003.3,2004.0,1987.4,1993.6,59199
2023-10-31 16:00:00,1993.6,1994.8,1991.8,1992.6,3713
2023-10-31 20:00:00,1992.5,1992.9,1985.4,1985.6,13155
2023-11-01 00:00:00,1985.6,1989.5,1983.7,1985.7,12813
2023-11-01 04:00:00,1985.8,1994.2,1985.7,1992.4,17708
2023-11-01 08:00:00,1992.4,2005.9,1986.8,1988.0,79456
2023-11-01 12:00:00,1988.0,1991.3,1978.2,1987.2,60151
2023-11-01 16:00:00,1987.1,1993.9,1985.7,1993.4,8187
2023-11-01 20:00:00,1993.3,1996.0,1991.1,1993.2,12240
2023-11-02 00:00:00,1993.3,1994.4,1991.4,1993.2,13081
2023-11-02 04:00:00,1993.2,1998.3,1992.2,1996.3,17504
2023-11-02 08:00:00,1996.4,1999.2,1986.3,1988.8,75530
2023-11-02 12:00:00,1988.8,1994.4,1986.4,1993.0,25808
2023-11-02 16:00:00,1993.0,1994.1,1991.8,1992.4,2340
2023-11-02 20:00:00,1992.5,1995.4,1990.6,1992.7,8051
2023-11-03 00:00:00,1993.1,1996.8,1992.1,1994.1,11370
2023-11-03 04:00:00,1994.0,1997.6,1993.7,1995.0,16457
2023-11-03 08:00:00,1995.0,2011.9,1989.3,1999.2,141319
2023-11-03 12:00:00,1999.3,2002.6,1996.7,2000.0,30695
2023-11-03 16:00:00,1999.9,2000.3,1999.3,1999.9,1544
2023-11-05 16:00:00,1999.4,2000.1,1994.2,1998.1,5694
2023-11-05 20:00:00,1998.0,2000.0,1988.8,1990.8,15419
2023-11-06 00:00:00,1990.7,1995.0,1989.0,1992.9,16752
2023-11-06 04:00:00,1993.0,1995.4,1990.0,1991.2,20074
2023-11-06 08:00:00,1991.3,1996.3,1986.7,1990.4,62790
2023-11-06 12:00:00,1990.4,1991.5,1984.4,1984.6,19944
2023-11-06 16:00:00,1984.7,1985.8,1982.1,1982.5,3817
2023-11-06 20:00:00,1982.5,1983.3,1977.4,1978.0,20059
2023-11-07 00:00:00,1977.8,1980.8,1972.5,1973.1,27885
2023-11-07 04:00:00,1972.8,1975.5,1963.4,1965.1,40000
2023-11-07 08:00:00,1965.0,1974.0,1962.8,1971.2,68276
2023-11-07 12:00:00,1971.3,1976.6,1968.2,1975.4,37915
2023-11-07 16:00:00,1975.3,1976.4,1974.2,1974.5,3221
2023-11-07 20:00:00,1974.5,1977.5,1973.6,1973.8,7987
2023-11-08 00:00:00,1973.8,1975.3,1971.1,1974.4,12543
2023-11-08 04:00:00,1974.5,1974.6,1965.8,1968.9,22938
2023-11-08 08:00:00,1969.0,1973.0,1956.8,1961.0,80157
2023-11-08 12:00:00,1961.0,1962.9,1953.2,1955.7,39274
2023-11-08 16:00:00,1955.8,1957.4,1954.2,1957.4,6447
2023-11-08 20:00:00,1957.3,1959.8,1952.8,1954.2,14598
2023-11-09 00:00:00,1954.4,1955.6,1948.3,1953.4,20014
2023-11-09 04:00:00,1953.4,1954.7,1950.0,1950.8,21506
2023-11-09 08:00:00,1950.8,1970.4,1949.8,1965.6,77505
2023-11-09 12:00:00,1965.6,1971.5,1961.4,1962.9,44643
2023-11-09 16:00:00,1962.7,1965.5,1962.4,1965.3,4583
2023-11-09 20:00:00,1965.3,1965.6,1961.3,1962.6,11028
2023-11-10 00:00:00,1962.6,1962.9,1958.1,1959.5,12237
2023-11-10 04:00:00,1959.4,1960.0,1947.8,1951.7,33647
2023-11-10 08:00:00,1951.7,1953.2,1941.1,1943.8,92969
2023-11-10 12:00:00,1943.7,1944.4,1936.9,1940.2,52413
2023-11-10 16:00:00,1940.3,1943.1,1939.9,1942.7,3450
2023-11-12 16:00:00,1943.4,1946.1,1941.3,1943.5,6488
2023-11-12 20:00:00,1943.4,1945.4,1938.1,1939.5,11939
2023-11-13 00:00:00,1939.8,1945.3,1939.6,1940.6,23630
2023-11-13 04:00:00,1940.5,1944.6,1939.2,1940.1,18112
2023-11-13 08:00:00,1940.0,1950.9,1935.6,1950.0,61956
2023-11-13 12:00:00,1950.1,1953.5,1949.1,1950.8,41533
2023-11-13 16:00:00,1950.7,1951.4,1949.7,1950.8,2825
2023-11-13 20:00:00,1950.8,1952.6,1947.7,1948.6,8781
2023-11-14 00:00:00,1948.5,1950.5,1947.4,1949.2,10521
2023-11-14 04:00:00,1949.3,1952.0,1948.6,1949.0,16271
2023-11-14 08:00:00,1949.0,1975.3,1938.8,1968.0,112998
2023-11-14 12:00:00,1968.0,1969.1,1965.3,1967.6,20480
2023-11-14 16:00:00,1967.7,1967.9,1965.3,1967.2,4803
2023-11-14 20:00:00,1967.2,1971.6,1965.0,1971.2,10710
2023-11-15 00:00:00,1971.1,1976.2,1969.5,1975.3,17836
2023-11-15 04:00:00,1975.2,1977.8,1973.7,1975.4,15428
2023-11-15 08:00:00,1975.3,1979.2,1958.8,1966.1,72550
2023-11-15 12:00:00,1966.0,1966.9,1962.6,1963.2,17737
2023-11-15 16:00:00,1963.1,1964.4,1961.8,1962.6,3368
2023-11-15 20:00:00,1962.5,1965.1,1959.0,1965.0,10728
2023-11-16 00:00:00,1965.2,1970.4,1964.8,1970.1,12867
2023-11-16 04:00:00,1970.1,1971.2,1964.5,1966.9,13996
2023-11-16 08:00:00,1966.8,1991.1,1966.7,1985.1,114855
2023-11-16 12:00:00,1985.1,1988.5,1983.8,1983.9,25285
2023-11-16 16:00:00,1984.0,1987.5,1983.6,1987.5,3160
2023-11-16 20:00:00,1987.6,1989.6,1985.2,1988.6,11591
2023-11-17 00:00:00,1988.5,1991.9,1985.0,1991.4,15330
2023-11-17 04:00:00,1991.4,1996.4,1990.3,1991.4,20886
2023-11-17 08:00:00,1991.5,1994.4,1981.8,1983.8,59476
2023-11-17 12:00:00,1983.7,1985.5,1981.1,1983.6,17727
2023-11-17 16:00:00,1983.5,1983.6,1982.5,1983.5,1239
2023-11-19 16:00:00,1980.9,1981.4,1975.8,1980.0,5683
2023-11-19 20:00:00,1980.0,1987.8,1979.9,1983.5,15317
2023-11-20 00:00:00,1983.7,1985.6,1977.9,1979.2,17367
2023-11-20 04:00:00,1979.0,1982.6,1972.5,1974.8,26939
2023-11-20 08:00:00,1974.8,1977.7,1967.2,1977.0,73249
2023-11-20 12:00:00,1977.0,1981.5,1974.8,1980.3,31764
2023-11-20 16:00:00,1980.4,1988.5,1979.4,1988.1,5087
2023-11-20 20:00:00,1988.0,1996.2,1985.6,1993.8,20533
2023-11-21 00:00:00,1994.1,1996.2,1988.3,1989.7,22551
2023-11-21 04:00:00,1989.7,1991.9,1986.1,1990.9,29849
2023-11-21 08:00:00,1991.0,2009.8,1991.0,2003.3,112730
2023-11-21 12:00:00,2003.4,2004.0,1998.3,2001.1,30652
2023-11-21 16:00:00,2001.0,2001.8,1998.9,1999.4,4261
2023-11-21 20:00:00,1999.4,2001.8,1997.3,2001.0,12704
2023-11-22 00:00:00,2000.7,2008.3,1998.3,2001.4,29255
2023-11-22 04:00:00,2001.3,2005.4,2000.7,2003.6,20200
2023-11-22 08:00:00,2003.6,2005.1,1991.6,1992.8,98635
2023-11-22 12:00:00,1992.8,1994.5,1988.6,1991.6,27965
2023-11-22 16:00:00,1991.5,1993.1,1991.2,1992.8,3544
2023-11-22 20:00:00,1992.8,1999.5,1992.0,1996.2,15387
2023-11-23 00:00:00,1996.1,1999.4,1994.5,1995.7,18375
2023-11-23 04:00:00,1995.7,1996.2,1992.8,1993.2,12937
2023-11-23 08:00:00,1993.2,1995.8,1990.9,1991.6,20279
2023-11-23 12:00:00,1991.6,1994.0,1991.6,1993.3,2271
2023-11-23 16:00:00,1993.7,1995.6,1993.3,1994.5,2076
2023-11-23 20:00:00,1994.6,1995.7,1992.1,1994.6,16890
2023-11-24 08:00:00,2000.5,2004.5,1997.8,2000.8,35609
2023-11-24 12:00:00,2000.8,2003.5,2000.4,2002.0,8650
2023-11-26 16:00:00,2002.5,2004.8,2001.4,2002.8,6267
2023-11-26 20:00:00,2002.9,2018.9,2002.9,2013.7,35232
2023-11-27 00:00:00,2013.7,2014.5,2009.4,2014.5,29762
2023-11-27 04:00:00,2014.4,2016.1,2012.3,2014.4,37087
2023-11-27 08:00:00,2014.5,2017.5,2006.1,2011.5,99374
2023-11-27 12:00:00,2011.4,2015.2,2009.3,2014.8,36674
2023-11-27 16:00:00,2014.7,2018.2,2013.8,2017.2,5959
2023-11-27 20:00:00,2017.2,2018.1,2013.8,2015.7,10774
2023-11-28 00:00:00,2015.6,2017.0,2012.2,2015.6,14122
2023-11-28 04:00:00,2015.6,2017.0,2013.5,2014.7,19312
2023-11-28 08:00:00,2014.8,2041.9,2011.5,2040.6,94364
2023-11-28 12:00:00,2040.6,2044.1,2039.1,2042.0,29143
2023-11-28 16:00:00,2042.0,2050.0,2040.9,2050.0,1963
2023-11-28 20:00:00,2050.0,2052.1,2043.9,2046.7,1484
2023-11-29 00:00:00,2047.9,2064.6,2041.7,2063.8,49471
2023-11-29 04:00:00,2063.7,2064.4,2036.0,2062.4,28798
2023-11-29 08:00:00,2062.6,2068.1,2037.9,2063.2,77385
2023-11-29 12:00:00,2063.1,2070.8,2042.7,2065.7,29753
2023-11-29 16:00:00,2065.7,2067.0,2044.7,2066.8,2970
2023-11-29 20:00:00,2066.9,2067.4,2062.6,2064.3,10958
2023-11-30 00:00:00,2064.9,2067.0,2059.8,2060.4,17127
2023-11-30 04:00:00,2060.4,2062.2,2055.3,2058.3,24158
2023-11-30 08:00:00,2058.3,2066.6,2051.2,2059.6,68493
2023-11-30 12:00:00,2059.7,2061.4,2053.5,2056.0,17645
2023-11-30 16:00:00,2055.9,2062.2,2054.6,2061.5,4120
2023-11-30 20:00:00,2061.5,2063.1,2058.1,2059.6,10030
2023-12-01 00:00:00,2059.7,2065.7,2058.6,2065.1,12755
2023-12-01 04:00:00,2065.1,2069.7,2052.6,2055.3,29538
2023-12-01 08:00:00,2055.2,2080.5,2054.3,2078.6,105749
2023-12-01 12:00:00,2078.5,2095.7,2077.0,2090.3,65805
2023-12-01 16:00:00,2090.4,2092.1,2090.0,2091.7,3048
2023-12-03 16:00:00,2094.4,2152.3,2091.9,2115.6,69993
2023-12-03 20:00:00,2115.7,2118.3,2101.5,2104.8,26618
2023-12-04 00:00:00,2105.2,2111.1,2077.4,2089.2,46817
2023-12-04 04:00:00,2089.2,2096.5,2083.1,2088.7,32791
2023-12-04 08:00:00,2088.8,2089.5,2038.4,2044.5,150784
2023-12-04 12:00:00,2044.6,2051.0,2040.7,2045.3,38509
2023-12-04 16:00:00,2045.4,2059.6,2045.4,2055.1,9941
2023-12-04 20:00:00,2055.0,2056.7,2048.3,2049.7,18756
2023-12-05 00:00:00,2050.4,2057.8,2049.1,2052.4,23227
2023-12-05 04:00:00,2052.4,2052.4,2039.6,2043.1,24836
2023-12-05 08:00:00,2043.0,2049.0,2027.6,2032.7,98487
2023-12-05 12:00:00,2032.9,2039.4,2032.7,2037.6,24952
2023-12-05 16:00:00,2037.6,2040.8,2035.3,2039.8,4233
2023-12-05 20:00:00,2039.8,2041.8,2037.2,2039.1,9985
2023-12-06 00:00:00,2039.7,2053.4,2038.8,2042.8,24727
2023-12-06 04:00:00,2042.8,2045.3,2037.6,2044.1,22165
2023-12-06 08:00:00,2043.9,2051.0,2040.3,2047.8,65190
2023-12-06 12:00:00,2047.7,2049.0,2043.1,2044.6,20804
2023-12-06 16:00:00,2044.6,2046.6,2042.4,2045.5,3609
2023-12-06 20:00:00,2045.6,2047.1,2042.2,2043.3,12666
2023-12-07 00:00:00,2043.0,2051.8,2042.1,2049.8,23780
2023-12-07 04:00:00,2049.8,2052.2,2046.3,2050.2,15105
2023-12-07 08:00:00,2050.3,2057.2,2041.5,2043.0,70532
2023-12-07 12:00:00,2043.1,2049.0,2036.6,2046.1,37931
2023-12-07 16:00:00,2046.1,2049.7,2043.5,2047.7,5604
2023-12-07 20:00:00,2047.7,2050.4,2045.1,2047.8,10670
2023-12-08 00:00:00,2047.9,2048.3,2042.7,2044.6,20875
2023-12-08 04:00:00,2044.5,2048.7,2042.9,2044.1,25027
2023-12-08 08:00:00,2044.1,2048.0,2016.6,2018.3,123536
2023-12-08 12:00:00,2018.3,2020.0,2010.6,2018.8,39653
2023-12-08 16:00:00,2018.9,2021.2,2018.7,2020.6,2129
2023-12-10 16:00:00,2020.0,2023.7,2019.1,2020.5,5500
2023-12-10 20:00:00,2020.4,2020.7,2009.8,2012.6,17403
2023-12-11 00:00:00,2012.4,2016.1,2006.2,2011.8,18134
2023-12-11 04:00:00,2011.8,2012.8,2007.0,2010.7,19545
2023-12-11 08:00:00,2010.7,2011.4,1995.5,1997.1,58045
2023-12-11 12:00:00,1997.1,1998.7,1991.2,1996.7,31227
2023-12-11 16:00:00,1996.7,2004.8,1996.6,2000.9,5207
2023-12-11 20:00:00,2000.8,2001.6,1997.0,2000.7,10598
2023-12-12 00:00:00,2000.8,2004.1,1998.7,1998.9,14595
2023-12-12 04:00:00,1998.8,2004.5,1997.8,2003.5,15053
2023-12-12 08:00:00,2003.5,2012.5,1994.3,1996.2,70864
2023-12-12 12:00:00,1996.3,1996.6,1992.3,1995.1,20703
2023-12-12 16:00:00,1995.0,1998.0,1994.5,1995.9,3022
2023-12-12 20:00:00,1996.0,1996.9,1992.6,1993.0,8159
2023-12-13 00:00:00,1993.1,1997.3,1987.9,1995.2,18925
2023-12-13 04:00:00,1995.3,1998.8,1994.5,1996.5,11856
2023-12-13 08:00:00,1996.6,2001.9,1993.4,1996.3,41887
2023-12-13 12:00:00,1996.4,2039.8,1994.5,2039.4,93208
2023-12-13 16:00:00,2039.3,2053.5,2036.9,2052.2,15423
2023-12-13 20:00:00,2052.3,2052.5,2044.2,2045.6,22282
2023-12-14 00:00:00,2045.7,2055.0,2043.7,2051.2,33854
2023-12-14 04:00:00,2051.4,2053.9,2046.9,2053.5,25530
2023-12-14 08:00:00,2053.6,2062.9,2042.0,2054.0,84477
2023-12-14 12:00:00,2054.0,2054.1,2043.5,2051.1,38861
2023-12-14 16:00:00,2051.1,2053.1,2045.5,2046.8,4539
2023-12-14 20:00:00,2047.0,2051.7,2046.1,2050.7,10603
2023-12-15 00:00:00,2051.0,2055.4,2048.6,2054.7,12443
2023-12-15 04:00:00,2054.7,2059.6,2054.4,2055.7,20433
2023-12-15 08:00:00,2055.8,2058.8,2041.0,2048.2,69871
2023-12-15 12:00:00,2048.2,2048.8,2029.2,2032.0,44569
2023-12-15 16:00:00,2031.9,2033.9,2031.8,2033.8,1826
2023-12-17 16:00:00,2033.3,2034.9,2029.5,2033.7,5946
2023-12-17 20:00:00,2033.7,2037.8,2032.3,2036.7,11990
2023-12-18 00:00:00,2036.6,2040.7,2035.3,2038.4,23661
2023-12-18 04:00:00,2038.3,2041.5,2032.8,2037.6,30033
2023-12-18 08:00:00,2037.5,2041.0,2034.0,2036.3,36075
2023-12-18 12:00:00,2036.4,2048.0,2035.3,2040.3,28388
2023-12-18 16:00:00,2040.3,2043.1,2039.3,2041.0,3659
2023-12-18 20:00:00,2041.1,2041.9,2034.8,2037.7,10181
2023-12-19 00:00:00,2037.6,2041.5,2036.1,2040.8,18467
2023-12-19 04:00:00,2040.8,2043.8,2038.0,2043.0,19125
2023-12-19 08:00:00,2043.0,2061.0,2042.0,2058.3,55352
2023-12-19 12:00:00,2058.4,2059.5,2050.4,2053.7,21230
2023-12-19 16:00:00,2053.7,2055.0,2052.0,2052.3,3004
2023-12-19 20:00:00,2052.4,2054.2,2049.7,2053.6,8096
2023-12-20 00:00:00,2053.8,2056.9,2052.5,2054.2,13689
2023-12-20 04:00:00,2054.3,2055.6,2044.7,2047.1,18442
2023-12-20 08:00:00,2047.1,2053.5,2042.5,2048.0,49145
2023-12-20 12:00:00,2048.1,2050.4,2042.6,2042.9,21601
2023-12-20 16:00:00,2042.8,2045.9,2040.6,2045.5,4673
2023-12-20 20:00:00,2045.6,2049.8,2045.2,2047.9,8368
2023-12-21 00:00:00,2048.1,2050.0,2045.7,2048.0,10101
2023-12-21 04:00:00,2048.1,2051.0,2044.5,2049.5,12188
2023-12-21 08:00:00,2049.5,2058.0,2043.5,2053.4,59092
2023-12-21 12:00:00,2053.4,2057.2,2049.2,2056.0,20296
2023-12-21 16:00:00,2055.9,2066.7,2055.8,2059.6,11631
2023-12-21 20:00:00,2059.6,2062.9,2058.2,2060.8,11148
2023-12-22 00:00:00,2061.2,2063.9,2058.5,2063.3,12080
2023-12-22 04:00:00,2063.3,2078.2,2063.3,2072.0,36279
2023-12-22 08:00:00,2072.0,2083.0,2063.3,2065.5,67769
2023-12-22 12:00:00,2065.5,2070.1,2063.5,2064.9,21855
2023-12-22 16:00:00,2064.9,2065.4,2064.0,2064.5,1530
2023-12-26 00:00:00,2075.1,2076.3,2072.4,2072.6,7966
2023-12-26 04:00:00,2072.5,2075.2,2071.8,2072.9,7302
2023-12-26 08:00:00,2072.9,2075.3,2065.5,2070.9,26358
2023-12-26 12:00:00,2070.8,2079.9,2068.2,2079.6,15946
2023-12-26 16:00:00,2079.5,2080.5,2075.2,2076.9,5363
2023-12-26 20:00:00,2076.9,2079.3,2075.2,2077.1,8025
2023-12-27 00:00:00,2077.0,2079.6,2075.4,2078.6,10097
2023-12-27 04:00:00,2078.6,2082.0,2072.8,2079.3,21158
2023-12-27 08:00:00,2079.2,2093.9,2077.4,2093.0,54727
2023-12-27 12:00:00,2093.0,2095.8,2087.4,2089.9,24124
2023-12-27 16:00:00,2089.9,2091.4,2088.4,2090.1,4222
2023-12-27 20:00:00,2090.1,2098.2,2089.9,2096.5,12474
2023-12-28 00:00:00,2096.7,2097.7,2086.8,2087.6,19372
2023-12-28 04:00:00,2087.7,2089.3,2081.1,2086.3,21194
2023-12-28 08:00:00,2086.3,2091.2,2082.1,2084.3,41001
2023-12-28 12:00:00,2084.4,2086.3,2075.9,2076.8,25376
2023-12-28 16:00:00,2076.8,2077.6,2074.6,2076.4,4536
2023-12-28 20:00:00,2076.5,2081.0,2076.2,2079.4,11997
2023-12-29 00:00:00,2079.2,2084.1,2077.9,2078.0,10595
2023-12-29 04:00:00,2078.0,2079.1,2071.4,2074.8,17263
2023-12-29 08:00:00,2074.7,2077.3,2067.6,2075.7,35558
2023-12-29 12:00:00,2075.5,2077.6,2070.4,2072.8,21139
2023-12-29 16:00:00,2072.9,2073.4,2071.8,2071.8,2029
2024-01-02 00:00:00,2078.7,2085.7,2078.4,2082.2,21162
2024-01-02 04:00:00,2082.3,2088.1,2073.8,2076.9,29731
2024-01-02 08:00:00,2076.7,2080.0,2064.3,2074.9,61325
2024-01-02 12:00:00,2075.0,2075.9,2066.8,2067.1,18475
2024-01-02 16:00:00,2067.2,2070.3,2066.8,2068.7,4776
2024-01-02 20:00:00,2068.7,2073.9,2067.9,2072.9,11586
2024-01-03 00:00:00,2073.0,2074.3,2067.0,2068.3,15296
2024-01-03 04:00:00,2068.3,2068.8,2049.8,2053.6,42278
2024-01-03 08:00:00,2053.6,2057.1,2039.2,2040.4,100546
2024-01-03 12:00:00,2040.4,2050.3,2038.3,2049.2,37060
2024-01-03 16:00:00,2049.3,2051.1,2048.4,2049.3,3252
2024-01-03 20:00:00,2049.2,2054.1,2047.0,2050.3,14379
2024-01-04 00:00:00,2050.2,2056.6,2049.6,2053.9,18365
2024-01-04 04:00:00,2053.8,2058.1,2050.6,2053.3,20990
2024-01-04 08:00:00,2053.4,2055.2,2043.3,2052.0,51609
2024-01-04 12:00:00,2052.1,2052.4,2048.2,2050.7,15934
2024-01-04 16:00:00,2050.7,2052.0,2049.9,2051.3,2481
2024-01-04 20:00:00,2051.3,2055.0,2051.0,2051.7,11637
2024-01-05 00:00:00,2051.2,2053.8,2047.6,2049.3,14049
2024-01-05 04:00:00,2049.2,2050.8,2043.8,2046.9,19028
2024-01-05 08:00:00,2047.0,2071.1,2030.8,2051.8,129295
2024-01-05 12:00:00,2051.9,2057.2,2047.2,2050.8,28773
2024-01-05 16:00:00,2050.8,2053.2,2050.8,2052.7,1762
2024-01-07 16:00:00,2052.6,2053.0,2049.8,2052.5,3875
2024-01-07 20:00:00,2052.6,2053.3,2041.7,2042.3,15580
2024-01-08 00:00:00,2042.4,2042.6,2033.4,2034.4,32020
2024-01-08 04:00:00,2034.4,2038.1,2022.7,2031.0,37265
2024-01-08 08:00:00,2031.0,2043.6,2024.7,2038.8,78464
2024-01-08 12:00:00,2038.8,2039.6,2032.3,2033.4,29901
2024-01-08 16:00:00,2033.3,2040.9,2033.3,2040.4,6077
2024-01-08 20:00:00,2040.3,2042.7,2037.2,2039.0,15936
2024-01-09 00:00:00,2038.9,2044.2,2036.2,2040.3,21837
2024-01-09 04:00:00,2040.3,2044.8,2039.3,2042.3,30058
2024-01-09 08:00:00,2042.4,2048.6,2031.9,2037.2,80509
2024-01-09 12:00:00,2037.2,2038.1,2032.5,2034.3,37425
2024-01-09 16:00:00,2034.4,2037.1,2034.1,2036.1,5089
2024-01-09 20:00:00,2036.1,2038.4,2032.9,2035.4,13601
2024-01-10 00:00:00,2035.4,2041.6,2029.2,2041.2,27904
2024-01-10 04:00:00,2041.1,2046.2,2036.7,2037.1,27208
2024-01-10 08:00:00,2037.1,2040.0,2030.2,2032.5,57297
2024-01-10 12:00:00,2032.6,2033.3,2025.9,2029.1,50155
2024-01-10 16:00:00,2029.1,2032.7,2028.8,2032.1,4549
2024-01-10 20:00:00,2032.2,2036.3,2031.3,2036.0,12020
2024-01-11 00:00:00,2036.1,2040.0,2035.0,2035.4,16529
2024-01-11 04:00:00,2035.3,2039.6,2034.8,2036.9,21743
2024-01-11 08:00:00,2037.0,2056.1,2017.6,2020.8,150231
2024-01-11 12:00:00,2020.8,2033.0,2017.3,2031.9,62409
2024-01-11 16:00:00,2031.9,2039.9,2031.8,2035.4,6117
2024-01-11 20:00:00,2035.4,2039.7,2034.3,2038.8,11936
2024-01-12 00:00:00,2038.8,2044.5,2037.8,2043.2,21246
2024-01-12 04:00:00,2043.2,2058.7,2042.3,2052.6,44986
2024-01-12 08:00:00,2052.6,2067.3,2049.0,2052.9,115343
2024-01-12 12:00:00,2052.8,2053.6,2045.7,2051.8,48052
2024-01-12 16:00:00,2051.8,2053.6,2051.2,2053.6,1756
2024-01-14 16:00:00,2053.4,2053.4,2049.5,2051.9,4018
2024-01-14 20:00:00,2052.5,2061.9,2051.2,2058.3,14994
2024-01-16 00:00:00,2053.0,2054.5,2045.7,2046.7,20499
2024-01-16 04:00:00,2046.8,2047.6,2039.1,2042.2,26789
2024-01-16 08:00:00,2042.0,2048.9,2034.6,2037.0,92881
2024-01-16 12:00:00,2037.0,2037.3,2027.6,2031.8,50002
2024-01-16 16:00:00,2031.9,2032.1,2029.0,2031.6,5937
2024-01-16 20:00:00,2031.7,2036.1,2026.5,2028.5,17855
2024-01-17 00:00:00,2028.5,2029.5,2020.5,2024.5,34548
2024-01-17 04:00:00,2024.4,2032.5,2022.0,2031.8,30791
2024-01-17 08:00:00,2031.8,2032.1,2006.9,2008.4,115447
2024-01-17 12:00:00,2008.3,2011.0,2004.6,2009.0,39121
2024-01-17 16:00:00,2009.1,2012.7,2008.1,2012.7,6493
2024-01-17 20:00:00,2012.7,2013.8,2008.3,2010.1,14435
2024-01-18 00:00:00,2010.0,2015.9,2007.7,2011.6,20559
2024-01-18 04:00:00,2011.6,2019.6,2010.0,2017.2,29162
2024-01-18 08:00:00,2017.2,2019.9,2009.1,2017.2,61631
2024-01-18 12:00:00,2017.1,2025.2,2015.5,2024.7,33254
2024-01-18 16:00:00,2024.6,2027.4,2023.2,2025.0,3159
2024-01-18 20:00:00,2025.0,2027.3,2022.5,2022.9,10257
2024-01-19 00:00:00,2022.9,2032.3,2022.2,2031.9,20306
2024-01-19 04:00:00,2031.8,2037.5,2029.8,2035.2,24529
2024-01-19 08:00:00,2035.1,2041.9,2025.2,2027.0,72343
2024-01-19 12:00:00,2027.0,2031.9,2026.5,2030.7,30721
2024-01-19 16:00:00,2030.7,2032.3,2030.5,2031.8,1714
2024-01-21 16:00:00,2031.8,2032.2,2027.3,2030.9,4613
2024-01-21 20:00:00,2030.8,2033.8,2026.1,2026.8,11430
2024-01-22 00:00:00,2026.8,2027.9,2020.6,2023.8,23067
2024-01-22 04:00:00,2023.7,2032.0,2022.1,2031.4,22121
2024-01-22 08:00:00,2031.4,2031.5,2017.4,2025.3,58270
2024-01-22 12:00:00,2025.3,2026.2,2020.7,2022.3,21175
2024-01-22 16:00:00,2022.3,2024.4,2021.7,2024.2,2406
2024-01-22 20:00:00,2024.1,2029.3,2020.8,2028.9,18108
2024-01-23 00:00:00,2028.9,2039.3,2028.6,2030.3,30730
2024-01-23 04:00:00,2030.2,2032.9,2023.5,2027.1,23318
2024-01-23 08:00:00,2027.2,2032.4,2022.6,2027.0,47581
2024-01-23 12:00:00,2027.1,2032.0,2023.8,2029.9,29929
2024-01-23 16:00:00,2029.9,2030.9,2028.0,2028.5,3533
2024-01-23 20:00:00,2028.4,2030.0,2024.5,2025.3,8459
2024-01-24 00:00:00,2025.2,2033.4,2023.6,2032.0,21070
2024-01-24 04:00:00,2032.0,2035.8,2030.5,2033.8,29905
2024-01-24 08:00:00,2033.8,2037.9,2012.6,2016.3,128204
2024-01-24 12:00:00,2016.2,2020.8,2011.7,2013.0,34019
2024-01-24 16:00:00,2013.0,2017.7,2012.7,2015.4,4112
2024-01-24 20:00:00,2015.3,2017.4,2014.3,2015.6,9486
2024-01-25 00:00:00,2015.5,2018.0,2012.4,2013.6,24691
2024-01-25 04:00:00,2013.9,2019.6,2012.7,2013.7,23092
2024-01-25 08:00:00,2013.7,2025.6,2004.0,2014.4,86026
2024-01-25 12:00:00,2014.5,2020.6,2012.4,2020.5,37147
2024-01-25 16:00:00,2020.4,2021.6,2019.1,2021.0,3442
2024-01-25 20:00:00,2021.1,2024.2,2020.7,2020.9,9124
2024-01-26 00:00:00,2020.8,2023.3,2019.4,2020.3,11142
2024-01-26 04:00:00,2020.3,2024.7,2017.9,2021.4,21675
2024-01-26 08:00:00,2021.3,2028.1,2015.6,2017.8,53714
2024-01-26 12:00:00,2017.8,2019.0,2015.6,2018.2,16792
2024-01-26 16:00:00,2018.2,2018.9,2017.8,2018.2,1698
2024-01-28 16:00:00,2024.4,2029.0,2018.8,2021.1,8622
2024-01-28 20:00:00,2021.0,2026.5,2020.6,2025.0,10243
2024-01-29 00:00:00,2025.3,2033.2,2023.7,2030.9,17081
2024-01-29 04:00:00,2030.9,2031.3,2024.7,2027.7,15855
2024-01-29 08:00:00,2027.9,2037.2,2019.4,2026.0,57255
2024-01-29 12:00:00,2026.0,2034.6,2024.0,2031.8,36976
2024-01-29 16:00:00,2031.9,2032.8,2028.6,2032.5,878
2024-01-29 20:00:00,2032.5,2032.6,2028.9,2030.2,726
2024-01-30 00:00:00,2030.3,2057.1,2030.3,2056.6,31646
2024-01-30 04:00:00,2056.6,2056.9,2029.3,2054.4,23303
2024-01-30 08:00:00,2054.3,2068.0,2028.1,2054.1,128889
2024-01-30 12:00:00,2054.1,2055.4,2030.8,2054.3,21812
2024-01-30 16:00:00,2054.3,2056.7,2053.7,2054.1,3441
2024-01-30 20:00:00,2054.1,2055.3,2050.9,2052.6,7255
2024-01-31 00:00:00,2052.6,2058.6,2051.3,2057.2,13874
2024-01-31 04:00:00,2057.2,2058.0,2053.9,2056.6,12158
2024-01-31 08:00:00,2056.6,2074.6,2054.0,2068.1,102855
2024-01-31 12:00:00,2068.1,2069.4,2048.8,2053.1,80446
2024-01-31 16:00:00,2053.0,2060.1,2051.5,2058.0,9110
2024-01-31 20:00:00,2058.1,2067.0,2057.3,2063.2,12927
2024-02-01 00:00:00,2063.0,2063.6,2056.1,2059.1,18157
2024-02-01 04:00:00,2059.0,2060.1,2046.4,2051.1,32608
2024-02-01 08:00:00,2051.1,2083.2,2047.7,2076.9,132477
2024-02-01 12:00:00,2077.0,2080.0,2068.6,2073.0,49625
2024-02-01 16:00:00,2072.9,2073.8,2071.3,2072.0,3683
2024-02-01 20:00:00,2072.0,2073.2,2069.0,2072.3,9706
2024-02-02 00:00:00,2072.2,2074.2,2070.7,2071.1,11153
2024-02-02 04:00:00,2071.0,2073.4,2069.6,2072.2,15561
2024-02-02 08:00:00,2072.3,2074.7,2044.2,2053.3,145293
2024-02-02 12:00:00,2053.3,2055.8,2050.9,2053.1,23513
2024-02-02 16:00:00,2053.2,2057.1,2053.1,2057.1,2167
2024-02-04 16:00:00,2057.9,2059.1,2050.1,2052.1,8218
2024-02-04 20:00:00,2052.0,2055.0,2045.3,2048.3,12691
2024-02-05 00:00:00,2048.1,2048.3,2038.4,2039.6,26171
2024-02-05 04:00:00,2039.6,2044.5,2036.8,2038.8,20793
2024-02-05 08:00:00,2038.8,2040.0,2030.8,2038.5,68883
2024-02-05 12:00:00,2038.5,2043.9,2037.6,2041.5,25015
2024-02-05 16:00:00,2041.5,2043.8,2039.9,2043.0,3152
2024-02-05 20:00:00,2043.1,2044.7,2039.4,2041.9,7344
2024-02-06 00:00:00,2042.3,2045.7,2039.2,2039.8,13603
2024-02-06 04:00:00,2039.7,2044.0,2038.8,2043.8,14364
2024-02-06 08:00:00,2043.7,2055.3,2042.3,2053.0,58572
2024-02-06 12:00:00,2052.9,2054.7,2048.3,2052.3,23165
2024-02-06 16:00:00,2052.2,2052.7,2050.5,2051.0,2623
2024-02-06 20:00:00,2051.1,2051.9,2050.0,2051.3,4555
2024-02-07 00:00:00,2051.1,2052.3,2047.7,2048.8,12966
2024-02-07 04:00:00,2048.9,2051.8,2046.4,2049.2,13226
2024-02-07 08:00:00,2049.3,2061.3,2048.0,2054.6,63443
2024-02-07 12:00:00,2054.5,2054.6,2050.0,2050.6,21945
2024-02-07 16:00:00,2050.5,2052.7,2049.5,2052.3,3486
2024-02-07 20:00:00,2052.3,2053.8,2046.8,2047.5,9291
2024-02-08 00:00:00,2047.4,2050.1,2043.6,2045.6,14464
2024-02-08 04:00:00,2045.6,2053.3,2038.3,2039.7,29544
2024-02-08 08:00:00,2039.7,2049.1,2034.6,2047.0,56881
2024-02-08 12:00:00,2047.0,2050.5,2045.3,2048.1,18908
2024-02-08 16:00:00,2048.1,2050.1,2046.7,2046.9,2830
2024-02-08 20:00:00,2046.9,2049.9,2046.8,2047.5,5150
2024-02-09 00:00:00,2047.4,2049.8,2045.2,2046.9,8245
2024-02-09 04:00:00,2047.0,2048.2,2043.0,2043.2,11284
2024-02-09 08:00:00,2043.1,2051.9,2034.3,2035.8,62083
2024-02-09 12:00:00,2035.8,2040.7,2035.4,2039.3,17806
2024-02-09 16:00:00,2039.2,2039.8,2038.2,2038.7,1558
2024-02-11 16:00:00,2038.2,2041.2,2037.5,2039.4,2721
2024-02-11 20:00:00,2039.4,2040.8,2035.7,2036.9,5425
2024-02-12 00:00:00,2037.0,2041.0,2036.8,2037.5,8031
2024-02-12 04:00:00,2037.6,2037.9,2033.7,2035.4,14746
2024-02-12 08:00:00,2035.4,2041.8,2025.4,2029.6,58044
2024-02-12 12:00:00,2029.6,2035.3,2029.3,2033.9,21762
2024-02-12 16:00:00,2033.9,2034.4,2031.9,2033.0,2649
2024-02-12 20:00:00,2033.1,2034.7,2030.2,2032.4,5265
2024-02-13 00:00:00,2032.4,2039.8,2032.4,2039.8,12801
2024-02-13 04:00:00,2039.8,2043.0,2038.6,2042.0,17686
2024-02-13 08:00:00,2042.0,2047.3,2002.8,2008.0,137491
2024-02-13 12:00:00,2008.0,2009.0,2004.1,2005.5,24059
2024-02-13 16:00:00,2005.5,2006.5,2003.2,2005.1,3703
2024-02-13 20:00:00,2005.0,2006.1,2000.9,2005.1,8789
2024-02-14 00:00:00,2005.0,2006.1,1998.2,2001.1,17452
2024-02-14 04:00:00,2001.1,2006.3,2001.0,2002.9,20279
2024-02-14 08:00:00,2002.9,2006.6,1996.4,2006.1,77946
2024-02-14 12:00:00,2006.0,2008.8,2002.3,2003.9,53250
2024-02-14 16:00:00,2004.1,2006.1,2003.3,2005.4,10536
2024-02-14 20:00:00,2005.4,2006.2,2001.8,2003.6,11037
2024-02-15 00:00:00,2003.6,2007.6,2003.2,2006.8,11817
2024-02-15 04:00:00,2006.8,2010.7,2005.4,2009.6,39989
2024-02-15 08:00:00,2009.7,2020.2,2007.1,2011.7,96322
2024-02-15 12:00:00,2011.7,2018.1,2011.7,2016.1,27867
2024-02-15 16:00:00,2016.2,2016.7,2013.9,2014.1,2917
2024-02-15 20:00:00,2014.2,2017.5,2013.9,2015.5,7536
2024-02-16 00:00:00,2015.4,2018.2,2014.4,2016.6,9668
2024-02-16 04:00:00,2016.6,2020.1,2015.9,2018.5,12390
2024-02-16 08:00:00,2018.4,2023.4,2006.6,2021.1,91648
2024-02-16 12:00:00,2021.1,2027.2,2020.6,2023.8,29981
2024-02-16 16:00:00,2023.9,2026.0,2023.8,2025.2,1310
2024-02-18 16:00:00,2027.7,2032.8,2023.9,2030.6,8536
2024-02-18 20:00:00,2030.7,2034.3,2028.1,2030.5,16600
2024-02-20 00:00:00,2030.7,2034.3,2028.6,2034.1,15682
2024-02-20 04:00:00,2034.0,2039.3,2033.8,2038.0,29175
2024-02-20 08:00:00,2038.0,2042.7,2036.8,2038.5,52398
2024-02-20 12:00:00,2038.5,2040.2,2034.9,2035.8,19686
2024-02-20 16:00:00,2035.9,2036.3,2034.2,2034.8,3125
2024-02-20 20:00:00,2034.9,2042.1,2034.6,2041.7,11986
2024-02-21 00:00:00,2041.7,2043.5,2037.1,2037.5,13427
2024-02-21 04:00:00,2037.5,2041.3,2036.9,2040.5,14761
2024-02-21 08:00:00,2040.6,2042.5,2033.8,2035.0,41500
2024-02-21 12:00:00,2035.0,2037.8,2030.9,2035.2,28822
2024-02-21 16:00:00,2035.3,2037.0,2034.7,2036.3,8181
2024-02-21 20:00:00,2036.4,2038.7,2035.2,2038.7,13971
2024-02-22 00:00:00,2038.7,2045.5,2038.1,2043.5,23908
2024-02-22 04:00:00,2043.5,2043.5,2037.1,2038.2,19229
2024-02-22 08:00:00,2038.3,2038.7,2029.3,2030.7,59533
2024-02-22 12:00:00,2030.6,2034.7,2029.5,2034.5,18638
2024-02-22 16:00:00,2034.5,2035.8,2032.3,2034.1,3758
2024-02-22 20:00:00,2034.0,2036.8,2033.5,2035.5,8409
2024-02-23 00:00:00,2035.5,2035.6,2027.5,2028.8,26756
2024-02-23 04:00:00,2028.7,2038.3,2025.4,2037.5,36136
2024-02-23 08:00:00,2037.5,2048.5,2033.7,2048.3,81386
2024-02-23 12:00:00,2048.3,2053.2,2045.9,2046.7,40724
2024-02-23 16:00:00,2046.7,2046.8,2045.2,2045.8,2703
2024-02-25 16:00:00,2044.2,2044.9,2039.6,2040.0,6681
2024-02-25 20:00:00,2040.1,2043.9,2039.6,2041.7,9653
2024-02-26 00:00:00,2041.7,2046.0,2041.3,2043.6,15775
2024-02-26 04:00:00,2043.5,2045.0,2040.1,2042.5,20420
2024-02-26 08:00:00,2042.4,2044.2,2034.1,2037.1,49466
2024-02-26 12:00:00,2037.1,2043.5,2035.8,2042.1,20998
2024-02-26 16:00:00,2042.1,2042.2,2040.3,2040.8,3120
2024-02-26 20:00:00,2040.8,2043.9,2040.5,2043.1,10397
2024-02-27 00:00:00,2043.1,2049.1,2042.0,2047.6,17086
2024-02-27 04:00:00,2047.7,2048.5,2043.9,2047.7,27179
2024-02-27 08:00:00,2047.7,2047.9,2041.1,2042.7,53280
2024-02-27 12:00:00,2042.6,2045.6,2038.1,2039.5,30275
2024-02-27 16:00:00,2039.5,2040.1,2037.9,2039.6,3942
2024-02-27 20:00:00,2039.5,2042.5,2038.6,2039.0,11990
2024-02-28 00:00:00,2039.0,2040.9,2035.6,2035.7,12269
2024-02-28 04:00:00,2035.7,2039.5,2033.4,2038.7,23796
2024-02-28 08:00:00,2038.6,2047.4,2038.1,2042.9,58562
2024-02-28 12:00:00,2042.9,2045.0,2040.1,2043.1,18836
2024-02-28 16:00:00,2043.0,2044.6,2042.1,2042.4,3969
2024-02-28 20:00:00,2042.4,2045.5,2042.4,2043.6,9015
2024-02-29 00:00:00,2043.5,2046.2,2042.6,2045.6,11512
2024-02-29 04:00:00,2045.7,2045.9,2036.0,2038.4,26774
2024-02-29 08:00:00,2038.4,2059.4,2038.3,2053.4,129420
2024-02-29 12:00:00,2053.4,2055.5,2051.8,2052.7,35760
2024-02-29 16:00:00,2052.7,2053.0,2051.1,2052.1,5047
2024-02-29 20:00:00,2052.1,2055.3,2051.4,2053.9,9266
2024-03-01 00:00:00,2053.9,2057.2,2047.0,2048.0,23887
2024-03-01 04:00:00,2047.9,2066.1,2047.5,2060.9,53413
2024-03-01 08:00:00,2060.8,2090.8,2051.0,2089.9,144846
2024-03-01 12:00:00,2089.9,2097.1,2088.7,2092.4,75678
2024-03-01 16:00:00,2092.4,2093.0,2091.7,2091.9,3338
2024-03-03 16:00:00,2091.6,2095.1,2091.0,2091.2,13475
2024-03-03 20:00:00,2091.4,2092.0,2088.1,2089.4,14861
2024-03-04 00:00:00,2089.3,2097.0,2089.0,2092.2,23468
2024-03-04 04:00:00,2092.2,2094.4,2090.1,2091.1,27116
2024-03-04 08:00:00,2091.1,2128.4,2089.6,2127.8,171980
2024-03-04 12:00:00,2127.9,2128.4,2122.0,2125.3,55291
2024-03-04 16:00:00,2125.3,2126.3,2122.0,2123.7,6274
2024-03-04 20:00:00,2123.8,2125.1,2118.5,2123.8,21176
2024-03-05 00:00:00,2123.8,2130.4,2122.2,2128.9,27626
2024-03-05 04:00:00,2129.0,2135.8,2127.3,2132.6,37941
2024-03-05 08:00:00,2132.7,2150.5,2130.4,2136.7,135853
2024-03-05 12:00:00,2136.8,2143.8,2136.0,2138.1,42719
2024-03-05 16:00:00,2138.1,2138.6,2134.2,2134.9,5668
2024-03-05 20:00:00,2135.1,2136.1,2131.9,2134.3,14516
2024-03-06 00:00:00,2134.1,2139.6,2132.3,2133.2,21108
2024-03-06 04:00:00,2133.2,2143.1,2132.7,2142.3,35943
2024-03-06 08:00:00,2142.3,2158.1,2139.7,2156.4,157953
2024-03-06 12:00:00,2156.5,2160.7,2147.8,2155.0,67604
2024-03-06 16:00:00,2154.9,2158.9,2152.8,2156.3,6780
2024-03-06 20:00:00,2156.4,2169.0,2151.7,2165.8,27602
2024-03-07 00:00:00,2165.5,2167.1,2158.8,2162.4,29570
2024-03-07 04:00:00,2162.4,2166.3,2160.5,2165.9,29159
2024-03-07 08:00:00,2165.8,2172.2,2155.2,2163.5,98888
2024-03-07 12:00:00,2163.6,2168.3,2162.7,2166.0,37824
2024-03-07 16:00:00,2165.9,2170.7,2165.6,2168.1,5931
2024-03-07 20:00:00,2168.1,2168.9,2161.2,2164.5,11594
2024-03-08 00:00:00,2164.7,2175.8,2163.5,2172.0,21644
2024-03-08 04:00:00,2172.0,2178.0,2171.5,2173.1,31818
2024-03-08 08:00:00,2173.1,2192.7,2163.2,2187.8,134560
2024-03-08 12:00:00,2187.8,2203.0,2175.3,2184.1,146564
2024-03-08 16:00:00,2184.1,2186.2,2183.7,2186.2,2488
2024-03-10 16:00:00,2187.6,2190.6,2184.0,2188.3,9487
2024-03-10 20:00:00,2188.3,2195.5,2183.4,2186.3,21230
2024-03-11 00:00:00,2186.2,2189.3,2183.2,2188.8,15138
2024-03-11 04:00:00,2188.8,2189.6,2182.1,2185.3,34111
2024-03-11 08:00:00,2185.3,2192.2,2180.9,2190.7,74756
2024-03-11 12:00:00,2190.6,2191.0,2183.4,2187.7,59477
2024-03-11 16:00:00,2187.6,2190.8,2186.7,2189.8,4670
2024-03-11 20:00:00,2189.8,2190.6,2183.0,2183.4,14227
2024-03-12 00:00:00,2183.6,2185.5,2179.2,2183.2,16864
2024-03-12 04:00:00,2183.1,2185.1,2176.2,2177.8,31145
2024-03-12 08:00:00,2177.7,2187.8,2158.2,2168.5,166059
2024-03-12 12:00:00,2168.6,2172.2,2156.2,2163.0,54618
2024-03-12 16:00:00,2162.9,2166.6,2161.3,2162.4,7030
2024-03-12 20:00:00,2162.5,2166.7,2162.1,2164.3,14490
2024-03-13 00:00:00,2164.3,2166.9,2162.3,2165.1,10379
2024-03-13 04:00:00,2165.0,2169.6,2162.8,2169.3,30042
2024-03-13 08:00:00,2169.4,2180.0,2166.7,2177.1,89364
2024-03-13 12:00:00,2177.2,2185.6,2175.0,2177.9,49181
2024-03-13 16:00:00,2177.9,2180.6,2177.6,2179.8,5537
2024-03-13 20:00:00,2179.8,2181.3,2175.3,2176.3,9859
2024-03-14 00:00:00,2176.5,2176.7,2171.6,2172.8,15847
2024-03-14 04:00:00,2172.7,2176.3,2171.6,2173.0,20182
2024-03-14 08:00:00,2173.0,2174.6,2157.0,2161.5,106810
2024-03-14 12:00:00,2161.4,2169.5,2160.9,2167.8,44402
2024-03-14 16:00:00,2167.8,2168.3,2164.8,2165.5,2991
2024-03-14 20:00:00,2165.6,2170.0,2164.4,2168.7,11963
2024-03-15 00:00:00,2168.6,2174.3,2167.6,2171.1,14362
2024-03-15 04:00:00,2171.1,2176.9,2169.4,2171.0,27675
2024-03-15 08:00:00,2171.0,2171.4,2160.4,2163.8,68438
2024-03-15 12:00:00,2163.8,2167.4,2158.8,2160.7,56388
2024-03-15 16:00:00,2160.7,2162.0,2158.7,2159.4,2214
2024-03-17 16:00:00,2159.9,2160.2,2155.1,2159.7,7562
2024-03-17 20:00:00,2159.7,2160.8,2149.3,2149.7,34793
2024-03-18 00:00:00,2149.9,2155.7,2149.2,2155.6,13004
2024-03-18 04:00:00,2155.7,2165.0,2153.6,2164.6,42721
2024-03-18 08:00:00,2164.7,2167.2,2159.1,2161.9,74338
2024-03-18 12:00:00,2161.8,2164.8,2158.0,2163.7,32323
2024-03-18 16:00:00,2163.7,2165.8,2163.0,2165.5,3486
2024-03-18 20:00:00,2165.6,2166.3,2161.8,2165.0,16456
2024-03-19 00:00:00,2164.8,2165.5,2157.0,2158.8,17244
2024-03-19 04:00:00,2159.0,2159.8,2150.2,2158.8,37846
2024-03-19 08:00:00,2158.7,2162.0,2151.3,2157.4,64091
2024-03-19 12:00:00,2157.5,2161.4,2156.3,2161.1,28638
2024-03-19 16:00:00,2161.1,2162.8,2159.7,2160.1,3698
2024-03-19 20:00:00,2160.1,2163.0,2158.2,2162.6,9025
2024-03-20 00:00:00,2163.0,2163.3,2159.2,2161.0,12016
2024-03-20 04:00:00,2160.9,2161.2,2155.0,2156.7,29477
2024-03-20 08:00:00,2156.8,2168.2,2152.3,2158.8,65009
2024-03-20 12:00:00,2158.8,2192.2,2158.5,2186.0,101752
2024-03-20 16:00:00,2186.1,2225.3,2186.0,2205.8,14617
2024-03-20 20:00:00,2205.9,2214.7,2194.5,2204.8,32990
2024-03-21 00:00:00,2205.1,2212.4,2204.0,2208.7,18796
2024-03-21 04:00:00,2208.7,2214.1,2198.7,2209.6,53364
2024-03-21 08:00:00,2209.6,2211.0,2168.2,2176.4,172789
2024-03-21 12:00:00,2176.5,2186.3,2174.7,2183.7,55754
2024-03-21 16:00:00,2183.7,2184.7,2182.7,2183.6,3501
2024-03-21 20:00:00,2183.6,2188.0,2173.5,2175.2,19652
2024-03-22 00:00:00,2175.1,2177.6,2163.8,2169.9,25714
2024-03-22 04:00:00,2169.8,2171.4,2166.3,2167.5,27409
2024-03-22 08:00:00,2167.5,2181.8,2167.0,2167.9,72669
2024-03-22 12:00:00,2167.7,2169.1,2158.4,2165.4,48825
2024-03-22 16:00:00,2165.4,2168.6,2165.0,2166.5,3842
2024-03-24 16:00:00,2166.6,2170.1,2166.3,2169.4,6194
2024-03-24 20:00:00,2169.5,2179.5,2165.2,2171.6,36431
2024-03-25 00:00:00,2171.8,2172.9,2164.4,2167.0,19541
2024-03-25 04:00:00,2167.0,2173.0,2164.8,2171.5,22906
2024-03-25 08:00:00,2171.5,2182.5,2171.4,2177.1,77002
2024-03-25 12:00:00,2176.8,2178.9,2171.8,2172.1,34241
2024-03-25 16:00:00,2172.2,2174.1,2171.9,2173.4,6756
2024-03-25 20:00:00,2173.3,2175.0,2168.3,2170.7,11799
2024-03-26 00:00:00,2170.7,2174.7,2169.9,2173.5,9599
2024-03-26 04:00:00,2173.5,2200.6,2172.1,2197.2,49892
2024-03-26 08:00:00,2197.1,2198.0,2172.2,2174.8,85196
2024-03-26 12:00:00,2174.8,2179.6,2174.7,2178.6,37475
2024-03-26 16:00:00,2178.6,2179.8,2175.3,2178.0,1376
2024-03-26 20:00:00,2178.5,2180.3,2172.1,2177.0,2578
2024-03-27 00:00:00,2176.6,2201.4,2174.5,2201.2,28517
2024-03-27 04:00:00,2201.2,2218.3,2175.5,2209.2,47026
2024-03-27 08:00:00,2209.2,2216.1,2182.3,2211.2,70373
2024-03-27 12:00:00,2189.0,2214.9,2187.7,2214.1,30394
2024-03-27 16:00:00,2214.0,2215.9,2190.0,2210.9,4816
2024-03-27 20:00:00,2211.0,2217.2,2187.1,2215.0,14184
2024-03-28 00:00:00,2215.4,2222.2,2193.4,2214.0,17323
2024-03-28 04:00:00,2214.0,2234.4,2191.8,2231.1,52650
2024-03-28 08:00:00,2231.0,2238.7,2204.0,2236.4,91978
2024-03-28 12:00:00,2236.4,2246.8,2215.2,2242.5,50271
2024-03-28 16:00:00,2242.4,2256.9,2240.2,2254.8,9752
2024-03-31 16:00:00,2259.2,2267.8,2255.5,2266.2,12840
2024-03-31 20:00:00,2266.4,2285.9,2264.2,2285.4,32674
2024-04-01 00:00:00,2285.3,2286.4,2277.6,2278.3,17929
2024-04-01 04:00:00,2278.2,2280.8,2266.2,2267.2,25169
2024-04-01 08:00:00,2267.3,2279.0,2249.1,2260.3,87570
2024-04-01 12:00:00,2260.3,2265.2,2255.1,2265.1,29854
2024-04-01 16:00:00,2265.1,2276.0,2263.5,2269.4,8809
2024-04-01 20:00:00,2269.3,2275.7,2267.1,2271.6,21553
2024-04-02 00:00:00,2271.8,2280.1,2270.4,2276.8,19747
2024-04-02 04:00:00,2276.7,2287.5,2275.5,2281.1,49947
2024-04-02 08:00:00,2281.0,2297.9,2271.1,2279.2,120396
2024-04-02 12:00:00,2279.1,2300.2,2274.6,2298.1,44811
2024-04-02 16:00:00,2298.1,2308.8,2296.3,2300.1,8394
2024-04-02 20:00:00,2300.1,2308.3,2296.8,2305.2,28121
2024-04-03 00:00:00,2305.2,2307.3,2290.3,2291.3,27253
2024-04-03 04:00:00,2291.2,2296.3,2287.7,2294.0,35905
2024-04-03 08:00:00,2294.0,2309.2,2285.7,2306.7,89359
2024-04-03 12:00:00,2306.7,2319.7,2301.2,2318.1,50954
2024-04-03 16:00:00,2318.0,2322.7,2316.2,2317.4,8265
2024-04-03 20:00:00,2317.4,2324.8,2317.1,2318.5,17377
2024-04-04 00:00:00,2318.6,2320.0,2310.8,2312.2,19655
2024-04-04 04:00:00,2312.1,2314.6,2308.0,2308.5,23246
2024-04-04 08:00:00,2308.6,2318.9,2301.8,2311.3,78785
2024-04-04 12:00:00,2311.2,2325.3,2298.7,2304.3,74597
2024-04-04 16:00:00,2304.2,2312.3,2304.2,2307.6,7195
2024-04-04 20:00:00,2307.7,2309.2,2286.2,2295.4,30802
2024-04-05 00:00:00,2295.3,2309.8,2295.1,2308.2,24787
2024-04-05 04:00:00,2308.1,2315.4,2303.9,2310.4,22897
2024-04-05 08:00:00,2310.2,2348.0,2299.6,2345.6,152628
2024-04-05 12:00:00,2345.7,2350.0,2339.7,2342.4,43369
2024-04-05 16:00:00,2342.4,2349.7,2341.9,2349.1,4183
2024-04-07 16:00:00,2343.6,2348.1,2323.1,2330.1,17690
2024-04-07 20:00:00,2330.5,2372.5,2321.7,2361.9,59283
2024-04-08 00:00:00,2364.5,2364.5,2350.4,2356.5,32816
2024-04-08 04:00:00,2356.5,2362.6,2352.1,2356.2,28815
2024-04-08 08:00:00,2356.2,2357.0,2336.8,2346.7,100874
2024-04-08 12:00:00,2346.8,2361.3,2344.6,2357.7,33738
2024-04-08 16:00:00,2357.5,2359.4,2355.7,2357.7,4231
2024-04-08 20:00:00,2357.8,2367.5,2356.3,2362.6,23947
2024-04-09 00:00:00,2362.6,2376.0,2361.5,2372.8,29225
2024-04-09 04:00:00,2372.8,2384.5,2368.1,2373.2,43900
2024-04-09 08:00:00,2373.2,2383.1,2357.0,2359.1,127910
2024-04-09 12:00:00,2359.1,2370.1,2358.8,2369.6,38806
2024-04-09 16:00:00,2369.8,2374.2,2368.8,2373.4,5338
2024-04-09 20:00:00,2373.4,2374.3,2362.9,2369.6,18648
2024-04-10 00:00:00,2369.4,2378.1,2369.1,2371.2,23047
2024-04-10 04:00:00,2371.3,2374.3,2363.3,2365.6,29657
2024-04-10 08:00:00,2365.6,2371.0,2337.1,2355.3,192082
2024-04-10 12:00:00,2355.5,2363.7,2343.9,2347.8,70869
2024-04-10 16:00:00,2347.8,2354.5,2347.7,2352.9,4998
2024-04-10 20:00:00,2353.0,2364.1,2350.6,2361.3,14307
2024-04-11 00:00:00,2361.1,2363.3,2350.9,2353.9,21916
2024-04-11 04:00:00,2353.9,2357.0,2343.1,2354.8,30971
2024-04-11 08:00:00,2354.7,2365.2,2349.2,2362.3,96454
2024-04-11 12:00:00,2362.3,2392.5,2360.2,2390.7,72389
2024-04-11 16:00:00,2390.8,2397.2,2388.6,2394.3,10744
2024-04-11 20:00:00,2394.5,2412.8,2392.1,2401.5,46966
2024-04-12 00:00:00,2401.6,2418.0,2400.0,2417.4,35925
2024-04-12 04:00:00,2417.4,2418.2,2407.5,2412.7,39632
2024-04-12 08:00:00,2412.7,2448.8,2399.2,2412.8,186501
2024-04-12 12:00:00,2412.6,2412.6,2350.6,2360.1,143683
2024-04-12 16:00:00,2360.3,2361.9,2358.5,2360.2,3974
2024-04-14 16:00:00,2369.4,2389.6,2363.0,2381.2,23985
2024-04-14 20:00:00,2381.2,2382.4,2364.2,2374.9,37401
2024-04-15 00:00:00,2374.6,2378.8,2366.2,2369.2,29287
2024-04-15 04:00:00,2369.2,2378.0,2360.6,2374.7,42844
2024-04-15 08:00:00,2374.7,2378.2,2340.2,2368.3,119522
2024-04-15 12:00:00,2368.2,2404.3,2362.6,2403.1,75309
2024-04-15 16:00:00,2403.2,2408.5,2396.8,2398.4,7816
2024-04-15 20:00:00,2398.3,2405.9,2395.6,2404.1,26221
2024-04-16 00:00:00,2404.5,2405.3,2379.2,2381.9,35646
2024-04-16 04:00:00,2381.9,2391.7,2381.3,2390.4,31166
2024-04-16 08:00:00,2390.5,2409.8,2379.6,2402.6,117097
2024-04-16 12:00:00,2402.5,2414.8,2396.3,2406.4,70213
2024-04-16 16:00:00,2406.3,2407.0,2395.2,2398.8,9180
2024-04-16 20:00:00,2398.9,2402.3,2396.9,2398.0,21355
2024-04-17 00:00:00,2397.8,2399.4,2389.0,2398.7,18955
2024-04-17 04:00:00,2398.8,2410.6,2398.8,2403.6,35281
2024-04-17 08:00:00,2403.7,2412.0,2394.1,2398.4,86482
2024-04-17 12:00:00,2398.5,2400.8,2376.5,2388.4,103024
2024-04-17 16:00:00,2388.4,2389.1,2370.7,2382.8,9929
2024-04-17 20:00:00,2383.0,2390.0,2378.7,2389.5,18163
2024-04-18 00:00:00,2389.5,2395.6,2387.8,2392.6,20564
2024-04-18 04:00:00,2392.7,2400.3,2392.1,2395.8,25844
2024-04-18 08:00:00,2395.9,2408.0,2384.3,2399.2,86841
2024-04-18 12:00:00,2399.4,2404.5,2392.9,2395.4,37067
2024-04-18 16:00:00,2395.4,2396.4,2392.0,2394.7,3833
2024-04-18 20:00:00,2394.6,2433.3,2388.5,2405.3,88312
2024-04-19 00:00:00,2405.9,2408.8,2393.1,2400.2,36062
2024-04-19 04:00:00,2400.0,2401.0,2386.8,2391.5,36704
2024-04-19 08:00:00,2391.7,2410.9,2387.7,2409.7,60955
2024-04-19 12:00:00,2410.0,2417.1,2401.5,2402.5,36442
2024-04-19 16:00:00,2402.6,2407.3,2401.6,2406.7,3197
2024-04-21 16:00:00,2403.7,2404.3,2396.0,2400.7,10245
2024-04-21 20:00:00,2400.7,2400.7,2374.0,2383.0,32146
2024-04-22 00:00:00,2383.0,2386.7,2365.2,2374.8,34245
2024-04-22 04:00:00,2374.8,2377.7,2353.0,2356.0,42254
2024-04-22 08:00:00,2356.0,2364.4,2344.7,2348.6,90179
2024-04-22 12:00:00,2348.6,2350.4,2338.2,2343.3,44182
2024-04-22 16:00:00,2343.3,2347.6,2339.5,2347.4,6405
2024-04-22 20:00:00,2347.2,2347.9,2308.7,2316.4,57823
2024-04-23 00:00:00,2315.9,2328.4,2312.3,2322.7,28605
2024-04-23 04:00:00,2322.7,2323.3,2304.6,2315.9,40615
2024-04-23 08:00:00,2315.9,2345.8,2315.0,2336.9,90015
2024-04-23 12:00:00,2337.0,2345.2,2334.9,2335.9,36329
2024-04-23 16:00:00,2336.1,2337.9,2334.8,2336.8,3992
2024-04-23 20:00:00,2336.7,2341.4,2329.0,2341.1,17848
2024-04-24 00:00:00,2341.1,2344.4,2333.6,2333.6,16898
2024-04-24 04:00:00,2333.6,2334.9,2324.8,2329.3,25807
2024-04-24 08:00:00,2329.3,2350.9,2325.1,2336.0,74242
2024-04-24 12:00:00,2335.9,2344.0,2330.9,2332.1,36282
2024-04-24 16:00:00,2332.2,2332.7,2326.7,2328.2,7502
2024-04-24 20:00:00,2328.3,2333.9,2316.4,2325.0,19590
2024-04-25 00:00:00,2324.9,2338.6,2324.0,2338.0,16414
2024-04-25 04:00:00,2338.1,2343.0,2336.4,2340.7,20682
2024-04-25 08:00:00,2340.6,2357.6,2323.8,2342.5,123511
2024-04-25 12:00:00,2342.7,2348.8,2335.2,2345.3,30981
2024-04-25 16:00:00,2345.4,2348.0,2342.1,2342.5,2800
2024-04-25 20:00:00,2342.5,2348.4,2338.1,2347.0,11059
2024-04-26 00:00:00,2346.9,2359.6,2345.7,2357.6,24388
2024-04-26 04:00:00,2357.4,2364.4,2355.2,2356.8,26159
2024-04-26 08:00:00,2357.0,2363.9,2340.2,2348.5,70773
2024-04-26 12:00:00,2348.6,2353.2,2344.3,2351.5,25665
2024-04-26 16:00:00,2351.6,2351.8,2348.2,2349.6,2660
2024-04-28 16:00:00,2347.6,2349.0,2344.0,2347.4,5765
2024-04-28 20:00:00,2347.5,2347.8,2331.0,2339.7,22124
2024-04-29 00:00:00,2339.4,2349.2,2338.4,2348.8,24881
2024-04-29 04:00:00,2348.8,2356.0,2346.5,2348.4,26327
2024-04-29 08:00:00,2348.4,2351.2,2336.8,2349.5,47655
2024-04-29 12:00:00,2349.4,2358.9,2344.6,2347.4,51235
2024-04-29 16:00:00,2347.4,2348.9,2343.9,2344.3,4397
2024-04-29 20:00:00,2344.5,2347.4,2337.8,2340.3,16923
2024-04-30 00:00:00,2340.6,2340.8,2325.7,2328.6,26558
2024-04-30 04:00:00,2328.6,2329.4,2320.2,2323.7,32088
2024-04-30 08:00:00,2323.7,2324.4,2304.0,2306.8,86614
2024-04-30 12:00:00,2306.7,2310.3,2300.0,2301.9,49763
2024-04-30 16:00:00,2301.9,2304.8,2296.2,2302.0,8854
2024-04-30 20:00:00,2302.0,2303.4,2292.8,2294.5,14339
2024-05-01 00:00:00,2294.2,2300.4,2291.7,2296.3,13737
2024-05-01 04:00:00,2296.2,2307.9,2294.2,2305.3,25228
2024-05-01 08:00:00,2305.4,2321.5,2304.9,2317.9,69309
2024-05-01 12:00:00,2318.1,2339.5,2305.8,2320.8,80303
2024-05-01 16:00:00,2320.6,2334.6,2317.9,2333.4,4079
2024-05-01 20:00:00,2333.5,2336.1,2326.7,2329.0,11117
2024-05-02 00:00:00,2328.8,2330.3,2317.5,2318.5,16665
2024-05-02 04:00:00,2318.7,2320.5,2304.1,2308.3,30173
2024-05-02 08:00:00,2308.2,2316.5,2294.3,2309.2,83933
2024-05-02 12:00:00,2309.3,2318.7,2307.3,2312.4,33455
2024-05-02 16:00:00,2312.4,2315.0,2310.1,2313.5,3702
2024-05-02 20:00:00,2313.4,2315.6,2308.6,2310.9,10682
2024-05-03 00:00:00,2311.3,2317.6,2306.4,2308.0,14724
2024-05-03 04:00:00,2307.9,2311.6,2304.8,2307.0,16577
2024-05-03 08:00:00,2307.1,2330.7,2285.2,2302.3,144321
2024-05-03 12:00:00,2302.4,2312.0,2301.4,2310.2,34771
2024-05-03 16:00:00,2310.3,2312.3,2309.6,2310.1,2553
2024-05-05 16:00:00,2312.8,2314.6,2302.1,2302.7,7294
2024-05-05 20:00:00,2302.7,2324.5,2300.6,2318.2,26214
2024-05-06 00:00:00,2318.3,2333.1,2317.1,2331.6,18314
2024-05-06 04:00:00,2331.6,2331.8,2324.3,2326.8,30635
2024-05-06 08:00:00,2326.8,2341.9,2322.9,2333.4,63305
2024-05-06 12:00:00,2333.6,2336.4,2326.3,2333.6,39182
2024-05-06 16:00:00,2333.6,2337.4,2330.9,2334.6,6940
2024-05-06 20:00:00,2334.8,2338.6,2328.2,2333.2,21146
2024-05-07 00:00:00,2333.3,2333.5,2325.4,2327.6,16760
2024-05-07 04:00:00,2327.6,2328.2,2320.0,2320.8,22433
2024-05-07 08:00:00,2320.6,2332.5,2318.2,2323.2,80719
2024-05-07 12:00:00,2323.1,2325.8,2319.3,2323.1,37912
2024-05-07 16:00:00,2323.1,2325.2,2321.0,2323.3,2877
2024-05-07 20:00:00,2323.2,2325.8,2314.1,2324.2,18964
2024-05-08 00:00:00,2324.7,2329.6,2312.7,2313.5,18274
2024-05-08 04:00:00,2313.4,2326.0,2311.4,2322.4,30091
2024-05-08 08:00:00,2322.5,2328.3,2314.2,2328.3,87959
2024-05-08 12:00:00,2328.2,2329.0,2315.8,2316.1,36323
2024-05-08 16:00:00,2316.2,2318.1,2315.0,2315.8,4801
2024-05-08 20:00:00,2315.9,2320.2,2314.6,2319.4,12411
2024-05-09 00:00:00,2319.3,2326.5,2313.4,2315.9,20206
2024-05-09 04:00:00,2315.7,2323.4,2312.9,2322.4,23939
2024-05-09 08:00:00,2322.6,2345.8,2318.0,2337.2,125616
2024-05-09 12:00:00,2337.3,2351.2,2335.8,2350.6,34221
2024-05-09 16:00:00,2350.6,2355.4,2340.3,2353.4,7858
2024-05-09 20:00:00,2353.5,2362.8,2352.8,2359.8,22810
2024-05-10 00:00:00,2360.3,2377.2,2358.0,2373.5,35185
2024-05-10 04:00:00,2373.5,2385.3,2372.5,2378.9,34246
2024-05-10 08:00:00,2378.8,2382.5,2363.1,2371.4,98144
2024-05-10 12:00:00,2371.5,2377.7,2368.1,2369.8,48854
2024-05-10 16:00:00,2370.0,2371.6,2366.2,2366.9,3098
2024-05-12 16:00:00,2369.1,2370.5,2365.8,2366.6,4830
2024-05-12 20:00:00,2366.6,2370.8,2361.1,2364.0,13302
2024-05-13 00:00:00,2363.5,2363.5,2352.4,2354.6,22890
2024-05-13 04:00:00,2354.6,2356.5,2344.1,2350.6,42823
2024-05-13 08:00:00,2350.5,2356.3,2338.7,2342.0,94367
2024-05-13 12:00:00,2341.9,2344.6,2340.3,2343.5,39351
2024-05-13 16:00:00,2343.6,2345.1,2341.3,2344.1,5385
2024-05-13 20:00:00,2344.0,2349.9,2340.5,2348.7,14562
2024-05-14 00:00:00,2348.7,2351.5,2341.6,2344.8,17843
2024-05-14 04:00:00,2344.9,2354.0,2343.3,2349.3,30331
2024-05-14 08:00:00,2349.3,2362.9,2342.0,2353.5,83868
2024-05-14 12:00:00,2353.4,2365.2,2351.6,2362.1,33555
2024-05-14 16:00:00,2362.2,2364.0,2360.3,2361.4,3252
2024-05-14 20:00:00,2361.4,2366.8,2360.5,2366.2,11805
2024-05-15 00:00:00,2366.0,2371.8,2361.0,2368.0,17857
2024-05-15 04:00:00,2368.0,2380.2,2367.7,2368.5,27530
2024-05-15 08:00:00,2368.5,2392.6,2357.1,2383.3,128503
2024-05-15 12:00:00,2383.3,2396.1,2382.7,2391.9,50947
2024-05-15 16:00:00,2392.0,2396.8,2390.1,2396.5,8524
2024-05-15 20:00:00,2396.6,2402.7,2391.2,2393.0,18299
2024-05-16 00:00:00,2393.4,2398.8,2388.6,2393.8,17472
2024-05-16 04:00:00,2393.8,2396.0,2385.4,2389.0,18586
2024-05-16 08:00:00,2389.1,2391.0,2375.2,2386.0,94631
2024-05-16 12:00:00,2386.1,2388.3,2382.3,2382.7,26786
2024-05-16 16:00:00,2382.9,2384.2,2380.4,2382.1,3338
2024-05-16 20:00:00,2382.1,2385.0,2377.8,2381.1,10212
2024-05-17 00:00:00,2381.6,2392.2,2380.3,2387.8,17834
2024-05-17 04:00:00,2387.9,2394.4,2385.5,2394.1,24014
2024-05-17 08:00:00,2394.0,2423.7,2391.1,2412.3,109754
2024-05-17 12:00:00,2412.4,2423.9,2410.3,2420.8,39674
2024-05-17 16:00:00,2421.0,2427.4,2418.1,2419.8,6417
2024-05-19 16:00:00,2422.2,2429.8,2421.2,2424.9,8275
2024-05-19 20:00:00,2425.0,2445.0,2421.0,2441.3,38042
2024-05-20 00:00:00,2441.5,2454.2,2435.8,2446.3,39580
2024-05-20 04:00:00,2446.2,2451.5,2431.4,2434.6,35980
2024-05-20 08:00:00,2434.4,2434.7,2411.1,2429.0,112095
2024-05-20 12:00:00,2429.1,2441.5,2426.5,2430.8,37243
2024-05-20 16:00:00,2431.0,2434.5,2427.6,2430.1,5850
2024-05-20 20:00:00,2430.2,2436.9,2408.5,2417.4,41830
2024-05-21 00:00:00,2416.9,2425.9,2412.1,2423.0,33834
2024-05-21 04:00:00,2423.2,2427.8,2415.9,2427.5,32469
2024-05-21 08:00:00,2427.5,2438.2,2423.8,2427.1,83997
2024-05-21 12:00:00,2427.2,2429.2,2421.3,2427.5,28137
2024-05-21 16:00:00,2427.5,2427.6,2424.7,2425.4,3552
2024-05-21 20:00:00,2425.3,2430.5,2415.8,2417.6,18605
2024-05-22 00:00:00,2417.3,2422.1,2414.6,2420.8,21184
2024-05-22 04:00:00,2420.7,2422.9,2408.0,2412.0,33693
2024-05-22 08:00:00,2412.1,2418.7,2385.3,2395.5,113370
2024-05-22 12:00:00,2395.4,2398.4,2378.0,2382.4,52683
2024-05-22 16:00:00,2382.4,2384.7,2380.7,2384.2,5917
2024-05-22 20:00:00,2384.2,2385.7,2368.4,2374.4,29732
2024-05-23 00:00:00,2374.4,2375.8,2356.8,2358.3,35420
2024-05-23 04:00:00,2358.1,2371.6,2357.0,2370.3,24585
2024-05-23 08:00:00,2370.2,2372.2,2341.2,2347.8,119770
2024-05-23 12:00:00,2347.7,2351.8,2332.4,2333.3,46481
2024-05-23 16:00:00,2333.3,2334.9,2328.1,2333.3,5488
2024-05-23 20:00:00,2333.4,2336.5,2326.3,2331.7,22601
2024-05-24 00:00:00,2331.6,2341.7,2331.6,2338.7,20764
2024-05-24 04:00:00,2338.7,2345.4,2337.0,2339.5,40577
2024-05-24 08:00:00,2339.5,2349.0,2333.6,2335.8,60951
2024-05-24 12:00:00,2335.8,2338.2,2332.8,2335.0,21454
2024-05-24 16:00:00,2335.1,2336.4,2334.7,2335.2,1957
2024-05-26 16:00:00,2338.0,2342.2,2333.8,2338.7,4753
2024-05-26 20:00:00,2338.8,2348.9,2335.8,2347.5,12323
2024-05-28 00:00:00,2351.9,2354.4,2342.2,2344.7,22861
2024-05-28 04:00:00,2344.7,2349.6,2340.8,2348.6,28233
2024-05-28 08:00:00,2348.5,2365.5,2347.1,2361.3,91558
2024-05-28 12:00:00,2361.2,2363.0,2353.5,2358.9,38967
2024-05-28 16:00:00,2358.9,2363.7,2358.6,2360.7,5283
2024-05-28 20:00:00,2360.5,2361.8,2355.0,2358.8,7494
2024-05-29 00:00:00,2359.1,2361.8,2350.5,2350.9,14459
2024-05-29 04:00:00,2351.1,2352.3,2338.6,2341.9,21709
2024-05-29 08:00:00,2341.7,2347.7,2334.2,2339.0,43279
2024-05-29 12:00:00,2338.8,2343.9,2335.8,2336.2,24642
2024-05-29 16:00:00,2336.4,2338.4,2335.1,2337.3,1788
2024-05-29 20:00:00,2336.5,2339.1,2326.6,2332.6,2162
2024-05-30 00:00:00,2332.9,2356.9,2320.8,2355.7,48514
2024-05-30 04:00:00,2355.8,2363.1,2328.7,2357.2,36256
2024-05-30 08:00:00,2357.2,2373.7,2330.3,2365.2,70659
2024-05-30 12:00:00,2365.2,2370.3,2337.8,2362.6,19134
2024-05-30 16:00:00,2339.6,2368.7,2339.6,2365.0,3559
2024-05-30 20:00:00,2365.0,2369.0,2338.8,2364.1,14163
2024-05-31 00:00:00,2364.8,2368.0,2338.3,2361.3,13612
2024-05-31 04:00:00,2361.3,2365.9,2341.0,2364.8,12134
2024-05-31 08:00:00,2364.7,2381.2,2326.0,2351.3,85392
2024-05-31 12:00:00,2351.1,2357.9,2319.0,2348.4,42307
2024-05-31 16:00:00,2348.3,2351.2,2347.6,2347.7,3262
2024-06-02 16:00:00,2348.0,2349.8,2343.5,2346.1,5077
2024-06-02 20:00:00,2346.2,2351.4,2340.5,2342.0,13720
2024-06-03 00:00:00,2341.8,2349.5,2334.8,2346.5,24375
2024-06-03 04:00:00,2346.5,2354.0,2344.6,2350.3,23361
2024-06-03 08:00:00,2350.4,2366.6,2345.9,2363.4,66909
2024-06-03 12:00:00,2363.4,2375.5,2361.9,2368.0,30756
2024-06-03 16:00:00,2368.1,2372.5,2367.4,2370.9,2257
2024-06-03 20:00:00,2370.8,2373.1,2363.5,2366.5,11254
2024-06-04 00:00:00,2366.0,2372.0,2359.0,2359.7,18840
2024-06-04 04:00:00,2359.6,2359.8,2345.2,2347.9,33873
2024-06-04 08:00:00,2347.8,2358.4,2335.1,2346.0,75560
2024-06-04 12:00:00,2346.1,2350.1,2342.3,2347.1,22405
2024-06-04 16:00:00,2347.1,2348.4,2345.8,2348.3,2242
2024-06-04 20:00:00,2348.4,2358.0,2345.3,2356.9,13847
2024-06-05 00:00:00,2357.2,2361.7,2347.8,2351.1,19899
2024-06-05 04:00:00,2351.1,2355.6,2348.7,2352.2,27826
2024-06-05 08:00:00,2352.1,2377.6,2351.9,2373.7,81300
2024-06-05 12:00:00,2373.8,2377.0,2371.2,2374.0,20485
2024-06-05 16:00:00,2374.1,2377.0,2372.8,2374.0,3570
2024-06-05 20:00:00,2374.0,2394.6,2373.4,2387.8,27995
2024-06-06 00:00:00,2387.8,2390.5,2380.9,2381.7,17497
2024-06-06 04:00:00,2381.6,2382.8,2377.4,2378.8,14512
2024-06-06 08:00:00,2378.8,2397.8,2372.2,2393.3,70491
2024-06-06 12:00:00,2393.5,2396.3,2388.0,2391.6,27495
2024-06-06 16:00:00,2391.6,2397.0,2391.3,2395.5,2559
2024-06-06 20:00:00,2395.5,2400.6,2388.3,2398.8,19594
2024-06-07 00:00:00,2398.9,2406.7,2391.5,2392.3,25797
2024-06-07 04:00:00,2392.2,2392.7,2349.0,2355.0,72905
2024-06-07 08:00:00,2354.9,2357.5,2322.1,2322.7,123058
2024-06-07 12:00:00,2322.7,2332.5,2305.1,2305.8,48883
2024-06-07 16:00:00,2305.8,2325.0,2304.2,2325.0,6478
2024-06-09 16:00:00,2311.0,2317.0,2305.9,2315.5,6495
2024-06-09 20:00:00,2315.5,2318.3,2310.8,2312.0,12104
2024-06-10 00:00:00,2312.1,2314.5,2304.5,2313.7,21795
2024-06-10 04:00:00,2313.6,2323.4,2308.9,2322.7,24388
2024-06-10 08:00:00,2322.7,2326.3,2317.6,2324.6,42662
2024-06-10 12:00:00,2324.7,2331.3,2324.2,2326.4,27627
2024-06-10 16:00:00,2326.4,2329.9,2326.0,2327.0,2990
2024-06-10 20:00:00,2327.1,2329.1,2315.7,2320.6,21100
2024-06-11 00:00:00,2320.5,2322.4,2314.5,2321.4,14438
2024-06-11 04:00:00,2321.5,2325.8,2319.1,2324.9,16658
2024-06-11 08:00:00,2324.9,2337.3,2324.7,2327.2,62858
2024-06-11 12:00:00,2327.4,2332.8,2322.7,2332.4,22994
2024-06-11 16:00:00,2332.6,2334.4,2330.9,2332.1,4209
2024-06-11 20:00:00,2332.2,2333.3,2327.2,2330.7,10318
2024-06-12 00:00:00,2330.5,2334.5,2328.2,2331.2,11342
2024-06-12 04:00:00,2331.1,2332.5,2327.6,2329.7,19032
2024-06-12 08:00:00,2329.5,2358.8,2328.2,2352.2,122504
2024-06-12 12:00:00,2352.4,2356.7,2332.2,2337.7,62232
2024-06-12 16:00:00,2337.8,2341.5,2335.6,2336.2,4260
2024-06-12 20:00:00,2336.1,2338.9,2323.8,2329.7,18640
2024-06-13 00:00:00,2329.7,2334.2,2324.4,2332.5,14020
2024-06-13 04:00:00,2332.7,2336.0,2319.2,2322.5,21389
2024-06-13 08:00:00,2322.4,2342.4,2313.2,2314.4,89511
2024-06-13 12:00:00,2314.3,2320.5,2310.9,2319.0,29582
2024-06-13 16:00:00,2319.1,2320.0,2317.1,2317.6,2098
2024-06-13 20:00:00,2317.7,2323.8,2316.7,2320.5,10373
2024-06-14 00:00:00,2320.5,2331.9,2318.6,2330.6,18850
2024-06-14 04:00:00,2330.5,2352.3,2329.9,2347.6,46084
2024-06-14 08:00:00,2347.7,2351.3,2339.5,2341.7,52401
2024-06-14 12:00:00,2341.7,2351.6,2341.0,2348.1,23858
2024-06-14 16:00:00,2348.2,2348.7,2346.6,2348.4,2170
2024-06-16 16:00:00,2348.5,2348.7,2342.4,2343.8,3426
2024-06-16 20:00:00,2343.6,2343.9,2336.2,2339.3,14160
2024-06-17 00:00:00,2339.3,2341.2,2330.1,2331.7,17684
2024-06-17 04:00:00,2331.6,2337.4,2331.0,2332.7,15323
2024-06-17 08:00:00,2332.8,2342.6,2324.3,2327.1,47326
2024-06-17 12:00:00,2327.2,2335.5,2327.2,2335.0,19040
2024-06-17 16:00:00,2335.0,2335.9,2333.3,2335.5,2788
2024-06-17 20:00:00,2335.6,2341.1,2334.0,2339.5,9696
2024-06-18 00:00:00,2339.1,2339.6,2329.5,2330.0,12559
2024-06-18 04:00:00,2329.9,2329.9,2320.2,2328.0,24798
2024-06-18 08:00:00,2327.9,2344.8,2326.0,2341.7,74944
2024-06-18 12:00:00,2341.9,2348.2,2341.2,2344.1,24811
2024-06-18 16:00:00,2344.2,2345.6,2342.2,2343.0,2336
2024-06-18 20:00:00,2343.0,2346.3,2341.1,2342.9,7009
2024-06-20 00:00:00,2347.4,2359.2,2347.4,2352.1,24136
2024-06-20 04:00:00,2352.2,2354.9,2345.2,2352.8,22825
2024-06-20 08:00:00,2353.0,2379.5,2348.7,2367.3,97942
2024-06-20 12:00:00,2367.3,2374.6,2366.3,2372.4,20406
2024-06-20 16:00:00,2372.5,2374.5,2371.5,2374.3,3970
2024-06-20 20:00:00,2374.2,2378.3,2370.6,2375.7,12622
2024-06-21 00:00:00,2375.8,2379.3,2368.6,2376.7,19459
2024-06-21 04:00:00,2376.7,2382.6,2374.9,2380.0,17821
2024-06-21 08:00:00,2380.1,2381.8,2336.1,2340.9,92042
2024-06-21 12:00:00,2341.0,2342.3,2329.2,2335.0,38241
2024-06-21 16:00:00,2335.0,2335.6,2333.6,2334.7,2429
2024-06-23 16:00:00,2333.5,2336.1,2329.5,2331.3,4279
2024-06-23 20:00:00,2331.2,2339.1,2330.1,2338.1,12357
2024-06-24 00:00:00,2338.0,2344.4,2333.6,2343.2,15698
2024-06-24 04:00:00,2343.3,2345.4,2332.9,2338.5,22192
2024-06-24 08:00:00,2338.5,2346.5,2335.6,2340.1,41182
2024-06-24 12:00:00,2340.2,2347.5,2339.3,2344.6,15793
2024-06-24 16:00:00,2344.6,2347.5,2342.6,2343.3,2823
2024-06-24 20:00:00,2343.3,2343.4,2335.6,2336.6,11943
2024-06-25 00:00:00,2336.7,2342.3,2334.8,2337.0,15381
2024-06-25 04:00:00,2336.7,2349.7,2335.1,2342.7,24288
2024-06-25 08:00:00,2342.7,2343.2,2327.6,2337.0,63839
2024-06-25 12:00:00,2337.0,2337.4,2327.1,2331.9,21062
2024-06-25 16:00:00,2331.8,2333.2,2330.0,2331.6,3419
2024-06-25 20:00:00,2331.8,2335.8,2322.0,2328.6,23153
2024-06-26 00:00:00,2328.8,2329.8,2321.3,2327.8,17770
2024-06-26 04:00:00,2327.7,2330.1,2315.7,2324.8,31570
2024-06-26 08:00:00,2324.8,2329.8,2304.7,2311.4,84301
2024-06-26 12:00:00,2311.4,2314.3,2308.2,2310.2,19557
2024-06-26 16:00:00,2310.2,2310.7,2307.2,2308.9,3569
2024-06-26 20:00:00,2308.9,2311.0,2307.4,2309.6,8255
2024-06-27 00:00:00,2309.5,2314.2,2306.8,2312.8,12703
2024-06-27 04:00:00,2312.6,2328.5,2312.4,2327.6,24153
2024-06-27 08:00:00,2327.7,2342.0,2326.8,2338.3,65325
2024-06-27 12:00:00,2338.2,2339.1,2333.3,2336.8,21123
2024-06-27 16:00:00,2336.7,2339.4,2336.3,2338.2,2972
2024-06-27 20:00:00,2338.1,2338.7,2329.7,2332.1,16669
2024-06-28 00:00:00,2332.5,2339.6,2330.3,2337.8,13095
2024-06-28 04:00:00,2337.9,2347.6,2337.1,2344.4,18935
2024-06-28 08:00:00,2344.6,2350.6,2333.2,2339.0,55211
2024-06-28 12:00:00,2339.1,2343.3,2333.3,2335.5,23072
2024-06-28 16:00:00,2335.4,2337.1,2333.1,2336.9,2246
2024-06-30 16:00:00,2336.2,2337.4,2333.1,2335.1,2750
2024-06-30 20:00:00,2334.9,2338.9,2332.3,2335.1,8824
2024-07-01 00:00:00,2334.9,2338.8,2328.2,2333.4,18429
2024-07-01 04:00:00,2333.4,2348.5,2331.7,2348.3,20679
2024-07-01 08:00:00,2348.3,2348.8,2329.1,2337.9,61821
2024-07-01 12:00:00,2337.9,2342.1,2336.7,2341.0,22830
2024-07-01 16:00:00,2341.0,2342.6,2340.9,2341.7,2534
2024-07-01 20:00:00,2341.6,2343.8,2335.2,2335.7,11368
2024-07-02 00:00:00,2335.3,2341.0,2332.4,2340.1,16623
2024-07-02 04:00:00,2340.2,2341.8,2328.6,2329.7,21828
2024-07-02 08:00:00,2329.8,2346.1,2327.4,2333.6,68914
2024-07-02 12:00:00,2333.5,2340.4,2329.7,2339.8,23214
2024-07-02 16:00:00,2339.8,2340.6,2337.6,2339.5,3071
2024-07-02 20:00:00,2339.5,2341.7,2335.7,2341.1,10578
2024-07-03 08:00:00,2359.8,2374.5,2356.9,2372.5,64636
2024-07-03 12:00:00,2372.5,2372.6,2364.5,2366.0,10210
2024-07-05 00:00:00,2370.2,2375.8,2369.7,2373.3,63122
2024-07-05 04:00:00,2373.4,2376.3,2369.7,2373.6,19845
2024-07-05 08:00:00,2373.7,2396.7,2356.0,2393.0,129559
2024-07-05 12:00:00,2392.9,2401.5,2392.2,2397.2,42059
2024-07-05 16:00:00,2397.2,2400.1,2396.7,2399.8,2830
2024-07-07 16:00:00,2396.2,2398.4,2393.0,2394.2,4289
2024-07-07 20:00:00,2394.3,2399.3,2389.2,2390.6,15591
2024-07-08 00:00:00,2391.2,2394.7,2384.7,2385.8,17295
2024-07-08 04:00:00,2385.8,2386.8,2376.1,2383.2,29105
2024-07-08 08:00:00,2383.1,2387.4,2358.3,2362.9,103621
2024-07-08 12:00:00,2362.8,2367.4,2358.3,2366.8,45339
2024-07-08 16:00:00,2366.8,2369.3,2365.4,2368.8,2805
2024-07-08 20:00:00,2369.0,2374.8,2367.4,2374.4,15472
2024-07-09 00:00:00,2374.5,2375.5,2365.1,2365.9,15943
2024-07-09 04:00:00,2365.9,2372.6,2364.2,2367.7,21575
2024-07-09 08:00:00,2367.6,2378.3,2356.0,2369.0,126992
2024-07-09 12:00:00,2369.0,2372.4,2363.1,2370.0,43280
2024-07-09 16:00:00,2370.8,2372.7,2370.0,2371.5,4535
2024-07-09 20:00:00,2371.5,2376.8,2369.7,2374.5,12151
2024-07-10 00:00:00,2374.5,2381.5,2372.9,2379.2,12245
2024-07-10 04:00:00,2379.1,2385.0,2377.8,2384.9,19407
2024-07-10 08:00:00,2385.0,2393.4,2380.4,2385.4,63217
2024-07-10 12:00:00,2385.5,2387.9,2376.3,2378.4,34251
2024-07-10 16:00:00,2378.5,2379.0,2376.8,2378.4,2785
2024-07-10 20:00:00,2378.5,2385.4,2377.1,2383.8,10841
2024-07-11 00:00:00,2383.9,2388.4,2383.6,2385.1,13812
2024-07-11 04:00:00,2385.0,2390.0,2384.3,2386.4,28232
2024-07-11 08:00:00,2386.3,2430.4,2383.1,2423.0,169618
2024-07-11 12:00:00,2423.0,2425.1,2415.6,2419.8,48004
2024-07-11 16:00:00,2419.8,2421.7,2416.4,2421.4,7706
2024-07-11 20:00:00,2421.3,2421.8,2412.1,2414.2,14327
2024-07-12 00:00:00,2414.1,2415.4,2405.5,2409.4,16971
2024-07-12 04:00:00,2409.3,2413.6,2403.2,2406.8,19426
2024-07-12 08:00:00,2406.8,2418.9,2396.3,2416.9,89267
2024-07-12 12:00:00,2416.9,2423.2,2416.9,2417.7,47877
2024-07-12 16:00:00,2417.6,2417.7,2415.6,2416.0,2607
2024-07-14 16:00:00,2419.3,2420.0,2410.1,2413.2,5241
2024-07-14 20:00:00,2413.2,2416.8,2409.6,2416.4,9678
2024-07-15 00:00:00,2416.5,2418.7,2406.1,2412.6,16250
2024-07-15 04:00:00,2412.6,2425.4,2411.5,2423.0,30618
2024-07-15 08:00:00,2423.2,2442.4,2416.3,2438.2,80756
2024-07-15 12:00:00,2438.2,2445.0,2424.5,2426.0,44836
2024-07-15 16:00:00,2426.1,2428.9,2425.5,2427.1,2685
2024-07-15 20:00:00,2427.1,2436.3,2424.5,2433.6,16123
2024-07-16 00:00:00,2433.4,2443.9,2429.9,2441.6,24603
2024-07-16 04:00:00,2441.5,2448.2,2438.2,2444.3,31957
2024-07-16 08:00:00,2444.1,2470.2,2433.8,2468.1,124487
2024-07-16 12:00:00,2468.2,2473.6,2462.7,2473.5,35915
2024-07-16 16:00:00,2473.4,2474.8,2470.8,2473.0,5805
2024-07-16 20:00:00,2473.0,2487.4,2469.0,2476.6,35646
2024-07-17 00:00:00,2476.7,2479.2,2466.6,2479.1,25995
2024-07-17 04:00:00,2479.1,2483.4,2470.8,2474.6,29392
2024-07-17 08:00:00,2474.6,2488.4,2462.1,2468.0,114240
2024-07-17 12:00:00,2468.1,2469.7,2455.5,2462.3,40164
2024-07-17 16:00:00,2462.4,2465.5,2461.4,2465.0,3555
2024-07-17 20:00:00,2465.0,2472.4,2461.1,2471.7,15490
2024-07-18 00:00:00,2471.7,2478.5,2467.8,2475.3,23140
2024-07-18 04:00:00,2475.5,2477.1,2464.7,2467.7,23651
2024-07-18 08:00:00,2467.9,2473.2,2460.2,2464.4,70082
2024-07-18 12:00:00,2464.5,2465.3,2442.9,2445.6,48663
2024-07-18 16:00:00,2445.7,2456.4,2443.6,2443.7,5802
2024-07-18 20:00:00,2443.8,2443.8,2423.2,2431.7,33384
2024-07-19 00:00:00,2431.1,2431.8,2415.3,2420.4,34985
2024-07-19 04:00:00,2420.5,2423.9,2410.6,2412.1,31047
2024-07-19 08:00:00,2412.2,2412.3,2395.7,2407.3,100804
2024-07-19 12:00:00,2407.3,2407.9,2397.3,2400.7,31505
2024-07-19 16:00:00,2400.7,2402.6,2399.6,2402.5,2802
2024-07-21 16:00:00,2403.7,2413.7,2402.5,2413.3,6593
2024-07-21 20:00:00,2413.4,2414.4,2405.1,2408.6,14943
2024-07-22 00:00:00,2408.4,2408.8,2400.7,2404.0,22015
2024-07-22 04:00:00,2404.1,2410.0,2399.4,2399.6,26941
2024-07-22 08:00:00,2399.6,2401.8,2385.2,2387.6,83958
2024-07-22 12:00:00,2387.7,2401.7,2387.5,2400.6,36997
2024-07-22 16:00:00,2400.0,2401.0,2395.9,2396.7,3667
2024-07-22 20:00:00,2396.7,2405.3,2396.4,2399.2,15453
2024-07-23 00:00:00,2399.3,2400.6,2389.2,2398.7,23915
2024-07-23 04:00:00,2398.9,2413.5,2397.2,2408.9,34021
2024-07-23 08:00:00,2409.0,2410.7,2400.5,2406.5,68154
2024-07-23 12:00:00,2406.7,2410.2,2403.7,2408.5,21660
2024-07-23 16:00:00,2408.5,2411.0,2406.5,2409.3,3101
2024-07-23 20:00:00,2409.4,2419.6,2405.7,2417.6,20338
2024-07-24 00:00:00,2417.6,2420.3,2412.6,2415.6,18352
2024-07-24 04:00:00,2415.6,2418.9,2410.6,2418.5,33299
2024-07-24 08:00:00,2418.5,2433.0,2414.4,2425.6,104161
2024-07-24 12:00:00,2425.6,2425.7,2398.7,2399.0,56487
2024-07-24 16:00:00,2399.1,2400.9,2392.8,2398.8,8417
2024-07-24 20:00:00,2415.7,2415.7,2365.7,2373.8,46622
2024-07-25 00:00:00,2373.5,2378.1,2365.1,2373.6,37294
2024-07-25 04:00:00,2373.6,2382.2,2367.3,2367.8,41090
2024-07-25 08:00:00,2367.7,2377.0,2357.2,2362.5,91816
2024-07-25 12:00:00,2362.4,2364.7,2351.9,2361.7,52487
2024-07-25 16:00:00,2361.7,2364.6,2358.6,2362.8,6421
2024-07-25 20:00:00,2362.8,2378.0,2354.6,2370.3,20618
2024-07-26 00:00:00,2370.5,2373.8,2363.6,2370.0,18044
2024-07-26 04:00:00,2370.2,2374.5,2367.9,2371.9,19126
2024-07-26 08:00:00,2371.8,2389.7,2369.7,2384.2,63465
2024-07-26 12:00:00,2384.2,2389.5,2380.1,2385.4,23894
2024-07-26 16:00:00,2385.5,2387.9,2384.6,2385.7,1994
2024-07-28 16:00:00,2386.9,2402.1,2386.0,2396.0,6050
2024-07-28 20:00:00,2396.4,2401.3,2387.6,2393.2,11976
2024-07-29 00:00:00,2393.2,2394.7,2387.1,2390.2,13198
2024-07-29 04:00:00,2390.1,2393.6,2385.4,2386.4,20326
2024-07-29 08:00:00,2386.3,2394.5,2367.3,2374.6,45366
2024-07-29 12:00:00,2374.7,2382.8,2372.2,2380.1,121217
2024-07-29 16:00:00,2380.2,2381.7,2378.2,2378.2,3026
2024-07-29 20:00:00,2378.2,2381.7,2373.8,2381.7,1205
2024-07-30 00:00:00,2382.7,2436.6,2382.5,2435.2,28445
2024-07-30 04:00:00,2387.4,2437.5,2383.5,2431.9,17812
2024-07-30 08:00:00,2432.1,2442.9,2382.9,2430.1,57225
2024-07-30 12:00:00,2430.2,2457.5,2429.8,2452.2,52325
2024-07-30 16:00:00,2452.2,2458.3,2452.1,2455.0,6885
2024-07-30 20:00:00,2455.2,2464.3,2449.2,2461.8,21940
2024-07-31 00:00:00,2461.6,2470.4,2459.5,2462.3,20977
2024-07-31 04:00:00,2462.1,2468.1,2460.4,2464.3,20823
2024-07-31 08:00:00,2464.5,2474.2,2462.0,2468.0,45599
2024-07-31 12:00:00,2468.1,2496.6,2466.5,2495.3,54359
2024-07-31 16:00:00,2495.4,2496.5,2488.0,2490.5,6097
2024-07-31 20:00:00,2490.6,2502.8,2481.6,2487.1,27974
2024-08-01 00:00:00,2487.0,2492.9,2484.0,2484.4,19613
2024-08-01 04:00:00,2484.4,2487.4,2474.0,2485.0,31782
2024-08-01 08:00:00,2485.1,2506.6,2484.6,2489.4,90503
2024-08-01 12:00:00,2489.3,2492.8,2478.6,2487.4,37329
2024-08-01 16:00:00,2487.3,2492.0,2486.2,2489.9,3810
2024-08-01 20:00:00,2490.0,2503.8,2479.5,2498.7,29504
2024-08-02 00:00:00,2498.8,2513.4,2498.4,2505.8,24868
2024-08-02 04:00:00,2505.7,2509.9,2501.8,2503.5,22028
2024-08-02 08:00:00,2503.3,2522.5,2453.1,2476.1,168886
2024-08-02 12:00:00,2476.3,2482.4,2465.5,2480.0,42658
2024-08-02 16:00:00,2480.0,2486.6,2478.1,2486.1,3854
2024-08-04 16:00:00,2490.3,2490.4,2480.1,2483.1,7826
2024-08-04 20:00:00,2483.2,2494.5,2455.7,2493.6,42296
2024-08-05 00:00:00,2493.0,2500.8,2463.6,2473.2,54858
2024-08-05 04:00:00,2473.3,2475.8,2423.1,2426.8,72831
2024-08-05 08:00:00,2426.9,2452.8,2403.8,2443.3,118588
2024-08-05 12:00:00,2443.3,2454.7,2439.5,2449.0,29414
2024-08-05 16:00:00,2449.3,2453.8,2445.4,2445.9,4189
2024-08-05 20:00:00,2446.0,2459.5,2445.7,2449.4,18467
2024-08-06 00:00:00,2449.5,2453.4,2434.6,2450.5,29142
2024-08-06 04:00:00,2450.6,2457.1,2448.6,2451.7,21538
2024-08-06 08:00:00,2451.7,2452.9,2421.8,2428.4,78692
2024-08-06 12:00:00,2428.5,2437.1,2426.4,2428.8,25890
2024-08-06 16:00:00,2429.0,2433.1,2423.3,2424.3,4955
2024-08-06 20:00:00,2424.2,2428.6,2418.8,2425.4,23186
2024-08-07 00:00:00,2426.0,2437.6,2425.7,2429.3,21573
2024-08-07 04:00:00,2429.2,2442.7,2428.0,2441.4,22421
2024-08-07 08:00:00,2441.4,2447.3,2432.1,2434.8,50915
2024-08-07 12:00:00,2434.7,2440.1,2423.9,2425.5,32255
2024-08-07 16:00:00,2426.1,2427.4,2420.2,2423.8,5870
2024-08-07 20:00:00,2423.9,2433.8,2422.3,2433.0,15510
2024-08-08 00:00:00,2433.3,2439.7,2431.2,2435.6,16442
2024-08-08 04:00:00,2435.5,2453.1,2431.5,2451.7,28382
2024-08-08 08:00:00,2451.7,2464.0,2441.2,2458.1,77663
2024-08-08 12:00:00,2458.0,2465.8,2455.3,2463.1,29689
2024-08-08 16:00:00,2463.2,2467.9,2462.2,2463.8,3917
2024-08-08 20:00:00,2464.1,2468.7,2458.9,2460.8,12951
2024-08-09 00:00:00,2460.5,2466.2,2456.1,2462.3,15310
2024-08-09 04:00:00,2462.4,2472.2,2461.2,2465.9,23613
2024-08-09 08:00:00,2465.9,2475.5,2460.0,2470.9,66689
2024-08-09 12:00:00,2471.8,2476.5,2466.6,2468.6,24514
2024-08-09 16:00:00,2468.6,2470.7,2468.5,2470.6,1992
2024-08-11 16:00:00,2470.1,2472.3,2466.0,2466.8,3758
2024-08-11 20:00:00,2466.8,2469.2,2462.7,2467.7,9215
2024-08-12 00:00:00,2467.6,2482.4,2467.0,2480.9,17493
2024-08-12 04:00:00,2481.1,2484.3,2478.8,2480.7,28236
2024-08-12 08:00:00,2480.7,2500.3,2480.5,2499.3,66278
2024-08-12 12:00:00,2499.3,2511.9,2498.5,2510.6,37403
2024-08-12 16:00:00,2510.7,2516.6,2509.9,2515.6,5087
2024-08-12 20:00:00,2515.6,2517.3,2501.2,2503.5,19600
2024-08-13 00:00:00,2503.9,2505.5,2498.7,2503.8,18246
2024-08-13 04:00:00,2503.9,2506.4,2498.2,2505.3,21197
2024-08-13 08:00:00,2505.3,2514.9,2498.2,2508.3,58470
2024-08-13 12:00:00,2508.3,2510.8,2502.0,2506.9,21210
2024-08-13 16:00:00,2506.8,2507.5,2502.4,2503.6,3760
2024-08-13 20:00:00,2503.7,2512.2,2494.5,2500.1,18089
2024-08-14 00:00:00,2500.0,2510.4,2498.4,2509.7,14566
2024-08-14 04:00:00,2509.8,2517.9,2507.7,2513.8,22197
2024-08-14 08:00:00,2513.8,2519.7,2480.3,2482.6,91461
2024-08-14 12:00:00,2482.5,2486.8,2476.2,2485.5,29075
2024-08-14 16:00:00,2485.6,2486.9,2484.0,2486.8,3918
2024-08-14 20:00:00,2486.9,2491.9,2479.7,2491.1,15398
2024-08-15 00:00:00,2491.3,2496.4,2487.7,2493.3,16237
2024-08-15 04:00:00,2493.4,2501.9,2491.2,2501.1,16659
2024-08-15 08:00:00,2501.3,2508.0,2469.2,2496.1,88804
2024-08-15 12:00:00,2496.1,2499.4,2491.0,2493.5,20912
2024-08-15 16:00:00,2493.4,2495.7,2491.8,2494.7,4424
2024-08-15 20:00:00,2494.8,2497.7,2488.2,2490.0,11371
2024-08-16 00:00:00,2489.9,2501.9,2489.3,2499.3,19483
2024-08-16 04:00:00,2499.6,2510.3,2496.5,2510.0,25681
2024-08-16 08:00:00,2510.0,2538.7,2509.3,2530.3,112584
2024-08-16 12:00:00,2530.5,2547.4,2530.3,2546.5,38496
2024-08-16 16:00:00,2546.5,2548.3,2543.8,2546.2,3515
2024-08-18 16:00:00,2549.7,2549.9,2540.9,2545.1,5952
2024-08-18 20:00:00,2545.2,2545.6,2533.7,2541.9,25529
2024-08-19 00:00:00,2541.9,2543.6,2537.6,2541.2,17880
2024-08-19 04:00:00,2541.2,2545.8,2524.4,2532.8,26094
2024-08-19 08:00:00,2532.9,2544.4,2523.7,2542.4,47213
2024-08-19 12:00:00,2542.6,2545.8,2539.1,2543.9,24366
2024-08-19 16:00:00,2543.9,2544.2,2540.2,2541.8,3084
2024-08-19 20:00:00,2541.9,2546.4,2536.5,2539.4,14408
2024-08-20 00:00:00,2539.5,2553.7,2535.1,2553.2,21422
2024-08-20 04:00:00,2553.4,2565.5,2552.8,2564.8,33495
2024-08-20 08:00:00,2565.0,2570.4,2543.6,2546.4,79227
2024-08-20 12:00:00,2546.6,2553.8,2538.6,2553.2,31043
2024-08-20 16:00:00,2553.1,2555.3,2550.7,2551.1,2813
2024-08-20 20:00:00,2551.1,2558.0,2548.8,2555.1,14327
2024-08-21 00:00:00,2555.3,2557.5,2545.7,2547.3,17543
2024-08-21 04:00:00,2547.2,2552.0,2542.6,2549.9,21028
2024-08-21 08:00:00,2550.0,2552.0,2528.2,2546.3,60668
2024-08-21 12:00:00,2546.2,2557.3,2540.9,2549.5,27388
2024-08-21 16:00:00,2549.6,2551.3,2547.7,2549.7,2515
2024-08-21 20:00:00,2549.9,2551.4,2536.4,2539.2,14898
2024-08-22 00:00:00,2539.2,2547.2,2536.1,2543.3,21079
2024-08-22 04:00:00,2543.3,2545.3,2533.7,2535.6,21994
2024-08-22 08:00:00,2535.7,2541.9,2506.4,2517.9,85486
2024-08-22 12:00:00,2518.0,2522.1,2514.2,2518.4,23344
2024-08-22 16:00:00,2518.6,2523.0,2518.0,2522.9,3357
2024-08-22 20:00:00,2522.9,2529.2,2521.9,2528.5,14659
2024-08-23 00:00:00,2528.6,2531.3,2526.0,2528.9,15485
2024-08-23 04:00:00,2528.8,2538.0,2528.4,2537.1,20879
2024-08-23 08:00:00,2537.0,2554.5,2530.1,2545.7,78119
2024-08-23 12:00:00,2546.0,2549.0,2537.5,2546.6,26933
2024-08-23 16:00:00,2546.4,2548.7,2545.3,2548.7,2906
2024-08-25 16:00:00,2545.1,2552.1,2544.6,2551.3,4115
2024-08-25 20:00:00,2551.2,2552.3,2544.5,2545.2,11816
2024-08-26 00:00:00,2545.1,2557.3,2544.0,2556.9,18576
2024-08-26 04:00:00,2557.0,2562.5,2556.3,2562.1,22043
2024-08-26 08:00:00,2562.2,2563.2,2546.1,2551.7,45999
2024-08-26 12:00:00,2551.7,2559.4,2549.3,2553.7,20915
2024-08-26 16:00:00,2553.9,2554.8,2550.5,2550.7,1954
2024-08-26 20:00:00,2550.8,2552.0,2540.9,2544.1,14250
2024-08-27 00:00:00,2544.3,2552.7,2539.5,2540.0,22169
2024-08-27 04:00:00,2539.9,2549.0,2538.5,2546.6,20857
2024-08-27 08:00:00,2546.5,2556.7,2538.9,2547.5,50323
2024-08-27 12:00:00,2547.3,2561.4,2545.0,2560.4,30599
2024-08-27 16:00:00,2560.4,2564.3,2559.1,2560.5,6604
2024-08-27 20:00:00,2560.7,2561.1,2548.5,2551.0,15193
2024-08-28 00:00:00,2550.9,2552.9,2537.9,2544.8,26921
2024-08-28 04:00:00,2544.8,2546.0,2535.2,2536.0,23022
2024-08-28 08:00:00,2536.2,2545.5,2527.8,2540.8,59820
2024-08-28 12:00:00,2540.8,2544.0,2530.8,2542.0,26484
2024-08-28 16:00:00,2542.1,2543.1,2537.3,2541.3,3977
2024-08-28 20:00:00,2541.3,2549.9,2541.2,2549.9,10428
2024-08-29 00:00:00,2549.7,2554.5,2546.9,2552.2,18405
2024-08-29 04:00:00,2552.3,2557.8,2548.2,2553.3,24981
2024-08-29 08:00:00,2553.2,2559.1,2536.5,2556.1,65190
2024-08-29 12:00:00,2556.1,2562.2,2550.6,2554.4,29900
2024-08-29 16:00:00,2554.5,2555.6,2551.9,2552.6,2906
2024-08-29 20:00:00,2552.6,2553.6,2545.8,2547.1,13687
2024-08-30 00:00:00,2546.9,2557.6,2545.7,2552.5,24016
2024-08-30 04:00:00,2552.5,2560.1,2548.1,2552.7,23613
2024-08-30 08:00:00,2552.6,2558.1,2533.0,2535.3,63009
2024-08-30 12:00:00,2535.2,2538.8,2526.6,2534.7,38767
2024-08-30 16:00:00,2534.8,2536.1,2534.4,2535.9,2276
2024-09-01 16:00:00,2536.0,2536.8,2531.6,2535.1,3349
2024-09-01 20:00:00,2535.1,2537.2,2522.1,2528.4,13782
2024-09-03 00:00:00,2526.4,2534.0,2524.4,2532.9,18699
2024-09-03 04:00:00,2533.0,2538.5,2516.3,2521.5,40452
2024-09-03 08:00:00,2521.2,2534.2,2504.4,2520.0,99747
2024-09-03 12:00:00,2520.1,2525.9,2515.3,2523.6,19474
2024-09-03 16:00:00,2523.5,2526.2,2522.9,2524.7,2521
2024-09-03 20:00:00,2524.7,2528.4,2522.4,2526.6,9728
2024-09-04 00:00:00,2526.4,2528.0,2512.8,2513.2,17141
2024-09-04 04:00:00,2513.1,2522.3,2502.7,2520.2,37793
2024-09-04 08:00:00,2520.2,2531.5,2512.8,2525.2,69864
2024-09-04 12:00:00,2525.1,2529.3,2522.5,2524.3,20934
2024-09-04 16:00:00,2524.2,2528.0,2523.8,2526.0,3393
2024-09-04 20:00:00,2526.0,2529.6,2524.5,2524.8,7799
2024-09-05 00:00:00,2524.7,2537.4,2523.7,2536.5,19079
2024-09-05 04:00:00,2536.5,2548.7,2536.1,2545.4,28886
2024-09-05 08:00:00,2545.5,2554.0,2533.7,2537.4,69619
2024-09-05 12:00:00,2537.4,2547.4,2536.3,2545.2,17004
2024-09-05 16:00:00,2545.3,2547.9,2545.1,2547.2,2904
2024-09-05 20:00:00,2547.3,2548.2,2542.8,2547.7,7019
2024-09-06 00:00:00,2547.9,2551.9,2546.4,2546.5,13801
2024-09-06 04:00:00,2546.5,2550.3,2544.6,2546.2,13051
2024-09-06 08:00:00,2546.1,2559.8,2529.9,2534.9,125293
2024-09-06 12:00:00,2534.8,2535.4,2513.9,2525.4,56037
2024-09-06 16:00:00,2525.2,2527.3,2524.2,2526.8,2026
2024-09-08 16:00:00,2526.5,2527.5,2524.6,2526.0,4649
2024-09-08 20:00:00,2526.1,2529.5,2523.7,2528.2,11324
2024-09-09 00:00:00,2528.1,2528.5,2514.2,2523.5,25671
2024-09-09 04:00:00,2523.5,2528.3,2519.2,2526.4,23139
2024-09-09 08:00:00,2526.5,2534.7,2522.2,2528.3,45380
2024-09-09 12:00:00,2529.0,2535.8,2528.4,2535.1,24353
2024-09-09 16:00:00,2535.1,2536.5,2534.4,2535.6,3680
2024-09-09 20:00:00,2535.7,2536.3,2530.4,2531.3,7729
2024-09-10 00:00:00,2531.4,2536.2,2529.6,2531.8,14129
2024-09-10 04:00:00,2531.7,2538.7,2528.9,2533.5,30489
2024-09-10 08:00:00,2533.5,2547.5,2529.7,2541.6,62469
2024-09-10 12:00:00,2541.7,2546.5,2539.6,2546.3,31471
2024-09-10 16:00:00,2546.4,2547.8,2544.9,2547.6,3361
2024-09-10 20:00:00,2547.5,2552.0,2543.6,2548.2,13729
2024-09-11 00:00:00,2548.3,2558.0,2547.3,2550.6,24518
2024-09-11 04:00:00,2550.6,2556.2,2548.8,2551.0,23103
2024-09-11 08:00:00,2551.0,2553.5,2530.7,2543.6,89781
2024-09-11 12:00:00,2543.5,2549.0,2538.3,2541.5,33743
2024-09-11 16:00:00,2541.6,2542.4,2539.5,2539.6,2629
2024-09-11 20:00:00,2539.6,2543.9,2538.7,2543.6,5959
2024-09-12 00:00:00,2543.8,2550.0,2542.2,2543.8,13408
2024-09-12 04:00:00,2543.8,2549.0,2540.9,2547.4,27415
2024-09-12 08:00:00,2547.6,2583.6,2546.5,2581.7,127938
2024-09-12 12:00:00,2581.8,2587.7,2573.4,2586.2,42038
2024-09-12 16:00:00,2586.2,2588.5,2585.0,2586.8,5523
2024-09-12 20:00:00,2586.8,2598.3,2585.1,2595.8,18168
2024-09-13 00:00:00,2596.1,2599.2,2591.4,2597.7,20321
2024-09-13 04:00:00,2597.8,2601.0,2591.4,2595.0,23997
2024-09-13 08:00:00,2595.2,2611.7,2593.8,2610.3,64620
2024-09-13 12:00:00,2610.4,2614.4,2606.8,2611.0,29096
2024-09-13 16:00:00,2610.8,2611.2,2605.7,2606.2,3150
2024-09-15 16:00:00,2608.0,2608.7,2605.5,2607.0,4651
2024-09-15 20:00:00,2606.9,2616.6,2606.8,2614.2,9480
2024-09-16 00:00:00,2614.2,2617.4,2607.2,2609.8,17396
2024-09-16 04:00:00,2609.9,2616.2,2602.5,2610.5,23916
2024-09-16 08:00:00,2610.6,2616.8,2603.7,2607.4,46074
2024-09-16 12:00:00,2607.5,2611.7,2607.1,2609.9,15145
2024-09-16 16:00:00,2609.9,2611.0,2609.2,2610.8,2297
2024-09-16 20:00:00,2610.7,2613.4,2604.1,2604.2,11649
2024-09-17 00:00:00,2604.4,2613.7,2601.2,2610.7,16453
2024-09-17 04:00:00,2610.7,2611.0,2596.9,2606.9,33211
2024-09-17 08:00:00,2607.1,2609.5,2588.4,2592.4,62349
2024-09-17 12:00:00,2590.4,2598.4,2587.3,2595.4,25800
2024-09-17 16:00:00,2595.4,2600.6,2594.9,2600.3,3184
2024-09-17 20:00:00,2600.2,2602.9,2596.4,2602.0,12870
2024-09-18 00:00:00,2602.2,2602.8,2591.9,2597.8,15377
2024-09-18 04:00:00,2597.9,2607.3,2594.3,2604.0,20636
2024-09-18 08:00:00,2604.1,2605.4,2594.5,2596.5,33909
2024-09-18 12:00:00,2597.1,2627.2,2572.5,2575.0,134492
2024-09-18 16:00:00,2574.8,2586.7,2574.2,2584.1,9223
2024-09-18 20:00:00,2584.2,2591.2,2575.3,2588.9,21376
2024-09-19 00:00:00,2588.8,2610.0,2584.0,2609.8,32514
2024-09-19 04:00:00,2609.9,2620.5,2606.4,2614.7,35607
2024-09-19 08:00:00,2614.6,2616.5,2594.3,2614.6,73601
2024-09-19 12:00:00,2614.8,2618.2,2610.8,2613.3,26268
2024-09-19 16:00:00,2613.9,2614.6,2610.9,2611.8,3535
2024-09-19 20:00:00,2611.8,2618.7,2608.7,2616.9,12703
2024-09-20 00:00:00,2616.5,2635.1,2616.5,2632.3,30922
2024-09-20 04:00:00,2632.3,2640.7,2627.4,2639.1,29678
2024-09-20 08:00:00,2639.0,2648.6,2627.5,2648.3,85258
2024-09-20 12:00:00,2648.3,2651.0,2642.9,2646.1,34821
2024-09-20 16:00:00,2646.1,2647.7,2644.0,2647.1,2659
2024-09-22 16:00:00,2646.2,2647.8,2643.1,2644.8,2498
2024-09-22 20:00:00,2644.6,2655.9,2640.7,2653.0,17226
2024-09-23 00:00:00,2653.1,2656.1,2638.6,2640.0,21509
2024-09-23 04:00:00,2639.9,2650.5,2639.5,2649.0,24387
2024-09-23 08:00:00,2648.9,2659.8,2644.5,2654.1,66240
2024-09-23 12:00:00,2654.0,2655.7,2650.4,2651.0,26642
2024-09-23 16:00:00,2651.1,2653.8,2650.5,2651.1,2368
2024-09-23 20:00:00,2651.0,2660.9,2648.5,2659.1,15247
2024-09-24 00:00:00,2658.8,2664.6,2647.1,2653.6,32196
2024-09-24 04:00:00,2653.5,2661.0,2647.9,2651.1,29114
2024-09-24 08:00:00,2651.1,2673.7,2648.0,2667.8,75455
2024-09-24 12:00:00,2667.9,2689.4,2667.1,2687.7,48064
2024-09-24 16:00:00,2687.7,2688.8,2681.3,2682.9,7058
2024-09-24 20:00:00,2682.9,2694.9,2679.8,2685.5,22985
2024-09-25 00:00:00,2685.9,2686.2,2674.2,2681.1,22321
2024-09-25 04:00:00,2681.2,2682.9,2677.0,2681.7,19504
2024-09-25 08:00:00,2681.5,2691.9,2678.0,2682.1,67384
2024-09-25 12:00:00,2682.2,2687.3,2673.4,2683.8,43259
2024-09-25 16:00:00,2683.9,2684.3,2679.6,2679.8,4845
2024-09-25 20:00:00,2679.9,2685.7,2678.5,2685.3,12602
2024-09-26 00:00:00,2685.7,2690.0,2681.1,2687.6,17432
2024-09-26 04:00:00,2687.7,2708.7,2687.6,2705.9,41769
2024-09-26 08:00:00,2706.0,2707.3,2677.5,2694.2,102366
2024-09-26 12:00:00,2694.2,2700.9,2685.9,2696.6,29262
2024-09-26 16:00:00,2696.6,2696.9,2693.7,2694.9,2351
2024-09-26 20:00:00,2694.9,2696.4,2688.5,2696.1,11851
2024-09-27 00:00:00,2696.2,2696.3,2683.2,2687.1,22142
2024-09-27 04:00:00,2687.0,2691.6,2680.6,2688.4,21580
2024-09-27 08:00:00,2688.4,2696.5,2666.3,2672.0,86801
2024-09-27 12:00:00,2672.0,2678.5,2665.3,2674.5,37318
2024-09-27 16:00:00,2674.3,2682.7,2673.6,2680.8,3759
2024-09-29 16:00:00,2680.5,2686.8,2679.3,2685.3,5591
2024-09-29 20:00:00,2685.4,2687.7,2668.8,2675.0,17020
2024-09-30 00:00:00,2675.0,2682.4,2672.3,2672.6,16499
2024-09-30 04:00:00,2672.6,2678.4,2655.8,2663.2,30733
2024-09-30 08:00:00,2663.4,2666.0,2650.2,2655.8,50026
2024-09-30 12:00:00,2656.1,2663.4,2646.2,2652.8,34799
2024-09-30 16:00:00,2652.9,2657.8,2652.6,2657.2,3339
2024-09-30 20:00:00,2657.3,2661.5,2655.4,2659.3,7584
2024-10-01 00:00:00,2659.2,2668.9,2658.7,2667.0,15977
2024-10-01 04:00:00,2667.1,2673.6,2663.8,2671.8,18959
2024-10-01 08:00:00,2671.8,2694.0,2669.5,2685.1,97876
2024-10-01 12:00:00,2685.0,2694.7,2678.9,2679.9,50038
2024-10-01 16:00:00,2679.9,2685.3,2679.2,2681.2,3472
2024-10-01 20:00:00,2681.2,2683.2,2676.0,2676.5,9380
2024-10-02 00:00:00,2676.2,2677.5,2665.4,2676.5,18026
2024-10-02 04:00:00,2676.6,2676.9,2669.1,2670.6,16724
2024-10-02 08:00:00,2670.7,2684.8,2662.1,2671.3,58395
2024-10-02 12:00:00,2671.2,2680.1,2668.4,2679.8,18565
2024-10-02 16:00:00,2679.8,2681.4,2678.8,2680.3,3137
2024-10-02 20:00:00,2680.4,2683.4,2673.7,2676.6,9267
2024-10-03 00:00:00,2676.2,2677.9,2663.7,2665.5,14591
2024-10-03 04:00:00,2665.4,2669.3,2660.8,2668.3,19334
2024-10-03 08:00:00,2668.3,2675.9,2657.8,2668.9,61578
2024-10-03 12:00:00,2669.2,2682.4,2668.7,2677.9,25743
2024-10-03 16:00:00,2677.9,2678.0,2673.9,2675.4,2195
2024-10-03 20:00:00,2675.5,2683.6,2675.1,2680.9,6993
2024-10-04 00:00:00,2680.8,2687.7,2678.6,2681.0,11786
2024-10-04 04:00:00,2681.1,2682.6,2676.6,2681.4,12284
2024-10-04 08:00:00,2681.3,2690.6,2651.6,2673.4,127647
2024-10-04 12:00:00,2673.4,2673.9,2661.8,2671.6,25756
2024-10-04 16:00:00,2671.5,2673.8,2669.7,2673.2,2441
2024-10-06 16:00:00,2671.7,2672.6,2667.9,2669.6,2691
2024-10-06 20:00:00,2669.7,2671.5,2663.0,2666.3,9074
2024-10-07 00:00:00,2666.8,2672.5,2659.0,2671.8,14840
2024-10-07 04:00:00,2671.6,2679.2,2670.0,2676.6,19637
2024-10-07 08:00:00,2676.6,2679.1,2657.3,2665.2,59877
2024-10-07 12:00:00,2665.2,2668.3,2658.8,2662.5,18858
2024-10-07 16:00:00,2662.8,2668.2,2660.9,2662.1,3172
2024-10-07 20:00:00,2662.1,2667.3,2652.7,2661.8,23018
2024-10-08 00:00:00,2662.0,2665.9,2649.6,2652.9,19641
2024-10-08 04:00:00,2652.9,2672.4,2647.3,2670.0,31321
2024-10-08 08:00:00,2670.0,2672.4,2623.4,2632.0,104678
2024-10-08 12:00:00,2632.0,2642.9,2624.0,2641.9,39236
2024-10-08 16:00:00,2641.9,2642.5,2637.9,2640.7,4055
2024-10-08 20:00:00,2640.6,2642.9,2633.4,2635.8,13923
2024-10-09 00:00:00,2635.7,2642.8,2627.6,2630.0,18228
2024-10-09 04:00:00,2630.0,2641.0,2628.9,2637.5,22775
2024-10-09 08:00:00,2637.4,2640.9,2622.8,2633.2,57337
2024-10-09 12:00:00,2633.3,2634.2,2623.3,2627.5,22591
2024-10-09 16:00:00,2627.6,2627.9,2624.8,2625.4,2482
2024-10-09 20:00:00,2625.6,2633.8,2623.1,2628.9,14226
2024-10-10 00:00:00,2628.9,2634.3,2627.4,2633.9,11272
2024-10-10 04:00:00,2633.8,2635.9,2628.0,2630.0,15344
2024-10-10 08:00:00,2630.1,2647.2,2618.8,2640.7,101464
2024-10-10 12:00:00,2640.8,2648.8,2633.2,2646.5,43502
2024-10-10 16:00:00,2646.6,2653.2,2645.3,2650.6,7126
2024-10-10 20:00:00,2650.5,2663.1,2649.5,2662.5,23509
2024-10-11 00:00:00,2662.8,2664.9,2655.2,2662.6,19932
2024-10-11 04:00:00,2662.4,2663.3,2653.2,2661.7,19507
2024-10-11 08:00:00,2661.6,2676.8,2657.7,2676.3,58436
2024-10-11 12:00:00,2676.4,2679.0,2672.1,2672.9,33570
2024-10-11 16:00:00,2673.1,2674.5,2671.5,2674.2,1920
2024-10-13 16:00:00,2673.1,2673.8,2660.9,2664.7,5962
2024-10-13 20:00:00,2664.8,2674.4,2660.0,2672.6,16793
2024-10-14 00:00:00,2672.5,2684.2,2672.1,2677.4,18554
2024-10-14 04:00:00,2677.4,2680.0,2668.0,2669.2,17976
2024-10-14 08:00:00,2669.0,2678.3,2660.6,2663.5,44847
2024-10-14 12:00:00,2663.5,2669.5,2662.6,2669.3,13736
2024-10-14 16:00:00,2669.3,2670.2,2662.7,2665.8,4342
2024-10-14 20:00:00,2665.8,2669.3,2660.8,2661.8,12044
2024-10-15 00:00:00,2662.0,2670.6,2654.4,2667.4,22548
2024-10-15 04:00:00,2667.4,2673.3,2662.3,2664.5,19208
2024-10-15 08:00:00,2664.5,2682.0,2662.8,2681.3,68694
2024-10-15 12:00:00,2681.4,2685.9,2675.6,2678.3,27939
2024-10-15 16:00:00,2678.4,2679.9,2676.7,2676.8,2823
2024-10-15 20:00:00,2676.7,2686.4,2674.9,2683.4,12736
2024-10-16 00:00:00,2683.6,2694.2,2682.0,2692.5,20985
2024-10-16 04:00:00,2692.6,2699.4,2689.7,2694.8,26169
2024-10-16 08:00:00,2694.7,2702.5,2684.6,2686.3,70705
2024-10-16 12:00:00,2686.3,2693.2,2683.1,2691.0,17925
2024-10-16 16:00:00,2691.2,2691.4,2688.8,2689.7,1599
2024-10-16 20:00:00,2689.8,2700.6,2689.7,2692.5,17524
2024-10-17 00:00:00,2692.3,2701.4,2691.9,2697.2,22388
2024-10-17 04:00:00,2697.2,2704.2,2692.0,2696.9,24876
2024-10-17 08:00:00,2697.0,2712.7,2688.2,2709.0,83493
2024-10-17 12:00:00,2708.9,2709.7,2699.5,2707.2,23814
2024-10-17 16:00:00,2707.3,2709.5,2706.2,2708.9,2300
2024-10-17 20:00:00,2708.9,2727.2,2708.1,2725.2,25545
2024-10-18 00:00:00,2725.1,2729.3,2717.6,2717.6,23159
2024-10-18 04:00:00,2717.7,2728.5,2716.9,2725.1,25745
2024-10-18 08:00:00,2725.2,2735.5,2720.2,2730.0,66608
2024-10-18 12:00:00,2730.0,2736.7,2728.7,2734.9,25408
2024-10-18 16:00:00,2734.9,2737.8,2734.3,2736.4,3100
2024-10-20 16:00:00,2736.3,2740.2,2734.6,2738.6,4236
2024-10-20 20:00:00,2738.7,2747.8,2735.9,2746.7,21146
2024-10-21 00:00:00,2746.6,2747.4,2738.6,2745.5,17640
2024-10-21 04:00:00,2745.4,2752.8,2742.7,2749.4,35002
2024-10-21 08:00:00,2749.5,2755.4,2731.4,2734.8,93172
2024-10-21 12:00:00,2734.6,2740.2,2728.5,2734.7,28995
2024-10-21 16:00:00,2734.7,2737.1,2733.5,2735.8,3167
2024-10-21 20:00:00,2735.8,2747.5,2735.0,2745.7,14404
2024-10-22 00:00:00,2745.2,2751.6,2743.5,2747.9,16800
2024-10-22 04:00:00,2747.7,2753.7,2743.8,2746.5,27108
2024-10-22 08:00:00,2746.5,2758.7,2746.0,2752.2,68470
2024-10-22 12:00:00,2752.1,2763.2,2751.8,2762.8,31956
2024-10-22 16:00:00,2762.8,2763.3,2759.8,2760.6,4455
2024-10-22 20:00:00,2760.6,2761.4,2752.1,2760.2,16508
2024-10-23 00:00:00,2760.3,2769.7,2759.2,2769.0,19484
2024-10-23 04:00:00,2768.9,2772.6,2763.0,2763.9,23213
2024-10-23 08:00:00,2763.9,2764.5,2722.1,2735.4,111952
2024-10-23 12:00:00,2735.4,2736.9,2725.4,2729.7,28288
2024-10-23 16:00:00,2729.7,2734.7,2727.7,2734.0,3558
2024-10-23 20:00:00,2733.9,2739.9,2730.5,2736.0,14438
2024-10-24 00:00:00,2736.0,2749.9,2735.8,2746.3,20889
2024-10-24 04:00:00,2746.4,2752.5,2745.2,2751.2,18208
2024-10-24 08:00:00,2751.2,2756.3,2735.1,2743.9,75030
2024-10-24 12:00:00,2744.0,2750.7,2738.6,2749.7,26589
2024-10-24 16:00:00,2749.8,2749.9,2745.8,2746.0,3031
2024-10-24 20:00:00,2746.1,2747.8,2737.0,2738.4,11687
2024-10-25 00:00:00,2738.7,2745.0,2736.5,2739.1,13883
2024-10-25 04:00:00,2739.2,2741.8,2729.1,2736.6,30639
2024-10-25 08:00:00,2736.4,2754.7,2735.6,2749.9,53655
2024-10-25 12:00:00,2749.7,2757.8,2746.7,2755.3,27165
2024-10-25 16:00:00,2755.3,2760.9,2755.2,2760.8,4616
2024-10-27 16:00:00,2749.2,2752.5,2742.0,2748.0,9818
2024-10-27 20:00:00,2747.9,2748.7,2736.9,2742.3,16527
2024-10-28 00:00:00,2741.9,2756.5,2741.3,2751.4,22412
2024-10-28 04:00:00,2751.4,2753.4,2740.1,2744.5,28568
2024-10-28 08:00:00,2744.4,2758.3,2743.5,2753.4,55658
2024-10-28 12:00:00,2753.2,2757.5,2752.3,2754.7,19655
2024-10-28 16:00:00,2754.9,2756.4,2752.0,2756.2,2582
2024-10-28 20:00:00,2756.4,2770.2,2755.3,2763.8,22826
2024-10-29 00:00:00,2763.6,2768.8,2761.1,2764.3,13418
2024-10-29 04:00:00,2764.5,2768.8,2757.9,2764.0,31118
2024-10-29 08:00:00,2764.0,2784.0,2760.4,2776.3,87220
2024-10-29 12:00:00,2776.3,2787.3,2776.2,2784.6,37546
2024-10-29 16:00:00,2784.6,2788.0,2784.3,2787.3,3582
2024-10-29 20:00:00,2787.5,2794.4,2787.2,2791.2,17169
2024-10-30 00:00:00,2791.2,2801.7,2789.4,2794.3,20109
2024-10-30 04:00:00,2794.3,2798.5,2790.0,2790.3,23479
2024-10-30 08:00:00,2790.2,2799.5,2782.4,2796.6,86290
2024-10-30 12:00:00,2796.4,2801.8,2794.7,2799.0,30533
2024-10-30 16:00:00,2799.0,2799.7,2796.1,2796.4,2987
2024-10-30 20:00:00,2796.5,2801.2,2794.7,2795.6,12175
2024-10-31 00:00:00,2795.8,2797.7,2789.0,2792.8,20386
2024-10-31 04:00:00,2792.7,2793.9,2784.0,2790.4,29426
2024-10-31 08:00:00,2790.4,2792.9,2741.8,2750.7,120139
2024-10-31 12:00:00,2752.2,2760.0,2748.2,2756.6,40867
2024-10-31 16:00:00,2756.6,2758.4,2753.6,2756.5,3801
2024-10-31 20:00:00,2756.6,2761.6,2754.5,2761.2,13326
2024-11-01 00:00:00,2761.4,2766.9,2756.8,2759.5,14538
2024-11-01 04:00:00,2759.3,2765.2,2754.8,2762.7,20928
2024-11-01 08:00:00,2762.7,2772.4,2749.4,2754.4,85377
2024-11-01 12:00:00,2754.4,2755.8,2742.6,2743.8,30440
2024-11-01 16:00:00,2743.9,2746.7,2743.0,2745.8,2947
2024-11-03 16:00:00,2743.5,2750.5,2739.4,2749.6,7224
2024-11-03 20:00:00,2749.8,2751.9,2744.5,2750.2,10020
2024-11-04 00:00:00,2750.4,2754.0,2740.7,2742.3,20031
2024-11-04 04:00:00,2742.3,2754.4,2741.5,2752.7,24679
2024-11-04 08:00:00,2752.7,2757.5,2741.8,2743.8,52909
2024-11-04 12:00:00,2743.8,2749.2,2741.0,2746.5,20990
2024-11-04 16:00:00,2746.6,2746.9,2742.8,2743.8,2590
2024-11-04 20:00:00,2743.7,2745.1,2733.4,2743.3,18211
2024-11-05 00:00:00,2743.1,2752.5,2740.3,2751.6,18301
2024-11-05 04:00:00,2751.6,2754.1,2744.8,2747.0,22254
2024-11-05 08:00:00,2747.1,2759.5,2742.2,2748.3,56368
2024-11-05 12:00:00,2748.3,2753.3,2747.4,2752.1,26549
2024-11-05 16:00:00,2752.2,2755.2,2744.0,2746.8,7373
2024-11-05 20:00:00,2747.1,2758.8,2738.8,2751.0,49722
2024-11-06 00:00:00,2750.6,2752.5,2709.8,2733.3,64951
2024-11-06 04:00:00,2733.3,2737.7,2701.8,2703.8,46916
2024-11-06 08:00:00,2703.6,2703.6,2660.7,2674.8,147188
2024-11-06 12:00:00,2674.7,2678.2,2667.9,2669.3,31625
2024-11-06 16:00:00,2669.4,2671.8,2666.5,2668.8,5792
2024-11-06 20:00:00,2668.7,2671.4,2650.3,2661.2,30021
2024-11-07 00:00:00,2661.4,2674.7,2659.5,2664.3,26324
2024-11-07 04:00:00,2664.4,2681.5,2664.3,2681.0,31100
2024-11-07 08:00:00,2681.1,2707.8,2679.7,2703.1,100621
2024-11-07 12:00:00,2703.1,2718.3,2694.6,2711.9,68378
2024-11-07 16:00:00,2712.0,2717.8,2711.1,2713.5,5411
2024-11-07 20:00:00,2713.6,2715.0,2700.4,2700.6,19348
2024-11-08 00:00:00,2701.0,2703.4,2687.3,2696.0,26232
2024-11-08 04:00:00,2695.9,2702.3,2689.0,2699.2,23917
2024-11-08 08:00:00,2699.1,2711.7,2690.2,2690.8,88488
2024-11-08 12:00:00,2690.9,2696.5,2690.9,2692.8,42582
2024-11-08 16:00:00,2692.8,2693.6,2690.4,2691.7,2406
2024-11-10 16:00:00,2692.1,2693.4,2686.6,2691.2,3846
2024-11-10 20:00:00,2691.1,2692.1,2673.1,2679.0,21448
2024-11-11 00:00:00,2679.0,2681.3,2673.5,2676.3,15834
2024-11-11 04:00:00,2676.3,2682.6,2663.0,2664.1,36152
2024-11-11 08:00:00,2664.0,2664.3,2619.5,2621.8,129523
2024-11-11 12:00:00,2621.8,2632.8,2617.1,2628.4,45526
2024-11-11 16:00:00,2628.6,2632.0,2625.6,2630.1,4693
2024-11-11 20:00:00,2630.0,2633.4,2621.6,2623.9,15390
2024-11-12 00:00:00,2623.9,2624.3,2601.7,2606.7,40084
2024-11-12 04:00:00,2606.5,2613.9,2595.7,2611.9,53275
2024-11-12 08:00:00,2611.9,2624.1,2603.7,2607.2,86815
2024-11-12 12:00:00,2607.1,2608.8,2598.8,2606.1,51517
2024-11-12 16:00:00,2606.2,2607.2,2603.5,2605.4,3177
2024-11-12 20:00:00,2605.4,2619.1,2605.4,2612.6,24850
2024-11-13 00:00:00,2612.3,2616.8,2606.7,2613.6,21229
2024-11-13 04:00:00,2613.5,2618.9,2611.6,2615.7,23274
2024-11-13 08:00:00,2615.7,2625.0,2590.5,2591.5,102206
2024-11-13 12:00:00,2591.6,2592.6,2578.8,2579.4,58677
2024-11-13 16:00:00,2579.5,2585.8,2573.6,2576.7,6091
2024-11-13 20:00:00,2576.7,2577.2,2563.8,2569.8,29383
2024-11-14 00:00:00,2569.7,2569.8,2555.1,2560.8,31201
2024-11-14 04:00:00,2561.0,2563.3,2541.5,2557.2,51123
2024-11-14 08:00:00,2557.1,2582.7,2556.1,2579.1,85776
2024-11-14 12:00:00,2579.2,2582.3,2569.0,2572.5,39350
2024-11-14 16:00:00,2572.6,2574.9,2569.4,2571.6,5245
2024-11-14 20:00:00,2571.6,2576.5,2567.6,2571.9,10555
2024-11-15 00:00:00,2571.8,2573.9,2558.9,2571.4,19770
2024-11-15 04:00:00,2571.5,2578.0,2567.5,2573.6,22668
2024-11-15 08:00:00,2573.8,2580.8,2565.3,2566.7,71901
2024-11-15 12:00:00,2566.6,2572.7,2563.7,2566.7,33405
2024-11-15 16:00:00,2566.7,2568.2,2565.6,2567.4,1764
2024-11-17 16:00:00,2571.5,2581.9,2568.5,2581.0,8486
2024-11-17 20:00:00,2581.0,2601.9,2581.0,2597.3,30380
2024-11-18 00:00:00,2596.7,2596.9,2584.9,2589.8,21038
2024-11-18 04:00:00,2589.7,2601.8,2588.0,2599.7,30952
2024-11-18 08:00:00,2599.4,2619.5,2597.1,2615.9,64458
2024-11-18 12:00:00,2616.0,2617.0,2611.6,2614.4,25906
2024-11-18 16:00:00,2614.5,2617.7,2614.1,2617.3,5422
2024-11-18 20:00:00,2617.4,2629.7,2615.5,2627.1,21100
2024-11-19 00:00:00,2627.1,2631.0,2621.4,2630.3,23580
2024-11-19 04:00:00,2630.2,2643.2,2629.3,2643.2,46345
2024-11-19 08:00:00,2643.3,2643.4,2624.5,2630.2,76388
2024-11-19 12:00:00,2630.1,2638.4,2629.3,2637.4,20643
2024-11-19 16:00:00,2637.4,2642.3,2634.0,2640.9,5006
2024-11-19 20:00:00,2641.0,2645.3,2638.8,2639.8,13280
2024-11-20 00:00:00,2639.9,2641.9,2621.9,2627.4,29343
2024-11-20 04:00:00,2627.4,2635.8,2624.0,2635.2,26242
2024-11-20 08:00:00,2635.1,2654.3,2634.4,2654.1,71713
2024-11-20 12:00:00,2654.0,2659.0,2648.8,2652.3,27011
2024-11-20 16:00:00,2652.4,2661.3,2651.4,2660.9,5121
2024-11-20 20:00:00,2661.1,2663.3,2653.1,2659.8,13803
2024-11-21 00:00:00,2659.5,2672.3,2657.1,2671.2,22103
2024-11-21 04:00:00,2671.1,2676.2,2665.5,2666.0,30417
2024-11-21 08:00:00,2665.8,2674.2,2662.8,2667.2,69682
2024-11-21 12:00:00,2667.2,2676.5,2664.2,2674.1,30427
2024-11-21 16:00:00,2674.0,2675.6,2670.1,2675.2,5173
2024-11-21 20:00:00,2675.1,2694.7,2675.1,2690.2,22715
2024-11-22 00:00:00,2691.0,2703.0,2685.1,2699.9,26461
2024-11-22 04:00:00,2699.8,2712.4,2695.8,2705.4,42841
2024-11-22 08:00:00,2705.2,2708.8,2686.4,2707.3,78533
2024-11-22 12:00:00,2707.5,2713.7,2705.7,2707.8,32724
2024-11-22 16:00:00,2707.8,2718.5,2707.7,2718.2,4345
2024-11-24 16:00:00,2716.9,2723.2,2690.0,2712.4,12556
2024-11-24 20:00:00,2712.5,2713.0,2661.0,2674.4,42871
2024-11-25 00:00:00,2674.0,2675.5,2660.0,2673.6,28905
2024-11-25 04:00:00,2673.6,2690.3,2670.3,2682.4,34246
2024-11-25 08:00:00,2682.3,2689.5,2627.3,2633.3,116621
2024-11-25 12:00:00,2633.2,2635.5,2616.6,2627.3,52234
2024-11-25 16:00:00,2627.2,2629.4,2605.3,2619.9,7931
2024-11-25 20:00:00,2619.9,2632.6,2618.0,2626.7,13414
2024-11-26 00:00:00,2626.5,2626.5,2610.9,2613.7,18492
2024-11-26 04:00:00,2613.6,2635.1,2613.1,2631.2,27378
2024-11-26 08:00:00,2631.2,2642.7,2616.7,2628.9,68026
2024-11-26 12:00:00,2628.8,2633.3,2619.7,2632.1,28070
2024-11-26 16:00:00,2632.1,2634.3,2627.4,2628.2,1435
2024-11-26 20:00:00,2628.0,2640.9,2627.2,2639.2,4202
2024-11-27 00:00:00,2638.9,2678.9,2638.4,2678.5,42715
2024-11-27 04:00:00,2678.7,2679.8,2642.1,2675.9,61227
2024-11-27 08:00:00,2651.2,2683.4,2634.5,2664.2,120764
2024-11-27 12:00:00,2664.1,2668.1,2634.2,2662.2,19440
2024-11-27 16:00:00,2662.2,2662.7,2635.2,2659.9,2774
2024-11-27 20:00:00,2659.8,2660.6,2620.7,2655.3,15682
2024-11-29 08:00:00,2681.5,2686.5,2652.4,2686.2,27165
2024-11-29 12:00:00,2686.2,2686.2,2659.7,2684.9,4593
2024-12-01 16:00:00,2673.8,2678.5,2636.5,2660.1,11120
2024-12-01 20:00:00,2660.2,2661.8,2621.7,2651.2,24397
2024-12-02 00:00:00,2651.3,2656.3,2622.5,2652.2,19164
2024-12-02 04:00:00,2652.1,2669.2,2628.7,2664.0,27471
2024-12-02 08:00:00,2664.1,2675.0,2638.1,2664.4,48964
2024-12-02 12:00:00,2664.4,2667.4,2635.7,2660.1,23294
2024-12-02 16:00:00,2660.3,2667.1,2639.0,2663.8,3616
2024-12-02 20:00:00,2663.9,2668.3,2638.2,2662.2,13506
2024-12-03 00:00:00,2662.4,2672.8,2640.2,2668.2,19171
2024-12-03 04:00:00,2668.1,2670.9,2644.2,2662.3,22328
2024-12-03 08:00:00,2662.3,2678.4,2636.0,2671.0,56240
2024-12-03 12:00:00,2670.9,2671.7,2641.7,2664.4,17826
2024-12-03 16:00:00,2664.5,2666.4,2661.3,2662.4,2982
2024-12-03 20:00:00,2662.4,2670.3,2639.2,2670.0,12599
2024-12-04 00:00:00,2670.4,2673.6,2643.6,2663.5,17322
2024-12-04 04:00:00,2663.5,2669.6,2637.0,2659.2,27667
2024-12-04 08:00:00,2659.0,2682.0,2637.4,2674.2,73585
2024-12-04 12:00:00,2674.1,2679.9,2651.3,2674.5,19619
2024-12-04 16:00:00,2674.6,2675.6,2671.3,2672.1,3393
2024-12-04 20:00:00,2672.1,2674.6,2649.8,2670.6,8850
2024-12-05 00:00:00,2670.2,2680.0,2647.9,2667.6,23078
2024-12-05 04:00:00,2667.5,2676.6,2644.5,2676.5,18264
2024-12-05 08:00:00,2676.6,2677.9,2633.2,2658.4,60619
2024-12-05 12:00:00,2658.4,2659.4,2625.7,2654.5,30736
2024-12-05 16:00:00,2654.4,2656.8,2651.4,2651.8,2866
2024-12-05 20:00:00,2651.8,2666.7,2617.5,2664.2,28546
2024-12-06 00:00:00,2664.5,2667.2,2638.1,2666.2,20228
2024-12-06 04:00:00,2666.3,2667.9,2637.5,2660.1,21847
2024-12-06 08:00:00,2660.0,2665.3,2627.0,2662.4,62564
2024-12-06 12:00:00,2662.5,2662.6,2635.6,2653.9,18977
2024-12-06 16:00:00,2654.0,2655.7,2633.4,2654.9,1734
2024-12-08 16:00:00,2665.0,2672.7,2630.8,2653.3,11565
2024-12-08 20:00:00,2653.3,2672.9,2636.7,2658.3,19916
2024-12-09 00:00:00,2657.9,2673.2,2637.7,2671.0,21202
2024-12-09 04:00:00,2671.1,2682.5,2653.1,2678.7,26906
2024-12-09 08:00:00,2678.8,2700.0,2663.0,2690.5,68223
2024-12-09 12:00:00,2690.5,2692.2,2661.6,2680.8,21174
2024-12-09 16:00:00,2680.8,2688.3,2661.0,2687.7,6056
2024-12-09 20:00:00,2667.6,2696.9,2662.6,2693.5,19766
2024-12-10 00:00:00,2693.1,2694.2,2663.6,2685.6,17474
2024-12-10 04:00:00,2685.8,2703.4,2664.8,2701.1,40472
2024-12-10 08:00:00,2701.2,2718.1,2676.8,2717.9,66252
2024-12-10 12:00:00,2717.8,2721.1,2698.2,2718.2,22405
2024-12-10 16:00:00,2718.2,2732.9,2701.8,2731.7,10417
2024-12-10 20:00:00,2731.9,2741.0,2712.0,2736.3,39176
2024-12-11 00:00:00,2735.9,2739.6,2700.0,2728.0,45299
2024-12-11 04:00:00,2728.0,2731.2,2693.1,2725.5,26091
2024-12-11 08:00:00,2725.5,2759.7,2702.1,2753.1,96690
2024-12-11 12:00:00,2752.9,2759.0,2728.7,2752.7,26972
2024-12-11 16:00:00,2752.7,2758.7,2728.4,2758.4,4977
2024-12-11 20:00:00,2758.5,2761.3,2743.1,2748.2,19735
2024-12-12 00:00:00,2747.6,2755.3,2744.5,2753.7,19156
2024-12-12 04:00:00,2753.7,2754.6,2716.5,2736.4,30649
2024-12-12 08:00:00,2736.4,2742.6,2677.4,2707.2,110686
2024-12-12 12:00:00,2707.2,2711.9,2683.6,2704.1,23030
2024-12-12 16:00:00,2704.2,2709.1,2684.0,2708.9,3717
2024-12-12 20:00:00,2708.8,2716.4,2707.2,2709.6,18385
2024-12-13 00:00:00,2709.9,2711.2,2684.8,2695.1,20994
2024-12-13 04:00:00,2695.0,2697.2,2663.0,2693.6,39428
2024-12-13 08:00:00,2693.7,2695.1,2658.3,2681.5,61037
2024-12-13 12:00:00,2681.6,2681.6,2650.4,2665.7,24434
2024-12-13 16:00:00,2665.7,2668.5,2647.9,2665.9,5035
2024-12-15 16:00:00,2668.0,2670.8,2661.4,2665.2,6522
2024-12-15 20:00:00,2665.1,2674.1,2664.7,2670.4,11331
2024-12-16 00:00:00,2670.3,2679.8,2657.1,2676.1,15953
2024-12-16 04:00:00,2676.0,2683.4,2658.1,2679.1,21560
2024-12-16 08:00:00,2679.0,2683.4,2651.0,2670.1,38524
2024-12-16 12:00:00,2670.0,2673.1,2651.8,2670.1,13844
2024-12-16 16:00:00,2670.3,2672.5,2651.8,2672.2,3592
2024-12-16 20:00:00,2672.1,2675.8,2651.9,2668.4,11172
2024-12-17 00:00:00,2668.4,2673.4,2640.3,2659.5,24140
2024-12-17 04:00:00,2659.4,2661.5,2637.2,2657.6,28233
2024-12-17 08:00:00,2657.5,2662.0,2632.5,2653.9,53719
2024-12-17 12:00:00,2653.9,2665.3,2652.9,2660.5,15773
2024-12-17 16:00:00,2660.7,2667.6,2660.2,2666.3,3814
2024-12-17 20:00:00,2666.3,2667.5,2657.3,2660.1,9072
2024-12-18 00:00:00,2660.1,2665.1,2657.3,2663.2,12736
2024-12-18 04:00:00,2663.2,2665.5,2659.6,2659.8,10695
2024-12-18 08:00:00,2659.8,2664.1,2649.6,2651.4,38430
2024-12-18 12:00:00,2651.3,2655.8,2601.7,2606.9,68666
2024-12-18 16:00:00,2607.0,2610.2,2596.7,2608.3,11666
2024-12-18 20:00:00,2608.2,2630.0,2606.1,2622.1,25879
2024-12-19 00:00:00,2621.8,2635.9,2616.1,2632.7,26465
2024-12-19 04:00:00,2632.8,2640.9,2618.1,2620.7,33390
2024-12-19 08:00:00,2620.6,2620.7,2601.0,2606.6,64125
2024-12-19 12:00:00,2606.5,2616.0,2605.3,2612.3,21846
2024-12-19 16:00:00,2612.3,2612.6,2604.5,2604.9,3162
2024-12-19 20:00:00,2604.9,2618.0,2603.7,2612.7,19313
2024-12-20 00:00:00,2612.4,2622.2,2610.6,2620.0,12853
2024-12-20 04:00:00,2620.0,2622.3,2614.8,2617.8,16642
2024-12-20 08:00:00,2617.8,2653.8,2614.4,2643.7,67416
2024-12-20 12:00:00,2643.9,2649.5,2641.2,2642.9,21588
2024-12-20 16:00:00,2643.0,2643.6,2638.0,2640.8,3104
2024-12-22 16:00:00,2639.1,2641.9,2634.2,2637.7,4458
2024-12-22 20:00:00,2637.8,2643.0,2635.3,2640.6,11236
2024-12-23 00:00:00,2640.6,2646.8,2638.8,2644.1,14693
2024-12-23 04:00:00,2644.0,2645.0,2627.2,2629.2,18470
2024-12-23 08:00:00,2629.2,2633.9,2623.2,2632.0,35324
2024-12-23 12:00:00,2632.1,2633.0,2624.9,2626.5,15106
2024-12-23 16:00:00,2626.6,2631.9,2625.8,2630.6,2930
2024-12-23 20:00:00,2630.6,2634.0,2629.3,2633.4,7332
2024-12-24 08:00:00,2628.6,2633.0,2624.2,2631.5,14199
2024-12-24 12:00:00,2631.4,2635.8,2630.9,2634.2,4262
2024-12-26 00:00:00,2643.8,2644.0,2638.4,2641.8,8104
2024-12-26 04:00:00,2641.7,2646.2,2639.6,2642.1,8464
2024-12-26 08:00:00,2642.0,2655.6,2637.9,2648.8,30860
2024-12-26 12:00:00,2648.9,2655.7,2645.3,2654.8,17623
2024-12-26 16:00:00,2654.9,2655.0,2651.2,2651.3,2625
2024-12-26 20:00:00,2651.2,2653.9,2647.2,2650.4,8505
2024-12-27 00:00:00,2650.3,2652.6,2640.6,2640.8,12540
2024-12-27 04:00:00,2640.7,2646.5,2638.3,2641.6,12790
2024-12-27 08:00:00,2641.7,2642.7,2625.2,2633.6,40234
2024-12-27 12:00:00,2633.6,2637.0,2628.6,2631.6,13723
2024-12-27 16:00:00,2631.7,2636.6,2631.5,2636.5,1844
2024-12-29 16:00:00,2636.1,2640.5,2633.6,2636.6,2999
2024-12-29 20:00:00,2636.5,2640.7,2634.3,2634.7,7735
2024-12-30 00:00:00,2634.9,2636.5,2621.5,2623.6,12825
2024-12-30 04:00:00,2623.6,2636.2,2621.3,2635.1,17719
2024-12-30 08:00:00,2635.1,2636.9,2608.4,2612.0,45605
2024-12-30 12:00:00,2612.2,2623.2,2612.2,2621.9,17185
2024-12-30 16:00:00,2621.8,2622.1,2617.8,2620.9,2117
2024-12-30 20:00:00,2620.9,2624.0,2615.5,2619.1,6483
2024-12-31 00:00:00,2619.1,2629.7,2614.3,2628.7,10912
2024-12-31 04:00:00,2628.7,2629.1,2621.6,2623.9,9760
2024-12-31 08:00:00,2624.1,2641.3,2617.4,2639.3,33138
2024-12-31 12:00:00,2639.3,2642.0,2636.8,2637.8,18599
2024-12-31 16:00:00,2637.9,2639.4,2637.6,2639.3,884
2025-01-02 00:00:00,2645.8,2650.2,2642.6,2648.8,12253
2025-01-02 04:00:00,2649.0,2659.9,2644.7,2656.4,23435
2025-01-02 08:00:00,2656.4,2674.2,2648.2,2673.0,63072
2025-01-02 12:00:00,2673.0,2674.1,2666.4,2672.6,23564
2025-01-02 16:00:00,2672.7,2675.2,2669.9,2674.5,3367
2025-01-02 20:00:00,2674.7,2681.0,2670.3,2677.8,17523
2025-01-03 00:00:00,2677.9,2677.9,2664.3,2667.1,14643
2025-01-03 04:00:00,2667.1,2673.5,2667.0,2669.3,14885
2025-01-03 08:00:00,2669.1,2670.3,2652.3,2653.4,45826
2025-01-03 12:00:00,2653.3,2657.2,2650.6,2651.9,16387
2025-01-03 16:00:00,2651.8,2653.8,2649.7,2652.7,2879
2025-01-05 16:00:00,2652.8,2656.0,2651.2,2655.8,3619
2025-01-05 20:00:00,2656.0,2661.0,2645.2,2647.1,13884
2025-01-06 00:00:00,2646.7,2647.7,2636.6,2643.6,19679
2025-01-06 04:00:00,2643.5,2663.8,2642.8,2658.1,30846
2025-01-06 08:00:00,2658.1,2661.7,2624.6,2652.2,75955
2025-01-06 12:00:00,2652.5,2652.6,2643.7,2645.2,17094
2025-01-06 16:00:00,2645.3,2647.8,2643.5,2646.3,2363
2025-01-06 20:00:00,2646.2,2652.1,2646.0,2648.9,8887
2025-01-07 00:00:00,2648.9,2657.6,2647.7,2653.8,13994
2025-01-07 04:00:00,2653.8,2665.1,2651.2,2663.9,19829
2025-01-07 08:00:00,2663.9,2678.5,2653.8,2665.7,86250
2025-01-07 12:00:00,2665.8,2670.4,2661.3,2664.8,21213
2025-01-07 16:00:00,2664.9,2666.2,2662.4,2664.5,2664
2025-01-07 20:00:00,2664.7,2664.9,2658.4,2659.8,8444
2025-01-08 00:00:00,2660.0,2668.5,2659.7,2665.6,11235
2025-01-08 04:00:00,2665.6,2669.3,2658.9,2665.7,21990
2025-01-08 08:00:00,2665.8,2687.0,2663.5,2686.2,74479
2025-01-08 12:00:00,2686.2,2686.8,2665.3,2680.6,52544
2025-01-08 16:00:00,2680.7,2681.5,2676.8,2677.5,4126
2025-01-08 20:00:00,2677.4,2680.9,2673.7,2677.3,9166
2025-01-09 00:00:00,2677.2,2683.9,2675.2,2681.4,16048
2025-01-09 04:00:00,2681.5,2692.8,2678.7,2691.8,31062
2025-01-09 08:00:00,2691.7,2696.8,2685.1,2686.7,42852
2025-01-09 12:00:00,2686.5,2693.5,2681.8,2691.2,30061
2025-01-09 16:00:00,2691.3,2695.6,2690.7,2695.0,3019
2025-01-09 20:00:00,2695.0,2698.7,2693.5,2695.7,9291
2025-01-10 00:00:00,2695.6,2709.0,2695.4,2706.9,23495
2025-01-10 04:00:00,2706.9,2711.4,2701.7,2704.9,31563
2025-01-10 08:00:00,2704.9,2735.0,2686.9,2727.1,150380
2025-01-10 12:00:00,2727.3,2729.4,2713.3,2716.7,50812
2025-01-10 16:00:00,2716.6,2720.3,2715.5,2717.4,3548
2025-01-12 16:00:00,2716.8,2723.8,2714.0,2720.2,6479
2025-01-12 20:00:00,2720.3,2720.4,2709.9,2713.9,12048
2025-01-13 00:00:00,2714.1,2717.3,2707.5,2712.5,24452
2025-01-13 04:00:00,2712.4,2712.7,2683.0,2691.9,40536
2025-01-13 08:00:00,2691.8,2694.2,2679.6,2681.5,61733
2025-01-13 12:00:00,2681.5,2684.4,2675.2,2680.2,40752
2025-01-13 16:00:00,2680.1,2688.1,2679.1,2687.3,3551
2025-01-13 20:00:00,2687.4,2689.1,2683.8,2688.6,10581
2025-01-14 00:00:00,2688.6,2690.3,2681.2,2684.8,14111
2025-01-14 04:00:00,2684.6,2685.3,2677.2,2680.8,20599
2025-01-14 08:00:00,2680.8,2688.0,2672.0,2685.6,56727
2025-01-14 12:00:00,2685.6,2690.5,2680.0,2690.2,44513
2025-01-14 16:00:00,2689.9,2695.2,2689.1,2689.3,3029
2025-01-14 20:00:00,2689.2,2692.0,2685.4,2690.5,9558
2025-01-15 00:00:00,2690.6,2702.7,2689.3,2702.0,14081
2025-01-15 04:00:00,2702.2,2712.3,2701.0,2706.0,28231
2025-01-15 08:00:00,2706.0,2719.0,2698.0,2712.0,98212
2025-01-15 12:00:00,2712.1,2720.3,2711.7,2719.6,28926
2025-01-15 16:00:00,2719.8,2726.3,2719.0,2723.2,10385
2025-01-15 20:00:00,2723.3,2731.6,2722.4,2728.0,11547
2025-01-16 00:00:00,2728.1,2733.4,2720.9,2730.0,17630
2025-01-16 04:00:00,2730.0,2740.5,2727.6,2730.8,32009
2025-01-16 08:00:00,2730.8,2755.5,2728.1,2752.9,72657
2025-01-16 12:00:00,2753.0,2757.9,2746.3,2747.0,29331
2025-01-16 16:00:00,2746.9,2748.2,2743.2,2747.6,4846
2025-01-16 20:00:00,2747.8,2748.4,2742.5,2745.1,10383
2025-01-17 00:00:00,2745.2,2745.7,2738.0,2739.7,13210
2025-01-17 04:00:00,2739.5,2743.1,2729.2,2741.9,29627
2025-01-17 08:00:00,2741.8,2759.2,2734.1,2758.3,64195
2025-01-17 12:00:00,2758.2,2758.5,2737.2,2739.0,28727
2025-01-17 16:00:00,2738.9,2740.6,2736.0,2739.8,1684
2025-01-19 16:00:00,2739.6,2741.1,2731.1,2737.5,4578
2025-01-19 20:00:00,2737.4,2747.8,2731.8,2747.5,9977
2025-01-21 00:00:00,2745.0,2746.8,2733.2,2735.4,21160
2025-01-21 04:00:00,2735.2,2738.5,2725.5,2737.6,24371
2025-01-21 08:00:00,2737.5,2760.7,2735.9,2758.1,69246
2025-01-21 12:00:00,2758.2,2762.0,2754.0,2755.8,27158
2025-01-21 16:00:00,2755.9,2764.2,2755.2,2763.1,4256
2025-01-21 20:00:00,2762.9,2769.3,2761.0,2768.0,11691
2025-01-22 00:00:00,2768.3,2772.3,2759.5,2766.9,22199
2025-01-22 04:00:00,2766.8,2774.4,2763.0,2770.1,28119
2025-01-22 08:00:00,2770.0,2774.2,2759.6,2769.6,59852
2025-01-22 12:00:00,2769.7,2771.5,2765.8,2766.6,24010
2025-01-22 16:00:00,2766.8,2767.2,2761.7,2765.2,4652
2025-01-22 20:00:00,2765.2,2766.4,2758.7,2760.1,10550
2025-01-23 00:00:00,2760.4,2764.6,2759.0,2759.7,14107
2025-01-23 04:00:00,2759.8,2761.8,2747.2,2751.9,39890
2025-01-23 08:00:00,2751.7,2765.2,2741.0,2760.7,81299
2025-01-23 12:00:00,2760.7,2767.1,2759.0,2762.0,35896
2025-01-23 16:00:00,2761.9,2769.0,2759.8,2767.7,4774
2025-01-23 20:00:00,2767.7,2784.9,2766.5,2779.6,22404
2025-01-24 00:00:00,2779.5,2785.3,2776.3,2780.9,18343
2025-01-24 04:00:00,2780.9,2786.9,2777.3,2785.9,26038
2025-01-24 08:00:00,2785.9,2794.8,2775.7,2778.4,89276
2025-01-24 12:00:00,2778.4,2783.5,2776.8,2777.7,25092
2025-01-24 16:00:00,2777.7,2779.0,2776.9,2777.5,1811
2025-01-26 16:00:00,2778.1,2778.1,2766.3,2774.9,5620
2025-01-26 20:00:00,2774.8,2777.8,2757.6,2763.1,16493
2025-01-27 00:00:00,2763.2,2764.4,2752.0,2761.6,19577
2025-01-27 04:00:00,2761.5,2776.5,2760.2,2766.4,38153
2025-01-27 08:00:00,2766.4,2767.3,2734.7,2736.8,89654
2025-01-27 12:00:00,2736.9,2744.2,2732.0,2743.4,38021
2025-01-27 16:00:00,2743.3,2748.6,2742.2,2744.7,5542
2025-01-27 20:00:00,2744.7,2749.7,2740.8,2744.8,12311
2025-01-28 00:00:00,2746.2,2748.7,2737.4,2744.9,16248
2025-01-28 04:00:00,2744.8,2749.6,2744.1,2749.3,20038
2025-01-28 08:00:00,2749.4,2767.4,2749.0,2766.3,77289
2025-01-28 12:00:00,2766.3,2774.0,2764.8,2771.9,33984
2025-01-28 16:00:00,2771.8,2772.0,2769.5,2771.0,3428
2025-01-28 20:00:00,2770.9,2773.8,2769.0,2770.3,4028
2025-01-29 00:00:00,2770.3,2775.5,2763.7,2772.9,9956
2025-01-29 04:00:00,2772.8,2773.0,2765.3,2769.3,19440
2025-01-29 08:00:00,2769.5,2778.1,2764.7,2770.6,60143
2025-01-29 12:00:00,2770.7,2776.2,2761.0,2769.7,25530
2025-01-29 16:00:00,2769.7,2775.0,2768.5,2773.6,1486
2025-01-29 20:00:00,2773.5,2775.7,2770.0,2770.7,1756
2025-01-30 00:00:00,2770.8,2813.6,2770.7,2813.3,26082
2025-01-30 04:00:00,2813.3,2822.0,2786.6,2820.7,54546
2025-01-30 08:00:00,2797.3,2853.2,2797.3,2840.4,78530
2025-01-30 12:00:00,2840.5,2850.2,2814.9,2847.1,36328
2025-01-30 16:00:00,2847.2,2859.5,2824.5,2852.6,7472
2025-01-30 20:00:00,2852.7,2853.0,2824.5,2849.3,9528
2025-01-31 00:00:00,2849.1,2851.3,2822.3,2844.9,13331
2025-01-31 04:00:00,2822.5,2849.4,2817.3,2846.1,20973
2025-01-31 08:00:00,2846.1,2862.9,2822.3,2849.7,43268
2025-01-31 12:00:00,2849.8,2852.1,2804.0,2830.4,58520
2025-01-31 16:00:00,2830.3,2834.6,2808.0,2831.5,3484
2025-02-02 16:00:00,2846.5,2861.5,2802.0,2834.2,16191
2025-02-02 20:00:00,2834.2,2834.3,2780.9,2811.8,26826
2025-02-03 00:00:00,2811.6,2833.5,2791.0,2830.0,16832
2025-02-03 04:00:00,2829.9,2847.7,2805.0,2847.5,18470
2025-02-03 08:00:00,2847.7,2872.0,2824.0,2852.9,161481
2025-02-03 12:00:00,2852.8,2862.0,2832.8,2857.1,19142
2025-02-03 16:00:00,2857.0,2858.2,2825.0,2849.1,6905
2025-02-03 20:00:00,2849.2,2858.2,2826.2,2850.3,10962
2025-02-04 00:00:00,2849.5,2849.6,2818.3,2842.6,18745
2025-02-04 04:00:00,2842.7,2849.9,2816.1,2848.8,17159
2025-02-04 08:00:00,2848.8,2874.4,2828.0,2869.7,66968
2025-02-04 12:00:00,2869.7,2877.1,2868.7,2874.2,19414
2025-02-04 16:00:00,2874.2,2876.7,2871.2,2874.3,4517
2025-02-04 20:00:00,2874.2,2886.1,2870.1,2884.3,14724
2025-02-05 00:00:00,2884.4,2896.0,2882.1,2894.0,15793
2025-02-05 04:00:00,2893.9,2898.9,2890.5,2895.2,24399
2025-02-05 08:00:00,2895.2,2906.0,2878.8,2895.9,75058
2025-02-05 12:00:00,2896.1,2898.9,2880.1,2882.2,26144
2025-02-05 16:00:00,2882.1,2888.6,2880.8,2888.3,3264
2025-02-05 20:00:00,2888.5,2893.0,2884.0,2887.3,11236
2025-02-06 00:00:00,2887.4,2890.2,2870.4,2878.9,23428
2025-02-06 04:00:00,2879.0,2894.2,2877.9,2887.5,22536
2025-02-06 08:00:00,2887.6,2889.0,2855.0,2872.7,77658
2025-02-06 12:00:00,2872.7,2882.3,2872.1,2881.4,16483
2025-02-06 16:00:00,2881.4,2884.7,2879.5,2882.5,3527
2025-02-06 20:00:00,2882.6,2892.3,2881.9,2888.6,12253
2025-02-07 00:00:00,2888.9,2890.8,2882.8,2890.2,14779
2025-02-07 04:00:00,2889.9,2897.7,2886.1,2886.7,22798
2025-02-07 08:00:00,2886.7,2910.6,2876.1,2885.2,95560
2025-02-07 12:00:00,2885.1,2890.0,2877.8,2887.0,31740
2025-02-07 16:00:00,2887.1,2889.5,2885.8,2886.1,2108
2025-02-09 16:00:00,2884.8,2896.0,2879.9,2895.0,6213
2025-02-09 20:00:00,2895.2,2904.6,2893.0,2904.0,13545
2025-02-10 00:00:00,2904.0,2927.0,2903.0,2923.8,25383
2025-02-10 04:00:00,2923.8,2934.1,2923.4,2928.8,30115
2025-02-10 08:00:00,2928.9,2938.1,2921.2,2928.4,55947
2025-02-10 12:00:00,2928.4,2936.1,2925.4,2934.8,23343
2025-02-10 16:00:00,2934.9,2949.3,2933.7,2947.6,5418
2025-02-10 20:00:00,2947.7,2968.5,2935.0,2942.5,43432
2025-02-11 00:00:00,2942.6,2953.7,2933.1,2933.9,28151
2025-02-11 04:00:00,2933.9,2939.6,2914.9,2917.0,35920
2025-02-11 08:00:00,2916.6,2935.8,2907.0,2929.5,69452
2025-02-11 12:00:00,2929.4,2935.5,2923.0,2926.0,20721
2025-02-11 16:00:00,2926.1,2928.4,2918.1,2921.2,5018
2025-02-11 20:00:00,2921.1,2925.6,2908.2,2910.8,22369
2025-02-12 00:00:00,2910.5,2920.8,2909.1,2916.6,16771
2025-02-12 04:00:00,2916.4,2917.5,2904.1,2911.6,26669
2025-02-12 08:00:00,2911.6,2931.6,2886.5,2929.6,90840
2025-02-12 12:00:00,2929.6,2936.5,2918.3,2924.5,32251
2025-02-12 16:00:00,2924.7,2934.5,2924.0,2932.5,5701
2025-02-12 20:00:00,2932.3,2947.7,2928.7,2946.8,20279
2025-02-13 00:00:00,2946.8,2950.3,2934.9,2937.1,28092
2025-02-13 04:00:00,2937.2,2949.3,2935.6,2946.5,20728
2025-02-13 08:00:00,2946.5,2949.0,2932.7,2941.6,52190
2025-02-13 12:00:00,2941.6,2958.3,2941.3,2957.2,32600
2025-02-13 16:00:00,2957.3,2960.1,2955.8,2956.4,3645
2025-02-13 20:00:00,2956.4,2964.0,2951.7,2956.3,14272
2025-02-14 00:00:00,2956.3,2963.3,2955.3,2959.5,17306
2025-02-14 04:00:00,2959.2,2964.1,2950.3,2954.1,22106
2025-02-14 08:00:00,2954.2,2955.2,2903.4,2912.2,114750
2025-02-14 12:00:00,2912.3,2913.8,2889.9,2896.5,41709
2025-02-14 16:00:00,2896.4,2897.3,2893.5,2893.7,2634
2025-02-16 16:00:00,2895.1,2904.1,2887.6,2894.4,12570
2025-02-16 20:00:00,2894.4,2916.4,2892.3,2910.7,17834
2025-02-18 00:00:00,2923.9,2928.8,2920.9,2925.3,17174
2025-02-18 04:00:00,2925.4,2932.7,2920.6,2932.0,17353
2025-02-18 08:00:00,2931.8,2952.6,2927.0,2950.9,53700
2025-02-18 12:00:00,2950.9,2956.5,2947.1,2951.3,21875
2025-02-18 16:00:00,2951.2,2955.9,2948.6,2949.0,4853
2025-02-18 20:00:00,2948.8,2959.0,2942.3,2945.4,19658
2025-02-19 00:00:00,2946.0,2957.4,2944.7,2955.8,16437
2025-02-19 04:00:00,2956.0,2964.4,2948.6,2951.1,25525
2025-02-19 08:00:00,2951.3,2960.0,2938.8,2944.5,57605
2025-02-19 12:00:00,2944.3,2951.9,2933.7,2951.1,28174
2025-02-19 16:00:00,2951.3,2957.6,2948.6,2957.4,5319
2025-02-19 20:00:00,2957.2,2961.9,2951.2,2958.9,16869
2025-02-20 00:00:00,2958.2,2973.0,2957.8,2971.9,20529
2025-02-20 04:00:00,2972.0,2973.4,2955.0,2962.8,33166
2025-02-20 08:00:00,2962.7,2965.2,2939.3,2958.9,67270
2025-02-20 12:00:00,2958.7,2963.9,2949.2,2953.0,23672
2025-02-20 16:00:00,2952.8,2959.5,2952.2,2954.9,3807
2025-02-20 20:00:00,2954.8,2964.7,2940.0,2941.8,27354
2025-02-21 00:00:00,2942.4,2948.3,2930.1,2937.1,23840
2025-02-21 04:00:00,2936.9,2950.2,2936.6,2943.6,21031
2025-02-21 08:00:00,2943.7,2954.3,2935.1,2950.4,51117
2025-02-21 12:00:00,2950.7,2959.8,2946.7,2948.4,26306
2025-02-21 16:00:00,2948.2,2952.9,2945.8,2949.6,2303
2025-02-23 16:00:00,2950.4,2955.4,2944.2,2944.4,5587
2025-02-23 20:00:00,2944.6,2957.5,2936.8,2954.2,18883
2025-02-24 00:00:00,2954.1,2963.7,2948.3,2961.1,17262
2025-02-24 04:00:00,2961.1,2966.4,2949.4,2961.8,23573
2025-02-24 08:00:00,2961.9,2974.0,2945.5,2958.8,68991
2025-02-24 12:00:00,2958.8,2966.4,2956.2,2964.8,19503
2025-02-24 16:00:00,2965.0,2970.4,2964.1,2965.2,3755
2025-02-24 20:00:00,2965.4,2968.4,2951.6,2952.7,17353
2025-02-25 00:00:00,2952.6,2956.7,2943.4,2955.2,24680
2025-02-25 04:00:00,2955.1,2956.8,2936.2,2942.1,29593
2025-02-25 08:00:00,2942.2,2959.7,2897.0,2908.4,116485
2025-02-25 12:00:00,2908.4,2926.1,2905.1,2925.5,31206
2025-02-25 16:00:00,2925.4,2938.1,2925.2,2934.4,8774
2025-02-25 20:00:00,2934.3,2942.0,2926.1,2928.0,18951
2025-02-26 00:00:00,2927.8,2933.7,2918.7,2931.3,19529
2025-02-26 04:00:00,2931.4,2932.5,2923.4,2927.7,16133
2025-02-26 08:00:00,2927.7,2932.1,2903.3,2927.4,71167
2025-02-26 12:00:00,2927.4,2931.9,2924.7,2930.7,21814
2025-02-26 16:00:00,2930.8,2935.8,2930.0,2932.0,4638
2025-02-26 20:00:00,2931.8,2933.8,2910.7,2912.9,17721
2025-02-27 00:00:00,2911.9,2913.1,2891.8,2892.8,35922
2025-02-27 04:00:00,2892.6,2908.3,2889.4,2898.0,35066
2025-02-27 08:00:00,2897.7,2906.0,2879.0,2890.6,78835
2025-02-27 12:00:00,2890.8,2899.2,2883.4,2884.5,27858
2025-02-27 16:00:00,2884.7,2891.2,2881.5,2887.2,4829
2025-02-27 20:00:00,2887.3,2896.1,2867.2,2875.4,25508
2025-02-28 00:00:00,2874.0,2879.3,2862.7,2868.2,25154
2025-02-28 04:00:00,2868.1,2877.3,2866.9,2869.2,22722
2025-02-28 08:00:00,2869.2,2875.0,2844.1,2859.4,92406
2025-02-28 12:00:00,2859.4,2864.9,2847.2,2864.4,32312
2025-02-28 16:00:00,2864.6,2869.9,2863.4,2867.3,3291
2025-03-02 16:00:00,2872.0,2888.5,2866.3,2877.1,13335
2025-03-02 20:00:00,2877.1,2884.5,2869.2,2877.0,16461
2025-03-03 00:00:00,2876.6,2879.3,2868.8,2878.5,15824
2025-03-03 04:00:00,2878.8,2888.7,2874.0,2886.5,25275
2025-03-03 08:00:00,2886.4,2904.2,2879.6,2901.9,63069
2025-03-03 12:00:00,2901.8,2904.1,2887.8,2901.3,32932
2025-03-03 16:00:00,2901.4,2906.4,2900.0,2902.4,6703
2025-03-03 20:00:00,2902.4,2904.0,2892.5,2901.9,18646
2025-03-04 00:00:00,2901.0,2929.4,2895.2,2924.7,32063
2025-03-04 04:00:00,2925.0,2937.1,2922.7,2936.5,33201
2025-03-04 08:00:00,2936.6,2939.8,2910.6,2926.2,71508
2025-03-04 12:00:00,2926.2,2931.5,2919.0,2928.7,23112
2025-03-04 16:00:00,2928.5,2929.8,2922.7,2924.0,4333
2025-03-04 20:00:00,2924.2,2925.0,2912.5,2920.7,19434
2025-03-05 00:00:00,2920.6,2932.6,2920.2,2931.0,19955
2025-03-05 04:00:00,2930.9,2933.7,2919.2,2926.5,26102
2025-03-05 08:00:00,2926.6,2941.3,2903.4,2933.7,79227
2025-03-05 12:00:00,2933.9,2935.3,2920.1,2931.6,28350
2025-03-05 16:00:00,2931.7,2931.8,2925.0,2925.1,3995
2025-03-05 20:00:00,2925.1,2935.9,2924.0,2926.9,11389
2025-03-06 00:00:00,2926.3,2931.0,2908.2,2912.7,30932
2025-03-06 04:00:00,2912.5,2915.9,2897.6,2910.7,35980
2025-03-06 08:00:00,2910.5,2931.8,2908.0,2925.6,56104
2025-03-06 12:00:00,2925.5,2929.8,2916.9,2917.4,21946
2025-03-06 16:00:00,2917.4,2920.6,2905.3,2913.0,7150
2025-03-06 20:00:00,2912.9,2917.5,2909.2,2913.2,14217
2025-03-07 00:00:00,2913.3,2931.2,2913.0,2930.4,15666
2025-03-07 04:00:00,2930.2,2930.7,2923.5,2925.9,16041
2025-03-07 08:00:00,2925.9,2938.8,2909.2,2922.0,103464
2025-03-07 12:00:00,2922.2,2924.4,2909.6,2918.2,56286
2025-03-07 16:00:00,2918.5,2920.2,2916.9,2917.7,1923
2025-03-09 16:00:00,2919.6,2925.1,2917.4,2924.3,3263
2025-03-09 20:00:00,2924.3,2926.4,2914.0,2916.6,12327
2025-03-10 00:00:00,2916.8,2921.9,2909.8,2915.0,12014
2025-03-10 04:00:00,2915.0,2922.0,2901.8,2910.6,36172
2025-03-10 08:00:00,2910.4,2917.5,2903.5,2911.1,54024
2025-03-10 12:00:00,2911.2,2913.8,2885.4,2890.6,83491
2025-03-10 16:00:00,2890.5,2894.4,2887.0,2889.1,4498
2025-03-10 20:00:00,2889.3,2903.9,2882.5,2900.4,18224
2025-03-11 00:00:00,2900.4,2907.9,2896.1,2905.0,15377
2025-03-11 04:00:00,2905.2,2920.9,2904.4,2919.1,26381
2025-03-11 08:00:00,2919.2,2929.0,2912.1,2922.8,67801
2025-03-11 12:00:00,2922.7,2927.8,2919.9,2925.2,41330
2025-03-11 16:00:00,2925.4,2926.1,2921.2,2922.3,4017
2025-03-11 20:00:00,2922.4,2925.8,2917.3,2921.2,8009
2025-03-12 00:00:00,2920.7,2925.9,2914.1,2919.7,13745
2025-03-12 04:00:00,2919.7,2931.5,2918.3,2920.9,19905
2025-03-12 08:00:00,2920.8,2937.3,2911.0,2935.7,76870
2025-03-12 12:00:00,2935.8,2948.9,2934.8,2939.9,63696
2025-03-12 16:00:00,2940.0,2946.5,2939.3,2945.2,4947
2025-03-12 20:00:00,2945.2,2956.5,2944.9,2954.7,15051
2025-03-13 00:00:00,2954.6,2955.5,2942.2,2944.9,15390
2025-03-13 04:00:00,2944.8,2958.0,2944.4,2955.2,23058
2025-03-13 08:00:00,2955.2,2990.9,2947.6,2989.4,103219
2025-03-13 12:00:00,2989.4,2999.7,2988.6,2995.2,70289
2025-03-13 16:00:00,2995.0,3003.0,2993.2,2998.7,6264
2025-03-13 20:00:00,2998.3,3004.6,2994.8,3002.6,16669
2025-03-14 00:00:00,3004.2,3005.9,2994.3,3000.6,17612
2025-03-14 04:00:00,3000.6,3017.1,2998.8,3004.6,37882
2025-03-14 08:00:00,3004.8,3011.9,2988.6,2995.7,63752
2025-03-14 12:00:00,2995.6,3001.5,2991.0,2992.0,32910
2025-03-14 16:00:00,2992.1,2997.7,2990.0,2993.7,3253
2025-03-16 16:00:00,2994.8,3002.2,2991.9,2998.0,5398
2025-03-16 20:00:00,2997.8,3000.8,2994.1,2995.8,10207
2025-03-17 00:00:00,2996.0,2999.0,2991.4,2993.9,12178
2025-03-17 04:00:00,2993.9,3009.4,2991.5,3005.4,21145
2025-03-17 08:00:00,3005.5,3008.0,2991.6,3004.9,63153
2025-03-17 12:00:00,3004.7,3009.1,3000.3,3008.3,22387
2025-03-17 16:00:00,3008.5,3011.4,3008.2,3008.9,3967
2025-03-17 20:00:00,3008.8,3024.1,3008.3,3020.3,20070
2025-03-18 00:00:00,3020.6,3028.3,3016.6,3025.8,19804
2025-03-18 04:00:00,3025.9,3038.0,3025.8,3035.3,31231
2025-03-18 08:00:00,3035.2,3047.5,3031.3,3039.5,71935
2025-03-18 12:00:00,3039.3,3045.0,3037.2,3042.7,24930
2025-03-18 16:00:00,3042.6,3043.0,3038.1,3038.2,3681
2025-03-18 20:00:00,3038.3,3046.2,3035.0,3045.1,11250
2025-03-19 00:00:00,3043.8,3052.4,3041.5,3043.2,19113
2025-03-19 04:00:00,3043.5,3048.3,3031.3,3046.8,26335
2025-03-19 08:00:00,3046.8,3048.9,3033.6,3040.1,38881
2025-03-19 12:00:00,3040.3,3061.6,3037.5,3056.6,42258
2025-03-19 16:00:00,3056.6,3060.7,3053.8,3059.6,3620
2025-03-19 20:00:00,3059.6,3065.2,3053.7,3057.9,15319
2025-03-20 00:00:00,3057.9,3065.2,3048.6,3049.0,21796
2025-03-20 04:00:00,3049.3,3053.0,3032.8,3042.3,29723
2025-03-20 08:00:00,3042.2,3051.0,3037.7,3048.1,45606
2025-03-20 12:00:00,3048.3,3053.9,3042.0,3052.6,20922
2025-03-20 16:00:00,3052.5,3054.5,3051.0,3053.9,3207
2025-03-20 20:00:00,3053.9,3055.0,3037.8,3037.9,14480
2025-03-21 00:00:00,3037.5,3041.0,3026.9,3038.2,18754
2025-03-21 04:00:00,3038.3,3045.4,3033.1,3041.3,27374
2025-03-21 08:00:00,3041.2,3045.4,3004.1,3016.2,92763
2025-03-21 12:00:00,3016.1,3028.0,3015.8,3025.5,28350
2025-03-21 16:00:00,3025.7,3030.0,3025.5,3028.2,2906
2025-03-23 16:00:00,3027.6,3031.6,3024.5,3030.4,3158
2025-03-23 20:00:00,3030.3,3031.5,3019.2,3021.9,14553
2025-03-24 00:00:00,3021.3,3033.2,3020.7,3026.8,11213
2025-03-24 04:00:00,3026.7,3038.4,3026.3,3030.1,38894
2025-03-24 08:00:00,3030.1,3034.1,3009.8,3019.1,89957
2025-03-24 12:00:00,3019.1,3020.6,3007.7,3013.2,38146
2025-03-24 16:00:00,3013.2,3020.4,3012.7,3014.4,5305
2025-03-24 20:00:00,3014.4,3019.9,3010.8,3018.9,12042
2025-03-25 00:00:00,3019.0,3025.4,3014.7,3015.4,14328
2025-03-25 04:00:00,3015.5,3031.0,3015.0,3024.9,27716
2025-03-25 08:00:00,3024.9,3042.4,3018.8,3026.5,83028
2025-03-25 12:00:00,3026.7,3031.6,3023.1,3025.7,24941
2025-03-25 16:00:00,3025.6,3027.5,3024.7,3025.3,2514
2025-03-25 20:00:00,3025.4,3030.7,3020.2,3020.8,15011
2025-03-26 00:00:00,3021.1,3034.7,3017.8,3034.3,16069
2025-03-26 04:00:00,3034.4,3036.1,3022.3,3032.8,30403
2025-03-26 08:00:00,3032.9,3036.0,3018.0,3021.7,68333
2025-03-26 12:00:00,3021.7,3027.2,3020.7,3023.1,29679
2025-03-26 16:00:00,3023.1,3028.2,3022.3,3025.0,6577
2025-03-26 20:00:00,3024.9,3039.2,3024.9,3038.5,9008
2025-03-27 00:00:00,3038.5,3047.0,3034.2,3045.7,13909
2025-03-27 04:00:00,3045.9,3065.5,3042.7,3062.8,30548
2025-03-27 08:00:00,3063.2,3071.3,3040.6,3063.1,48825
2025-03-27 12:00:00,3063.1,3070.0,3059.9,3069.3,15907
2025-03-27 16:00:00,3069.2,3069.9,3066.8,3069.2,1792
2025-03-27 20:00:00,3068.8,3087.4,3068.6,3086.4,2060
2025-03-28 00:00:00,3084.9,3122.3,3082.4,3118.0,42769
2025-03-28 04:00:00,3117.9,3120.3,3074.3,3111.8,32369
2025-03-28 08:00:00,3111.7,3122.4,3072.3,3118.5,76577
2025-03-28 12:00:00,3089.3,3121.4,3078.2,3114.2,34903
2025-03-28 16:00:00,3086.7,3119.8,3086.7,3118.0,3682
2025-03-30 16:00:00,3118.8,3128.3,3091.0,3123.5,8431
2025-03-30 20:00:00,3123.4,3143.6,3086.0,3139.1,31380
2025-03-31 00:00:00,3139.0,3158.2,3111.3,3156.7,29528
2025-03-31 04:00:00,3156.6,3159.3,3117.7,3151.5,27917
2025-03-31 08:00:00,3151.4,3162.0,3104.0,3146.9,76093
2025-03-31 12:00:00,3147.0,3157.5,3117.5,3157.2,28090
2025-03-31 16:00:00,3129.7,3161.0,3129.1,3155.7,5189
2025-03-31 20:00:00,3155.5,3177.0,3132.4,3175.8,27894
2025-04-01 00:00:00,3175.6,3177.0,3129.5,3156.1,37039
2025-04-01 04:00:00,3156.0,3168.5,3130.6,3159.5,25080
2025-04-01 08:00:00,3159.6,3168.0,3121.7,3144.0,56553
2025-04-01 12:00:00,3143.8,3151.3,3104.0,3150.9,37990
2025-04-01 16:00:00,3150.9,3154.1,3117.4,3146.7,4398
2025-04-01 20:00:00,3146.8,3163.8,3123.0,3154.0,20420
2025-04-02 00:00:00,3154.2,3155.5,3135.7,3154.7,22404
2025-04-02 04:00:00,3154.6,3167.0,3122.0,3157.3,33914
2025-04-02 08:00:00,3157.4,3170.5,3125.8,3165.5,64407
2025-04-02 12:00:00,3165.5,3177.7,3135.0,3163.0,39309
2025-04-02 16:00:00,3163.2,3201.6,3123.6,3188.3,45884
2025-04-02 20:00:00,3188.2,3190.0,3145.0,3170.4,45775
2025-04-03 00:00:00,3170.5,3172.2,3113.4,3153.2,38479
2025-04-03 04:00:00,3153.3,3156.2,3084.5,3113.4,60663
2025-04-03 08:00:00,3088.6,3159.5,3052.0,3132.3,150653
2025-04-03 12:00:00,3132.5,3136.0,3099.0,3127.1,31441
2025-04-03 16:00:00,3127.2,3143.3,3110.0,3134.3,6239
2025-04-03 20:00:00,3134.3,3137.0,3090.0,3117.8,19693
2025-04-04 00:00:00,3118.7,3131.2,3089.5,3113.1,20578
2025-04-04 04:00:00,3113.1,3160.2,3077.5,3132.5,65043
2025-04-04 08:00:00,3132.7,3134.3,3011.0,3040.5,145751
2025-04-04 12:00:00,3040.4,3062.2,3011.0,3057.6,49667
2025-04-04 16:00:00,3057.5,3061.4,3035.6,3056.1,4471
2025-04-06 16:00:00,3055.1,3055.1,2972.8,3015.5,23601
2025-04-06 20:00:00,3015.0,3084.4,2965.0,3034.1,61365
2025-04-07 00:00:00,3035.3,3060.8,3007.0,3035.7,29777
2025-04-07 04:00:00,3035.8,3064.5,3014.0,3047.5,33990
2025-04-07 08:00:00,3048.0,3056.3,2973.1,3004.0,99828
2025-04-07 12:00:00,3003.8,3004.2,2949.7,2992.3,51167
2025-04-07 16:00:00,2992.2,3004.8,2968.0,2995.3,5744
2025-04-07 20:00:00,2995.3,3018.9,2993.8,3009.3,24257
2025-04-08 00:00:00,3008.6,3030.6,2991.6,3018.0,22462
2025-04-08 04:00:00,3017.7,3036.5,2996.7,3034.1,27702
2025-04-08 08:00:00,3034.2,3037.9,2995.0,3016.0,63689
2025-04-08 12:00:00,3015.8,3016.1,2973.3,2999.1,47138
2025-04-08 16:00:00,2998.9,3005.9,2965.8,2991.8,8421
2025-04-08 20:00:00,2992.0,3025.3,2986.6,3021.2,31280
2025-04-09 00:00:00,3018.6,3071.4,3010.8,3059.0,47961
2025-04-09 04:00:00,3059.1,3087.0,3039.0,3084.5,43556
2025-04-09 08:00:00,3084.8,3104.7,3056.9,3102.1,77740
2025-04-09 12:00:00,3102.3,3118.5,3054.2,3110.6,75408
2025-04-09 16:00:00,3110.6,3114.0,3072.1,3101.2,6456
2025-04-09 20:00:00,3101.4,3148.1,3093.8,3141.4,34337
2025-04-10 00:00:00,3141.5,3149.4,3103.3,3124.5,26435
2025-04-10 04:00:00,3124.4,3143.2,3103.4,3142.2,26735
2025-04-10 08:00:00,3142.4,3193.8,3116.7,3175.1,90887
2025-04-10 12:00:00,3175.1,3194.3,3148.6,3188.6,40706
2025-04-10 16:00:00,3188.5,3212.0,3182.1,3209.1,7341
2025-04-10 20:00:00,3209.2,3241.5,3183.4,3237.0,36451
2025-04-11 00:00:00,3236.7,3238.3,3189.2,3231.4,34295
2025-04-11 04:00:00,3231.3,3255.9,3210.6,3230.8,47283
2025-04-11 08:00:00,3231.2,3262.3,3214.0,3258.3,66695
2025-04-11 12:00:00,3258.4,3263.0,3221.2,3248.1,39934
2025-04-11 16:00:00,3248.2,3257.1,3229.8,3254.9,2884
2025-04-13 16:00:00,3246.0,3250.0,3215.5,3240.7,8758
2025-04-13 20:00:00,3240.4,3261.6,3228.8,3247.6,24397
2025-04-14 00:00:00,3247.8,3253.8,3218.0,3243.3,18125
2025-04-14 04:00:00,3243.3,3247.5,3200.8,3239.1,38220
2025-04-14 08:00:00,3239.2,3244.4,3194.5,3214.6,65976
2025-04-14 12:00:00,3214.7,3232.5,3195.0,3228.1,26020
2025-04-14 16:00:00,3228.2,3231.0,3223.1,3228.8,2882
2025-04-14 20:00:00,3229.0,3245.2,3216.0,3244.9,16353
2025-04-15 00:00:00,3244.3,3249.0,3214.0,3241.4,17220
2025-04-15 04:00:00,3241.4,3247.7,3232.2,3236.3,18686
2025-04-15 08:00:00,3236.3,3243.2,3216.5,3237.6,41400
2025-04-15 12:00:00,3237.8,3248.0,3235.8,3246.7,18432
2025-04-15 16:00:00,3246.9,3269.2,3243.4,3269.2,10969
2025-04-15 20:00:00,3269.2,3298.5,3268.7,3297.0,35182
2025-04-16 00:00:00,3297.8,3317.8,3286.5,3316.7,38956
2025-04-16 04:00:00,3316.7,3334.2,3305.1,3323.2,53074
2025-04-16 08:00:00,3323.1,3344.2,3312.6,3341.2,61633
2025-04-16 12:00:00,3341.0,3358.4,3337.2,3352.0,45553
2025-04-16 16:00:00,3352.0,3371.9,3350.0,3363.9,8719
2025-04-16 20:00:00,3364.0,3369.1,3333.1,3356.0,47249
2025-04-17 00:00:00,3357.0,3357.4,3327.3,3336.5,30119
2025-04-17 04:00:00,3336.5,3347.3,3325.5,3341.2,26764
2025-04-17 08:00:00,3341.2,3355.8,3296.4,3308.8,85432
2025-04-17 12:00:00,3309.3,3336.4,3307.4,3334.5,31907
2025-04-17 16:00:00,3334.6,3342.7,3332.0,3341.3,3560
2025-04-20 16:00:00,3347.0,3368.1,3344.0,3361.8,12911
2025-04-20 20:00:00,3362.0,3397.6,3361.2,3394.0,40214
2025-04-21 00:00:00,3393.9,3407.3,3382.0,3397.1,30408
2025-04-21 04:00:00,3397.0,3417.3,3395.1,3415.6,28155
2025-04-21 08:00:00,3415.9,3442.3,3410.4,3433.9,82173
2025-04-21 12:00:00,3434.0,3441.6,3417.1,3434.5,37883
2025-04-21 16:00:00,3434.7,3455.9,3430.5,3445.3,11998
2025-04-21 20:00:00,3445.3,3504.2,3423.9,3497.6,68361
2025-04-22 00:00:00,3497.4,3509.9,3471.2,3479.5,62980
2025-04-22 04:00:00,3479.7,3483.8,3454.1,3468.6,51794
2025-04-22 08:00:00,3468.5,3476.6,3419.0,3429.3,111428
2025-04-22 12:00:00,3429.2,3432.6,3379.1,3387.6,95700
2025-04-22 16:00:00,3387.7,3395.2,3316.0,3346.2,14693
2025-04-22 20:00:00,3346.1,3396.0,3339.2,3349.1,62178
2025-04-23 00:00:00,3349.4,3359.5,3302.6,3329.9,51903
2025-04-23 04:00:00,3330.1,3352.4,3316.9,3335.3,42058
2025-04-23 08:00:00,3335.3,3345.7,3270.8,3292.8,135608
2025-04-23 12:00:00,3293.0,3319.0,3288.9,3306.9,41738
2025-04-23 16:00:00,3307.2,3329.0,3297.0,3327.4,6579
2025-04-23 20:00:00,3327.6,3377.0,3324.1,3338.3,63966
2025-04-24 00:00:00,3337.3,3350.8,3325.3,3344.2,34118
2025-04-24 04:00:00,3344.1,3356.1,3336.7,3348.7,28444
2025-04-24 08:00:00,3348.5,3356.7,3316.9,3340.7,65812
2025-04-24 12:00:00,3340.8,3358.9,3334.2,3353.8,30719
2025-04-24 16:00:00,3353.8,3384.1,3349.4,3360.2,10400
2025-04-24 20:00:00,3359.8,3374.3,3337.8,3338.9,30892
2025-04-25 00:00:00,3334.4,3338.0,3296.0,3317.2,49955
2025-04-25 04:00:00,3317.2,3319.1,3297.6,3303.9,30424
2025-04-25 08:00:00,3303.6,3313.6,3274.8,3293.4,72349
2025-04-25 12:00:00,3293.7,3324.0,3291.0,3315.8,29914
2025-04-25 16:00:00,3316.0,3331.5,3315.7,3330.2,4241
2025-04-27 16:00:00,3336.5,3348.2,3309.5,3313.7,13980
2025-04-27 20:00:00,3313.4,3326.6,3278.0,3301.2,43230
2025-04-28 00:00:00,3301.7,3311.4,3288.4,3297.6,24263
2025-04-28 04:00:00,3298.0,3308.6,3282.6,3305.2,25325
2025-04-28 08:00:00,3305.9,3347.4,3297.0,3336.4,72019
2025-04-28 12:00:00,3336.3,3363.8,3335.6,3362.5,31920
2025-04-28 16:00:00,3362.5,3363.0,3342.6,3348.0,7260
2025-04-28 20:00:00,3348.2,3350.8,3317.7,3323.1,30573
2025-04-29 00:00:00,3325.7,3333.6,3314.8,3333.0,20484
2025-04-29 04:00:00,3333.1,3334.8,3315.7,3319.1,19656
2025-04-29 08:00:00,3318.8,3331.8,3309.2,3323.4,58972
2025-04-29 12:00:00,3323.8,3340.5,3322.8,3330.3,27508
2025-04-29 16:00:00,3330.4,3333.6,3320.8,3326.8,3780
2025-04-29 20:00:00,3326.7,3337.6,3312.8,3314.3,19497
2025-04-30 00:00:00,3314.0,3324.3,3310.7,3316.8,16936
2025-04-30 04:00:00,3316.8,3317.1,3276.7,3281.5,41945
2025-04-30 08:00:00,3281.5,3330.1,3275.6,3318.5,91255
2025-04-30 12:00:00,3318.8,3325.0,3302.7,3306.8,26325
2025-04-30 16:00:00,3306.7,3308.7,3278.4,3281.5,8620
2025-04-30 20:00:00,3281.5,3285.0,3236.4,3237.6,42402
2025-05-01 00:00:00,3237.0,3251.8,3228.3,3238.2,28334
2025-05-01 04:00:00,3238.2,3245.3,3211.0,3213.1,30237
2025-05-01 08:00:00,3212.9,3241.6,3209.4,3224.6,70933
2025-05-01 12:00:00,3224.4,3238.5,3216.4,3236.6,26004
2025-05-01 16:00:00,3237.0,3252.9,3236.5,3246.2,6377
2025-05-01 20:00:00,3246.2,3267.4,3234.5,3266.7,21651
2025-05-02 00:00:00,3263.9,3271.6,3254.6,3267.0,23620
2025-05-02 04:00:00,3267.1,3277.0,3262.5,3269.9,24181
2025-05-02 08:00:00,3269.9,3273.2,3238.4,3239.8,88349
2025-05-02 12:00:00,3240.0,3247.4,3229.5,3241.4,40792
2025-05-02 16:00:00,3241.5,3249.2,3240.5,3247.4,4215
2025-05-04 16:00:00,3247.1,3259.5,3243.1,3255.2,8387
2025-05-04 20:00:00,3255.3,3280.6,3248.0,3262.3,26190
2025-05-05 00:00:00,3262.7,3276.0,3261.4,3272.7,14592
2025-05-05 04:00:00,3272.8,3327.7,3271.2,3321.9,46644
2025-05-05 08:00:00,3321.9,3337.9,3317.3,3321.1,52716
2025-05-05 12:00:00,3320.8,3346.7,3314.0,3337.6,30519
2025-05-05 16:00:00,3337.6,3347.8,3336.3,3342.8,6149
2025-05-05 20:00:00,3342.8,3395.0,3332.1,3368.4,62462
2025-05-06 00:00:00,3368.8,3387.3,3357.4,3378.5,32294
2025-05-06 04:00:00,3378.8,3393.2,3375.9,3386.9,31445
2025-05-06 08:00:00,3387.1,3408.3,3380.6,3403.1,75147
2025-05-06 12:00:00,3403.2,3433.2,3402.8,3431.5,44485
2025-05-06 16:00:00,3431.5,3448.2,3383.9,3409.2,21083
2025-05-06 20:00:00,3409.3,3410.3,3367.0,3384.3,50851
2025-05-07 00:00:00,3383.8,3405.8,3383.5,3396.0,24477
2025-05-07 04:00:00,3396.0,3401.4,3376.9,3395.0,27047
2025-05-07 08:00:00,3394.9,3406.6,3383.3,3393.0,60384
2025-05-07 12:00:00,3393.0,3406.5,3371.2,3379.3,73064
2025-05-07 16:00:00,3379.4,3383.9,3371.3,3383.1,6636
2025-05-07 20:00:00,3383.2,3422.0,3380.6,3404.2,41933
2025-05-08 00:00:00,3403.0,3405.8,3325.4,3348.9,67222
2025-05-08 04:00:00,3349.1,3352.3,3335.2,3350.0,28549
2025-05-08 08:00:00,3350.2,3375.7,3332.0,3336.0,76886
2025-05-08 12:00:00,3335.9,3336.0,3293.3,3311.1,75819
2025-05-08 16:00:00,3311.5,3329.0,3308.8,3321.0,6781
2025-05-08 20:00:00,3321.5,3327.8,3278.9,3312.4,49632
2025-05-09 00:00:00,3313.3,3337.0,3313.3,3331.7,32440
2025-05-09 04:00:00,3331.9,3342.8,3324.5,3337.8,24284
2025-05-09 08:00:00,3337.9,3351.1,3324.7,3350.3,58845
2025-05-09 12:00:00,3350.3,3352.7,3330.9,3334.1,33319
2025-05-09 16:00:00,3333.9,3335.5,3329.1,3329.1,3628
2025-05-11 16:00:00,3281.0,3294.4,3251.5,3292.9,22068
2025-05-11 20:00:00,3292.8,3295.5,3262.4,3287.0,37466
2025-05-12 00:00:00,3287.3,3287.7,3219.2,3226.8,54633
2025-05-12 04:00:00,3226.8,3238.8,3211.2,3228.6,49244
2025-05-12 08:00:00,3228.3,3253.0,3223.6,3243.8,71226
2025-05-12 12:00:00,3243.5,3244.4,3223.9,3240.3,50235
2025-05-12 16:00:00,3240.1,3246.7,3233.3,3241.3,4802
2025-05-12 20:00:00,3241.1,3247.7,3220.1,3240.9,29025
2025-05-13 00:00:00,3240.6,3270.4,3238.7,3263.1,31319
2025-05-13 04:00:00,3263.3,3265.3,3252.3,3253.1,21732
2025-05-13 08:00:00,3253.0,3260.5,3229.5,3258.1,67283
2025-05-13 12:00:00,3258.0,3262.1,3246.5,3253.5,43258
2025-05-13 16:00:00,3253.3,3261.3,3252.7,3258.3,4263
2025-05-13 20:00:00,3258.4,3258.5,3229.7,3230.8,28954
2025-05-14 00:00:00,3232.2,3243.0,3225.2,3242.0,28496
2025-05-14 04:00:00,3242.4,3248.2,3223.0,3223.7,26997
2025-05-14 08:00:00,3223.9,3226.3,3178.3,3186.5,104437
2025-05-14 12:00:00,3186.6,3194.4,3170.7,3183.8,34372
2025-05-14 16:00:00,3184.0,3190.1,3180.2,3188.9,5191
2025-05-14 20:00:00,3188.6,3195.6,3150.9,3153.4,38943
2025-05-15 00:00:00,3153.2,3157.2,3123.3,3145.4,53108
2025-05-15 04:00:00,3145.1,3183.3,3141.8,3182.3,37741
2025-05-15 08:00:00,3182.2,3223.2,3180.6,3222.8,81247
2025-05-15 12:00:00,3223.0,3235.3,3218.7,3234.6,28686
2025-05-15 16:00:00,3234.5,3255.8,3233.7,3241.2,13565
2025-05-15 20:00:00,3241.0,3247.9,3209.2,3215.5,41052
2025-05-16 00:00:00,3214.6,3234.1,3207.4,3210.5,34871
2025-05-16 04:00:00,3210.6,3216.0,3156.4,3165.5,54528
2025-05-16 08:00:00,3165.7,3192.3,3157.2,3186.7,66292
2025-05-16 12:00:00,3186.6,3197.9,3183.4,3194.3,25634
2025-05-16 16:00:00,3194.3,3208.7,3194.0,3205.3,5584
2025-05-18 16:00:00,3220.0,3247.9,3212.2,3238.4,17753
2025-05-18 20:00:00,3238.6,3252.9,3210.3,3214.9,34173
2025-05-19 00:00:00,3214.7,3237.4,3209.1,3235.3,24255
2025-05-19 04:00:00,3235.2,3251.8,3232.3,3246.7,26664
2025-05-19 08:00:00,3246.6,3247.7,3219.7,3234.6,57282
2025-05-19 12:00:00,3234.7,3238.2,3227.8,3235.4,19379
2025-05-19 16:00:00,3235.5,3236.2,3221.3,3224.8,5087
2025-05-19 20:00:00,3224.8,3235.8,3207.4,3213.2,32482
2025-05-20 00:00:00,3213.6,3227.3,3209.7,3224.8,25583
2025-05-20 04:00:00,3224.7,3244.2,3220.2,3243.7,30012
2025-05-20 08:00:00,3243.6,3288.9,3235.2,3279.5,98375
2025-05-20 12:00:00,3279.4,3298.1,3278.2,3296.8,26459
2025-05-20 16:00:00,3296.7,3307.9,3291.5,3293.9,8095
2025-05-20 20:00:00,3294.0,3316.8,3287.0,3308.7,43517
2025-05-21 00:00:00,3309.1,3322.5,3300.4,3311.8,31427
2025-05-21 04:00:00,3311.9,3320.5,3305.7,3313.3,25929
2025-05-21 08:00:00,3313.4,3317.9,3291.5,3313.8,75611
2025-05-21 12:00:00,3313.9,3327.2,3304.7,3320.9,34038
2025-05-21 16:00:00,3320.8,3325.9,3315.2,3321.7,6315
2025-05-21 20:00:00,3321.7,3346.8,3320.9,3336.6,30349
2025-05-22 00:00:00,3336.1,3340.6,3323.4,3328.3,26427
2025-05-22 04:00:00,3328.3,3330.2,3282.2,3314.3,58450
2025-05-22 08:00:00,3314.4,3316.0,3277.8,3294.0,79070
2025-05-22 12:00:00,3294.2,3304.1,3287.7,3290.4,27864
2025-05-22 16:00:00,3290.5,3302.2,3289.5,3300.0,5691
2025-05-22 20:00:00,3300.1,3309.5,3285.5,3301.8,26289
2025-05-23 00:00:00,3301.3,3334.4,3301.2,3328.9,33196
2025-05-23 04:00:00,3328.7,3350.6,3322.2,3348.3,37108
2025-05-23 08:00:00,3348.5,3365.7,3336.2,3361.6,101442
2025-05-23 12:00:00,3361.8,3366.5,3357.2,3360.4,33013
2025-05-23 16:00:00,3360.2,3361.6,3355.9,3357.7,3279
2025-05-25 16:00:00,3355.6,3356.0,3339.4,3341.5,9646
2025-05-25 20:00:00,3341.5,3355.3,3329.3,3345.8,20570
2025-05-26 00:00:00,3346.0,3350.8,3331.5,3336.6,18560
2025-05-26 04:00:00,3336.7,3338.8,3322.9,3332.9,16985
2025-05-26 08:00:00,3332.9,3341.8,3326.1,3337.9,18689
2025-05-26 12:00:00,3337.9,3343.8,3337.5,3342.2,5124
2025-05-26 16:00:00,3342.8,3349.0,3342.4,3345.7,4574
2025-05-26 20:00:00,3345.9,3349.7,3330.6,3341.0,18467
2025-05-27 00:00:00,3340.9,3341.3,3291.7,3295.8,49438
2025-05-27 04:00:00,3295.6,3309.6,3286.1,3286.8,43711
2025-05-27 08:00:00,3286.7,3303.7,3283.0,3291.8,58429
2025-05-27 12:00:00,3291.8,3306.9,3291.3,3302.9,25416
2025-05-27 16:00:00,3303.1,3310.1,3295.1,3308.3,4468
2025-05-27 20:00:00,3308.5,3314.9,3289.9,3296.7,12001
2025-05-28 00:00:00,3296.5,3321.0,3293.1,3317.4,17801
2025-05-28 04:00:00,3317.8,3324.5,3306.3,3310.6,20983
2025-05-28 08:00:00,3310.3,3315.5,3291.1,3294.3,45510
2025-05-28 12:00:00,3294.7,3301.0,3286.1,3294.6,16497
2025-05-28 16:00:00,3294.5,3295.1,3244.0,3255.4,1970
2025-05-28 20:00:00,3255.3,3276.6,3242.4,3271.4,3221
2025-05-29 00:00:00,3271.7,3311.7,3263.3,3310.7,86543
2025-05-29 04:00:00,3310.8,3330.6,3273.8,3324.2,30092
2025-05-29 08:00:00,3324.6,3347.2,3299.0,3346.2,65615
2025-05-29 12:00:00,3346.2,3356.3,3339.5,3340.6,36012
2025-05-29 16:00:00,3340.5,3345.3,3336.3,3339.0,3751
2025-05-29 20:00:00,3338.8,3347.0,3314.7,3318.2,27000
2025-05-30 00:00:00,3317.7,3328.4,3311.3,3319.2,23134
2025-05-30 04:00:00,3318.7,3324.8,3311.4,3318.2,18570
2025-05-30 08:00:00,3318.4,3332.9,3294.8,3312.6,83645
2025-05-30 12:00:00,3312.8,3320.2,3307.6,3318.7,22955
2025-05-30 16:00:00,3318.6,3319.7,3312.7,3313.1,3005
2025-06-01 16:00:00,3323.0,3339.9,3319.4,3333.3,9333
2025-06-01 20:00:00,3333.2,3338.7,3324.3,3332.1,16114
2025-06-02 00:00:00,3332.6,3384.0,3332.6,3377.2,36711
2025-06-02 04:00:00,3377.2,3385.6,3368.8,3381.2,30188
2025-06-02 08:00:00,3380.9,3404.2,3374.5,3399.1,54203
2025-06-02 12:00:00,3399.3,3407.3,3394.3,3406.3,25431
2025-06-02 16:00:00,3406.3,3417.8,3403.3,3412.8,6799
2025-06-02 20:00:00,3412.5,3414.2,3384.2,3387.1,31692
2025-06-03 00:00:00,3385.7,3392.8,3375.6,3384.6,26281
2025-06-03 04:00:00,3384.7,3389.8,3377.7,3383.3,15487
2025-06-03 08:00:00,3383.5,3387.2,3357.2,3374.0,63639
2025-06-03 12:00:00,3374.0,3379.8,3367.9,3376.4,16584
2025-06-03 16:00:00,3376.4,3386.1,3376.2,3384.5,4236
2025-06-03 20:00:00,3384.4,3397.1,3369.7,3383.7,25229
2025-06-04 00:00:00,3383.5,3387.1,3372.0,3378.0,20632
2025-06-04 04:00:00,3378.0,3389.0,3366.9,3370.5,25453
2025-06-04 08:00:00,3370.5,3409.7,3368.2,3396.3,69257
2025-06-04 12:00:00,3396.5,3406.8,3395.4,3397.3,17574
2025-06-04 16:00:00,3397.2,3402.7,3394.4,3401.6,4431
2025-06-04 20:00:00,3401.7,3407.7,3391.1,3393.6,19922
2025-06-05 00:00:00,3393.1,3398.0,3384.5,3394.8,18603
2025-06-05 04:00:00,3394.8,3427.7,3393.3,3416.6,39845
2025-06-05 08:00:00,3416.8,3425.0,3362.3,3368.1,102965
2025-06-05 12:00:00,3367.7,3383.4,3362.8,3380.5,32781
2025-06-05 16:00:00,3380.4,3386.3,3375.8,3384.6,4346
2025-06-05 20:00:00,3384.4,3394.5,3377.9,3392.4,17085
2025-06-06 00:00:00,3392.3,3398.3,3375.3,3382.7,21851
2025-06-06 04:00:00,3382.6,3391.0,3375.0,3381.7,17355
2025-06-06 08:00:00,3381.5,3387.3,3338.5,3354.6,88725
2025-06-06 12:00:00,3354.5,3355.2,3333.1,3334.4,28571
2025-06-06 16:00:00,3334.3,3334.8,3328.8,3331.0,4284
2025-06-08 16:00:00,3333.4,3341.0,3329.0,3338.4,6016
2025-06-08 20:00:00,3338.5,3339.0,3313.1,3330.3,27316
2025-06-09 00:00:00,3330.7,3349.8,3329.0,3345.2,19305
2025-06-09 04:00:00,3345.3,3346.7,3333.0,3338.4,19391
2025-06-09 08:00:00,3338.6,3353.5,3331.5,3349.8,44289
2025-06-09 12:00:00,3349.7,3359.0,3346.9,3348.2,20786
2025-06-09 16:00:00,3348.4,3354.9,3341.6,3346.6,3884
2025-06-09 20:00:00,3346.6,3346.6,3321.3,3329.2,24454
2025-06-10 00:00:00,3327.5,3352.9,3322.4,3349.9,31295
2025-06-10 04:00:00,3350.6,3363.6,3346.4,3354.4,21360
2025-06-10 08:00:00,3354.6,3370.4,3344.1,3347.7,51557
2025-06-10 12:00:00,3347.5,3355.6,3340.1,3349.9,21469
2025-06-10 16:00:00,3350.1,3350.3,3335.4,3348.5,7779
2025-06-10 20:00:00,3348.6,3363.2,3345.1,3361.0,18402
2025-06-11 00:00:00,3360.7,3369.7,3353.2,3366.6,21905
2025-06-11 04:00:00,3366.4,3367.8,3345.7,3353.8,23544
2025-06-11 08:00:00,3353.8,3382.3,3347.5,3353.7,80723
2025-06-11 12:00:00,3353.9,3370.2,3339.4,3367.9,42027
2025-06-11 16:00:00,3368.0,3394.0,3367.8,3385.8,11443
2025-06-11 20:00:00,3386.0,3398.4,3382.5,3393.9,25803
2025-06-12 00:00:00,3393.4,3396.5,3358.5,3366.6,31047
2025-06-12 04:00:00,3366.8,3409.2,3366.7,3399.7,45735
2025-06-12 08:00:00,3399.5,3419.8,3396.7,3406.5,77745
2025-06-12 12:00:00,3406.6,3412.4,3398.7,3408.5,28130
2025-06-12 16:00:00,3408.4,3417.0,3399.6,3416.4,6154
2025-06-12 20:00:00,3416.2,3467.0,3412.4,3448.2,74859
2025-06-13 00:00:00,3447.8,3452.7,3428.3,3435.5,34738
2025-06-13 04:00:00,3435.2,3448.4,3432.0,3442.1,32293
2025-06-13 08:00:00,3442.3,3468.0,3440.2,3446.3,77706
2025-06-13 12:00:00,3446.4,3459.6,3439.2,3452.1,33861
2025-06-13 16:00:00,3453.0,3455.1,3448.9,3452.6,4176
2025-06-15 16:00:00,3473.0,3476.3,3444.0,3464.0,15688
2025-06-15 20:00:00,3464.3,3471.5,3448.3,3450.7,25184
2025-06-16 00:00:00,3450.7,3452.5,3429.0,3431.8,28294
2025-06-16 04:00:00,3432.1,3442.4,3428.9,3434.6,21849
2025-06-16 08:00:00,3434.8,3438.1,3400.9,3423.8,69785
2025-06-16 12:00:00,3424.0,3424.7,3402.2,3402.9,25245
2025-06-16 16:00:00,3402.9,3422.7,3402.3,3422.4,7827
2025-06-16 20:00:00,3422.5,3422.7,3391.3,3405.4,32854
2025-06-17 00:00:00,3406.3,3415.1,3399.2,3406.2,20366
2025-06-17 04:00:00,3406.3,3419.0,3393.7,3407.1,30817
2025-06-17 08:00:00,3407.2,3416.4,3384.4,3397.9,79566
2025-06-17 12:00:00,3398.1,3411.0,3395.3,3404.4,29773
2025-06-17 16:00:00,3404.1,3414.6,3402.0,3405.5,3992
2025-06-17 20:00:00,3405.4,3409.8,3388.8,3409.6,19432
2025-06-18 00:00:00,3409.8,3419.0,3395.0,3404.0,26530
2025-06-18 04:00:00,3403.9,3406.6,3393.5,3400.4,23145
2025-06-18 08:00:00,3400.2,3415.8,3391.7,3411.0,55408
2025-06-18 12:00:00,3411.2,3414.2,3380.5,3385.3,42949
2025-06-18 16:00:00,3384.2,3396.7,3380.1,3391.9,6223
2025-06-18 20:00:00,3391.7,3405.2,3386.8,3391.0,16092
2025-06-19 00:00:00,3390.6,3392.7,3363.6,3382.9,42347
2025-06-19 04:00:00,3383.0,3396.9,3379.3,3388.9,21798
2025-06-19 08:00:00,3389.0,3389.8,3376.7,3385.9,34135
2025-06-19 12:00:00,3385.7,3392.2,3382.5,3387.4,9928
2025-06-19 16:00:00,3386.4,3387.2,3378.3,3385.2,136009
2025-06-19 20:00:00,3385.0,3386.8,3361.1,3371.8,22567
2025-06-20 00:00:00,3371.7,3373.7,3356.2,3363.4,24634
2025-06-20 04:00:00,3363.5,3375.6,3361.5,3362.8,18798
2025-06-20 08:00:00,3363.0,3390.8,3357.3,3385.6,55421
2025-06-20 12:00:00,3385.9,3389.7,3380.2,3381.4,16664
2025-06-20 16:00:00,3381.2,3385.0,3380.5,3384.4,3221
2025-06-22 16:00:00,3400.7,3413.8,3386.8,3388.4,14887
2025-06-22 20:00:00,3388.5,3389.3,3367.5,3378.4,24785
2025-06-23 00:00:00,3378.7,3380.3,3361.4,3372.8,18213
2025-06-23 04:00:00,3372.9,3397.9,3372.9,3395.7,22020
2025-06-23 08:00:00,3395.5,3405.9,3371.1,3403.3,67103
2025-06-23 12:00:00,3403.4,3410.1,3390.8,3391.3,38837
2025-06-23 16:00:00,3391.4,3392.6,3355.5,3358.7,12372
2025-06-23 20:00:00,3358.9,3372.9,3347.0,3366.4,26070
2025-06-24 00:00:00,3366.8,3367.9,3330.7,3343.8,48161
2025-06-24 04:00:00,3343.9,3346.8,3331.7,3335.2,27913
2025-06-24 08:00:00,3335.0,3335.0,3308.3,3326.9,80665
2025-06-24 12:00:00,3327.1,3339.2,3325.1,3337.8,21048
2025-06-24 16:00:00,3337.7,3339.6,3334.6,3338.0,3132
2025-06-24 20:00:00,3338.0,3349.5,3337.4,3342.3,15382
2025-06-25 00:00:00,3342.2,3351.3,3339.3,3344.5,16359
2025-06-25 04:00:00,3344.6,3346.4,3335.0,3336.7,24473
2025-06-25 08:00:00,3336.6,3343.3,3325.5,3339.2,38217
2025-06-25 12:00:00,3339.4,3350.3,3337.7,3348.2,27495
2025-06-25 16:00:00,3348.2,3354.2,3344.3,3352.8,6334
2025-06-25 20:00:00,3352.9,3357.0,3342.6,3352.1,15915
2025-06-26 00:00:00,3351.6,3360.4,3344.8,3359.4,17494
2025-06-26 04:00:00,3359.4,3363.9,3344.9,3346.4,21848
2025-06-26 08:00:00,3346.5,3357.8,3322.5,3337.6,69077
2025-06-26 12:00:00,3337.7,3349.8,3336.6,3345.0,21568
2025-06-26 16:00:00,3345.1,3346.0,3329.2,3331.8,4252
2025-06-26 20:00:00,3331.7,3335.1,3305.3,3306.8,26435
2025-06-27 00:00:00,3307.1,3313.1,3295.0,3296.2,36898
2025-06-27 04:00:00,3296.2,3303.3,3287.6,3292.9,30922
2025-06-27 08:00:00,3292.7,3293.7,3266.5,3286.3,86370
2025-06-27 12:00:00,3286.2,3295.0,3280.0,3282.7,24447
2025-06-27 16:00:00,3283.0,3288.0,3282.3,3286.1,2377
2025-06-29 16:00:00,3284.3,3293.9,3250.5,3274.5,15706
2025-06-29 20:00:00,3274.4,3294.8,3269.8,3289.2,19501
2025-06-30 00:00:00,3290.0,3307.8,3287.9,3304.0,17613
2025-06-30 04:00:00,3304.0,3307.9,3285.6,3289.2,22732
2025-06-30 08:00:00,3289.3,3303.0,3289.3,3301.7,34845
2025-06-30 12:00:00,3301.6,3321.6,3301.2,3320.5,28171
2025-06-30 16:00:00,3320.4,3326.0,3313.7,3324.4,5125
2025-06-30 20:00:00,3324.3,3334.7,3321.7,3332.1,17397
2025-07-01 00:00:00,3332.8,3351.6,3330.6,3351.2,27247
2025-07-01 04:00:00,3351.0,3365.4,3348.7,3361.0,27786
2025-07-01 08:00:00,3361.2,3370.5,3348.7,3352.1,63179
2025-07-01 12:00:00,3352.2,3355.8,3348.7,3349.6,20328
2025-07-01 16:00:00,3349.4,3353.8,3346.3,3348.6,4586
2025-07-01 20:00:00,3348.7,3354.8,3338.4,3349.7,18218
2025-07-02 00:00:00,3349.7,3354.3,3337.2,3344.8,17127
2025-07-02 04:00:00,3344.9,3358.6,3343.0,3352.6,17515
2025-07-02 08:00:00,3352.5,3361.9,3344.2,3351.5,43468
2025-07-02 12:00:00,3351.4,3370.4,3351.4,3368.5,24717
2025-07-02 16:00:00,3368.5,3376.9,3359.8,3360.3,8237
2025-07-02 20:00:00,3360.4,3362.5,3352.4,3358.8,13693
2025-07-03 08:00:00,3335.0,3348.5,3332.4,3338.3,41064
2025-07-03 12:00:00,3338.3,3345.0,3335.8,3344.1,5823
2025-07-04 00:00:00,3349.3,3355.0,3345.8,3352.7,27741
2025-07-04 04:00:00,3352.6,3354.1,3341.6,3344.6,12786
2025-07-04 08:00:00,3344.5,3348.2,3340.6,3342.7,17736
2025-07-04 12:00:00,3342.7,3347.0,3342.6,3346.5,1654
2025-07-06 16:00:00,3344.5,3352.9,3335.2,3337.8,6163
2025-07-06 20:00:00,3338.0,3338.6,3314.6,3320.2,25235
2025-07-07 00:00:00,3320.4,3324.3,3309.6,3311.2,18794
2025-07-07 04:00:00,3311.1,3322.2,3304.4,3310.9,34492
2025-07-07 08:00:00,3311.1,3331.6,3309.2,3330.6,54131
2025-07-07 12:00:00,3330.7,3350.3,3329.8,3347.1,30028
2025-07-07 16:00:00,3346.9,3355.6,3343.5,3344.4,4108
2025-07-07 20:00:00,3344.2,3348.1,3339.6,3341.6,14190
2025-07-08 00:00:00,3341.4,3349.5,3337.1,3343.9,15603
2025-07-08 04:00:00,3343.6,3343.7,3329.2,3334.4,24352
2025-07-08 08:00:00,3334.3,3339.2,3295.4,3307.0,88253
2025-07-08 12:00:00,3307.2,3319.6,3304.5,3312.7,51455
2025-07-08 16:00:00,3312.1,3313.0,3305.2,3310.4,5450
2025-07-08 20:00:00,3310.7,3316.5,3293.3,3301.4,21132
2025-07-09 00:00:00,3301.6,3306.2,3293.5,3300.0,18221
2025-07-09 04:00:00,3300.1,3304.3,3290.2,3292.8,20982
2025-07-09 08:00:00,3292.9,3321.7,3292.9,3318.4,54746
2025-07-09 12:00:00,3318.3,3325.5,3316.3,3324.3,33798
2025-07-09 16:00:00,3324.5,3328.8,3320.4,3325.4,3819
2025-07-09 20:00:00,3325.2,3334.7,3323.8,3324.4,18183
2025-07-10 00:00:00,3324.3,3338.0,3323.5,3329.4,18342
2025-07-10 04:00:00,3329.6,3339.4,3326.9,3329.2,22648
2025-07-10 08:00:00,3329.1,3339.0,3319.2,3329.8,51418
2025-07-10 12:00:00,3328.5,3334.8,3320.9,3334.0,32128
2025-07-10 16:00:00,3334.2,3336.5,3332.3,3333.7,3372
2025-07-10 20:00:00,3333.6,3347.2,3333.5,3344.8,22913
2025-07-11 00:00:00,3344.6,3355.2,3340.5,3352.1,27051
2025-07-11 04:00:00,3352.3,3362.0,3342.1,3358.7,32646
2025-07-11 08:00:00,3358.9,3381.6,3355.6,3374.5,75165
2025-07-11 12:00:00,3374.4,3375.4,3363.1,3371.6,41790
2025-07-11 16:00:00,3371.7,3373.4,3368.4,3370.6,2520
2025-07-14 00:00:00,3371.2,3386.2,3367.0,3382.7,18326
2025-07-14 04:00:00,3382.7,3386.4,3374.1,3374.4,21028
2025-07-14 08:00:00,3374.2,3376.7,3348.5,3352.7,67982
2025-07-14 12:00:00,3352.7,3360.1,3350.6,3353.2,36162
2025-07-14 16:00:00,3353.4,3355.2,3349.6,3354.2,2987
2025-07-14 20:00:00,3354.1,3367.4,3353.6,3366.8,14930
2025-07-15 00:00:00,3367.1,3374.7,3366.3,3372.9,19831
2025-07-15 04:00:00,3372.8,3375.4,3362.8,3363.6,23217
2025-07-15 08:00:00,3363.5,3369.8,3332.5,3336.5,80892
2025-07-15 12:00:00,3336.3,3338.5,3327.3,3336.5,33753
2025-07-15 16:00:00,3337.5,3338.8,3329.4,3337.7,4177
2025-07-15 20:00:00,3337.7,3341.9,3331.5,3341.3,16529
2025-07-16 00:00:00,3340.9,3348.8,3339.2,3344.6,15856
2025-07-16 04:00:00,3344.6,3349.8,3340.9,3346.4,19113
2025-07-16 08:00:00,3346.4,3385.8,3326.1,3350.4,142451
2025-07-16 12:00:00,3350.5,3364.6,3346.0,3354.3,33735
2025-07-16 16:00:00,3354.5,3358.2,3350.6,3352.0,2990
2025-07-16 20:00:00,3351.7,3352.8,3342.5,3347.7,14698
2025-07-17 00:00:00,3347.5,3351.0,3330.3,3331.4,24398
2025-07-17 04:00:00,3331.4,3337.8,3327.5,3329.5,22224
2025-07-17 08:00:00,3329.5,3343.9,3314.3,3342.3,73736
2025-07-17 12:00:00,3342.4,3346.5,3340.6,3345.2,19493
2025-07-17 16:00:00,3345.5,3350.2,3343.0,3345.6,2561
2025-07-17 20:00:00,3345.7,3350.3,3340.1,3341.1,11423
2025-07-18 00:00:00,3340.6,3356.2,3337.2,3355.9,18047
2025-07-18 04:00:00,3356.0,3364.3,3352.2,3360.7,21573
2025-07-18 08:00:00,3360.7,3368.0,3357.5,3360.4,37507
2025-07-18 12:00:00,3360.4,3363.9,3353.3,3354.0,17741
2025-07-18 16:00:00,3353.9,3357.6,3353.4,3355.5,2057
2025-07-20 16:00:00,3353.0,3355.5,3351.0,3355.2,3010
2025-07-20 20:00:00,3355.3,3365.2,3353.8,3361.1,11750
2025-07-21 00:00:00,3358.3,3378.3,3357.1,3372.1,27607
2025-07-21 04:00:00,3372.1,3383.4,3370.3,3383.1,20788
2025-07-21 08:00:00,3382.9,3416.9,3382.2,3411.1,94137
2025-07-21 12:00:00,3411.2,3413.1,3405.7,3409.8,24547
2025-07-21 16:00:00,3409.9,3416.3,3408.4,3410.9,5847
2025-07-21 20:00:00,3411.1,3411.2,3399.6,3405.6,20195
2025-07-22 00:00:00,3405.6,3405.6,3395.4,3399.3,17913
2025-07-22 04:00:00,3399.3,3402.7,3394.9,3401.1,24749
2025-07-22 08:00:00,3401.1,3446.5,3400.7,3439.7,113020
2025-07-22 12:00:00,3441.1,3447.5,3440.0,3443.9,32377
2025-07-22 16:00:00,3443.9,3446.9,3438.3,3439.4,8110
2025-07-22 20:00:00,3439.3,3451.7,3433.3,3437.5,26543
2025-07-23 00:00:00,3436.8,3443.1,3429.8,3434.3,23783
2025-07-23 04:00:00,3434.4,3445.8,3432.4,3440.5,36666
2025-07-23 08:00:00,3440.5,3442.0,3406.3,3406.3,91586
2025-07-23 12:00:00,3406.5,3406.5,3390.6,3400.4,68575
2025-07-23 16:00:00,3400.5,3401.1,3394.9,3397.1,4825
2025-07-23 20:00:00,3397.2,3400.3,3379.1,3388.8,25597
2025-07-24 00:00:00,3388.5,3390.0,3370.7,3372.6,23205
2025-07-24 04:00:00,3372.6,3379.4,3365.4,3366.4,31781
2025-07-24 08:00:00,3366.3,3381.2,3355.2,3375.6,88360
2025-07-24 12:00:00,3375.6,3376.9,3369.0,3374.3,29926
2025-07-24 16:00:00,3374.4,3374.7,3367.6,3371.8,4875
2025-07-24 20:00:00,3371.7,3376.6,3361.4,3361.5,15265
2025-07-25 00:00:00,3360.9,3365.6,3354.6,3356.1,21498
2025-07-25 04:00:00,3356.2,3357.7,3339.8,3342.1,31124
2025-07-25 08:00:00,3342.1,3348.7,3325.5,3328.2,91256
2025-07-25 12:00:00,3328.1,3341.2,3326.5,3339.2,26634
2025-07-25 16:00:00,3339.1,3340.0,3337.3,3338.5,2786
2025-07-27 20:00:00,3334.4,3343.0,3327.4,3342.3,14342
2025-07-28 00:00:00,3343.0,3345.4,3333.4,3334.6,16361
2025-07-28 04:00:00,3334.6,3340.8,3331.2,3336.1,26641
2025-07-28 08:00:00,3336.3,3338.1,3300.0,3314.1,77405
2025-07-28 12:00:00,3314.0,3317.4,3307.9,3316.5,26468
2025-07-28 16:00:00,3316.3,3317.9,3308.3,3310.5,5389
2025-07-28 20:00:00,3310.3,3318.8,3305.8,3311.1,7657
2025-07-29 00:00:00,3311.2,3320.3,3307.4,3315.6,11040
2025-07-29 04:00:00,3315.8,3328.0,3312.8,3313.4,19447
2025-07-29 08:00:00,3313.5,3332.3,3309.9,3318.4,49290
2025-07-29 12:00:00,3318.5,3328.6,3316.3,3323.7,15784
2025-07-29 16:00:00,3323.4,3327.1,3323.3,3326.3,1642
2025-07-29 20:00:00,3326.1,3330.8,3320.0,3326.4,1806
2025-07-30 00:00:00,3325.2,3386.4,3320.1,3383.0,26256
2025-07-30 04:00:00,3383.2,3389.3,3321.4,3385.4,25293
2025-07-30 08:00:00,3385.5,3386.3,3324.7,3344.4,79478
2025-07-30 12:00:00,3344.3,3358.5,3319.2,3322.1,62599
2025-07-30 16:00:00,3322.0,3336.4,3321.1,3335.8,6713
2025-07-30 20:00:00,3335.8,3348.4,3332.6,3344.2,16858
2025-07-31 00:00:00,3344.4,3360.9,3343.4,3356.1,21452
2025-07-31 04:00:00,3356.2,3366.7,3345.5,3358.9,30343
2025-07-31 08:00:00,3358.7,3364.1,3343.4,3348.1,56593
2025-07-31 12:00:00,3348.0,3351.4,3342.0,3344.2,22887
2025-07-31 16:00:00,3344.2,3346.9,3339.5,3340.1,4094
2025-07-31 20:00:00,3340.0,3347.7,3331.4,3341.2,17070
2025-08-01 00:00:00,3341.9,3352.0,3336.0,3337.7,17089
2025-08-01 04:00:00,3337.6,3355.3,3336.1,3352.2,19572
2025-08-01 08:00:00,3352.4,3408.6,3349.4,3401.3,123034
2025-08-01 12:00:00,3401.2,3414.5,3392.2,3410.1,37344
2025-08-01 16:00:00,3410.1,3416.9,3409.9,3416.0,4393
2025-08-03 16:00:00,3399.8,3417.8,3399.8,3414.8,4644
2025-08-03 20:00:00,3415.1,3415.3,3397.9,3412.5,16543
2025-08-04 00:00:00,3412.1,3415.3,3405.7,3408.6,16348
2025-08-04 04:00:00,3408.7,3424.3,3405.8,3424.0,18177
2025-08-04 08:00:00,3424.0,3439.5,3413.4,3428.4,54680
2025-08-04 12:00:00,3428.5,3432.4,3424.3,3430.5,18479
2025-08-04 16:00:00,3430.3,3433.6,3428.0,3431.5,2965
2025-08-04 20:00:00,3431.5,3435.9,3426.2,3427.6,11966
2025-08-05 00:00:00,3426.7,3429.1,3419.4,3428.3,20201
2025-08-05 04:00:00,3428.3,3429.2,3403.3,3405.2,25222
2025-08-05 08:00:00,3405.0,3444.7,3403.4,3444.0,64059
2025-08-05 12:00:00,3444.1,3444.9,3431.3,3433.5,24497
2025-08-05 16:00:00,3433.5,3438.6,3432.4,3438.1,3308
2025-08-05 20:00:00,3437.9,3440.5,3428.4,3429.7,15406
2025-08-06 00:00:00,3429.9,3433.7,3423.1,3428.4,15757
2025-08-06 04:00:00,3428.2,3429.3,3411.7,3420.0,24726
2025-08-06 08:00:00,3419.7,3438.1,3414.3,3436.2,55561
2025-08-06 12:00:00,3436.5,3438.1,3430.9,3434.0,26985
2025-08-06 16:00:00,3433.9,3436.8,3429.7,3436.2,5489
2025-08-06 20:00:00,3436.3,3447.0,3432.6,3443.8,24568
2025-08-07 00:00:00,3444.0,3470.3,3438.5,3469.1,41813
2025-08-07 04:00:00,3469.2,3469.6,3443.2,3451.6,48754
2025-08-07 08:00:00,3451.7,3465.0,3436.0,3453.9,76823
2025-08-07 12:00:00,3453.9,3468.0,3450.8,3466.8,33605
2025-08-07 16:00:00,3466.9,3534.1,3465.5,3496.4,17936
2025-08-07 20:00:00,3496.4,3514.9,3480.4,3489.1,46058
2025-08-08 00:00:00,3488.2,3507.1,3486.7,3492.7,36107
2025-08-08 04:00:00,3493.1,3496.8,3468.6,3475.7,32606
2025-08-08 08:00:00,3475.5,3506.5,3473.5,3492.3,86407
2025-08-08 12:00:00,3492.4,3493.3,3445.0,3456.6,77557
2025-08-08 16:00:00,3456.8,3491.3,3452.1,3491.3,6265
2025-08-10 16:00:00,3458.1,3491.3,3454.6,3455.4,7013
2025-08-10 20:00:00,3455.6,3455.6,3431.0,3440.6,26142
2025-08-11 00:00:00,3440.2,3442.7,3411.8,3415.1,32137
2025-08-11 04:00:00,3415.1,3421.1,3404.3,3410.2,37579
2025-08-11 08:00:00,3410.0,3418.7,3397.3,3409.8,65786
2025-08-11 12:00:00,3409.9,3411.0,3399.3,3402.0,43465
2025-08-11 16:00:00,3402.0,3402.7,3393.0,3399.0,6491
2025-08-11 20:00:00,3398.9,3408.7,3397.5,3399.8,15565
2025-08-12 00:00:00,3400.7,3406.3,3390.6,3404.6,21854
2025-08-12 04:00:00,3404.7,3404.7,3384.4,3396.0,26043
2025-08-12 08:00:00,3395.9,3410.8,3379.1,3400.3,94503
2025-08-12 12:00:00,3400.4,3402.4,3395.7,3398.9,25227
2025-08-12 16:00:00,3398.8,3404.9,3397.1,3401.4,3756
2025-08-12 20:00:00,3401.5,3405.0,3392.7,3398.8,15623
2025-08-13 00:00:00,3398.9,3410.0,3394.8,3403.6,16422
2025-08-13 04:00:00,3403.5,3417.7,3401.5,3413.5,26865
2025-08-13 08:00:00,3413.5,3422.6,3404.1,3408.6,47768
2025-08-13 12:00:00,3408.7,3411.6,3400.2,3408.0,21132
2025-08-13 16:00:00,3407.9,3412.7,3406.1,3411.9,3099
2025-08-13 20:00:00,3412.0,3423.8,3403.7,3408.3,19498
2025-08-14 00:00:00,3409.6,3415.0,3392.1,3394.4,21627
2025-08-14 04:00:00,3394.2,3407.8,3389.2,3404.2,26325
2025-08-14 08:00:00,3404.0,3407.4,3381.8,3388.9,62732
2025-08-14 12:00:00,3389.1,3389.1,3375.5,3385.3,28060
2025-08-14 16:00:00,3385.3,3385.8,3377.7,3381.1,2903
2025-08-14 20:00:00,3380.9,3391.2,3378.0,3389.7,10942
2025-08-15 00:00:00,3389.7,3394.8,3385.9,3392.5,16298
2025-08-15 04:00:00,3392.4,3394.6,3382.4,3388.3,20716
2025-08-15 08:00:00,3388.4,3393.1,3379.3,3388.3,44151
2025-08-15 12:00:00,3388.4,3388.4,3379.8,3383.9,18900
2025-08-15 16:00:00,3383.8,3384.2,3381.0,3382.6,1933
2025-08-17 16:00:00,3382.4,3384.5,3368.0,3371.8,6885
2025-08-17 20:00:00,3372.0,3398.0,3371.5,3392.9,17231
2025-08-18 00:00:00,3392.9,3403.6,3391.2,3393.8,19080
2025-08-18 04:00:00,3394.0,3397.0,3389.5,3391.2,16535
2025-08-18 08:00:00,3391.2,3394.9,3377.1,3380.6,38732
2025-08-18 12:00:00,3380.7,3380.8,3375.3,3378.3,15607
2025-08-18 16:00:00,3378.2,3379.9,3375.6,3376.1,3652
2025-08-18 20:00:00,3376.1,3384.9,3370.6,3381.1,16496
2025-08-19 00:00:00,3381.2,3386.2,3378.2,3384.8,13992
2025-08-19 04:00:00,3384.8,3389.7,3380.6,3384.4,15408
2025-08-19 08:00:00,3384.3,3385.2,3364.4,3366.5,54234
2025-08-19 12:00:00,3366.5,3368.4,3358.1,3359.8,23558
2025-08-19 16:00:00,3359.7,3360.7,3355.4,3356.8,4872
2025-08-19 20:00:00,3356.5,3360.9,3353.4,3359.6,16798
2025-08-20 00:00:00,3359.9,3370.1,3359.5,3367.8,14204
2025-08-20 04:00:00,3367.7,3376.5,3363.6,3375.9,24522
2025-08-20 08:00:00,3375.9,3394.3,3375.5,3384.5,53104
2025-08-20 12:00:00,3384.5,3393.0,3384.5,3391.5,16365
2025-08-20 16:00:00,3391.5,3394.4,3389.1,3389.4,3839
2025-08-20 20:00:00,3389.4,3389.4,3382.1,3382.6,11863
2025-08-21 00:00:00,3382.4,3384.0,3376.5,3381.9,12971
2025-08-21 04:00:00,3381.9,3385.1,3367.4,3376.1,22218
2025-08-21 08:00:00,3376.3,3391.9,3376.3,3387.5,54485
2025-08-21 12:00:00,3387.6,3388.0,3381.1,3383.2,13895
2025-08-21 16:00:00,3383.3,3385.0,3381.8,3382.6,1647
2025-08-21 20:00:00,3382.5,3383.7,3374.5,3375.1,11162
2025-08-22 00:00:00,3374.9,3377.8,3367.2,3369.5,18094
2025-08-22 04:00:00,3369.5,3373.8,3367.2,3370.8,14022
2025-08-22 08:00:00,3370.8,3423.4,3362.8,3412.4,111347
2025-08-22 12:00:00,3412.5,3420.8,3412.3,3417.7,20541
2025-08-22 16:00:00,3417.6,3418.5,3415.6,3418.5,2180
2025-08-24 16:00:00,3417.6,3418.5,3411.7,3414.9,4284
2025-08-24 20:00:00,3414.8,3415.5,3405.5,3412.6,13437
2025-08-25 00:00:00,3412.4,3414.3,3407.1,3411.0,10681
2025-08-25 04:00:00,3411.1,3416.5,3406.3,3415.7,14373
2025-08-25 08:00:00,3415.7,3421.5,3406.3,3418.9,35229
2025-08-25 12:00:00,3419.0,3419.4,3410.1,3410.6,14328
2025-08-25 16:00:00,3410.7,3411.4,3396.5,3399.8,7203
2025-08-25 20:00:00,3399.7,3434.7,3396.1,3420.9,39366
2025-08-26 00:00:00,3420.3,3426.6,3413.1,3423.0,18502
2025-08-26 04:00:00,3423.0,3428.3,3412.9,3425.0,23567
2025-08-26 08:00:00,3425.0,3437.5,3416.9,3435.1,51321
2025-08-26 12:00:00,3435.2,3439.1,3428.5,3437.7,26006
2025-08-26 16:00:00,3437.7,3444.3,3437.4,3440.7,4526
2025-08-26 20:00:00,3440.6,3443.4,3430.4,3431.0,14479
2025-08-27 00:00:00,3430.9,3431.7,3423.0,3430.5,19859
2025-08-27 04:00:00,3430.3,3433.9,3422.2,3425.6,23646
2025-08-27 08:00:00,3425.6,3440.7,3422.9,3438.1,50644
2025-08-27 12:00:00,3438.2,3450.9,3437.6,3449.4,32013
2025-08-27 16:00:00,3449.3,3453.1,3448.2,3451.0,4990
2025-08-27 20:00:00,3450.9,3453.8,3442.5,3445.1,13958
2025-08-28 00:00:00,3444.7,3453.0,3443.2,3450.8,14071
2025-08-28 04:00:00,3450.7,3465.8,3449.0,3462.0,24448
2025-08-28 08:00:00,3462.3,3471.0,3452.1,3465.8,58923
2025-08-28 12:00:00,3465.8,3478.7,3465.6,3477.6,32835
2025-08-28 16:00:00,3477.7,3478.0,3475.0,3475.3,4692
2025-08-28 20:00:00,3475.5,3479.6,3469.9,3470.9,13899
2025-08-29 00:00:00,3470.2,3472.2,3466.1,3471.2,13632
2025-08-29 04:00:00,3471.1,3472.6,3463.0,3469.8,17783
2025-08-29 08:00:00,3469.8,3515.3,3464.1,3512.5,85974
2025-08-29 12:00:00,3512.6,3518.5,3508.4,3516.1,41853
2025-08-29 16:00:00,3516.0,3517.6,3514.0,3516.1,4393
2025-09-02 00:00:00,3564.3,3568.0,3538.5,3541.6,100607
2025-09-02 04:00:00,3541.6,3559.0,3537.5,3558.7,28378
2025-09-02 08:00:00,3558.6,3586.3,3538.6,3586.1,99879
2025-09-02 12:00:00,3586.1,3600.8,3582.6,3597.9,44228
2025-09-02 16:00:00,3597.8,3602.4,3593.4,3595.5,7332
2025-09-02 20:00:00,3595.7,3616.9,3595.1,3596.6,28149
2025-09-03 00:00:00,3596.7,3604.1,3592.4,3598.4,20140
2025-09-03 04:00:00,3598.4,3617.4,3598.4,3616.0,26081
2025-09-03 08:00:00,3615.9,3631.5,3607.3,3628.6,80622
2025-09-03 12:00:00,3628.6,3640.1,3617.2,3619.3,49547
2025-09-03 16:00:00,3619.5,3624.6,3609.5,3613.6,19072
2025-09-03 20:00:00,3613.9,3621.6,3573.7,3587.9,46229
2025-09-04 00:00:00,3587.6,3600.1,3581.5,3599.5,21385
2025-09-04 04:00:00,3599.7,3609.0,3594.0,3603.1,26304
2025-09-04 08:00:00,3602.8,3617.8,3592.2,3612.3,78200
2025-09-04 12:00:00,3612.3,3615.5,3600.0,3605.9,29606
2025-09-04 16:00:00,3605.9,3611.8,3595.4,3609.6,6230
2025-09-04 20:00:00,3609.7,3618.5,3605.0,3618.2,17706
2025-09-05 00:00:00,3617.6,3619.2,3606.1,3607.5,16645
2025-09-05 04:00:00,3607.7,3611.8,3601.6,3609.3,19675
2025-09-05 08:00:00,3609.4,3654.2,3604.3,3647.4,129259
2025-09-05 12:00:00,3647.4,3655.5,3645.6,3646.5,35539
2025-09-05 16:00:00,3646.4,3647.4,3639.0,3639.8,5208
2025-09-07 16:00:00,3635.0,3653.3,3623.0,3630.8,18118
2025-09-07 20:00:00,3630.9,3637.9,3625.0,3626.8,29648
2025-09-08 00:00:00,3626.6,3654.3,3621.7,3650.5,28937
2025-09-08 04:00:00,3650.6,3662.5,3647.7,3658.9,28756
2025-09-08 08:00:00,3658.9,3685.7,3653.5,3680.1,78247
2025-09-08 12:00:00,3680.2,3682.4,3673.2,3676.2,32388
2025-09-08 16:00:00,3676.2,3678.8,3669.8,3674.8,4627
2025-09-08 20:00:00,3675.0,3694.9,3673.3,3685.2,33567
2025-09-09 00:00:00,3685.9,3698.9,3676.8,3683.8,30976
2025-09-09 04:00:00,3683.8,3695.8,3681.2,3686.7,23591
2025-09-09 08:00:00,3686.8,3715.2,3665.3,3684.3,131584
2025-09-09 12:00:00,3684.1,3688.5,3667.2,3668.3,29158
2025-09-09 16:00:00,3668.3,3677.8,3651.4,3671.1,7646
2025-09-09 20:00:00,3670.9,3675.8,3656.5,3674.8,23950
2025-09-10 00:00:00,3674.5,3687.2,3674.5,3682.6,20627
2025-09-10 04:00:00,3682.7,3696.6,3680.7,3688.8,27022
2025-09-10 08:00:00,3688.7,3697.5,3677.5,3683.7,67888
2025-09-10 12:00:00,3683.7,3689.6,3674.6,3681.7,23513
2025-09-10 16:00:00,3681.8,3684.1,3676.6,3683.2,5063
2025-09-10 20:00:00,3683.3,3687.5,3666.5,3669.7,23014
2025-09-11 00:00:00,3669.8,3675.5,3660.6,3667.6,28970
2025-09-11 04:00:00,3667.7,3669.5,3651.8,3654.9,31580
2025-09-11 08:00:00,3654.9,3682.0,3651.0,3672.0,91532
2025-09-11 12:00:00,3671.9,3680.6,3669.3,3675.4,25293
2025-09-11 16:00:00,3675.3,3676.6,3669.0,3669.2,3371
2025-09-11 20:00:00,3669.2,3692.4,3667.3,3691.8,24109
2025-09-12 00:00:00,3692.0,3695.5,3685.7,3686.3,20460
2025-09-12 04:00:00,3686.3,3690.4,3675.3,3684.6,27524
2025-09-12 08:00:00,3684.7,3692.7,3675.5,3682.3,50283
2025-09-12 12:00:00,3682.3,3689.5,3680.5,3682.7,18489
2025-09-12 16:00:00,3682.7,3683.8,3679.3,3680.7,3411
2025-09-14 16:00:00,3680.2,3686.4,3673.6,3675.2,4534
2025-09-14 20:00:00,3675.0,3683.8,3662.8,3683.2,23797
2025-09-15 00:00:00,3683.7,3684.3,3671.5,3680.7,16867
2025-09-15 04:00:00,3680.7,3683.4,3673.4,3679.6,23165
2025-09-15 08:00:00,3679.7,3722.2,3673.7,3720.4,75985
2025-09-15 12:00:00,3720.5,3724.9,3713.6,3720.2,36893
2025-09-15 16:00:00,3720.2,3721.7,3715.5,3717.8,3237
2025-09-15 20:00:00,3723.6,3728.4,3711.8,3718.1,27619
2025-09-16 00:00:00,3718.5,3731.9,3717.1,3726.2,21484
2025-09-16 04:00:00,3733.5,3737.6,3728.7,3734.5,29181
2025-09-16 08:00:00,3734.6,3739.9,3715.2,3723.0,78801
2025-09-16 12:00:00,3723.0,3728.4,3721.3,3726.6,26023
2025-09-16 16:00:00,3726.8,3732.8,3726.4,3731.7,5696
2025-09-16 20:00:00,3731.9,3732.8,3710.7,3718.2,24507
2025-09-17 00:00:00,3718.5,3722.7,3702.8,3703.7,22960
2025-09-17 04:00:00,3703.7,3707.1,3695.4,3701.2,33243
2025-09-17 08:00:00,3701.4,3722.0,3701.0,3718.6,46349
2025-09-17 12:00:00,3718.8,3744.0,3679.5,3696.2,116140
2025-09-17 16:00:00,3696.2,3705.6,3688.2,3703.0,7296
2025-09-17 20:00:00,3703.5,3703.9,3686.6,3693.0,24895
2025-09-18 00:00:00,3693.0,3693.8,3667.3,3692.5,43214
2025-09-18 04:00:00,3692.4,3707.3,3687.7,3700.7,28933
2025-09-18 08:00:00,3700.9,3706.4,3660.5,3674.5,84593
2025-09-18 12:00:00,3674.6,3680.7,3673.6,3679.7,27475
2025-09-18 16:00:00,3679.7,3680.4,3670.4,3672.8,3946
2025-09-18 20:00:00,3673.0,3689.6,3664.4,3686.6,28931
2025-09-19 00:00:00,3686.8,3694.1,3675.9,3686.0,26183
2025-09-19 04:00:00,3685.7,3691.9,3677.5,3680.5,22016
2025-09-19 08:00:00,3680.5,3709.5,3676.2,3704.2,64456
2025-09-19 12:00:00,3704.1,3718.8,3699.8,3717.9,32877
2025-09-19 16:00:00,3717.8,3719.6,3705.8,3705.8,3584
2025-09-21 16:00:00,3721.3,3727.4,3705.8,3721.6,8873
2025-09-21 20:00:00,3721.4,3733.1,3720.5,3730.9,22859
2025-09-22 00:00:00,3730.8,3753.4,3725.5,3747.5,37258
2025-09-22 04:00:00,3747.4,3763.1,3746.6,3758.8,30697
2025-09-22 08:00:00,3758.9,3770.3,3746.0,3769.9,66493
2025-09-22 12:00:00,3769.9,3783.2,3769.2,3781.2,44223
2025-09-22 16:00:00,3781.2,3784.2,3773.5,3782.2,8437
2025-09-22 20:00:00,3782.2,3795.1,3772.4,3780.6,35623
2025-09-23 00:00:00,3780.9,3793.0,3777.4,3787.6,27435
2025-09-23 04:00:00,3787.6,3824.6,3786.8,3816.5,60962
2025-09-23 08:00:00,3816.6,3821.6,3799.0,3811.5,81462
2025-09-23 12:00:00,3811.7,3819.0,3783.9,3796.4,69144
2025-09-23 16:00:00,3796.6,3802.6,3793.8,3796.1,6929
2025-09-23 20:00:00,3795.8,3803.6,3783.0,3799.1,26493
2025-09-24 00:00:00,3798.4,3812.6,3795.4,3810.9,25401
2025-09-24 04:00:00,3810.9,3811.3,3792.4,3802.3,26324
2025-09-24 08:00:00,3802.2,3806.4,3772.6,3774.1,83697
2025-09-24 12:00:00,3774.2,3778.4,3749.7,3762.5,61112
2025-09-24 16:00:00,3762.4,3776.7,3762.3,3774.5,5963
2025-09-24 20:00:00,3774.3,3782.2,3760.5,3767.0,28367
2025-09-25 00:00:00,3767.2,3785.6,3762.2,3782.5,28537
2025-09-25 04:00:00,3782.6,3792.3,3771.0,3784.0,43631
2025-09-25 08:00:00,3783.7,3787.0,3751.9,3766.9,91444
2025-09-25 12:00:00,3766.9,3789.5,3762.5,3777.5,53265
2025-09-25 16:00:00,3777.5,3783.9,3768.5,3775.0,7524
2025-09-25 20:00:00,3775.0,3783.5,3764.0,3775.4,19873
2025-09-26 00:00:00,3775.1,3784.4,3768.8,3777.9,20136
2025-09-26 04:00:00,3777.9,3785.2,3772.8,3778.7,22701
2025-09-26 08:00:00,3778.8,3814.4,3776.4,3810.4,87319
2025-09-26 12:00:00,3810.4,3813.3,3793.6,3795.8,43595
2025-09-26 16:00:00,3796.0,3809.0,3789.0,3809.0,6381
2025-09-28 16:00:00,3796.8,3801.6,3794.9,3795.9,6154
2025-09-28 20:00:00,3795.8,3828.5,3792.9,3823.5,45612
2025-09-29 00:00:00,3824.0,3849.0,3822.1,3836.1,42943
2025-09-29 04:00:00,3836.2,3860.6,3836.2,3858.2,40687
2025-09-29 08:00:00,3858.1,3862.2,3838.6,3859.3,75674
2025-09-29 12:00:00,3859.2,3862.2,3850.9,3857.1,33872
2025-09-29 16:00:00,3857.0,3863.7,3854.4,3861.1,6517
2025-09-29 20:00:00,3861.2,3895.5,3859.5,3893.3,39813
2025-09-30 00:00:00,3892.8,3899.2,3867.9,3872.2,43352
2025-09-30 04:00:00,3872.0,3875.6,3820.6,3842.6,72465
2025-09-30 08:00:00,3842.4,3882.3,3836.5,3866.3,98380
2025-09-30 12:00:00,3866.8,3888.7,3865.7,3886.7,37670
2025-09-30 16:00:00,3886.8,3890.8,3878.7,3890.6,8961
2025-09-30 20:00:00,3890.6,3904.1,3883.5,3889.7,32679
2025-10-01 00:00:00,3889.5,3908.3,3880.3,3907.2,34546
2025-10-01 04:00:00,3907.4,3922.7,3905.4,3911.1,48190
2025-10-01 08:00:00,3911.2,3918.8,3882.8,3895.1,116764
2025-10-01 12:00:00,3895.0,3898.5,3881.4,3894.3,39670
2025-10-01 16:00:00,3894.3,3895.7,3882.9,3888.9,8118
2025-10-01 20:00:00,3888.7,3895.2,3877.0,3891.5,19045
2025-10-02 00:00:00,3891.6,3899.6,3886.6,3894.0,22991
2025-10-02 04:00:00,3893.6,3911.7,3889.7,3911.2,25873
2025-10-02 08:00:00,3911.3,3923.3,3842.8,3851.8,148438
2025-10-02 12:00:00,3851.7,3883.4,3850.7,3880.1,46793
2025-10-02 16:00:00,3880.3,3888.1,3876.0,3886.8,5721
2025-10-02 20:00:00,3886.6,3887.2,3861.1,3865.8,26310
2025-10-03 00:00:00,3865.7,3888.7,3864.6,3887.3,23602
2025-10-03 04:00:00,3887.5,3891.5,3877.6,3885.3,24655
2025-10-03 08:00:00,3885.4,3916.8,3883.7,3914.4,94537
2025-10-03 12:00:00,3914.5,3914.8,3901.7,3910.9,33276
2025-10-03 16:00:00,3910.9,3912.7,3908.5,3908.9,3034
2025-10-05 16:00:00,3911.2,3945.2,3908.9,3935.3,23613
2025-10-05 20:00:00,3935.4,3956.8,3924.3,3954.3,35382
2025-10-06 00:00:00,3954.6,3969.0,3947.4,3965.7,40954
2025-10-06 04:00:00,3965.8,3973.7,3954.7,3962.4,37050
2025-10-06 08:00:00,3962.2,3988.2,3950.0,3986.4,83692
2025-10-06 12:00:00,3986.4,3994.5,3969.5,3983.2,47850
2025-10-06 16:00:00,3983.2,3986.2,3981.0,3984.4,3546
2025-10-07 00:00:00,3974.4,3979.4,3965.8,3968.6,7399
2025-10-07 04:00:00,3968.6,3992.1,3963.4,3989.8,36447
2025-10-07 08:00:00,3989.7,4014.6,3983.4,3988.7,106197
2025-10-07 12:00:00,3989.0,4011.1,3985.3,4002.5,52597
2025-10-07 16:00:00,4002.7,4018.0,4002.7,4016.2,9620
2025-10-07 20:00:00,4016.3,4038.7,4006.7,4036.6,45910
2025-10-08 00:00:00,4037.1,4061.2,4037.1,4056.5,52991
2025-10-08 04:00:00,4056.4,4071.5,4053.6,4060.0,48669
2025-10-08 08:00:00,4060.1,4072.4,4047.5,4067.2,99129
2025-10-08 12:00:00,4067.3,4081.0,4052.5,4064.2,73392
2025-10-08 16:00:00,4064.3,4067.0,4019.2,4030.1,19395
2025-10-08 20:00:00,4030.0,4057.0,4022.4,4045.0,57077
2025-10-09 00:00:00,4046.1,4062.1,4041.1,4051.2,31673
2025-10-09 04:00:00,4051.0,4066.9,4049.8,4063.7,27473
2025-10-09 08:00:00,4063.7,4077.9,4018.1,4029.6,163128
2025-10-09 12:00:00,4029.5,4037.9,3957.9,3988.3,139608
2025-10-09 16:00:00,3988.3,4007.6,3973.0,4006.6,12938
2025-10-09 20:00:00,4006.6,4009.7,3975.0,3979.1,38111
2025-10-10 00:00:00,3976.8,3991.7,3961.2,3985.1,44855
2025-10-10 04:00:00,3985.0,4020.5,3982.8,4002.3,45556
2025-10-10 08:00:00,4002.4,4038.6,3986.7,4013.4,127599
2025-10-10 12:00:00,4013.5,4038.0,3988.4,4028.1,75275
2025-10-10 16:00:00,4028.0,4038.5,4000.4,4000.4,7026
2025-10-12 16:00:00,4018.3,4078.1,4000.4,4053.1,28404
2025-10-12 20:00:00,4053.0,4079.3,4042.1,4070.2,43720
2025-10-13 00:00:00,4069.8,4096.7,4068.9,4089.7,40631
2025-10-13 04:00:00,4089.6,4104.3,4087.4,4093.2,40590
2025-10-13 08:00:00,4093.2,4127.5,4092.3,4124.8,87925
2025-10-13 12:00:00,4124.8,4137.2,4110.3,4127.3,51364
2025-10-13 16:00:00,4127.3,4150.0,4124.8,4145.9,14774
2025-10-13 20:00:00,4145.7,4178.6,4137.0,4175.3,60510
2025-10-14 00:00:00,4175.6,4190.9,4105.0,4141.8,115452
2025-10-14 04:00:00,4141.6,4161.8,4136.7,4148.6,50079
2025-10-14 08:00:00,4148.8,4159.1,4113.6,4154.3,96710
2025-10-14 12:00:00,4154.5,4172.1,4144.5,4159.2,55330
2025-10-14 16:00:00,4159.3,4185.4,4156.4,4179.6,7970
2025-10-14 20:00:00,4179.6,4210.0,4171.6,4206.0,43858
2025-10-15 00:00:00,4206.0,4227.9,4192.4,4225.8,35717
2025-10-15 04:00:00,4225.7,4235.8,4180.0,4214.3,61837
2025-10-15 08:00:00,4214.5,4227.7,4191.2,4207.0,95649
2025-10-15 12:00:00,4207.0,4229.6,4198.2,4226.0,50278
2025-10-15 16:00:00,4226.0,4230.6,4214.5,4223.2,8871
2025-10-15 20:00:00,4223.1,4255.4,4218.4,4249.2,47625
2025-10-16 00:00:00,4247.6,4253.2,4216.4,4244.5,52875
2025-10-16 04:00:00,4244.6,4264.0,4237.3,4256.1,39956
2025-10-16 08:00:00,4256.3,4292.7,4241.9,4289.4,98975
2025-10-16 12:00:00,4289.5,4328.7,4275.7,4321.4,102949
2025-10-16 16:00:00,4321.9,4392.0,4321.8,4378.8,29298
2025-10-16 20:00:00,4378.3,4383.5,4291.3,4377.2,94852
2025-10-17 00:00:00,4378.9,4390.4,4320.0,4354.5,67933
2025-10-17 04:00:00,4354.5,4363.8,4298.0,4298.7,73952
2025-10-17 08:00:00,4298.7,4332.3,4226.0,4251.4,176534
2025-10-17 12:00:00,4251.5,4259.0,4196.0,4240.3,97656
2025-10-17 16:00:00,4241.7,4268.0,4213.3,4213.3,7250
2025-10-19 16:00:00,4269.0,4289.9,4213.3,4250.0,15805
2025-10-19 20:00:00,4249.4,4283.0,4229.7,4277.8,41917
2025-10-20 00:00:00,4278.0,4281.5,4233.6,4269.3,38151
2025-10-20 04:00:00,4269.1,4295.3,4259.5,4294.8,33773
2025-10-20 08:00:00,4294.6,4372.3,4287.6,4366.0,129496
2025-10-20 12:00:00,4366.0,4398.0,4354.4,4394.3,56453
2025-10-20 16:00:00,4394.4,4396.5,4363.7,4377.3,19793
2025-10-20 20:00:00,4377.4,4390.0,4348.4,4362.9,45937
2025-10-21 00:00:00,4362.8,4362.8,4309.3,4312.8,50366
2025-10-21 04:00:00,4312.6,4316.3,4257.7,4266.8,78454
2025-10-21 08:00:00,4266.8,4270.9,4093.0,4150.6,233480
2025-10-21 12:00:00,4150.5,4156.7,4105.0,4124.2,91358
2025-10-21 16:00:00,4124.5,4146.7,4103.4,4106.7,17831
2025-10-21 20:00:00,4106.8,4157.9,4021.2,4143.7,88206
2025-10-22 00:00:00,4142.8,4175.0,4121.9,4146.3,42208
2025-10-22 04:00:00,4146.2,4149.5,4029.1,4042.7,92096
2025-10-22 08:00:00,4042.5,4101.0,4025.1,4053.1,137071
2025-10-22 12:00:00,4053.5,4131.4,4039.4,4120.0,77244
2025-10-22 16:00:00,4120.4,4133.6,4096.4,4104.7,13362
2025-10-22 20:00:00,4104.2,4116.4,4079.6,4106.9,29060
2025-10-23 00:00:00,4106.7,4152.9,4094.4,4109.6,43345
2025-10-23 04:00:00,4109.9,4140.7,4109.8,4123.7,37670
2025-10-23 08:00:00,4123.4,4171.5,4113.7,4158.6,86887
2025-10-23 12:00:00,4158.6,4165.4,4132.5,4134.6,50000
2025-10-23 16:00:00,4134.6,4149.0,4121.2,4136.8,9707
2025-10-23 20:00:00,4137.1,4159.0,4122.1,4135.9,35185
2025-10-24 00:00:00,4136.2,4137.1,4083.1,4088.9,46752
2025-10-24 04:00:00,4088.8,4092.3,4055.7,4075.6,44096
2025-10-24 08:00:00,4075.7,4151.1,4073.4,4146.7,105754
2025-10-24 12:00:00,4146.6,4156.0,4117.5,4119.7,47902
2025-10-24 16:00:00,4119.7,4137.8,4111.0,4137.8,4840
2025-10-26 16:00:00,4103.2,4137.8,4074.2,4078.2,23834
2025-10-26 20:00:00,4078.7,4112.0,4071.8,4083.5,33157
2025-10-27 00:00:00,4082.0,4098.6,4065.8,4081.7,28155
2025-10-27 04:00:00,4081.6,4083.6,4028.0,4038.0,54991
2025-10-27 08:00:00,4037.9,4064.8,3985.9,4004.6,122968
2025-10-27 12:00:00,4004.8,4025.8,3998.6,4006.0,54247
2025-10-27 16:00:00,4005.8,4019.0,3994.1,4012.5,11950
2025-10-27 20:00:00,4012.8,4034.2,3987.2,4006.6,38667
2025-10-28 00:00:00,4007.0,4008.2,3936.9,3947.4,53406
2025-10-28 04:00:00,3947.6,3950.9,3901.3,3937.1,74062
2025-10-28 08:00:00,3937.0,3983.8,3919.2,3978.6,90803
2025-10-28 12:00:00,3978.7,3985.7,3959.1,3975.8,60105
2025-10-28 16:00:00,3975.4,3982.5,3930.0,3979.0,9283
2025-10-28 20:00:00,3978.6,3995.7,3957.2,3977.3,33832
2025-10-29 00:00:00,3977.2,4014.8,3963.9,4014.5,27246
2025-10-29 04:00:00,4014.8,4043.7,4013.4,4030.2,45080
2025-10-29 08:00:00,4031.0,4046.2,4003.4,4007.5,70030
2025-10-29 12:00:00,4007.8,4021.7,3940.4,3959.2,84171
2025-10-29 16:00:00,3958.7,3967.8,3925.1,3963.9,11449
2025-10-29 20:00:00,3964.1,3978.2,3927.6,3947.3,36558
2025-10-30 00:00:00,3949.5,3996.0,3946.7,3972.8,38159
2025-10-30 04:00:00,3973.0,4024.2,3971.4,3985.7,41993
2025-10-30 08:00:00,3985.8,4028.3,3970.9,4015.3,76371
2025-10-30 12:00:00,4015.3,4038.5,4004.6,4035.2,34258
2025-10-30 16:00:00,4035.2,4059.9,4029.3,4048.6,12063
2025-10-30 20:00:00,4048.7,4051.4,4003.6,4009.0,34647
2025-10-31 00:00:00,4009.5,4036.6,4001.9,4032.6,27697
2025-10-31 04:00:00,4032.4,4038.5,4010.0,4022.3,24685
2025-10-31 08:00:00,4022.4,4049.2,4020.8,4025.0,63667
2025-10-31 12:00:00,4024.8,4027.5,3982.3,4012.9,67434
2025-10-31 16:00:00,4012.7,4018.9,4007.6,4014.2,3129
2025-11-02 16:00:00,4001.9,4009.0,3971.3,3980.9,16723
2025-11-02 20:00:00,3980.9,4025.4,3974.5,4013.5,29225
2025-11-03 00:00:00,4013.8,4038.7,4007.0,4029.9,26419
2025-11-03 04:00:00,4030.2,4036.9,4003.3,4025.3,35962
2025-11-03 08:00:00,4025.2,4043.1,4006.0,4019.8,79855
2025-11-03 12:00:00,4019.9,4027.4,4007.1,4022.7,30739
2025-11-03 16:00:00,4022.5,4022.7,3988.1,3996.1,10801
2025-11-03 20:00:00,3996.3,4009.2,3984.2,3995.3,28625
2025-11-04 00:00:00,3994.6,4011.6,3975.0,4006.8,32474
2025-11-04 04:00:00,4006.5,4010.7,3992.9,3994.7,24437
2025-11-04 08:00:00,3994.5,4006.8,3937.1,3979.4,95401
2025-11-04 12:00:00,3979.4,3981.2,3940.9,3948.7,46478
2025-11-04 16:00:00,3948.8,3951.5,3935.7,3948.0,10418
2025-11-04 20:00:00,3948.4,3982.4,3942.6,3977.6,25956
2025-11-05 00:00:00,3978.8,3997.0,3970.3,3990.0,26882
2025-11-05 04:00:00,3989.8,3991.3,3965.1,3979.3,25254
2025-11-05 08:00:00,3979.3,4000.7,3972.9,3996.8,53119
2025-11-05 12:00:00,3996.8,4000.3,3988.1,3994.8,27796
2025-11-05 16:00:00,3995.1,3995.6,3973.9,3984.7,5299
2025-11-05 20:00:00,3984.9,3998.7,3973.2,3997.3,15858
2025-11-06 00:00:00,3997.0,4026.0,3990.7,4024.3,25277
2025-11-06 04:00:00,4024.1,4028.7,4012.0,4014.5,27515
2025-11-06 08:00:00,4014.6,4025.5,3983.5,3989.1,67575
2025-11-06 12:00:00,3989.5,4003.7,3973.2,3988.8,37308
2025-11-06 16:00:00,3989.0,4002.0,3981.6,3996.0,5961
2025-11-06 20:00:00,3995.9,4011.3,3992.6,4005.5,17430
2025-11-07 00:00:00,4006.0,4018.7,3998.7,4018.0,18586
2025-11-07 04:00:00,4017.9,4022.6,3998.9,4003.3,25512
2025-11-07 08:00:00,4003.4,4035.8,3991.0,4015.8,70860
2025-11-07 12:00:00,4015.9,4018.0,3999.6,4012.1,58048
2025-11-07 16:00:00,4011.8,4013.1,4006.3,4008.4,1934
2025-11-09 16:00:00,4017.8,4032.1,4009.8,4028.3,11152
2025-11-09 20:00:00,4027.9,4065.9,4026.8,4062.9,38946
2025-11-10 00:00:00,4062.8,4093.7,4058.7,4090.3,31327
2025-11-10 04:00:00,4090.5,4108.7,4079.5,4106.1,33349
2025-11-10 08:00:00,4105.9,4115.0,4082.4,4103.2,69315
2025-11-10 12:00:00,4103.1,4123.9,4101.3,4118.8,54430
2025-11-10 16:00:00,4118.9,4139.9,4117.6,4137.3,12080
2025-11-10 20:00:00,4137.3,4155.0,4133.9,4148.9,32725
2025-11-11 00:00:00,4149.1,4150.6,4131.2,4142.3,28166
2025-11-11 04:00:00,4142.4,4152.4,4139.4,4140.7,22683
2025-11-11 08:00:00,4140.8,4153.4,4102.8,4119.2,94533
2025-11-11 12:00:00,4119.0,4138.5,4112.4,4135.7,43433
2025-11-11 16:00:00,4135.6,4151.5,4131.7,4139.0,8576
2025-11-11 20:00:00,4139.0,4143.2,4109.4,4116.5,30508
2025-11-12 00:00:00,4116.5,4138.2,4104.4,4136.8,29982
2025-11-12 04:00:00,4136.7,4145.9,4123.4,4136.4,26604
2025-11-12 08:00:00,4136.4,4204.6,4128.7,4203.0,100355
2025-11-12 12:00:00,4203.2,4218.5,4196.0,4201.3,73605
2025-11-12 16:00:00,4201.3,4212.5,4189.1,4209.3,13353
2025-11-12 20:00:00,4209.2,4223.9,4183.2,4214.6,37303
2025-11-13 00:00:00,4213.3,4244.3,4206.9,4237.5,37228
2025-11-13 04:00:00,4237.4,4250.0,4224.0,4247.4,35639
2025-11-13 08:00:00,4247.2,4248.7,4188.6,4210.8,87910
2025-11-13 12:00:00,4211.0,4212.8,4148.5,4168.1,84598
2025-11-13 16:00:00,4167.9,4192.6,4165.0,4186.9,10695
2025-11-13 20:00:00,4186.5,4215.1,4176.2,4206.2,25344
2025-11-14 00:00:00,4206.3,4206.6,4162.1,4179.1,37698
2025-11-14 04:00:00,4178.6,4183.6,4109.0,4118.3,57613
2025-11-14 08:00:00,4117.8,4121.3,4032.6,4107.1,148921
2025-11-14 12:00:00,4107.4,4112.7,4077.5,4088.9,49308
2025-11-14 16:00:00,4088.6,4094.2,4078.8,4094.2,3721
2025-11-16 16:00:00,4100.0,4107.6,4081.0,4084.4,10162
2025-11-16 20:00:00,4084.3,4103.6,4070.5,4078.8,28745
2025-11-17 00:00:00,4079.8,4097.1,4051.1,4078.8,38204
2025-11-17 04:00:00,4078.4,4091.0,4062.3,4078.5,32015
2025-11-17 08:00:00,4078.6,4093.5,4053.1,4071.1,52958
2025-11-17 12:00:00,4071.2,4082.5,4006.8,4041.2,62609
2025-11-17 16:00:00,4041.0,4055.4,4026.9,4039.8,9552
2025-11-17 20:00:00,4040.1,4044.8,4002.5,4011.0,32425
2025-11-18 00:00:00,4010.1,4042.5,3997.4,4036.8,42592
2025-11-18 04:00:00,4036.1,4050.2,4028.1,4031.7,25759
2025-11-18 08:00:00,4031.9,4082.3,4030.4,4067.4,86380
2025-11-18 12:00:00,4067.2,4083.7,4059.3,4069.8,27923
2025-11-18 16:00:00,4069.7,4078.2,4064.9,4069.0,5011
2025-11-18 20:00:00,4068.9,4081.3,4056.1,4075.3,18472
2025-11-19 00:00:00,4075.2,4100.0,4073.9,4083.6,28600
2025-11-19 04:00:00,4083.8,4121.0,4081.1,4115.1,32304
2025-11-19 08:00:00,4115.0,4134.3,4068.3,4075.7,91415
2025-11-19 12:00:00,4074.7,4092.4,4055.6,4076.5,47693
2025-11-19 16:00:00,4076.3,4109.6,4065.0,4102.0,9020
2025-11-19 20:00:00,4102.0,4108.0,4034.0,4075.1,37065
2025-11-20 00:00:00,4074.2,4077.0,4037.4,4062.4,34742
2025-11-20 04:00:00,4062.4,4081.6,4049.6,4081.2,33847
2025-11-20 08:00:00,4081.4,4106.9,4043.5,4047.6,97965
2025-11-20 12:00:00,4047.5,4087.3,4042.6,4077.3,50681
2025-11-20 16:00:00,4077.3,4089.4,4071.0,4073.6,5393
2025-11-20 20:00:00,4073.4,4079.1,4045.5,4049.4,23958
2025-11-21 00:00:00,4050.3,4063.4,4018.1,4037.9,39462
2025-11-21 04:00:00,4037.8,4070.5,4028.1,4064.2,47112
2025-11-21 08:00:00,4064.5,4100.6,4053.4,4099.7,83129
2025-11-21 12:00:00,4099.6,4101.0,4053.5,4064.5,47663
2025-11-21 16:00:00,4064.4,4079.5,4052.2,4079.5,4134
2025-11-23 16:00:00,4068.5,4074.8,4054.8,4064.7,7471
2025-11-23 20:00:00,4064.8,4070.6,4037.2,4039.9,23082
2025-11-24 00:00:00,4040.8,4064.5,4036.4,4060.7,21011
2025-11-24 04:00:00,4060.2,4081.6,4059.9,4077.9,28796
2025-11-24 08:00:00,4078.0,4097.4,4066.0,4096.2,71965
2025-11-24 12:00:00,4096.6,4132.9,4086.5,4130.5,60206
2025-11-24 16:00:00,4130.3,4142.8,4124.0,4126.6,6791
2025-11-24 20:00:00,4126.7,4152.0,4120.5,4138.8,12034
2025-11-25 00:00:00,4138.5,4166.7,4106.7,4113.0,45022
2025-11-25 04:00:00,4150.0,4172.9,4111.0,4127.1,47571
2025-11-25 08:00:00,4127.1,4185.6,4106.8,4132.2,102533
2025-11-25 12:00:00,4132.2,4194.0,4125.6,4166.7,184447
2025-11-25 16:00:00,4129.1,4178.7,4124.4,4177.2,4555
2025-11-25 20:00:00,4177.6,4204.9,4135.9,4197.3,23341
2025-11-26 00:00:00,4197.5,4204.0,4144.1,4195.4,23904
2025-11-26 04:00:00,4195.1,4209.0,4145.4,4190.4,29363
2025-11-26 08:00:00,4189.9,4203.0,4132.9,4201.6,72185
2025-11-26 12:00:00,4201.5,4206.6,4155.6,4196.9,29975
2025-11-26 16:00:00,4196.9,4200.9,4158.4,4197.1,3027
2025-11-26 20:00:00,4197.0,4198.2,4140.0,4182.7,19248
2025-11-28 08:00:00,4217.6,4246.6,4185.1,4242.1,39096
2025-11-28 12:00:00,4242.0,4251.7,4205.0,4251.4,9070
2025-11-30 16:00:00,4245.1,4269.8,4214.9,4267.2,16312
2025-11-30 20:00:00,4266.7,4291.8,4223.0,4280.5,36994
2025-12-01 00:00:00,4280.5,4288.8,4220.3,4279.2,33101
2025-12-01 04:00:00,4279.3,4297.8,4250.9,4280.8,26792
2025-12-01 08:00:00,4280.6,4299.6,4219.3,4258.9,78093
2025-12-01 12:00:00,4259.1,4278.8,4222.9,4270.8,30347
2025-12-01 16:00:00,4270.8,4274.1,4230.5,4259.6,5794
2025-12-01 20:00:00,4259.7,4260.0,4199.7,4249.1,30799
2025-12-02 00:00:00,4249.7,4258.1,4209.3,4241.4,22747
2025-12-02 04:00:00,4241.2,4244.4,4182.1,4239.8,32638
2025-12-02 08:00:00,4239.8,4262.2,4167.0,4215.7,86289
2025-12-02 12:00:00,4215.3,4244.1,4187.7,4241.6,31367
2025-12-02 16:00:00,4241.6,4248.0,4206.9,4243.0,6521
2025-12-02 20:00:00,4243.2,4260.1,4215.7,4252.6,17267
2025-12-03 00:00:00,4253.5,4254.8,4202.9,4236.6,23769
2025-12-03 04:00:00,4236.9,4245.0,4195.7,4244.5,22544
2025-12-03 08:00:00,4244.5,4273.3,4209.0,4231.9,70189
2025-12-03 12:00:00,4231.6,4246.9,4199.2,4237.2,27375
2025-12-03 16:00:00,4237.4,4245.6,4232.3,4241.3,4983
2025-12-03 20:00:00,4241.2,4246.9,4211.0,4224.7,20193
2025-12-04 00:00:00,4225.6,4227.6,4175.0,4213.9,25876
2025-12-04 04:00:00,4213.7,4236.4,4184.3,4219.9,22457
2025-12-04 08:00:00,4219.9,4251.1,4203.2,4245.9,56192
2025-12-04 12:00:00,4246.2,4248.1,4202.0,4240.2,24709
2025-12-04 16:00:00,4240.2,4240.9,4207.0,4231.7,4249
2025-12-04 20:00:00,4231.7,4247.0,4204.1,4246.0,19398
2025-12-05 00:00:00,4246.4,4261.1,4243.6,4250.7,21691
2025-12-05 04:00:00,4250.5,4260.0,4245.8,4259.0,14689
2025-12-05 08:00:00,4259.0,4290.5,4207.4,4244.1,94707
2025-12-05 12:00:00,4244.0,4251.0,4205.1,4231.6,29529
2025-12-05 16:00:00,4231.4,4231.7,4194.5,4227.7,3823
2025-12-07 16:00:00,4228.1,4241.3,4224.5,4240.2,6798
2025-12-07 20:00:00,4240.4,4241.9,4204.8,4236.3,15276
2025-12-08 00:00:00,4237.0,4247.9,4208.5,4239.2,16544
2025-12-08 04:00:00,4238.9,4245.1,4203.4,4243.3,16709
2025-12-08 08:00:00,4243.3,4244.4,4195.3,4220.7,62497
2025-12-08 12:00:00,4220.8,4225.0,4213.0,4221.1,24003
2025-12-08 16:00:00,4221.2,4224.9,4217.9,4219.6,4367
2025-12-08 20:00:00,4219.5,4227.6,4213.6,4216.6,18927
2025-12-09 00:00:00,4215.9,4220.3,4197.8,4220.3,30104
2025-12-09 04:00:00,4220.1,4242.3,4219.4,4233.4,25083
2025-12-09 08:00:00,4233.6,4251.7,4218.0,4242.1,68301
2025-12-09 12:00:00,4242.4,4246.0,4230.1,4240.8,24568
2025-12-09 16:00:00,4240.9,4241.8,4235.2,4236.9,4161
2025-12-09 20:00:00,4237.2,4247.9,4232.5,4235.9,13990
2025-12-10 00:00:00,4235.5,4242.6,4224.8,4225.8,18127
2025-12-10 04:00:00,4225.6,4230.3,4215.3,4224.5,19598
2025-12-10 08:00:00,4224.6,4235.3,4216.6,4233.2,43025
2025-12-10 12:00:00,4233.0,4268.8,4207.8,4259.1,77868
2025-12-10 16:00:00,4259.1,4274.6,4251.0,4266.5,10396
2025-12-10 20:00:00,4266.5,4277.7,4235.7,4241.2,28726
2025-12-11 00:00:00,4240.6,4247.4,4231.2,4244.0,16439
2025-12-11 04:00:00,4244.0,4253.9,4235.6,4248.0,19169
2025-12-11 08:00:00,4248.0,4309.4,4231.9,4304.4,95289
2025-12-11 12:00:00,4304.1,4317.3,4292.6,4304.8,47004
2025-12-11 16:00:00,4304.9,4313.5,4298.7,4299.6,8041
2025-12-11 20:00:00,4299.5,4307.6,4295.5,4297.6,14959
2025-12-12 00:00:00,4297.5,4340.7,4297.0,4339.1,27123
2025-12-12 04:00:00,4339.4,4376.8,4338.0,4361.1,51656
2025-12-12 08:00:00,4361.4,4387.8,4286.0,4312.8,138240
2025-12-12 12:00:00,4312.8,4336.1,4301.8,4329.7,41653
2025-12-12 16:00:00,4329.8,4335.0,4328.6,4329.8,2367
2025-12-14 16:00:00,4337.3,4339.7,4331.8,4339.5,5668
2025-12-14 20:00:00,4339.7,4363.1,4337.7,4358.9,19227
2025-12-15 00:00:00,4359.0,4382.6,4357.8,4380.4,22606
2025-12-15 04:00:00,4380.3,4384.3,4369.4,4379.9,20802
2025-12-15 08:00:00,4379.9,4380.7,4315.9,4328.2,95917
2025-12-15 12:00:00,4328.1,4347.0,4321.2,4333.7,33764
2025-12-15 16:00:00,4333.9,4341.9,4329.7,4335.8,5486
2025-12-15 20:00:00,4336.0,4345.3,4307.2,4315.1,24995
2025-12-16 00:00:00,4315.4,4318.9,4297.4,4311.8,22766
2025-12-16 04:00:00,4311.5,4323.4,4301.2,4323.2,22754
2025-12-16 08:00:00,4323.0,4367.9,4319.2,4332.0,95712
2025-12-16 12:00:00,4332.1,4346.2,4326.3,4334.1,33122
2025-12-16 16:00:00,4334.1,4343.6,4329.7,4342.2,3747
2025-12-16 20:00:00,4342.0,4361.6,4339.9,4359.8,21498
2025-12-17 00:00:00,4359.5,4373.6,4337.9,4348.3,25903
2025-12-17 04:00:00,4348.1,4353.7,4335.7,4347.5,17994
2025-12-17 08:00:00,4347.8,4383.6,4345.3,4365.2,97410
2025-12-17 12:00:00,4365.1,4379.0,4360.2,4373.4,36287
2025-12-17 16:00:00,4373.3,4379.4,4365.4,4366.9,4932
2025-12-17 20:00:00,4366.9,4369.5,4355.2,4362.0,14262
2025-12-18 00:00:00,4361.6,4368.7,4352.3,4357.4,14616
2025-12-18 04:00:00,4357.1,4360.9,4348.6,4352.9,20001
2025-12-18 08:00:00,4352.7,4409.5,4338.0,4394.6,117055
2025-12-18 12:00:00,4394.6,4397.7,4352.6,4365.9,56009
2025-12-18 16:00:00,4365.7,4368.4,4355.5,4356.1,4429
2025-12-18 20:00:00,4356.2,4357.4,4336.3,4350.8,20528
2025-12-19 00:00:00,4350.9,4359.7,4344.9,4355.0,13048
2025-12-19 04:00:00,4354.6,4362.4,4349.8,4356.0,16929
2025-12-19 08:00:00,4356.2,4388.0,4350.7,4383.8,71389
2025-12-19 12:00:00,4383.5,4389.0,4368.0,4370.3,33593
2025-12-19 16:00:00,4370.6,4387.3,4367.8,4387.3,1582
2025-12-21 16:00:00,4373.3,4397.1,4372.8,4396.5,10850
2025-12-21 20:00:00,4396.6,4433.7,4391.7,4431.1,30573
2025-12-22 00:00:00,4431.0,4453.0,4429.6,4441.3,32667
2025-12-22 04:00:00,4441.5,4449.9,4439.5,4449.5,21398
2025-12-22 08:00:00,4449.5,4477.7,4445.9,4474.0,70117
2025-12-22 12:00:00,4473.8,4477.3,4464.1,4472.5,26761
2025-12-22 16:00:00,4472.5,4504.8,4472.5,4504.5,11034
2025-12-22 20:00:00,4504.5,4530.8,4502.2,4514.2,34333
2025-12-23 00:00:00,4514.5,4524.5,4502.6,4520.8,22068
2025-12-23 04:00:00,4520.8,4526.3,4510.0,4518.6,20856
2025-12-23 08:00:00,4518.5,4529.3,4457.7,4501.4,107641
2025-12-23 12:00:00,4501.6,4526.2,4496.6,4523.8,41347
2025-12-23 16:00:00,4523.8,4547.0,4512.2,4539.7,10084
2025-12-23 20:00:00,4539.5,4555.1,4496.5,4524.9,35716
2025-12-24 08:00:00,4516.1,4518.2,4474.3,4502.8,44487
2025-12-24 12:00:00,4502.7,4513.4,4501.3,4505.6,9061
2025-12-26 00:00:00,4538.8,4550.7,4535.7,4549.3,14571
2025-12-26 04:00:00,4549.2,4554.0,4531.2,4539.0,15773
2025-12-26 08:00:00,4538.8,4584.0,4533.1,4570.3,65141
2025-12-26 12:00:00,4570.4,4571.6,4543.4,4560.4,40974
2025-12-26 16:00:00,4560.6,4565.9,4552.7,4552.7,3246
2025-12-28 16:00:00,4570.5,4571.8,4490.3,4516.9,29438
2025-12-28 20:00:00,4516.9,4545.0,4511.6,4538.6,26053
2025-12-29 00:00:00,4537.6,4541.4,4463.3,4481.1,45361
2025-12-29 04:00:00,4481.2,4496.6,4454.4,4484.5,34616
2025-12-29 08:00:00,4484.3,4488.7,4316.0,4359.8,126060
2025-12-29 12:00:00,4360.2,4362.5,4332.8,4354.3,39403
2025-12-29 16:00:00,4354.0,4366.0,4338.8,4354.7,7875
2025-12-29 20:00:00,4354.7,4384.0,4339.0,4377.6,25917
2025-12-30 00:00:00,4378.3,4398.5,4366.6,4380.8,25073
2025-12-30 04:00:00,4381.0,4418.8,4379.8,4417.0,24037
2025-12-30 08:00:00,4417.6,4420.5,4370.5,4393.5,60872
2025-12-30 12:00:00,4393.6,4397.8,4352.4,4357.5,35705
2025-12-30 16:00:00,4358.0,4366.1,4338.1,4354.9,9572
2025-12-30 20:00:00,4354.6,4384.9,4342.9,4344.6,26234
2025-12-31 00:00:00,4345.1,4354.3,4284.3,4319.4,39844
2025-12-31 04:00:00,4319.3,4349.0,4315.0,4326.1,20191
2025-12-31 08:00:00,4326.6,4367.8,4320.2,4336.8,38343
2025-12-31 12:00:00,4337.1,4345.7,4316.8,4326.0,23465
2025-12-31 16:00:00,4326.9,4333.2,4320.7,4332.1,1696
2026-01-02 00:00:00,4386.0,4409.5,4383.5,4399.2,17513
2026-01-02 04:00:00,4398.9,4411.8,4395.6,4407.0,15451
2026-01-02 08:00:00,4407.0,4414.8,4325.3,4337.5,64142
2026-01-02 12:00:00,4337.1,4344.5,4319.7,4341.3,28519
2026-01-02 16:00:00,4341.4,4342.7,4329.6,4329.6,1786
2026-01-04 16:00:00,4368.8,4406.4,4363.3,4404.5,17072
2026-01-04 20:00:00,4404.6,4430.7,4397.1,4415.1,28255
2026-01-05 00:00:00,4413.4,4444.0,4410.0,4439.9,27905
2026-01-05 04:00:00,4439.8,4451.7,4416.7,4421.4,28904
2026-01-05 08:00:00,4421.5,4467.6,4407.0,4452.7,70205
2026-01-05 12:00:00,4452.9,4461.0,4443.2,4454.9,27735
2026-01-05 16:00:00,4455.1,4471.6,4440.7,4447.4,5737
2026-01-05 20:00:00,4447.4,4479.4,4437.9,4478.0,19195
2026-01-06 00:00:00,4477.9,4486.0,4460.2,4478.8,23051
2026-01-06 04:00:00,4479.0,4479.2,4452.5,4474.4,23016
2026-01-06 08:00:00,4474.2,4501.8,4464.1,4498.7,59721
2026-01-06 12:00:00,4498.7,4504.7,4488.0,4504.2,32305
2026-01-06 16:00:00,4504.1,4512.4,4493.2,4502.9,6459
2026-01-06 20:00:00,4503.2,4506.9,4470.1,4474.4,24789
2026-01-07 00:00:00,4474.7,4485.0,4451.5,4478.3,27043
2026-01-07 04:00:00,4477.9,4478.5,4448.6,4454.5,19838
2026-01-07 08:00:00,4454.3,4478.4,4432.9,4474.2,82745
2026-01-07 12:00:00,4474.1,4475.5,4455.0,4462.6,32964
2026-01-07 16:00:00,4462.5,4475.2,4455.1,4459.0,5066
2026-01-07 20:00:00,4458.6,4469.4,4438.4,4440.6,18712
2026-01-08 00:00:00,4439.8,4448.4,4423.6,4439.4,25408
2026-01-08 04:00:00,4439.2,4443.3,4415.0,4434.7,23118
2026-01-08 08:00:00,4435.1,4474.5,4425.0,4472.5,65906
2026-01-08 12:00:00,4472.7,4487.7,4453.7,4485.1,49241
2026-01-08 16:00:00,4485.2,4493.7,4469.4,4472.4,7557
2026-01-08 20:00:00,4472.5,4485.5,4461.8,4474.5,15942
2026-01-09 00:00:00,4473.4,4486.0,4466.6,4476.9,16208
2026-01-09 04:00:00,4477.1,4489.6,4469.5,4474.5,17405
2026-01-09 08:00:00,4474.6,4527.0,4467.0,4516.5,80816
2026-01-09 12:00:00,4516.4,4521.5,4491.4,4516.1,56968
2026-01-09 16:00:00,4516.0,4520.3,4500.9,4500.9,2373
2026-01-11 16:00:00,4538.1,4612.7,4531.4,4600.0,32587
2026-01-11 20:00:00,4600.2,4606.1,4573.1,4579.4,33827
2026-01-12 00:00:00,4580.0,4608.5,4576.9,4607.0,26101
2026-01-12 04:00:00,4606.9,4609.6,4587.6,4600.4,24902
2026-01-12 08:00:00,4600.4,4640.5,4595.1,4627.0,100447
2026-01-12 12:00:00,4626.8,4630.7,4601.0,4603.3,56470
2026-01-12 16:00:00,4603.4,4616.9,4586.4,4595.8,7849
2026-01-12 20:00:00,4596.2,4608.8,4584.3,4606.4,18196
2026-01-13 00:00:00,4605.6,4611.2,4582.8,4601.6,23080
2026-01-13 04:00:00,4601.1,4604.1,4586.2,4602.0,22945
2026-01-13 08:00:00,4601.7,4644.0,4599.1,4622.2,97231
2026-01-13 12:00:00,4622.3,4624.9,4576.7,4594.1,72891
2026-01-13 16:00:00,4594.2,4618.4,4590.7,4616.9,8611
2026-01-13 20:00:00,4617.2,4638.9,4613.7,4636.0,26402
2026-01-14 00:00:00,4636.8,4647.6,4624.7,4641.8,35463
2026-01-14 04:00:00,4641.9,4650.1,4634.1,4646.9,29938
2026-01-14 08:00:00,4647.0,4649.8,4605.9,4624.1,87568
2026-01-14 12:00:00,4624.0,4650.5,4607.7,4639.2,97704
2026-01-14 16:00:00,4639.3,4639.8,4607.2,4619.3,9818
2026-01-14 20:00:00,4619.5,4622.0,4584.5,4596.6,44412
2026-01-15 00:00:00,4595.7,4618.0,4584.6,4608.2,24932
2026-01-15 04:00:00,4608.1,4627.0,4604.6,4617.9,23676
2026-01-15 08:00:00,4618.0,4630.1,4584.0,4610.2,76897
2026-01-15 12:00:00,4610.4,4626.5,4604.2,4609.8,36805
2026-01-15 16:00:00,4609.5,4625.5,4602.4,4604.4,7213
2026-01-15 20:00:00,4603.8,4612.3,4594.6,4604.6,21386
2026-01-16 00:00:00,4604.5,4620.2,4597.1,4606.8,26075
2026-01-16 04:00:00,4606.8,4620.5,4601.0,4605.7,21865
2026-01-16 08:00:00,4605.8,4624.6,4539.1,4595.8,130547
2026-01-16 12:00:00,4596.2,4601.1,4581.0,4587.3,31453
2026-01-16 16:00:00,4587.2,4602.1,4587.2,4601.1,3758
2026-01-18 20:00:00,4595.4,4672.3,4595.4,4671.2,997
2026-01-20 00:00:00,4700.9,4738.0,4700.0,4735.6,46752
2026-01-20 04:00:00,4735.5,4742.9,4727.2,4733.3,32281
2026-01-20 08:00:00,4733.4,4762.0,4720.0,4758.0,102567
2026-01-20 12:00:00,4757.7,4771.5,4750.3,4761.4,48901
2026-01-20 16:00:00,4761.5,4792.9,4761.1,4789.6,8980
2026-01-20 20:00:00,4789.6,4873.6,4788.5,4867.5,59383
2026-01-21 00:00:00,4868.4,4891.1,4835.2,4856.9,53023
2026-01-21 04:00:00,4856.9,4879.4,4854.5,4868.0,39369
2026-01-21 08:00:00,4868.2,4884.5,4813.8,4836.5,123917
2026-01-21 12:00:00,4836.7,4857.2,4757.1,4830.0,96372
2026-01-21 16:00:00,4829.6,4842.8,4779.3,4798.8,12150
2026-01-21 20:00:00,4798.4,4810.6,4772.7,4797.7,24469
2026-01-22 00:00:00,4798.1,4841.1,4794.7,4832.2,26776
2026-01-22 04:00:00,4832.2,4839.5,4815.3,4821.5,32005
2026-01-22 08:00:00,4821.6,4888.1,4809.6,4880.8,91494
2026-01-22 12:00:00,4880.8,4932.2,4871.0,4920.5,65737
2026-01-22 16:00:00,4920.7,4968.5,4918.3,4967.6,12693
2026-01-22 20:00:00,4968.0,4970.0,4938.0,4958.0,29590
2026-01-23 00:00:00,4957.8,4969.0,4901.9,4915.3,39018
2026-01-23 04:00:00,4914.8,4943.4,4901.2,4940.0,34032
2026-01-23 08:00:00,4940.2,4989.9,4924.3,4981.4,93301
2026-01-23 12:00:00,4981.7,4991.4,4959.5,4981.4,53721
2026-01-23 16:00:00,4981.4,4990.2,4978.6,4988.3,4736
2026-01-25 16:00:00,5023.3,5051.4,5010.9,5041.0,20543
2026-01-25 20:00:00,5040.8,5091.5,5028.0,5068.6,49008
2026-01-26 00:00:00,5067.9,5107.9,5049.7,5081.3,50679
2026-01-26 04:00:00,5081.3,5097.4,5073.1,5076.2,42601
2026-01-26 08:00:00,5076.6,5103.0,5052.0,5086.4,136441
2026-01-26 12:00:00,5087.0,5102.1,5002.7,5049.4,98969
2026-01-26 16:00:00,5049.6,5056.0,4983.6,5027.1,21411
2026-01-26 20:00:00,5027.3,5074.8,5013.0,5061.1,27077
2026-01-27 00:00:00,5062.6,5097.3,5051.9,5075.6,36620
2026-01-27 04:00:00,5075.0,5096.3,5062.2,5081.6,34250
2026-01-27 08:00:00,5081.5,5100.3,5042.0,5085.1,115390
2026-01-27 12:00:00,5085.2,5184.2,5074.0,5174.7,78652
2026-01-27 16:00:00,5175.0,5190.8,5154.8,5168.5,14571
2026-01-27 20:00:00,5168.9,5244.0,5165.1,5242.7,14744
2026-01-28 00:00:00,5240.9,5345.0,5237.1,5327.0,89075
2026-01-28 04:00:00,5326.8,5331.2,5271.0,5311.7,48766
2026-01-28 08:00:00,5311.6,5334.5,5266.5,5333.6,135821
2026-01-28 12:00:00,5334.0,5425.1,5301.0,5409.4,97972
2026-01-28 16:00:00,5409.8,5626.8,5409.4,5548.5,30104
2026-01-28 20:00:00,5548.9,5595.0,5472.4,5589.8,64747
2026-01-29 00:00:00,5588.0,5625.9,5503.9,5540.6,66287
2026-01-29 04:00:00,5540.1,5573.3,5501.0,5564.5,48332
2026-01-29 08:00:00,5565.2,5581.3,5126.0,5292.5,228020
2026-01-29 12:00:00,5292.9,5438.6,5292.2,5423.3,79327
2026-01-29 16:00:00,5422.9,5480.2,5400.0,5435.3,19753
2026-01-29 20:00:00,5436.0,5438.9,5145.8,5243.1,75129
2026-01-30 00:00:00,5242.1,5269.2,5075.1,5145.0,46446
2026-01-30 04:00:00,5143.8,5175.6,4962.7,5092.0,74093
2026-01-30 08:00:00,5093.1,5142.3,5006.3,5067.5,72605
2026-02-02 12:00:00,4677.4,4736.0,4653.5,4676.3,84657
2026-02-02 16:00:00,4677.9,4853.7,4667.0,4802.7,11866
2026-02-02 20:00:00,4803.1,4882.0,4768.5,4832.6,29039
2026-02-03 00:00:00,4832.8,4975.5,4831.3,4935.8,36070
2026-02-03 04:00:00,4935.8,4959.5,4905.2,4938.2,31941
2026-02-03 08:00:00,4938.4,5018.1,4917.6,4978.2,79520
2026-02-03 12:00:00,4978.3,4992.7,4900.5,4967.5,57784
2026-02-03 16:00:00,4967.1,5039.7,4930.4,5038.1,10215
2026-02-03 20:00:00,5038.6,5101.0,5006.4,5100.2,27428
2026-02-04 00:00:00,5100.1,5113.9,5071.0,5106.5,26783
2026-02-04 04:00:00,5105.9,5109.7,5036.0,5064.6,26218
2026-02-04 08:00:00,5064.3,5087.0,4867.7,4926.9,97263
2026-02-04 12:00:00,4926.5,4979.4,4893.9,4961.6,48328
2026-02-04 16:00:00,4960.9,5045.0,4960.0,5028.1,6124
2026-02-04 20:00:00,5028.7,5033.7,4805.0,4888.5,51162
2026-02-05 00:00:00,4881.7,4962.0,4842.0,4934.0,25618
2026-02-05 04:00:00,4934.4,4937.1,4831.0,4876.2,31085
2026-02-05 08:00:00,4876.1,4930.0,4820.8,4912.0,73214
2026-02-05 12:00:00,4910.9,4913.3,4814.6,4833.6,29618
2026-02-05 16:00:00,4833.2,4848.5,4670.0,4779.9,25980
2026-02-05 20:00:00,4779.1,4863.5,4710.0,4831.9,27666
2026-02-06 00:00:00,4830.4,4921.6,4824.5,4884.8,25120
2026-02-06 04:00:00,4884.1,4926.0,4862.2,4921.7,19879
2026-02-06 08:00:00,4922.0,4988.8,4916.2,4975.3,45976
2026-02-06 12:00:00,4975.3,4995.6,4960.4,4977.2,22457
2026-02-06 16:00:00,4977.2,4992.1,4970.1,4988.6,2361
2026-02-08 16:00:00,5000.0,5069.0,4991.3,5041.2,10328
2026-02-08 20:00:00,5042.1,5064.2,4989.3,5034.7,16385
2026-02-09 00:00:00,5034.0,5067.6,5015.2,5048.1,14193
2026-02-09 04:00:00,5048.7,5062.6,5002.6,5035.7,15146
2026-02-09 08:00:00,5035.4,5106.8,5016.9,5096.9,37054
2026-02-09 12:00:00,5097.8,5111.1,5064.4,5102.9,20417
2026-02-09 16:00:00,5103.6,5107.1,5011.0,5042.6,5080
2026-02-09 20:00:00,5042.9,5079.0,5035.5,5052.8,10283
2026-02-10 00:00:00,5052.9,5077.1,5032.8,5063.8,9879
2026-02-10 04:00:00,5063.6,5085.3,5042.0,5054.9,16162
2026-02-10 08:00:00,5055.0,5102.7,5021.3,5046.5,38666
2026-02-10 12:00:00,5046.4,5068.9,5026.7,5052.9,17927
2026-02-10 16:00:00,5052.0,5077.4,5043.0,5060.9,3255
2026-02-10 20:00:00,5060.4,5085.0,5053.4,5073.2,8164
2026-02-11 00:00:00,5071.2,5093.3,5067.6,5077.0,12747
2026-02-11 04:00:00,5077.4,5144.5,5070.4,5107.2,31261
2026-02-11 08:00:00,5107.5,5115.0,5036.3,5099.2,45188
2026-02-11 12:00:00,5098.7,5123.4,5090.1,5111.4,22321
2026-02-11 16:00:00,5111.4,5122.8,5071.0,5084.9,4147
2026-02-11 20:00:00,5083.0,5096.0,5065.0,5090.4,7761
2026-02-12 00:00:00,5090.0,5099.3,5068.9,5090.0,10913
2026-02-12 04:00:00,5089.5,5102.5,5070.6,5074.2,12522
2026-02-12 08:00:00,5074.4,5106.7,4900.0,4976.3,80532
2026-02-12 12:00:00,4974.5,5004.4,4926.9,4935.1,36231
2026-02-12 16:00:00,4935.7,4967.7,4907.1,4946.7,5457
2026-02-12 20:00:00,4946.7,5016.4,4945.6,4994.0,11393
2026-02-13 00:00:00,4996.1,5009.5,4963.2,5001.9,13984
2026-02-13 04:00:00,5002.8,5002.8,4952.8,4988.8,17339
2026-02-13 08:00:00,4990.0,5056.8,4977.1,5030.0,47256
2026-02-13 12:00:00,5030.0,5069.1,5027.8,5054.0,19992
2026-02-13 16:00:00,5053.9,5067.4,5046.3,5046.3,1712
2026-02-15 16:00:00,5046.3,5051.6,5018.2,5035.0,2630
2026-02-15 20:00:00,5034.1,5051.4,4986.0,4994.7,8229
2026-02-17 00:00:00,4970.8,4972.3,4875.2,4939.5,19745
2026-02-17 04:00:00,4939.0,4964.0,4926.3,4951.6,13912
2026-02-17 08:00:00,4951.3,4953.0,4854.2,4887.7,50060
2026-02-17 12:00:00,4887.5,4931.0,4868.0,4896.7,21090
2026-02-17 16:00:00,4896.2,4905.2,4868.5,4891.8,2845
2026-02-17 20:00:00,4891.8,4961.8,4891.8,4951.6,7416
2026-02-18 00:00:00,4953.5,4962.2,4936.3,4937.7,8064
2026-02-18 04:00:00,4937.5,4967.5,4925.9,4963.5,15373
2026-02-18 08:00:00,4963.3,5031.9,4962.9,5021.2,39521
2026-02-18 12:00:00,5021.4,5024.2,4993.7,5005.3,17919
2026-02-18 16:00:00,5004.9,5007.8,4971.5,4980.2,2530
2026-02-18 20:00:00,4980.2,5004.7,4979.1,5002.8,5023
2026-02-19 00:00:00,5002.5,5040.9,5002.5,5035.5,9008
2026-02-19 04:00:00,5035.8,5039.1,4997.1,5004.4,14969
2026-02-19 08:00:00,5005.1,5042.8,4982.0,5014.2,34970
2026-02-19 12:00:00,5014.2,5022.2,4994.0,5020.6,13610
2026-02-19 16:00:00,5020.7,5026.5,5003.5,5024.5,2699
2026-02-19 20:00:00,5024.6,5033.4,4999.3,5017.5,6345
2026-02-20 00:00:00,5018.1,5050.6,5015.9,5048.7,11822
2026-02-20 04:00:00,5048.5,5063.0,5025.7,5044.5,20054
2026-02-20 08:00:00,5044.1,5089.8,5005.5,5087.0,54690
2026-02-20 12:00:00,5087.0,5120.7,5075.1,5119.4,28794
2026-02-20 16:00:00,5119.5,5131.0,5080.9,5080.9,3745
2026-02-22 16:00:00,5157.0,5194.2,5151.0,5165.9,13308
2026-02-22 20:00:00,5166.3,5198.8,5161.6,5181.3,11535
2026-02-23 00:00:00,5182.0,5183.3,5142.8,5161.0,14779
2026-02-23 04:00:00,5160.7,5186.4,5159.4,5185.0,17866
2026-02-23 08:00:00,5185.0,5240.9,5161.5,5230.4,48521
2026-02-23 12:00:00,5231.1,5257.3,5211.2,5255.6,22069
2026-02-23 16:00:00,5255.2,5269.4,5236.8,5243.1,7577
2026-02-23 20:00:00,5243.0,5243.0,5164.1,5188.4,23468
2026-02-24 00:00:00,5188.1,5205.6,5173.6,5193.0,15784
2026-02-24 04:00:00,5192.3,5201.0,5162.2,5168.8,16359
2026-02-24 08:00:00,5169.2,5180.1,5109.5,5159.7,54088
2026-02-24 12:00:00,5159.7,5191.4,5159.4,5181.8,21388
2026-02-24 16:00:00,5181.9,5183.9,5135.9,5171.0,3623
2026-02-24 20:00:00,5171.1,5212.0,5162.8,5201.3,12803
2026-02-25 00:00:00,5202.1,5230.0,5199.5,5204.5,13190
2026-02-25 04:00:00,5204.3,5214.7,5173.2,5201.0,18224
2026-02-25 08:00:00,5201.9,5233.6,5177.0,5231.7,37857
2026-02-25 12:00:00,5232.0,5237.3,5163.3,5169.9,17102
2026-02-25 16:00:00,5171.2,5207.4,5168.6,5203.2,7875
2026-02-25 20:00:00,5203.8,5215.4,5188.8,5208.7,10415
2026-02-26 00:00:00,5208.8,5221.9,5182.9,5195.8,14828
2026-02-26 04:00:00,5195.4,5206.4,5173.1,5200.0,20423
2026-02-26 08:00:00,5200.1,5210.1,5144.8,5196.3,46161
2026-02-26 12:00:00,5196.7,5218.2,5176.3,5213.5,26352
2026-02-26 16:00:00,5213.8,5217.8,5186.0,5191.6,4686
2026-02-26 20:00:00,5191.1,5216.2,5182.9,5200.5,10850
2026-02-27 00:00:00,5198.1,5217.5,5191.1,5195.1,14238
2026-02-27 04:00:00,5195.4,5207.0,5183.2,5204.3,14670
2026-02-27 08:00:00,5204.5,5276.6,5203.5,5246.9,68886
2026-02-27 12:00:00,5247.1,5283.8,5237.4,5281.3,27394
2026-02-27 16:00:00,5281.6,5299.0,5247.9,5247.9,4487
2026-03-01 16:00:00,5364.2,5409.7,5353.9,5360.6,18501
2026-03-01 20:00:00,5360.5,5380.0,5315.3,5369.8,23295
2026-03-02 00:00:00,5368.2,5434.1,5353.4,5408.9,28785
2026-03-02 04:00:00,5409.1,5418.4,5386.0,5412.4,25112
2026-03-02 08:00:00,5412.2,5432.2,5272.9,5304.0,84099
2026-03-02 12:00:00,5303.6,5360.9,5300.4,5346.1,26347
2026-03-02 16:00:00,5346.5,5376.9,5334.9,5364.5,5057
2026-03-02 20:00:00,5364.9,5394.2,5346.7,5377.9,15264
2026-03-03 00:00:00,5374.7,5381.5,5292.1,5308.8,26846
2026-03-03 04:00:00,5308.5,5317.4,5081.4,5234.5,78990
2026-03-03 08:00:00,5234.6,5234.6,5005.0,5117.9,96210
2026-03-03 12:00:00,5117.8,5161.5,5075.1,5109.3,34576
2026-03-03 16:00:00,5108.6,5149.5,5092.8,5147.3,5816
2026-03-03 20:00:00,5148.2,5200.7,5147.9,5166.4,19850
2026-03-04 00:00:00,5165.7,5192.8,5130.0,5178.6,19009
2026-03-04 04:00:00,5177.9,5218.3,5167.9,5182.0,24819
2026-03-04 08:00:00,5182.2,5207.5,5140.2,5161.5,42521
2026-03-04 12:00:00,5160.9,5165.0,5119.4,5146.8,21718
2026-03-04 16:00:00,5146.9,5191.5,5141.4,5183.9,4381
2026-03-04 20:00:00,5184.1,5204.3,5175.2,5179.7,12177
2026-03-05 00:00:00,5181.0,5185.9,5129.0,5176.0,17987
2026-03-05 04:00:00,5175.9,5192.5,5156.9,5173.0,15684
2026-03-05 08:00:00,5173.6,5174.9,5062.4,5086.5,64509
2026-03-05 12:00:00,5086.6,5104.4,5058.9,5086.6,28677
2026-03-05 16:00:00,5086.3,5119.2,5082.0,5092.5,4276
2026-03-05 20:00:00,5092.4,5151.3,5074.0,5137.2,13913
2026-03-06 00:00:00,5136.0,5138.9,5104.5,5116.7,12621
2026-03-06 04:00:00,5117.6,5117.8,5071.0,5091.9,20338
2026-03-06 08:00:00,5091.6,5182.0,5073.9,5149.5,64043
2026-03-06 12:00:00,5150.1,5183.8,5138.7,5161.4,29893
2026-03-06 16:00:00,5161.1,5185.0,5158.7,5158.7,2451
2026-03-08 16:00:00,5165.5,5180.0,5050.0,5083.4,15777
2026-03-08 20:00:00,5083.1,5109.1,5021.2,5098.0,28933
2026-03-09 00:00:00,5098.0,5147.6,5087.1,5106.7,16391
2026-03-09 04:00:00,5106.8,5140.5,5086.5,5095.7,24175
2026-03-09 08:00:00,5096.2,5124.7,5066.9,5108.5,46239
2026-03-09 12:00:00,5108.1,5154.7,5097.7,5150.5,33570
2026-03-09 16:00:00,5150.9,5165.6,5127.1,5149.8,4734
2026-03-09 20:00:00,5149.3,5195.8,5134.0,5166.4,18584
2026-03-10 00:00:00,5165.3,5191.3,5162.4,5190.5,10937
2026-03-10 04:00:00,5190.6,5204.0,5165.6,5184.2,24566
2026-03-10 08:00:00,5184.6,5248.7,5171.4,5238.0,62648
2026-03-10 12:00:00,5238.1,5245.1,5169.0,5207.0,44399
2026-03-10 16:00:00,5206.7,5207.7,5191.3,5204.9,3109
2026-03-10 20:00:00,5205.0,5230.9,5194.0,5211.1,13307
2026-03-11 00:00:00,5211.5,5218.4,5192.1,5203.7,10623
2026-03-11 04:00:00,5203.3,5206.7,5182.3,5189.2,19870
2026-03-11 08:00:00,5188.7,5207.5,5155.9,5173.4,47576
2026-03-11 12:00:00,5173.4,5191.2,5158.4,5191.0,32664
2026-03-11 16:00:00,5190.8,5191.5,5135.0,5140.0,6352
2026-03-11 20:00:00,5139.4,5180.6,5130.0,5158.2,15813
2026-03-12 00:00:00,5158.4,5190.9,5142.0,5188.4,9689
2026-03-12 04:00:00,5188.2,5197.8,5178.6,5184.8,16067
2026-03-12 08:00:00,5185.0,5192.5,5114.6,5138.0,47320
2026-03-12 12:00:00,5138.1,5144.3,5084.5,5091.7,37989
2026-03-12 16:00:00,5092.0,5104.4,5058.2,5101.5,4991
2026-03-12 20:00:00,5101.0,5132.4,5100.4,5119.2,16830
2026-03-13 00:00:00,5118.9,5121.1,5075.5,5089.5,15088
2026-03-13 04:00:00,5089.8,5112.9,5066.0,5112.9,20105
2026-03-13 08:00:00,5113.0,5128.5,5032.2,5039.1,54756
2026-03-13 12:00:00,5038.8,5068.1,5014.1,5022.0,37428
2026-03-13 16:00:00,5022.3,5061.7,5017.0,5061.7,0
2026-03-15 16:00:00,5027.6,5030.0,4970.1,5000.6,9572
2026-03-15 20:00:00,5001.1,5035.4,4986.0,5022.5,17306
2026-03-16 00:00:00,5023.2,5039.8,4992.9,4998.9,14274
2026-03-16 04:00:00,4998.7,5028.2,4973.5,5001.9,34858
2026-03-16 08:00:00,5001.7,5044.5,4988.5,4991.9,56897
2026-03-16 12:00:00,4991.5,5026.5,4978.6,5019.3,27751
2026-03-16 16:00:00,5018.9,5028.0,5003.9,5018.0,3690
2026-03-16 20:00:00,5018.0,5037.5,4998.7,5030.3,9049
2026-03-17 00:00:00,5031.1,5049.4,5009.0,5025.0,13708
2026-03-17 04:00:00,5025.2,5033.5,4994.8,5007.3,21570
2026-03-17 08:00:00,5007.0,5036.7,4977.0,5002.6,44179
2026-03-17 12:00:00,5002.5,5013.7,4995.6,5005.1,20275
2026-03-17 16:00:00,5004.9,5011.6,4996.9,5006.6,2280
2026-03-17 20:00:00,5006.6,5022.0,4988.5,4992.7,12575
2026-03-18 00:00:00,4994.5,5020.5,4984.9,4999.1,12160
2026-03-18 04:00:00,4999.0,5001.7,4928.0,4933.3,44619
2026-03-18 08:00:00,4933.9,4935.9,4837.1,4866.3,83626
2026-03-18 12:00:00,4866.2,4904.5,4841.4,4846.8,41093
2026-03-18 16:00:00,4846.5,4852.1,4806.0,4839.2,9852
2026-03-18 20:00:00,4838.4,4868.7,4833.7,4852.7,13087
2026-03-19 00:00:00,4852.4,4855.7,4727.3,4729.6,29943
2026-03-19 04:00:00,4729.3,4742.2,4652.4,4654.4,62223
2026-03-19 08:00:00,4654.9,4657.0,4505.0,4598.3,132484
2026-03-19 12:00:00,4598.0,4666.9,4576.7,4647.9,48597
2026-03-19 16:00:00,4647.5,4679.5,4635.8,4645.5,5576
2026-03-19 20:00:00,4645.5,4738.2,4640.5,4725.2,22535
2026-03-20 00:00:00,4726.3,4728.0,4661.6,4707.2,19394
2026-03-20 04:00:00,4707.7,4736.3,4638.2,4673.4,35858
2026-03-20 08:00:00,4673.4,4696.9,4542.1,4555.3,74190
2026-03-20 12:00:00,4554.9,4616.3,4478.4,4503.8,56639
2026-03-20 16:00:00,4503.5,4516.6,4492.0,4496.3,3848
2026-03-22 16:00:00,4511.7,4537.1,4453.2,4465.9,13077
2026-03-22 20:00:00,4466.2,4474.8,4322.0,4355.3,61437
2026-03-23 00:00:00,4355.9,4385.0,4100.0,4205.7,77987
2026-03-23 04:00:00,4206.5,4466.3,4203.6,4379.2,83743
2026-03-23 08:00:00,4380.1,4516.5,4338.0,4365.6,94316
2026-03-23 12:00:00,4364.1,4469.5,4354.1,4401.5,49293
2026-03-23 16:00:00,4400.7,4450.5,4363.5,4442.8,5681
2026-03-23 20:00:00,4442.7,4448.4,4306.3,4346.8,26602
2026-03-24 00:00:00,4347.4,4437.6,4319.9,4420.2,20817
2026-03-24 04:00:00,4420.1,4443.2,4372.4,4408.0,37217
2026-03-24 08:00:00,4408.2,4435.0,4350.4,4412.8,66632
2026-03-24 12:00:00,4412.4,4428.9,4372.2,4400.9,36822
2026-03-24 16:00:00,4400.8,4555.0,4397.7,4549.2,18762
2026-03-24 20:00:00,4549.0,4601.0,4540.5,4572.3,39832
2026-03-25 00:00:00,4568.5,4573.2,4532.5,4539.0,23084
2026-03-25 04:00:00,4539.2,4586.2,4525.7,4577.4,35321
2026-03-25 08:00:00,4577.8,4582.5,4519.5,4557.4,69425
2026-03-25 12:00:00,4557.1,4566.6,4484.3,4528.7,49361
2026-03-25 16:00:00,4528.3,4539.6,4485.6,4495.3,7906
2026-03-25 20:00:00,4495.3,4541.6,4495.2,4510.2,14463
2026-03-26 00:00:00,4513.3,4520.9,4412.1,4449.4,27955
2026-03-26 04:00:00,4448.7,4456.0,4409.3,4419.7,45221
2026-03-26 08:00:00,4420.1,4476.6,4412.7,4434.0,74784
2026-03-26 12:00:00,4434.0,4438.9,4356.4,4361.3,56379
2026-03-26 16:00:00,4361.1,4416.8,4348.2,4400.3,13508
2026-03-26 20:00:00,4399.4,4440.2,4370.5,4432.0,4092
2026-03-27 00:00:00,4431.8,4483.2,4426.2,4475.2,35597
2026-03-27 04:00:00,4475.3,4478.2,4432.2,4447.5,31298
2026-03-27 08:00:00,4447.6,4585.3,4439.8,4554.4,78457
2026-03-27 12:00:00,4554.6,4563.8,4515.0,4543.1,45097
2026-03-27 16:00:00,4543.5,4549.3,4518.9,4521.3,4464
2026-03-29 16:00:00,4510.1,4538.9,4472.0,4476.9,9844
2026-03-29 20:00:00,4477.0,4548.0,4444.7,4528.1,25619
2026-03-30 00:00:00,4526.5,4579.2,4514.9,4555.2,15449
2026-03-30 04:00:00,4555.1,4611.4,4551.3,4589.0,24952
2026-03-30 08:00:00,4589.5,4609.0,4542.0,4578.1,46067
2026-03-30 12:00:00,4578.4,4580.0,4522.7,4543.2,25678
2026-03-30 16:00:00,4543.7,4552.5,4520.8,4542.1,4109
2026-03-30 20:00:00,4541.4,4649.5,4510.0,4584.9,30662
2026-03-31 00:00:00,4585.9,4610.2,4571.8,4594.7,14180
2026-03-31 04:00:00,4594.5,4623.9,4558.9,4612.8,25600
2026-03-31 08:00:00,4613.3,4662.0,4597.8,4640.0,50286
2026-03-31 12:00:00,4640.1,4716.3,4637.5,4713.3,39262
2026-03-31 16:00:00,4713.4,4728.8,4690.0,4723.6,6804
2026-03-31 20:00:00,4723.6,4751.9,4704.5,4707.0,21782
2026-04-01 00:00:00,4707.6,4774.2,4693.0,4739.4,24804
2026-04-01 04:00:00,4739.6,4791.5,4737.0,4780.2,23338
2026-04-01 08:00:00,4780.2,4816.2,4743.3,4814.4,48997
2026-04-01 12:00:00,4814.3,4821.0,4768.2,4791.7,25776
2026-04-01 16:00:00,4791.7,4825.9,4776.6,4808.9,5079
2026-04-01 20:00:00,4809.3,4823.9,4675.7,4707.1,41662
2026-04-02 00:00:00,4703.6,4708.6,4580.4,4668.2,35046
2026-04-02 04:00:00,4668.1,4674.5,4618.8,4626.2,23109
2026-04-02 08:00:00,4626.6,4726.4,4605.5,4687.5,53494
2026-04-02 12:00:00,4686.9,4708.6,4668.6,4697.9,21668
2026-04-02 16:00:00,4698.6,4703.6,4690.4,4702.7,1974
2026-04-05 16:00:00,4675.0,4699.3,4631.0,4636.8,11036
2026-04-05 20:00:00,4637.2,4697.5,4626.2,4666.3,13247
2026-04-06 00:00:00,4665.3,4714.3,4665.1,4710.5,9447
2026-04-06 04:00:00,4710.4,4733.1,4703.4,4704.6,11821
2026-04-06 08:00:00,4704.9,4724.0,4677.4,4693.4,25387
2026-04-06 12:00:00,4693.5,4698.0,4671.4,4682.2,14052
2026-04-06 16:00:00,4682.6,4694.9,4674.6,4685.9,1779
2026-04-06 20:00:00,4685.9,4692.0,4641.4,4674.9,17807
2026-04-07 00:00:00,4675.2,4690.3,4648.4,4671.1,12768
2026-04-07 04:00:00,4671.2,4721.2,4653.9,4684.6,32157
2026-04-07 08:00:00,4685.2,4696.3,4631.9,4681.3,41079
2026-04-07 12:00:00,4681.8,4745.7,4678.1,4727.3,30029
2026-04-07 16:00:00,4727.3,4863.5,4723.0,4860.7,15648
2026-04-07 20:00:00,4860.7,4888.0,4817.2,4828.2,38734
2026-04-08 00:00:00,4826.8,4872.2,4819.8,4839.7,22311
2026-04-08 04:00:00,4839.9,4846.0,4798.2,4826.4,26799
2026-04-08 08:00:00,4826.3,4834.8,4757.6,4782.0,55895
2026-04-08 12:00:00,4782.2,4791.1,4720.6,4755.3,33835
2026-04-08 16:00:00,4755.2,4757.7,4728.5,4738.8,4060
2026-04-08 20:00:00,4739.4,4756.6,4718.6,4735.0,16653
2026-04-09 00:00:00,4734.6,4755.2,4727.2,4748.4,17365
2026-04-09 04:00:00,4748.3,4782.7,4744.1,4781.3,16056
2026-04-09 08:00:00,4781.7,4823.9,4759.6,4817.4,45513
2026-04-09 12:00:00,4817.7,4826.0,4790.7,4793.0,24832
2026-04-09 16:00:00,4793.0,4810.0,4779.8,4787.0,3378
2026-04-09 20:00:00,4786.6,4800.4,4760.4,4789.1,18729
2026-04-10 00:00:00,4790.4,4794.6,4764.6,4773.0,9789
2026-04-10 04:00:00,4773.3,4792.9,4752.7,4792.0,16319
2026-04-10 08:00:00,4792.1,4820.0,4779.3,4785.8,40813
2026-04-10 12:00:00,4785.9,4797.7,4768.4,4783.6,22390
2026-04-10 16:00:00,4783.5,4783.5,4764.0,4771.0,3254
2026-04-12 16:00:00,4688.7,4707.4,4664.6,4693.6,10751
2026-04-12 20:00:00,4693.7,4749.5,4686.9,4741.6,15099
2026-04-13 00:00:00,4740.0,4762.5,4729.2,4756.4,9551
2026-04-13 04:00:00,4756.7,4761.2,4725.2,4729.1,13693
2026-04-13 08:00:00,4728.6,4768.0,4722.5,4736.9,33848
2026-04-13 12:00:00,4737.2,4774.4,4731.5,4765.5,31988
2026-04-13 16:00:00,4765.3,4789.7,4762.2,4781.3,3144
2026-04-13 20:00:00,4781.7,4802.8,4775.5,4792.3,10656
2026-04-14 00:00:00,4790.0,4820.4,4780.0,4800.2,15128
2026-04-14 04:00:00,4799.6,4813.7,4773.3,4797.1,19931
2026-04-14 08:00:00,4797.1,4842.0,4784.2,4831.9,44113
2026-04-14 12:00:00,4832.1,4870.0,4829.0,4868.7,29162
2026-04-14 16:00:00,4869.2,4874.6,4857.2,4861.7,4032
2026-04-14 20:00:00,4861.5,4895.4,4841.0,4849.6,18560
2026-04-15 00:00:00,4848.0,4854.3,4827.4,4834.1,11779
2026-04-15 04:00:00,4833.8,4845.4,4808.4,4835.7,19075
2026-04-15 08:00:00,4835.0,4854.6,4807.9,4823.5,29053
2026-04-15 12:00:00,4824.0,4835.0,4812.2,4818.3,16958
2026-04-15 16:00:00,4818.7,4848.6,4810.5,4845.4,3867
2026-04-15 20:00:00,4845.4,4859.7,4832.9,4847.7,12414
2026-04-16 00:00:00,4846.3,4861.3,4836.0,4843.0,19380
2026-04-16 04:00:00,4842.8,4844.3,4825.6,4843.9,12033
2026-04-16 08:00:00,4844.1,4846.2,4792.1,4828.2,38545
2026-04-16 12:00:00,4828.6,4831.4,4802.0,4814.5,15864
2026-04-16 16:00:00,4814.8,4818.8,4806.0,4812.5,1833
2026-04-16 20:00:00,4812.0,4822.2,4785.9,4814.1,10974
2026-04-17 00:00:00,4813.9,4827.2,4800.0,4805.5,10338
2026-04-17 04:00:00,4806.1,4834.0,4802.6,4822.0,14261
2026-04-17 08:00:00,4821.7,4917.7,4819.8,4889.7,70800
2026-04-17 12:00:00,4889.5,4896.0,4873.6,4875.5,14934
2026-04-17 16:00:00,4875.6,4876.3,4848.0,4849.4,5343
2026-04-19 16:00:00,4813.4,4815.0,4752.0,4775.0,11575
2026-04-19 20:00:00,4774.4,4834.5,4764.2,4813.3,17137
2026-04-20 04:00:00,4879.6,4879.6,4804.6,4830.9,9060
2026-04-20 08:00:00,4830.8,4847.9,4811.9,4819.9,39006
2026-04-20 12:00:00,4819.8,4842.1,4812.5,4834.8,14539
2026-04-20 16:00:00,4835.0,4854.8,4832.8,4842.4,3193
2026-04-20 20:00:00,4843.0,4851.2,4811.2,4816.3,11960
2026-04-21 00:00:00,4816.1,4828.8,4790.8,4804.9,19130
2026-04-21 04:00:00,4804.5,4818.0,4793.3,4814.2,14775
2026-04-21 08:00:00,4814.4,4816.7,4740.9,4759.8,63304
2026-04-21 12:00:00,4760.3,4765.9,4685.8,4698.3,47492
2026-04-21 16:00:00,4698.5,4758.4,4688.4,4755.8,10008
2026-04-21 20:00:00,4756.3,4782.7,4753.5,4777.0,14341
2026-04-22 00:00:00,4776.1,4790.8,4769.9,4779.5,12899
2026-04-22 04:00:00,4779.6,4781.4,4764.3,4768.9,13893
2026-04-22 08:00:00,4769.2,4779.4,4743.2,4746.2,31047
2026-04-22 12:00:00,4746.1,4770.2,4742.1,4759.0,15166
2026-04-22 16:00:00,4759.4,4763.6,4740.6,4745.0,2991
2026-04-22 20:00:00,4745.0,4771.3,4710.4,4720.0,26431
2026-04-23 00:00:00,4719.0,4739.0,4705.7,4736.1,18607
2026-04-23 04:00:00,4735.6,4742.1,4700.0,4737.4,20490
2026-04-23 08:00:00,4737.1,4761.7,4733.3,4737.3,37121
2026-04-23 12:00:00,4737.6,4754.1,4680.1,4712.8,39404
2026-04-23 16:00:00,4712.5,4719.8,4702.0,4710.8,3160
2026-04-23 20:00:00,4711.7,4726.7,4683.5,4687.5,12192
2026-04-24 00:00:00,4686.9,4710.7,4672.2,4709.4,10432
2026-04-24 04:00:00,4710.1,4733.9,4689.6,4723.2,20741
2026-04-24 08:00:00,4723.2,4757.1,4705.4,4743.9,34924
2026-04-24 12:00:00,4743.6,4747.0,4729.5,4732.1,12738
2026-04-24 16:00:00,4731.9,4740.9,4721.1,4740.9,2765
2026-04-26 16:00:00,4696.1,4704.0,4689.1,4694.8,3266
2026-04-26 20:00:00,4695.3,4744.8,4686.6,4739.8,13741
2026-04-27 00:00:00,4739.8,4745.8,4724.0,4727.9,7133
2026-04-27 04:00:00,4728.4,4730.0,4713.5,4719.7,10053
2026-04-27 08:00:00,4720.1,4728.0,4681.2,4684.8,30044
2026-04-27 12:00:00,4684.6,4700.9,4681.5,4696.2,15013
2026-04-27 16:00:00,4695.9,4710.3,4691.8,4707.1,1945
2026-04-27 20:00:00,4707.1,4716.5,4679.9,4685.6,11008
2026-04-28 00:00:00,4684.6,4685.1,4634.4,4646.6,22987
2026-04-28 04:00:00,4647.0,4649.4,4568.0,4575.2,32173
2026-04-28 08:00:00,4575.6,4613.8,4567.6,4600.1,49345
2026-04-28 12:00:00,4600.0,4615.9,4591.4,4609.6,16664
2026-04-28 16:00:00,4609.4,4614.0,4602.0,4609.7,2444
2026-04-28 20:00:00,4609.5,4624.3,4589.1,4609.6,12484
2026-04-29 00:00:00,4609.1,4621.3,4580.5,4581.4,11971
2026-04-29 04:00:00,4581.6,4594.3,4564.5,4574.7,18488
2026-04-29 08:00:00,4574.2,4582.1,4522.2,4560.2,44568
2026-04-29 12:00:00,4560.6,4578.3,4532.0,4560.8,28975
2026-04-29 16:00:00,4561.2,4574.2,4550.8,4573.8,3263
2026-04-29 20:00:00,4573.6,4594.1,4566.9,4567.9,12620
2026-04-30 00:00:00,4567.4,4617.3,4552.2,4610.6,15908
2026-04-30 04:00:00,4610.5,4658.8,4609.2,4643.0,28591
2026-04-30 08:00:00,4643.3,4658.6,4621.3,4628.1,32442
2026-04-30 12:00:00,4628.2,4640.3,4618.0,4630.0,18683
2026-04-30 16:00:00,4630.4,4652.0,4628.3,4638.9,2398
2026-04-30 20:00:00,4639.0,4648.1,4625.9,4638.6,7381
2026-05-01 00:00:00,4637.8,4640.3,4586.8,4589.5,9634
2026-05-01 04:00:00,4589.7,4594.0,4570.0,4590.0,11650
2026-05-01 08:00:00,4589.5,4673.0,4586.0,4654.4,40145
2026-05-01 12:00:00,4654.0,4661.3,4621.0,4623.0,16065
2026-05-01 16:00:00,4623.0,4644.5,4619.0,4644.5,1556
2026-05-03 16:00:00,4633.3,4640.9,4622.4,4625.0,2495
2026-05-03 20:00:00,4624.8,4629.9,4602.0,4627.8,9469
2026-05-04 00:00:00,4626.5,4626.5,4588.6,4589.7,8480
2026-05-04 04:00:00,4589.9,4595.3,4535.0,4571.1,22513
2026-05-04 08:00:00,4571.3,4594.7,4520.6,4531.6,38702
2026-05-04 12:00:00,4531.4,4541.8,4510.1,4527.6,28192
2026-05-04 16:00:00,4527.5,4535.9,4521.3,4528.1,2589
2026-05-04 20:00:00,4528.6,4556.4,4522.7,4544.7,9243
2026-05-05 00:00:00,4543.5,4568.1,4537.0,4555.4,9418
2026-05-05 04:00:00,4555.4,4575.5,4550.0,4572.9,13405
2026-05-05 08:00:00,4572.7,4597.5,4564.2,4579.4,31953
2026-05-05 12:00:00,4579.4,4579.9,4562.3,4566.0,16332
2026-05-05 16:00:00,4566.0,4606.2,4556.1,4604.5,4295
2026-05-05 20:00:00,4604.1,4662.0,4598.3,4653.5,19640
2026-05-06 00:00:00,4653.6,4693.2,4653.3,4692.4,19351
2026-05-06 04:00:00,4692.7,4734.6,4682.8,4703.3,40426
2026-05-06 08:00:00,4703.3,4728.7,4671.0,4699.3,45259
2026-05-06 12:00:00,4699.0,4711.3,4689.8,4703.0,18566
2026-05-06 16:00:00,4703.5,4710.4,4695.8,4708.2,3511
2026-05-06 20:00:00,4708.3,4730.5,4694.0,4709.0,13003
2026-05-07 00:00:00,4707.7,4760.5,4700.4,4752.5,16208
2026-05-07 04:00:00,4753.2,4763.6,4732.0,4752.0,19269
2026-05-07 08:00:00,4752.1,4775.2,4694.3,4739.1,46159
2026-05-07 12:00:00,4739.3,4739.9,4696.6,4712.9,47505
2026-05-07 16:00:00,4713.0,4729.1,4671.0,4713.2,5697
2026-05-07 20:00:00,4713.4,4741.4,4702.7,4729.0,12628
2026-05-08 00:00:00,4728.6,4743.5,4706.2,4717.4,12361
2026-05-08 04:00:00,4717.2,4737.8,4715.9,4727.5,11980
2026-05-08 08:00:00,4727.5,4760.4,4709.6,4716.6,47580
2026-05-08 12:00:00,4716.4,4738.6,4715.0,4733.4,20472
2026-05-08 16:00:00,4733.8,4733.9,4723.3,4730.7,2075
2026-05-10 16:00:00,4696.8,4707.5,4690.0,4700.3,3887
2026-05-10 20:00:00,4699.9,4714.1,4678.4,4687.0,19275
2026-05-11 00:00:00,4686.4,4688.8,4655.1,4676.4,14966
2026-05-11 04:00:00,4676.3,4687.5,4658.7,4683.3,16848
2026-05-11 08:00:00,4682.9,4758.4,4675.9,4741.8,50917
2026-05-11 12:00:00,4742.0,4746.5,4716.8,4743.5,23900
2026-05-11 16:00:00,4743.7,4780.3,4739.5,4777.2,7031
2026-05-11 20:00:00,4776.7,4783.4,4726.8,4729.0,16044
2026-05-12 00:00:00,4729.1,4739.6,4692.4,4707.8,15618
2026-05-12 04:00:00,4707.5,4717.2,4692.8,4714.6,14958
2026-05-12 08:00:00,4714.5,4719.8,4645.2,4673.1,52027
2026-05-12 12:00:00,4673.5,4723.3,4671.3,4723.2,24959
2026-05-12 16:00:00,4722.8,4731.6,4719.4,4724.7,4658
2026-05-12 20:00:00,4724.5,4734.8,4696.0,4703.0,14527
2026-05-13 00:00:00,4704.5,4723.1,4701.3,4710.4,11203
2026-05-13 04:00:00,4710.3,4718.2,4692.3,4705.2,15534
2026-05-13 08:00:00,4704.9,4709.4,4676.0,4703.3,37080
2026-05-13 12:00:00,4703.0,4717.9,4685.5,4696.1,26250
2026-05-13 16:00:00,4696.0,4709.0,4693.7,4703.5,1891
2026-05-13 20:00:00,4703.1,4714.0,4679.3,4680.8,11254
2026-05-14 00:00:00,4680.8,4725.8,4673.2,4700.1,11621
2026-05-14 04:00:00,4699.5,4713.6,4694.6,4700.4,11748
2026-05-14 08:00:00,4700.2,4716.9,4671.3,4691.9,34499
2026-05-14 12:00:00,4692.1,4693.5,4658.0,4659.5,20302
2026-05-14 16:00:00,4659.6,4670.1,4649.3,4656.7,5796
2026-05-14 20:00:00,4656.4,4662.8,4611.0,4619.8,23090
2026-05-15 00:00:00,4619.3,4625.9,4560.1,4575.7,28607
2026-05-15 04:00:00,4575.6,4577.0,4535.4,4555.9,30852
2026-05-15 08:00:00,4556.0,4570.9,4513.8,4543.8,49131
2026-05-15 12:00:00,4543.8,4568.7,4533.2,4549.8,19547
2026-05-15 16:00:00,4550.2,4561.9,4537.0,4561.9,2058
2026-05-17 16:00:00,4557.4,4558.6,4535.1,4540.9,4049
2026-05-17 20:00:00,4541.0,4551.4,4483.5,4546.8,27276
2026-05-18 00:00:00,4545.2,4564.0,4533.1,4550.0,17986
2026-05-18 04:00:00,4550.0,4571.9,4533.5,4554.2,21417
2026-05-18 08:00:00,4554.4,4588.6,4536.2,4547.7,45164
2026-05-18 12:00:00,4548.6,4569.5,4537.6,4562.9,26362
2026-05-18 16:00:00,4563.3,4593.2,4562.4,4585.5,3479
2026-05-18 20:00:00,4585.4,4593.1,4545.2,4548.9,15007
2026-05-19 00:00:00,4547.8,4562.7,4533.9,4560.7,14965
2026-05-19 04:00:00,4560.7,4562.5,4528.6,4534.0,17116
2026-05-19 08:00:00,4533.8,4550.9,4467.1,4511.7,65598
2026-05-19 12:00:00,4512.0,4516.0,4484.8,4487.0,15612
2026-05-19 16:00:00,4486.9,4499.5,4480.0,4491.8,3943
2026-05-19 20:00:00,4492.2,4512.0,4455.0,4467.1,19054
2026-05-20 00:00:00,4465.8,4488.7,4458.6,4480.9,13916
2026-05-20 04:00:00,4481.1,4503.7,4475.1,4501.2,23686
2026-05-20 08:00:00,4501.0,4558.4,4469.1,4532.1,62776
2026-05-20 12:00:00,4532.1,4553.8,4527.1,4548.1,20192
2026-05-20 16:00:00,4548.4,4553.2,4535.6,4548.0,3656
2026-05-20 20:00:00,4548.3,4572.4,4528.3,4529.9,14046
2026-05-21 00:00:00,4529.4,4541.6,4513.2,4520.8,12645
2026-05-21 04:00:00,4520.9,4544.2,4505.7,4515.0,19557
2026-05-21 08:00:00,4515.2,4522.3,4488.3,4513.0,61248
2026-05-21 12:00:00,4513.2,4561.2,4513.1,4544.1,32283
2026-05-21 16:00:00,4543.9,4547.0,4532.7,4536.0,3451
2026-05-21 20:00:00,4536.2,4541.9,4519.4,4529.9,8092
2026-05-22 00:00:00,4530.6,4535.4,4508.2,4522.7,10845
2026-05-22 04:00:00,4522.7,4537.6,4511.4,4521.5,19117
2026-05-22 08:00:00,4521.1,4537.4,4488.0,4521.0,43653
2026-05-22 12:00:00,4521.3,4529.9,4505.6,4510.0,20181
2026-05-22 16:00:00,4510.1,4523.2,4505.4,4523.2,1621
2026-05-26 00:00:00,4542.7,4543.6,4521.8,4538.6,14177
2026-05-26 04:00:00,4539.0,4540.9,4503.0,4507.5,41159
2026-05-26 08:00:00,4507.1,4532.3,4500.2,4506.7,66720
2026-05-26 12:00:00,4506.5,4512.0,4480.0,4508.7,40188
2026-05-26 16:00:00,4509.0,4528.1,4498.9,4519.6,2545
2026-05-26 20:00:00,4517.4,4525.8,4496.2,4496.3,2723
2026-05-27 00:00:00,4496.0,4520.6,4478.5,4513.2,29144
2026-05-27 04:00:00,4513.1,4529.5,4454.3,4458.3,49992
2026-05-27 08:00:00,4458.5,4496.5,4431.0,4468.0,88245
2026-05-27 12:00:00,4468.1,4490.0,4465.6,4483.0,25758
2026-05-27 16:00:00,4482.8,4502.0,4473.2,4477.7,3419
2026-05-27 20:00:00,4477.4,4489.5,4398.0,4405.3,21364
2026-05-28 00:00:00,4404.2,4426.0,4395.6,4417.2,15592
2026-05-28 04:00:00,4417.5,4434.3,4405.5,4418.2,17418
2026-05-28 08:00:00,4417.9,4515.9,4409.8,4512.5,57929
2026-05-28 12:00:00,4512.9,4547.1,4507.5,4528.7,26476
2026-05-28 16:00:00,4528.7,4531.7,4519.5,4525.6,3035
2026-05-28 20:00:00,4525.5,4551.2,4522.5,4530.9,11405
2026-05-29 00:00:00,4531.4,4557.2,4531.4,4555.5,14320
2026-05-29 04:00:00,4555.0,4574.4,4540.0,4569.1,19191
2026-05-29 08:00:00,4569.2,4627.1,4543.4,4602.1,54002
2026-05-29 12:00:00,4602.1,4604.5,4574.1,4576.8,19052
2026-05-29 16:00:00,4576.9,4593.0,4567.3,4593.0,1797
2026-05-31 16:00:00,4555.3,4576.4,4554.1,4570.7,3322
2026-05-31 20:00:00,4570.5,4577.3,4540.3,4546.0,10687
2026-06-01 00:00:00,4546.9,4555.4,4522.1,4532.7,10906
2026-06-01 04:00:00,4533.0,4542.8,4518.6,4536.0,15102
2026-06-01 08:00:00,4535.8,4540.4,4476.0,4504.1,48604
2026-06-01 12:00:00,4504.7,4525.6,4493.1,4511.1,19687
2026-06-01 16:00:00,4511.2,4518.6,4508.2,4514.3,2962
2026-06-01 20:00:00,4514.4,4530.0,4492.3,4528.4,13974
2026-06-02 00:00:00,4529.3,4571.3,4528.0,4565.2,15591
2026-06-02 04:00:00,4565.2,4569.3,4550.9,4557.3,13796
2026-06-02 08:00:00,4557.5,4563.8,4519.4,4531.7,30722
2026-06-02 12:00:00,4531.7,4532.8,4508.0,4517.7,15808
2026-06-02 16:00:00,4517.8,4522.7,4490.5,4502.9,6422
2026-06-02 20:00:00,4502.6,4525.1,4491.2,4512.0,13222
2026-06-03 00:00:00,4512.4,4516.1,4481.1,4481.6,12820
2026-06-03 04:00:00,4481.8,4496.5,4467.2,4490.6,18939
2026-06-03 08:00:00,4490.9,4495.6,4454.0,4469.8,31275
2026-06-03 12:00:00,4470.0,4480.0,4461.1,4472.0,14920
2026-06-03 16:00:00,4471.9,4491.2,4450.1,4483.5,5034
2026-06-03 20:00:00,4484.0,4504.2,4470.0,4490.6,11770
2026-06-04 00:00:00,4490.6,4511.2,4486.2,4488.5,8792
2026-06-04 04:00:00,4488.4,4542.4,4485.4,4539.2,18593
2026-06-04 08:00:00,4539.1,4543.2,4483.8,4504.9,41783
2026-06-04 12:00:00,4504.9,4513.2,4500.0,4508.9,17144
2026-06-04 16:00:00,4508.5,4509.3,4487.7,4488.4,3268
2026-06-04 20:00:00,4488.2,4497.0,4461.2,4468.4,15292
2026-06-05 00:00:00,4468.7,4494.2,4454.8,4487.7,12274
2026-06-05 04:00:00,4487.3,4502.2,4484.8,4497.0,12226
2026-06-05 08:00:00,4497.4,4502.8,4358.8,4360.4,85345
2026-06-05 12:00:00,4360.3,4372.0,4338.3,4343.5,37820
2026-06-05 16:00:00,4343.7,4365.3,4336.6,4365.3,4141
2026-06-07 16:00:00,4342.2,4371.0,4337.3,4367.9,5697
2026-06-07 20:00:00,4367.0,4377.5,4323.6,4339.8,19737
2026-06-08 00:00:00,4342.0,4346.4,4293.0,4319.9,19565
2026-06-08 04:00:00,4319.3,4358.5,4297.1,4356.3,28715
2026-06-08 08:00:00,4355.7,4371.5,4339.0,4366.1,41080
2026-06-08 12:00:00,4365.9,4371.0,4346.6,4350.3,19152
2026-06-08 16:00:00,4350.5,4363.4,4336.0,4340.9,3290
2026-06-08 20:00:00,4340.9,4366.5,4338.8,4359.8,11593
2026-06-09 00:00:00,4360.8,4375.7,4346.0,4350.2,10706
2026-06-09 04:00:00,4350.1,4368.3,4344.5,4364.3,13242
2026-06-09 08:00:00,4364.4,4388.6,4287.1,4296.7,53475
2026-06-09 12:00:00,4296.5,4305.3,4259.9,4282.7,38233
2026-06-09 16:00:00,4282.8,4286.1,4233.0,4245.1,6527
2026-06-09 20:00:00,4245.2,4251.1,4195.5,4208.2,23047
2026-06-10 00:00:00,4208.9,4245.5,4194.2,4209.7,15943
2026-06-10 04:00:00,4209.4,4211.0,4168.2,4170.2,33716
2026-06-10 08:00:00,4169.9,4209.5,4129.6,4151.9,75665
2026-06-10 12:00:00,4152.7,4158.8,4105.0,4106.2,36042
2026-06-10 16:00:00,4106.0,4106.4,4046.2,4069.7,10277
2026-06-10 20:00:00,4070.9,4138.5,4058.0,4095.5,35745
2026-06-11 00:00:00,4094.4,4131.5,4091.2,4125.8,16161
2026-06-11 04:00:00,4125.7,4133.6,4098.1,4100.7,17598
2026-06-11 08:00:00,4100.9,4116.8,4072.8,4110.0,48891
2026-06-11 12:00:00,4110.2,4241.3,4092.9,4229.9,59917
2026-06-11 16:00:00,4230.2,4267.8,4226.2,4240.6,7423
2026-06-11 20:00:00,4240.1,4251.7,4192.9,4220.9,17233
2026-06-12 00:00:00,4219.0,4222.6,4191.1,4215.2,12307
2026-06-12 04:00:00,4215.9,4249.6,4213.2,4227.8,22309
2026-06-12 08:00:00,4227.9,4256.8,4197.5,4232.4,46989
2026-06-12 12:00:00,4232.3,4256.2,4223.2,4231.9,22683
2026-06-12 16:00:00,4231.6,4240.6,4230.7,4238.8,1729
2026-06-14 16:00:00,4325.6,4327.0,4300.0,4314.3,8295
2026-06-14 20:00:00,4314.3,4356.8,4306.4,4345.7,18448
2026-06-15 00:00:00,4346.4,4353.9,4321.6,4344.3,11807
2026-06-15 04:00:00,4344.1,4368.9,4342.7,4356.6,19940
2026-06-15 08:00:00,4356.6,4391.5,4345.3,4377.6,41646
2026-06-15 12:00:00,4377.8,4380.3,4338.2,4342.4,19019
2026-06-15 16:00:00,4342.6,4343.9,4326.7,4337.3,4267
2026-06-15 20:00:00,4336.6,4354.1,4327.4,4351.4,10828
2026-06-16 00:00:00,4352.1,4357.1,4334.2,4356.6,8003
2026-06-16 04:00:00,4356.4,4370.6,4354.2,4361.4,15321
2026-06-16 08:00:00,4361.6,4376.5,4333.7,4355.7,32298
2026-06-16 12:00:00,4355.6,4368.1,4346.4,4355.6,15230
2026-06-16 16:00:00,4355.3,4358.0,4348.7,4350.8,1717
2026-06-16 20:00:00,4350.9,4369.8,4348.2,4351.2,7726
2026-06-17 00:00:00,4352.2,4353.8,4337.1,4344.7,7874
2026-06-17 04:00:00,4344.8,4355.1,4335.6,4342.6,9271
2026-06-17 08:00:00,4342.8,4385.5,4338.7,4383.6,35178
2026-06-17 12:00:00,4383.3,4403.6,4237.4,4254.3,84923
2026-06-17 16:00:00,4254.2,4303.0,4253.3,4297.2,9824
2026-06-17 20:00:00,4297.6,4350.2,4296.2,4339.6,18016
2026-06-18 00:00:00,4340.0,4345.2,4307.1,4308.4,11814
2026-06-18 04:00:00,4308.6,4312.6,4257.9,4260.6,23136
2026-06-18 08:00:00,4260.5,4296.2,4241.7,4245.5,46578
2026-06-18 12:00:00,4245.8,4252.5,4220.3,4236.2,25636
2026-06-18 16:00:00,4236.2,4238.7,4205.0,4206.8,3348
2026-06-18 20:00:00,4206.9,4216.9,4162.7,4167.5,11665
2026-06-21 16:00:00,4163.9,4181.5,4151.4,4157.0,6584
2026-06-21 20:00:00,4157.3,4238.1,4156.6,4189.6,19489
2026-06-22 00:00:00,4189.2,4225.4,4172.9,4208.5,9300
2026-06-22 04:00:00,4208.3,4233.7,4172.9,4225.3,12822
2026-06-22 08:00:00,4225.9,4229.9,4172.9,4201.0,37656
2026-06-22 12:00:00,4200.8,4211.9,4172.9,4209.4,12616
2026-06-22 16:00:00,4209.4,4213.6,4172.9,4205.5,1829
2026-06-22 20:00:00,4205.0,4216.0,4148.4,4162.2,17290
2026-06-23 00:00:00,4161.8,4164.8,4114.0,4116.0,16477
2026-06-23 04:00:00,4116.3,4151.1,4108.2,4141.1,18540
2026-06-23 08:00:00,4141.0,4163.5,4122.8,4156.7,40393
2026-06-23 12:00:00,4156.8,4161.8,4129.1,4129.6,15157
2026-06-23 16:00:00,4129.9,4132.4,4097.9,4116.6,5477
2026-06-23 20:00:00,4117.0,4129.7,4067.0,4071.9,17468
2026-06-24 00:00:00,4080.1,4114.7,4071.6,4091.5,11925
2026-06-24 04:00:00,4091.6,4104.8,4053.9,4063.2,17832
2026-06-24 08:00:00,4063.4,4065.2,3980.3,4019.5,87394
2026-06-24 12:00:00,4019.4,4039.7,3975.7,4004.9,34253
2026-06-24 16:00:00,4005.5,4033.9,4001.6,4026.6,6162
2026-06-24 20:00:00,4028.3,4031.5,3976.3,4012.4,20036
2026-06-25 00:00:00,4011.1,4015.7,3986.6,4003.5,14167
2026-06-25 04:00:00,4003.6,4017.9,3988.6,3995.3,16023
2026-06-25 08:00:00,3995.4,4058.7,3993.5,4057.5,58823
2026-06-25 12:00:00,4057.2,4060.0,4036.8,4041.6,24346
2026-06-25 16:00:00,4042.1,4051.6,4027.5,4030.2,2767
2026-06-25 20:00:00,4029.9,4044.8,3998.1,4018.6,15436
2026-06-26 00:00:00,4019.4,4055.5,4013.8,4046.4,13775
2026-06-26 04:00:00,4046.1,4071.5,4041.2,4061.0,16408
2026-06-26 08:00:00,4061.1,4111.5,4050.6,4106.3,43697
2026-06-26 12:00:00,4106.1,4109.2,4079.0,4086.2,17037
2026-06-26 16:00:00,4086.4,4104.4,4079.0,4096.3,2400
2026-06-28 16:00:00,4089.8,4092.4,4065.9,4076.7,4888
2026-06-28 20:00:00,4076.3,4090.4,4062.6,4083.2,11612
2026-06-29 00:00:00,4082.8,4083.2,4053.8,4076.3,11248
2026-06-29 04:00:00,4075.7,4081.0,4038.1,4053.3,20295
2026-06-29 08:00:00,4053.5,4067.0,4012.0,4041.5,35187
2026-06-29 12:00:00,4041.5,4046.7,4019.2,4030.4,15308
2026-06-29 16:00:00,4030.6,4036.7,4023.5,4029.4,2535
2026-06-29 20:00:00,4028.6,4028.9,3955.4,3983.8,27348
2026-06-30 00:00:00,3982.5,4048.7,3981.3,4046.3,14858
2026-06-30 04:00:00,4046.4,4051.8,4025.9,4047.5,15397
2026-06-30 08:00:00,4048.0,4078.1,4022.1,4044.2,40558
2026-06-30 12:00:00,4043.8,4048.7,4029.1,4030.2,14834
2026-06-30 16:00:00,4030.2,4036.0,4018.0,4018.9,4097
2026-06-30 20:00:00,4018.9,4022.7,3983.0,3992.9,14464
2026-07-01 00:00:00,3993.4,3995.4,3973.0,3988.7,18227
2026-07-01 04:00:00,3988.8,4049.4,3982.5,4044.0,18407
2026-07-01 08:00:00,4044.5,4047.8,4033.2,4043.0,5750
