วันที่,ราคาเปิด,ราคาสูงสุด,ราคาต่ำสุด,ราคาปิด,ปริมาณซื้อขาย
2013-01-02,1672.8,1693.8,1670.0,1687.9,35
2013-01-03,1686.1,1686.8,1662.0,1673.7,140
2013-01-04,1647.0,1658.3,1625.7,1648.1,199
2013-01-07,1656.5,1659.9,1643.8,1645.5,49
2013-01-08,1647.7,1661.5,1647.7,1661.5,17
2013-01-09,1658.6,1662.1,1651.9,1654.8,9
2013-01-10,1672.5,1677.3,1672.5,1677.3,9
2013-01-11,1673.1,1673.1,1654.2,1660.0,147
2013-01-14,1665.4,1673.8,1664.1,1668.9,10
2013-01-15,1671.6,1684.3,1671.6,1683.4,20
2013-01-16,1674.4,1682.7,1674.4,1682.7,11
2013-01-17,1676.4,1694.6,1671.0,1690.4,81
2013-01-18,1687.4,1692.0,1686.6,1686.6,14
2013-01-22,1690.3,1694.7,1687.8,1692.8,15
2013-01-23,1691.3,1693.7,1685.2,1686.3,28
2013-01-24,1680.8,1681.7,1668.0,1669.5,13
2013-01-25,1663.0,1663.0,1656.4,1656.4,44
2013-01-28,1651.6,1655.5,1651.6,1652.4,82
2013-01-29,1661.2,1661.5,1660.7,1660.7,145863
2013-01-30,1662.4,1683.0,1661.8,1679.9,44893
2013-01-31,1675.4,1680.0,1657.4,1660.6,6044
2013-02-01,1663.9,1681.2,1659.9,1669.4,3250
2013-02-04,1668.0,1676.5,1661.6,1675.3,450
2013-02-05,1674.2,1683.4,1666.5,1672.4,353
2013-02-06,1672.2,1678.5,1668.0,1677.7,376
2013-02-07,1677.0,1682.1,1663.1,1670.4,475
2013-02-08,1671.5,1672.5,1664.8,1666.0,289
2013-02-11,1666.5,1668.0,1643.7,1648.2,868
2013-02-12,1643.8,1650.4,1642.4,1648.7,85
2013-02-13,1652.2,1652.3,1640.2,1644.2,236
2013-02-14,1641.1,1646.9,1632.7,1634.7,219
2013-02-15,1633.2,1633.9,1599.5,1608.8,460
2013-02-19,1610.0,1617.0,1599.7,1603.6,272
2013-02-20,1604.7,1606.9,1561.8,1577.6,278
2013-02-21,1568.5,1581.2,1555.2,1578.2,2019
2013-02-22,1580.0,1585.4,1572.4,1572.4,76
2013-02-25,1579.4,1596.0,1577.7,1586.2,118
2013-02-26,1593.3,1615.2,1589.0,1615.2,1158
2013-02-27,1612.8,1612.8,1591.8,1595.2,700
2013-02-28,1596.0,1601.6,1575.1,1577.7,102
2013-03-01,1579.6,1585.6,1566.0,1571.9,68
2013-03-04,1580.8,1580.8,1569.7,1572.1,64
2013-03-05,1577.6,1585.5,1571.4,1574.6,65
2013-03-06,1577.6,1582.6,1566.8,1574.6,106
2013-03-07,1580.0,1583.5,1573.9,1574.8,52
2013-03-08,1578.6,1581.2,1561.8,1576.6,68
2013-03-11,1576.0,1579.7,1576.0,1577.8,1115
2013-03-12,1579.8,1595.6,1579.8,1591.5,159
2013-03-13,1592.3,1596.0,1585.0,1588.3,396
2013-03-14,1585.7,1590.6,1575.7,1590.6,137
2013-03-15,1590.5,1594.4,1590.2,1592.5,11
2013-03-18,1605.9,1607.7,1601.6,1604.6,613
2013-03-19,1613.1,1613.1,1611.3,1611.3,202
2013-03-20,1610.0,1612.5,1606.2,1607.5,5
2013-03-21,1612.8,1613.8,1611.9,1613.8,7
2013-03-22,1611.0,1611.0,1604.1,1606.2,101
2013-03-25,1607.1,1607.8,1596.1,1604.6,27
2013-03-26,1595.8,1595.8,1595.8,1595.8,165484
2013-03-27,1598.5,1608.1,1590.3,1606.2,50450
2013-03-28,1604.7,1606.6,1593.6,1594.8,4717
2013-04-01,1596.8,1600.5,1594.8,1600.0,688
2013-04-02,1599.2,1602.6,1574.1,1575.1,2289
2013-04-03,1575.7,1576.4,1549.2,1552.8,2171
2013-04-04,1557.3,1557.3,1539.1,1551.8,829
2013-04-05,1553.2,1580.6,1550.1,1575.4,1184
2013-04-08,1575.8,1577.8,1567.8,1572.0,101
2013-04-09,1571.6,1589.3,1570.0,1586.2,215
2013-04-10,1584.4,1586.0,1557.0,1558.3,359
2013-04-11,1557.1,1566.7,1554.8,1564.3,1070
2013-04-12,1560.8,1560.8,1480.2,1501.0,881
2013-04-15,1478.2,1487.4,1338.0,1360.6,1309
2013-04-16,1358.0,1401.0,1323.0,1386.8,619
2013-04-17,1373.2,1394.2,1370.2,1382.2,92
2013-04-18,1347.5,1396.4,1347.5,1392.0,57
2013-04-19,1419.3,1420.3,1395.1,1395.3,241
2013-04-22,1406.8,1434.9,1406.8,1421.0,70
2013-04-23,1429.5,1429.5,1405.8,1408.6,334
2013-04-24,1423.2,1430.1,1420.4,1423.4,138
2013-04-25,1433.0,1461.8,1433.0,1461.8,222
2013-04-26,1467.4,1476.2,1451.4,1453.6,976
2013-04-29,1462.7,1475.5,1462.3,1467.4,269
2013-04-30,1471.1,1476.6,1461.0,1472.2,534
2013-05-01,1475.8,1477.1,1440.0,1446.3,131
2013-05-02,1459.0,1471.2,1453.5,1467.7,244
2013-05-03,1465.5,1487.1,1461.4,1464.3,68
2013-05-06,1468.1,1477.2,1466.8,1468.1,33
2013-05-07,1462.0,1466.2,1441.2,1449.0,91
2013-05-08,1455.5,1474.7,1450.7,1473.9,81
2013-05-09,1471.2,1473.4,1453.0,1468.8,27
2013-05-10,1455.6,1459.3,1423.0,1436.8,569
2013-05-13,1440.0,1440.6,1427.8,1434.5,344
2013-05-14,1430.1,1444.4,1422.0,1424.7,72
2013-05-15,1425.7,1425.7,1390.1,1396.5,364
2013-05-16,1390.4,1395.1,1370.6,1387.1,38
2013-05-17,1386.7,1391.1,1359.1,1364.9,50
2013-05-20,1342.9,1387.5,1342.9,1384.3,21
2013-05-21,1386.5,1392.3,1358.5,1377.8,51
2013-05-22,1387.2,1395.7,1364.5,1367.6,14
2013-05-23,1380.6,1394.8,1377.8,1392.0,58
2013-05-24,1386.8,1386.8,1386.8,1386.8,2
2013-05-28,1380.8,1390.4,1379.1,1379.1,55
2013-05-29,1391.3,1391.3,1391.3,1391.3,168665
2013-05-30,1392.1,1417.5,1388.3,1411.5,45133
2013-05-31,1412.4,1421.1,1384.2,1392.6,5997
2013-06-03,1389.1,1416.3,1388.3,1411.7,1420
2013-06-04,1410.9,1413.7,1389.0,1397.1,930
2013-06-05,1397.5,1410.0,1395.6,1398.4,1687
2013-06-06,1401.7,1422.7,1391.6,1415.7,782
2013-06-07,1411.5,1416.1,1377.9,1383.0,1163
2013-06-10,1378.8,1386.9,1375.6,1386.2,367
2013-06-11,1384.2,1384.4,1366.0,1377.0,482
2013-06-12,1375.0,1393.5,1373.7,1391.8,514
2013-06-13,1386.8,1390.9,1373.4,1377.6,458
2013-06-14,1383.9,1389.6,1377.8,1387.3,90
2013-06-17,1390.3,1390.5,1380.0,1382.8,114
2013-06-18,1383.1,1383.5,1363.0,1366.6,346
2013-06-19,1368.1,1373.6,1348.1,1373.6,198
2013-06-20,1348.1,1348.1,1275.4,1285.9,712
2013-06-21,1280.4,1300.0,1268.9,1291.6,456
2013-06-24,1297.3,1297.3,1275.7,1276.8,321
2013-06-25,1281.3,1286.0,1273.2,1274.8,953
2013-06-26,1273.9,1273.9,1228.8,1229.6,981
2013-06-27,1224.7,1241.4,1198.3,1211.4,533
2013-06-28,1200.9,1232.3,1183.2,1223.8,232
2013-07-01,1234.7,1261.0,1234.2,1255.9,150
2013-07-02,1254.1,1266.3,1241.2,1243.6,107
2013-07-03,1243.8,1258.2,1240.3,1252.1,19
2013-07-05,1252.7,1254.1,1208.9,1212.9,72
2013-07-08,1218.8,1235.2,1215.4,1234.9,58
2013-07-09,1234.7,1254.5,1234.4,1245.9,33
2013-07-10,1244.6,1263.9,1244.6,1247.4,58
2013-07-11,1284.6,1285.0,1278.9,1280.1,18
2013-07-12,1282.3,1282.3,1274.3,1277.8,6
2013-07-15,1292.1,1292.4,1281.6,1283.8,19
2013-07-16,1279.4,1291.4,1279.4,1290.8,13
2013-07-17,1286.2,1294.4,1272.9,1277.9,11
2013-07-18,1275.3,1286.4,1275.2,1284.6,26
2013-07-19,1291.7,1293.3,1290.0,1293.3,9
2013-07-22,1317.0,1336.4,1317.0,1336.4,18
2013-07-23,1334.8,1342.3,1327.9,1335.1,10
2013-07-24,1342.2,1343.5,1318.6,1319.7,42
2013-07-25,1318.5,1336.8,1318.5,1329.0,55
2013-07-26,1326.5,1326.5,1321.7,1321.7,66
2013-07-29,1328.4,1328.4,1328.4,1328.4,134359
2013-07-30,1327.2,1329.6,1316.2,1324.0,44769
2013-07-31,1325.5,1338.4,1304.9,1312.4,6252
2013-08-01,1323.0,1328.5,1306.9,1311.0,1562
2013-08-02,1306.7,1317.0,1283.0,1310.6,1451
2013-08-05,1311.2,1318.3,1297.5,1302.6,904
2013-08-06,1303.0,1305.9,1279.3,1283.2,1314
2013-08-07,1282.5,1288.4,1274.0,1286.1,989
2013-08-08,1283.9,1312.8,1283.7,1310.7,482
2013-08-09,1315.1,1315.8,1306.7,1312.9,449
2013-08-12,1317.2,1342.4,1317.2,1334.7,312
2013-08-13,1331.9,1339.1,1320.2,1321.2,209
2013-08-14,1317.7,1336.3,1317.7,1334.0,333
2013-08-15,1340.1,1369.6,1319.9,1361.6,235
2013-08-16,1366.8,1378.9,1361.0,1371.7,175
2013-08-19,1379.0,1384.4,1363.9,1366.2,139
2013-08-20,1355.0,1377.0,1355.0,1373.1,123
2013-08-21,1372.5,1377.3,1360.9,1370.6,109
2013-08-22,1362.0,1380.4,1362.0,1371.2,79
2013-08-23,1376.8,1398.2,1373.9,1395.7,178
2013-08-26,1398.6,1402.8,1391.3,1393.0,203
2013-08-27,1403.8,1421.1,1398.7,1420.6,397
2013-08-28,1417.3,1428.0,1417.3,1419.0,489
2013-08-29,1417.4,1417.4,1404.5,1412.9,375
2013-08-30,1407.2,1409.8,1392.3,1396.1,0
2013-09-03,1393.0,1414.4,1382.3,1412.0,139
2013-09-04,1413.0,1413.0,1387.1,1389.9,104
2013-09-05,1393.5,1397.5,1367.1,1373.1,37
2013-09-06,1371.0,1390.1,1368.9,1386.7,52
2013-09-09,1389.8,1389.8,1386.5,1386.8,44
2013-09-10,1377.5,1377.5,1357.6,1364.1,21
2013-09-11,1365.8,1365.8,1356.7,1363.9,60
2013-09-12,1360.0,1360.0,1322.4,1330.4,120
2013-09-13,1322.9,1323.0,1305.3,1308.4,38
2013-09-16,1328.4,1329.6,1310.8,1317.9,107
2013-09-17,1313.0,1313.1,1309.5,1309.5,24
2013-09-18,1292.1,1347.7,1292.1,1307.8,29
2013-09-19,1362.9,1373.0,1362.9,1369.4,35
2013-09-20,1347.5,1347.5,1330.7,1332.5,2
2013-09-23,1327.1,1327.8,1317.6,1326.9,78
2013-09-24,1321.2,1324.9,1309.4,1316.0,61
2013-09-25,1322.7,1335.9,1322.7,1335.9,51
2013-09-26,1335.2,1338.3,1323.6,1323.6,13170
2013-09-27,1321.5,1343.8,1319.7,1338.4,2990
2013-09-30,1345.8,1350.9,1322.0,1326.5,597
2013-10-01,1328.0,1334.0,1284.5,1286.0,815
2013-10-02,1288.5,1321.0,1280.0,1320.6,152
2013-10-03,1312.0,1319.5,1302.5,1317.4,217
2013-10-04,1316.2,1318.1,1305.7,1309.7,38
2013-10-07,1313.8,1325.4,1311.8,1324.8,84
2013-10-08,1326.5,1330.0,1321.2,1324.2,57
2013-10-09,1317.6,1319.0,1295.3,1306.9,140
2013-10-10,1303.4,1310.8,1285.0,1296.6,89
2013-10-11,1286.9,1291.6,1263.8,1268.0,210
2013-10-14,1275.8,1285.8,1273.9,1276.4,61
2013-10-15,1270.5,1283.6,1254.1,1273.0,208
2013-10-16,1282.8,1284.0,1269.2,1282.0,86
2013-10-17,1307.0,1322.7,1307.0,1322.7,72
2013-10-18,1318.8,1326.0,1312.6,1314.4,65
2013-10-21,1316.8,1317.7,1315.7,1315.7,23
2013-10-22,1313.9,1342.6,1313.9,1342.5,55
2013-10-23,1331.9,1333.9,1331.9,1333.9,13
2013-10-24,1334.5,1350.2,1334.5,1350.2,18
2013-10-25,1346.2,1353.0,1346.2,1352.4,23
2013-10-28,1351.4,1359.2,1349.0,1352.0,23
2013-10-29,1359.6,1359.7,1345.2,1345.2,168
2013-10-30,1340.8,1355.8,1335.6,1349.0,44
2013-10-31,1334.0,1334.0,1321.7,1323.6,62
2013-11-01,1325.7,1325.7,1308.0,1313.1,21
2013-11-04,1314.6,1320.5,1312.1,1314.6,39
2013-11-05,1313.3,1317.5,1306.9,1308.0,98
2013-11-06,1313.5,1318.6,1312.5,1317.7,11
2013-11-07,1323.6,1323.6,1298.0,1308.4,129
2013-11-08,1308.0,1308.1,1281.3,1284.5,22
2013-11-11,1281.6,1281.8,1281.0,1281.0,5
2013-11-12,1282.3,1282.3,1271.1,1271.1,3
2013-11-13,1274.0,1280.5,1268.3,1268.3,17
2013-11-14,1280.2,1293.3,1278.1,1286.2,29
2013-11-15,1287.7,1288.5,1281.5,1287.3,16
2013-11-18,1284.7,1284.8,1272.2,1272.2,10
2013-11-19,1274.2,1275.2,1271.0,1273.4,10
2013-11-20,1269.0,1269.0,1241.9,1257.9,120
2013-11-21,1245.7,1247.1,1236.5,1243.5,90
2013-11-22,1243.2,1247.0,1241.4,1244.0,77
2013-11-25,1231.1,1241.1,1229.0,1241.1,19
2013-11-26,1243.0,1243.0,1241.4,1241.4,178417
2013-11-27,1241.6,1254.8,1235.5,1237.8,82331
2013-11-29,1237.8,1254.5,1233.7,1250.6,9203
2013-12-02,1251.4,1251.5,1217.8,1222.3,4979
2013-12-03,1219.2,1225.7,1215.6,1221.7,1932
2013-12-04,1225.1,1250.4,1212.9,1248.2,1823
2013-12-05,1240.0,1241.5,1218.6,1233.2,446
2013-12-06,1228.7,1242.0,1213.0,1230.3,1032
2013-12-09,1230.2,1243.2,1229.0,1235.3,352
2013-12-10,1239.0,1267.0,1239.0,1262.4,882
2013-12-11,1261.9,1261.9,1252.1,1258.5,147
2013-12-12,1253.5,1255.4,1225.9,1226.0,609
2013-12-13,1226.7,1239.0,1222.2,1235.7,446
2013-12-16,1238.4,1250.6,1228.9,1245.5,242
2013-12-17,1237.0,1240.4,1231.2,1231.2,22
2013-12-18,1231.5,1245.1,1217.0,1236.1,114
2013-12-19,1226.6,1226.6,1188.7,1195.0,124
2013-12-20,1190.9,1207.8,1190.9,1205.1,204
2013-12-23,1205.2,1205.2,1195.9,1198.4,123
2013-12-24,1199.8,1205.6,1197.7,1205.1,184
2013-12-26,1207.1,1215.9,1207.1,1214.1,140
2013-12-27,1213.4,1218.5,1212.9,1216.1,278
2013-12-30,1215.0,1215.0,1194.4,1203.1,351
2013-12-31,1196.4,1212.4,1182.0,1201.9,124
2014-01-02,1204.3,1227.3,1204.3,1225.0,209
2014-01-03,1221.7,1239.0,1221.7,1238.4,142
2014-01-06,1232.8,1247.0,1221.9,1237.8,127
2014-01-07,1239.3,1242.4,1226.3,1229.4,73
2014-01-08,1227.5,1227.5,1218.6,1225.3,189
2014-01-09,1225.8,1229.3,1225.8,1229.3,7
2014-01-10,1235.0,1246.8,1234.0,1246.7,58
2014-01-13,1250.6,1252.7,1245.5,1250.9,46
2014-01-14,1251.0,1251.3,1242.0,1245.2,37
2014-01-15,1243.1,1243.2,1238.1,1238.1,68
2014-01-16,1239.3,1242.8,1239.0,1240.0,48
2014-01-17,1239.7,1254.3,1239.7,1251.7,101
2014-01-21,1256.4,1257.5,1240.0,1242.3,224
2014-01-22,1241.7,1242.0,1239.0,1239.0,58
2014-01-23,1235.2,1264.2,1235.2,1262.6,40
2014-01-24,1258.3,1269.4,1258.3,1264.5,38
2014-01-27,1259.8,1264.4,1254.4,1263.6,92
2014-01-28,1257.9,1258.4,1251.0,1251.0,20
2014-01-29,1262.2,1262.2,1262.2,1262.2,137028
2014-01-30,1267.0,1267.7,1237.5,1242.2,45276
2014-01-31,1243.6,1254.5,1238.4,1240.1,5820
2014-02-03,1242.4,1266.3,1241.2,1260.4,2914
2014-02-04,1258.4,1260.7,1247.8,1251.7,1745
2014-02-05,1254.0,1273.7,1253.1,1257.3,1616
2014-02-06,1258.0,1267.0,1253.5,1257.6,274
2014-02-07,1258.3,1271.4,1257.9,1263.3,436
2014-02-10,1269.6,1277.3,1265.7,1274.8,742
2014-02-11,1274.0,1292.0,1273.8,1290.1,562
2014-02-12,1290.5,1296.2,1285.5,1295.3,140
2014-02-13,1293.3,1303.5,1287.5,1300.4,877
2014-02-14,1301.7,1320.7,1301.7,1319.0,308
2014-02-18,1322.9,1330.6,1313.9,1324.7,373
2014-02-19,1318.3,1321.6,1309.1,1320.6,193
2014-02-20,1310.7,1323.5,1309.6,1317.1,116
2014-02-21,1320.0,1328.3,1317.4,1323.9,171
2014-02-24,1324.3,1339.0,1321.4,1338.3,93
2014-02-25,1336.4,1343.9,1333.1,1343.0,290
2014-02-26,1341.2,1342.0,1325.6,1328.2,485
2014-02-27,1329.3,1335.0,1324.6,1331.6,369
2014-02-28,1329.8,1332.6,1321.1,1321.4,239
2014-03-03,1335.9,1354.1,1332.9,1350.1,232
2014-03-04,1350.4,1350.4,1332.2,1337.8,80
2014-03-05,1334.8,1341.0,1334.8,1340.2,32
2014-03-06,1338.0,1351.7,1333.3,1351.7,59
2014-03-07,1349.5,1352.7,1329.2,1338.1,97
2014-03-10,1336.0,1344.7,1330.5,1341.4,97
2014-03-11,1340.0,1352.4,1338.1,1346.5,53
2014-03-12,1349.1,1370.5,1348.7,1370.3,58
2014-03-13,1366.8,1374.5,1366.5,1372.2,23
2014-03-14,1376.1,1386.6,1371.1,1379.0,91
2014-03-17,1386.1,1391.4,1372.2,1372.9,29
2014-03-18,1359.3,1361.8,1353.4,1359.0,35
2014-03-19,1357.1,1358.0,1332.7,1341.4,57
2014-03-20,1333.7,1333.7,1325.8,1330.5,72
2014-03-21,1339.1,1339.1,1335.8,1336.0,3
2014-03-24,1333.0,1333.0,1310.5,1311.2,103
2014-03-25,1315.5,1315.5,1307.5,1311.4,46
2014-03-26,1315.2,1315.2,1303.4,1303.4,4
2014-03-27,1294.7,1294.7,1294.7,1294.7,185016
2014-03-28,1292.2,1299.4,1285.9,1293.8,65486
2014-03-31,1294.3,1298.8,1282.4,1283.4,4121
2014-04-01,1285.1,1287.9,1277.3,1279.6,884
2014-04-02,1280.2,1294.1,1280.2,1290.5,1099
2014-04-03,1290.8,1293.5,1282.7,1284.4,775
2014-04-04,1285.5,1306.1,1284.4,1303.2,976
2014-04-07,1301.4,1304.0,1296.3,1298.0,361
2014-04-08,1296.6,1314.1,1296.6,1308.7,264
2014-04-09,1309.5,1313.6,1301.1,1305.5,191
2014-04-10,1311.8,1323.8,1311.2,1320.1,127
2014-04-11,1319.0,1322.8,1316.3,1318.7,76
2014-04-14,1320.1,1330.0,1320.1,1327.2,328
2014-04-15,1322.7,1322.7,1291.5,1300.0,238
2014-04-16,1302.7,1303.5,1295.0,1303.1,177
2014-04-17,1300.1,1303.0,1292.5,1293.4,124
2014-04-21,1290.0,1299.2,1283.8,1288.0,100
2014-04-22,1289.2,1291.6,1276.0,1280.6,100
2014-04-23,1284.3,1287.7,1282.4,1284.2,176
2014-04-24,1284.6,1297.9,1272.4,1290.5,522
2014-04-25,1293.8,1304.6,1293.8,1300.7,274
2014-04-28,1305.4,1305.4,1293.0,1298.9,388
2014-04-29,1295.5,1300.5,1289.1,1296.0,904
2014-04-30,1296.0,1296.5,1286.6,1295.6,181
2014-05-01,1288.7,1288.7,1278.0,1283.1,25
2014-05-02,1276.7,1302.7,1276.7,1302.6,90
2014-05-05,1305.6,1314.2,1305.5,1309.0,31
2014-05-06,1309.4,1309.4,1306.9,1308.3,14
2014-05-07,1310.3,1312.0,1288.0,1288.6,21
2014-05-08,1291.5,1291.5,1285.5,1287.4,65
2014-05-09,1287.3,1287.3,1287.3,1287.3,3
2014-05-12,1282.1,1295.9,1281.2,1295.6,19
2014-05-13,1295.5,1295.5,1292.0,1294.6,20
2014-05-14,1292.8,1306.9,1292.8,1305.7,25
2014-05-15,1302.5,1302.5,1292.8,1293.5,27
2014-05-16,1293.3,1293.3,1293.3,1293.3,8
2014-05-19,1293.7,1293.7,1293.7,1293.7,44
2014-05-20,1290.7,1294.5,1290.1,1294.5,8
2014-05-21,1287.4,1288.0,1287.4,1288.0,2
2014-05-22,1294.2,1295.0,1294.2,1294.9,4
2014-05-23,1293.2,1293.4,1291.6,1291.6,3
2014-05-27,1291.9,1291.9,1265.4,1265.4,25
2014-05-28,1259.3,1259.3,1259.3,1259.3,168825
2014-05-29,1258.3,1260.6,1250.9,1256.3,38045
2014-05-30,1255.1,1259.6,1241.8,1245.6,3839
2014-06-02,1250.0,1250.7,1240.9,1243.7,774
2014-06-03,1244.1,1247.5,1240.5,1244.3,654
2014-06-04,1245.1,1248.8,1242.7,1244.0,604
2014-06-05,1244.0,1256.6,1241.2,1253.0,1317
2014-06-06,1253.4,1256.6,1246.3,1252.1,381
2014-06-09,1252.7,1256.1,1252.6,1253.5,97
2014-06-10,1252.4,1262.3,1251.0,1259.8,1007
2014-06-11,1259.9,1264.4,1259.1,1260.8,128
2014-06-12,1260.0,1274.5,1260.0,1273.6,129
2014-06-13,1272.5,1274.7,1271.3,1273.7,145
2014-06-16,1279.8,1282.1,1270.8,1274.9,334
2014-06-17,1272.8,1272.8,1260.9,1271.7,819
2014-06-18,1269.9,1272.7,1267.4,1272.4,143
2014-06-19,1277.2,1321.0,1277.2,1313.7,601
2014-06-20,1321.4,1321.4,1306.8,1316.2,254
2014-06-23,1312.3,1318.0,1312.3,1318.0,142
2014-06-24,1315.6,1325.6,1315.6,1320.9,223
2014-06-25,1315.3,1323.4,1312.0,1322.2,294
2014-06-26,1319.6,1319.6,1312.4,1316.1,1204
2014-06-27,1317.4,1320.9,1313.3,1319.0,625
2014-06-30,1315.3,1328.7,1311.8,1321.8,744
2014-07-01,1326.7,1331.4,1326.2,1326.4,51
2014-07-02,1326.8,1330.7,1326.8,1330.7,226
2014-07-03,1327.3,1327.7,1313.0,1320.4,40
2014-07-07,1318.7,1320.3,1313.2,1316.5,93
2014-07-08,1318.4,1323.5,1316.0,1316.0,6
2014-07-09,1324.0,1330.4,1323.8,1323.8,16
2014-07-10,1330.5,1343.7,1328.0,1338.7,28
2014-07-11,1337.9,1339.0,1336.2,1337.0,112
2014-07-14,1332.8,1332.8,1304.7,1306.3,103
2014-07-15,1307.4,1311.9,1294.1,1296.9,368
2014-07-16,1298.4,1303.1,1296.9,1299.6,34
2014-07-17,1303.1,1323.8,1303.1,1316.7,16
2014-07-18,1322.7,1322.7,1306.2,1309.2,27
2014-07-21,1311.0,1315.5,1311.0,1313.7,18
2014-07-22,1306.1,1306.1,1306.1,1306.1,2
2014-07-23,1304.5,1304.5,1304.5,1304.5,0
2014-07-24,1297.5,1297.5,1290.6,1290.6,1
2014-07-25,1294.8,1303.1,1294.8,1303.1,8
2014-07-28,1307.4,1308.0,1303.3,1303.3,52
2014-07-29,1310.9,1310.9,1298.3,1298.3,181554
2014-07-30,1298.6,1303.0,1291.0,1294.9,36189
2014-07-31,1295.1,1297.3,1280.6,1281.3,5663
2014-08-01,1284.1,1296.6,1279.7,1293.6,1985
2014-08-04,1294.4,1295.0,1285.9,1287.7,917
2014-08-05,1288.0,1292.7,1282.6,1284.0,825
2014-08-06,1288.1,1309.0,1287.8,1306.7,706
2014-08-07,1305.3,1313.1,1302.5,1310.8,225
2014-08-08,1310.8,1321.4,1308.0,1308.9,586
2014-08-11,1308.4,1309.7,1305.3,1308.5,194
2014-08-12,1306.2,1315.8,1305.8,1308.8,438
2014-08-13,1308.8,1312.8,1305.0,1312.8,238
2014-08-14,1311.8,1316.4,1309.7,1313.9,320
2014-08-15,1311.7,1312.8,1292.0,1304.5,199
2014-08-18,1301.4,1302.1,1295.7,1297.7,100
2014-08-19,1298.8,1301.6,1294.0,1295.1,144
2014-08-20,1295.4,1295.8,1288.4,1293.4,332
2014-08-21,1290.0,1290.0,1272.0,1273.7,264
2014-08-22,1276.0,1280.0,1275.0,1278.6,119
2014-08-25,1277.3,1277.6,1273.7,1277.3,251
2014-08-26,1289.4,1289.5,1281.1,1283.8,74
2014-08-27,1281.5,1282.3,1281.5,1281.9,783
2014-08-28,1284.5,1293.7,1284.3,1288.7,817
2014-08-29,1289.5,1289.7,1284.8,1285.8,116
2014-09-02,1284.5,1286.4,1262.5,1263.7,280
2014-09-03,1266.3,1271.1,1263.1,1268.9,279
2014-09-04,1268.7,1272.7,1260.4,1265.1,290
2014-09-05,1263.2,1268.1,1263.2,1265.8,123
2014-09-08,1268.4,1268.4,1252.7,1252.7,2
2014-09-09,1246.8,1246.8,1246.8,1246.8,0
2014-09-10,1256.7,1256.7,1243.5,1243.5,95
2014-09-11,1237.4,1237.4,1237.4,1237.4,0
2014-09-12,1227.0,1229.9,1227.0,1229.9,47
2014-09-15,1226.7,1235.0,1226.7,1233.6,21
2014-09-16,1238.3,1238.3,1235.2,1235.2,3
2014-09-17,1236.2,1236.2,1221.9,1234.4,10
2014-09-18,1216.2,1225.7,1216.2,1225.7,5
2014-09-19,1218.3,1218.3,1215.3,1215.3,4
2014-09-22,1214.9,1216.8,1212.4,1216.8,7
2014-09-23,1221.0,1221.0,1221.0,1221.0,5
2014-09-24,1218.6,1218.6,1216.8,1218.6,2
2014-09-25,1209.5,1221.2,1209.5,1221.2,11
2014-09-26,1214.1,1214.1,1214.1,1214.1,19497
2014-09-29,1216.3,1222.2,1214.8,1217.5,6344
2014-09-30,1214.8,1218.2,1204.0,1210.5,680
2014-10-01,1207.7,1217.8,1205.5,1214.6,178
2014-10-02,1215.3,1219.5,1210.3,1214.2,176
2014-10-03,1212.4,1212.4,1191.0,1192.2,499
2014-10-06,1187.7,1208.0,1182.8,1206.7,415
2014-10-07,1209.1,1211.7,1205.3,1211.7,272
2014-10-08,1210.2,1217.9,1205.3,1205.3,9
2014-10-09,1223.9,1229.0,1223.9,1224.6,19
2014-10-10,1223.5,1223.5,1217.0,1221.0,186
2014-10-13,1229.8,1234.0,1227.0,1229.3,103
2014-10-14,1235.9,1235.9,1233.6,1233.6,73
2014-10-15,1243.7,1247.0,1243.7,1244.1,250
2014-10-16,1242.1,1243.0,1236.7,1240.5,6
2014-10-17,1237.4,1238.3,1232.6,1238.3,356
2014-10-20,1237.3,1244.0,1235.4,1244.0,105
2014-10-21,1251.0,1251.0,1251.0,1251.0,48
2014-10-22,1244.8,1244.8,1244.8,1244.8,2
2014-10-23,1228.0,1228.5,1227.9,1228.5,2
2014-10-24,1229.4,1232.7,1229.4,1231.2,71
2014-10-27,1230.2,1230.2,1227.3,1229.1,282
2014-10-28,1224.9,1231.0,1224.7,1229.2,46
2014-10-29,1224.3,1224.3,1224.3,1224.3,631
2014-10-30,1213.7,1214.7,1195.8,1198.1,521
2014-10-31,1199.6,1199.7,1161.4,1171.1,260
2014-11-03,1166.4,1172.3,1163.1,1169.4,60
2014-11-04,1166.9,1171.0,1165.0,1167.4,40
2014-11-05,1168.1,1168.7,1137.8,1145.4,157
2014-11-06,1141.1,1147.5,1137.9,1142.3,137
2014-11-07,1139.9,1169.7,1133.0,1169.6,97
2014-11-10,1171.0,1171.0,1150.7,1159.6,40
2014-11-11,1155.0,1170.5,1151.6,1162.8,22
2014-11-12,1162.5,1168.1,1157.5,1158.9,17
2014-11-13,1163.7,1164.5,1155.0,1161.1,1047
2014-11-14,1155.2,1191.0,1148.0,1185.0,486
2014-11-17,1183.1,1186.9,1180.6,1183.0,17
2014-11-18,1197.1,1197.1,1193.9,1196.7,2
2014-11-19,1196.5,1198.3,1190.6,1193.6,23
2014-11-20,1191.8,1191.9,1190.7,1190.7,3
2014-11-21,1191.0,1202.4,1189.0,1197.5,20
2014-11-24,1197.7,1197.9,1195.5,1195.5,17
2014-11-25,1197.1,1197.1,1197.1,1197.1,210753
2014-11-26,1200.5,1201.0,1193.7,1196.6,75297
2014-11-28,1197.0,1198.2,1163.8,1175.2,11175
2014-12-01,1160.0,1220.4,1141.7,1218.0,5524
2014-12-02,1212.3,1212.3,1191.3,1199.2,1236
2014-12-03,1198.1,1213.7,1196.1,1208.5,440
2014-12-04,1208.2,1213.0,1201.6,1207.5,358
2014-12-05,1203.1,1206.0,1186.7,1190.1,560
2014-12-08,1190.6,1207.0,1187.2,1194.7,183
2014-12-09,1202.0,1238.0,1202.0,1231.5,314
2014-12-10,1231.2,1234.6,1226.6,1228.9,306
2014-12-11,1226.6,1231.2,1216.2,1225.1,264
2014-12-12,1227.8,1227.8,1216.2,1222.0,203
2014-12-15,1223.1,1223.1,1198.4,1207.2,77
2014-12-16,1197.2,1222.0,1192.7,1193.9,223
2014-12-17,1198.2,1199.6,1184.0,1194.3,94
2014-12-18,1189.7,1207.3,1189.7,1194.7,197
2014-12-19,1198.0,1200.8,1195.9,1195.9,96
2014-12-22,1198.0,1198.0,1172.7,1179.7,223
2014-12-23,1179.3,1180.3,1175.0,1177.9,232
2014-12-24,1177.0,1179.3,1173.5,1173.5,23
2014-12-26,1177.2,1195.3,1177.2,1195.3,124
2014-12-29,1186.5,1186.5,1181.3,1181.7,180
2014-12-30,1181.4,1210.3,1181.4,1200.2,191
2014-12-31,1199.2,1199.2,1182.7,1183.9,92
2015-01-02,1184.0,1194.5,1169.5,1186.0,138
2015-01-05,1180.3,1206.9,1180.1,1203.9,470
2015-01-06,1203.5,1220.0,1203.5,1219.3,97
2015-01-07,1219.2,1219.2,1210.6,1210.6,29
2015-01-08,1207.0,1215.7,1206.3,1208.4,92
2015-01-09,1211.1,1220.2,1210.3,1216.0,43
2015-01-12,1224.2,1234.4,1219.1,1232.7,100
2015-01-13,1239.2,1239.3,1230.3,1234.3,20
2015-01-14,1229.6,1243.8,1225.6,1234.4,21
2015-01-15,1231.5,1265.0,1227.3,1264.7,130
2015-01-16,1256.1,1279.7,1256.1,1276.9,44
2015-01-20,1278.9,1297.3,1273.8,1294.2,157
2015-01-21,1295.2,1303.5,1286.7,1293.7,78
2015-01-22,1293.2,1302.1,1283.5,1300.7,131
2015-01-23,1299.8,1299.8,1292.6,1292.6,23
2015-01-26,1289.5,1290.6,1279.4,1279.4,26
2015-01-27,1277.2,1291.7,1277.2,1291.7,20
2015-01-28,1285.9,1286.8,1285.9,1285.9,180387
2015-01-29,1283.3,1285.4,1251.0,1254.6,67983
2015-01-30,1258.0,1284.3,1257.0,1278.5,8626
2015-02-02,1284.1,1284.1,1266.0,1276.2,1654
2015-02-03,1273.5,1284.7,1255.3,1259.7,2380
2015-02-04,1262.0,1271.6,1256.8,1263.8,668
2015-02-05,1271.8,1272.6,1257.8,1262.0,133
2015-02-06,1265.0,1267.6,1228.0,1233.9,432
2015-02-09,1237.5,1242.3,1235.4,1240.8,319
2015-02-10,1237.5,1245.0,1231.2,1231.6,231
2015-02-11,1233.3,1237.4,1219.0,1219.0,102
2015-02-12,1217.9,1229.8,1217.9,1220.1,99
2015-02-13,1222.2,1232.8,1222.2,1226.5,65
2015-02-17,1227.7,1234.0,1203.0,1208.1,204
2015-02-18,1207.1,1210.2,1197.8,1199.7,147
2015-02-19,1216.5,1220.0,1205.0,1207.1,65
2015-02-20,1206.5,1213.1,1199.1,1204.4,51
2015-02-23,1201.3,1203.3,1191.6,1200.3,268
2015-02-24,1203.4,1203.5,1193.8,1196.9,151
2015-02-25,1204.3,1204.6,1201.0,1201.0,570
2015-02-26,1204.8,1219.0,1204.8,1209.6,560
2015-02-27,1207.7,1217.8,1204.5,1212.6,195
2015-03-02,1214.3,1222.7,1204.9,1207.7,124
2015-03-03,1201.5,1212.0,1195.0,1204.0,51
2015-03-04,1204.8,1206.9,1198.0,1200.6,27
2015-03-05,1201.7,1205.4,1195.9,1195.9,29
2015-03-06,1195.0,1195.7,1163.7,1164.1,168
2015-03-09,1169.4,1174.2,1166.3,1166.4,45
2015-03-10,1166.4,1168.4,1156.5,1160.1,94
2015-03-11,1162.0,1162.0,1147.7,1150.7,74
2015-03-12,1155.4,1160.5,1149.7,1152.1,63
2015-03-13,1158.2,1159.2,1152.6,1152.6,44
2015-03-16,1159.7,1162.3,1150.1,1153.3,56
2015-03-17,1153.6,1158.2,1144.3,1148.3,71
2015-03-18,1148.7,1174.3,1147.0,1151.4,112
2015-03-19,1171.6,1171.6,1159.3,1169.1,39
2015-03-20,1171.0,1185.4,1171.0,1184.8,54
2015-03-23,1181.6,1188.0,1181.2,1188.0,5
2015-03-24,1188.0,1193.0,1186.0,1191.7,411
2015-03-25,1192.5,1199.2,1192.5,1197.3,11
2015-03-26,1198.2,1213.7,1198.2,1205.1,68
2015-03-27,1197.0,1199.8,1196.3,1199.8,172260
2015-03-30,1198.0,1198.5,1181.6,1184.8,37990
2015-03-31,1185.8,1190.1,1178.2,1183.1,3409
2015-04-01,1182.9,1208.2,1181.0,1208.1,1632
2015-04-02,1204.0,1205.7,1194.8,1200.9,1684
2015-04-06,1209.9,1224.2,1209.9,1218.6,343
2015-04-07,1214.8,1214.8,1208.2,1210.6,406
2015-04-08,1208.9,1211.4,1197.6,1203.1,236
2015-04-09,1201.7,1202.5,1193.0,1193.6,521
2015-04-10,1195.8,1209.6,1195.8,1204.6,202
2015-04-13,1208.1,1208.1,1198.3,1199.3,424
2015-04-14,1198.8,1200.6,1184.1,1192.8,546
2015-04-15,1194.6,1203.1,1188.6,1201.5,196
2015-04-16,1204.3,1208.5,1194.6,1198.0,199
2015-04-17,1200.2,1206.0,1200.2,1202.9,21
2015-04-20,1205.7,1206.9,1191.0,1193.5,67
2015-04-21,1193.2,1202.9,1192.8,1202.9,33
2015-04-22,1199.1,1202.6,1185.2,1186.9,93
2015-04-23,1187.2,1197.0,1186.1,1194.4,331
2015-04-24,1192.3,1194.7,1174.6,1175.2,52
2015-04-27,1182.3,1206.7,1181.4,1203.3,194
2015-04-28,1199.7,1214.0,1199.7,1214.0,401
2015-04-29,1211.2,1212.6,1201.9,1209.8,114
2015-04-30,1203.1,1205.9,1176.7,1182.4,143
2015-05-01,1178.1,1178.1,1170.0,1174.5,23
2015-05-04,1177.5,1189.4,1177.5,1186.8,38
2015-05-05,1187.5,1198.7,1186.9,1193.2,48
2015-05-06,1194.5,1194.6,1189.9,1190.3,14
2015-05-07,1181.5,1186.0,1179.7,1182.4,44
2015-05-08,1183.3,1189.1,1182.9,1189.1,51
2015-05-11,1189.7,1190.5,1179.3,1183.2,26
2015-05-12,1194.6,1194.8,1189.7,1192.6,10
2015-05-13,1192.7,1218.4,1191.0,1218.4,34
2015-05-14,1214.5,1225.6,1214.5,1225.4,35
2015-05-15,1218.5,1225.5,1214.8,1225.5,12
2015-05-18,1224.5,1228.1,1222.6,1227.8,8
2015-05-19,1223.9,1223.9,1206.0,1206.9,9
2015-05-20,1205.1,1210.8,1205.1,1208.9,11
2015-05-21,1204.5,1204.5,1203.7,1204.4,43
2015-05-22,1211.6,1211.9,1204.3,1204.3,8
2015-05-26,1193.6,1193.6,1186.0,1187.2,40
2015-05-27,1185.9,1185.9,1185.9,1185.9,200216
2015-05-28,1187.1,1192.0,1179.6,1188.1,52705
2015-05-29,1187.8,1193.3,1185.7,1189.4,4748
2015-06-01,1190.6,1204.0,1184.3,1188.3,1236
2015-06-02,1189.0,1194.3,1186.0,1194.1,1003
2015-06-03,1193.9,1193.9,1179.1,1184.7,630
2015-06-04,1184.9,1185.3,1173.0,1174.9,447
2015-06-05,1176.4,1177.3,1164.0,1167.8,390
2015-06-08,1169.5,1176.1,1169.1,1173.2,173
2015-06-09,1172.9,1180.3,1172.7,1177.3,144
2015-06-10,1176.1,1190.1,1175.6,1186.1,295
2015-06-11,1183.2,1183.2,1174.4,1179.9,69
2015-06-12,1180.4,1181.2,1176.2,1178.8,141
2015-06-15,1179.9,1188.5,1172.7,1185.3,102
2015-06-16,1186.5,1186.5,1175.9,1180.5,29
2015-06-17,1177.6,1186.3,1174.9,1176.4,168
2015-06-18,1183.4,1202.0,1183.4,1201.5,130
2015-06-19,1199.7,1203.1,1199.7,1201.5,142
2015-06-22,1197.8,1197.8,1182.7,1183.7,30
2015-06-23,1183.8,1186.0,1176.2,1176.2,60
2015-06-24,1176.6,1176.6,1170.7,1172.6,263
2015-06-25,1175.8,1175.9,1171.5,1171.5,95
2015-06-26,1170.5,1172.9,1170.5,1172.9,308
2015-06-29,1185.1,1186.0,1173.8,1178.5,174
2015-06-30,1176.3,1176.4,1166.6,1171.5,223
2015-07-01,1173.1,1173.1,1166.6,1169.0,455
2015-07-02,1166.4,1168.1,1155.5,1163.0,316
2015-07-06,1171.1,1173.0,1162.2,1172.9,634
2015-07-07,1166.8,1166.8,1149.5,1152.4,469
2015-07-08,1152.6,1163.3,1146.4,1163.3,65
2015-07-09,1154.8,1163.6,1154.8,1159.0,65
2015-07-10,1160.1,1161.4,1157.5,1157.7,27
2015-07-13,1159.0,1159.0,1151.2,1155.2,14
2015-07-14,1157.2,1157.2,1153.0,1153.3,39
2015-07-15,1154.0,1154.0,1144.8,1147.2,15
2015-07-16,1146.2,1146.2,1142.9,1143.8,14
2015-07-17,1144.0,1144.0,1130.2,1131.8,120
2015-07-20,1130.4,1130.7,1095.1,1106.7,189
2015-07-21,1097.1,1106.4,1097.1,1103.4,118
2015-07-22,1093.0,1095.0,1086.0,1091.4,46
2015-07-23,1097.4,1097.6,1087.8,1094.0,64
2015-07-24,1078.6,1100.7,1078.6,1085.6,52
2015-07-27,1100.0,1102.5,1093.9,1096.5,19
2015-07-28,1097.2,1097.7,1096.3,1096.3,31
2015-07-29,1096.4,1096.9,1092.7,1092.7,159142
2015-07-30,1096.1,1097.5,1081.0,1088.4,49298
2015-07-31,1087.7,1102.8,1079.1,1094.9,5700
2015-08-03,1095.5,1097.1,1085.0,1089.4,2418
2015-08-04,1085.1,1093.9,1080.5,1090.7,1139
2015-08-05,1086.5,1090.6,1082.5,1085.7,1207
2015-08-06,1084.4,1092.2,1083.6,1090.2,269
2015-08-07,1088.9,1098.3,1081.7,1094.1,614
2015-08-10,1093.2,1107.6,1089.5,1104.2,900
2015-08-11,1103.8,1116.7,1094.0,1107.6,997
2015-08-12,1106.0,1124.5,1101.5,1123.2,797
2015-08-13,1124.3,1124.3,1113.0,1115.7,441
2015-08-14,1113.9,1118.8,1112.5,1112.9,908
2015-08-17,1113.8,1122.0,1113.8,1118.6,399
2015-08-18,1118.2,1118.4,1110.0,1117.1,475
2015-08-19,1117.0,1134.3,1116.8,1128.1,348
2015-08-20,1132.8,1153.3,1132.8,1153.0,409
2015-08-21,1154.1,1166.5,1150.5,1159.6,261
2015-08-24,1164.0,1169.0,1147.5,1153.4,299
2015-08-25,1151.5,1155.5,1134.0,1138.2,217
2015-08-26,1139.2,1143.0,1119.6,1124.6,116
2015-08-27,1127.2,1127.4,1118.4,1122.4,564
2015-08-28,1125.3,1139.0,1123.6,1133.1,279
2015-08-31,1131.1,1134.0,1124.8,1131.6,194
2015-09-01,1133.5,1144.7,1133.5,1138.7,375
2015-09-02,1137.3,1140.4,1130.8,1132.5,201
2015-09-03,1130.3,1132.9,1120.3,1123.7,122
2015-09-04,1123.4,1125.2,1116.2,1120.6,51
2015-09-08,1119.8,1124.3,1116.4,1120.4,138
2015-09-09,1123.5,1123.5,1102.1,1102.2,150
2015-09-10,1107.3,1113.5,1105.5,1109.5,56
2015-09-11,1110.8,1111.7,1098.2,1103.5,81
2015-09-14,1107.8,1108.6,1104.1,1107.7,19
2015-09-15,1104.5,1104.5,1102.8,1102.8,8
2015-09-16,1109.8,1119.9,1109.8,1119.2,31
2015-09-17,1118.6,1130.5,1117.1,1117.3,14
2015-09-18,1128.3,1141.2,1127.8,1138.1,59
2015-09-21,1137.6,1138.5,1130.8,1133.1,17
2015-09-22,1132.6,1135.0,1122.5,1125.0,43
2015-09-23,1128.6,1132.2,1128.3,1131.6,33
2015-09-24,1133.0,1155.9,1133.0,1153.8,37
2015-09-25,1149.8,1149.8,1143.4,1146.0,56
2015-09-28,1133.2,1133.2,1132.0,1132.0,4346
2015-09-29,1132.2,1134.4,1124.3,1127.1,2417
2015-09-30,1124.3,1126.0,1112.1,1115.5,865
2015-10-01,1115.2,1119.0,1113.3,1114.2,1181
2015-10-02,1112.2,1141.2,1105.8,1137.1,323
2015-10-05,1137.1,1141.7,1132.5,1138.1,226
2015-10-06,1136.3,1150.0,1136.3,1146.8,145
2015-10-07,1147.6,1152.9,1143.0,1149.0,104
2015-10-08,1142.7,1146.7,1138.7,1144.7,138
2015-10-09,1151.6,1157.2,1151.6,1156.3,22
2015-10-12,1155.9,1166.8,1155.9,1164.9,40
2015-10-13,1163.5,1166.2,1154.9,1165.8,132
2015-10-14,1172.4,1189.0,1167.3,1180.1,143
2015-10-15,1184.2,1188.3,1177.8,1187.9,143
2015-10-16,1182.5,1184.1,1176.2,1183.6,243
2015-10-19,1176.5,1177.8,1169.3,1173.3,62
2015-10-20,1168.7,1179.1,1168.7,1178.0,19
2015-10-21,1175.9,1176.4,1164.9,1167.6,41
2015-10-22,1166.2,1168.6,1163.5,1166.6,48
2015-10-23,1166.2,1178.7,1163.3,1163.3,38
2015-10-26,1165.1,1170.0,1163.8,1167.0,176
2015-10-27,1164.5,1166.8,1162.0,1166.8,302
2015-10-28,1175.1,1182.7,1175.1,1177.1,217
2015-10-29,1158.0,1162.0,1144.9,1147.2,329
2015-10-30,1147.5,1147.6,1139.2,1141.5,249
2015-11-02,1137.9,1138.7,1132.6,1135.8,180
2015-11-03,1133.3,1134.7,1114.2,1114.2,185
2015-11-04,1119.0,1121.9,1106.5,1106.5,141
2015-11-05,1107.9,1110.7,1104.4,1104.4,84
2015-11-06,1105.2,1109.5,1084.8,1087.6,78
2015-11-09,1088.6,1088.6,1087.9,1087.9,5
2015-11-10,1090.1,1091.3,1085.0,1088.2,18
2015-11-11,1091.4,1091.4,1084.2,1084.7,15
2015-11-12,1086.0,1086.6,1080.8,1080.8,4
2015-11-13,1083.1,1085.9,1080.8,1080.8,23
2015-11-16,1092.0,1092.4,1083.7,1083.7,11
2015-11-17,1075.5,1075.8,1065.1,1068.7,6
2015-11-18,1064.0,1071.9,1064.0,1068.8,5
2015-11-19,1077.4,1082.4,1077.4,1078.0,10
2015-11-20,1082.9,1082.9,1076.4,1076.4,5
2015-11-23,1070.0,1071.5,1066.8,1066.8,57
2015-11-24,1073.2,1079.4,1073.2,1074.3,222
2015-11-25,1070.2,1072.0,1068.5,1070.5,148662
2015-11-27,1070.7,1074.2,1051.1,1056.2,52133
2015-11-30,1056.5,1068.4,1052.1,1065.8,4601
2015-12-01,1064.6,1074.6,1063.4,1063.8,3441
2015-12-02,1068.7,1069.5,1049.6,1054.2,503
2015-12-03,1054.4,1064.6,1046.2,1061.7,1161
2015-12-04,1063.0,1088.8,1058.7,1084.5,889
2015-12-07,1084.9,1086.5,1067.4,1076.4,656
2015-12-08,1071.0,1078.4,1069.6,1076.3,306
2015-12-09,1075.1,1086.0,1070.6,1077.6,386
2015-12-10,1073.0,1076.3,1071.7,1073.1,226
2015-12-11,1067.8,1079.4,1064.4,1076.9,410
2015-12-14,1074.0,1076.7,1060.0,1064.7,509
2015-12-15,1064.6,1066.2,1061.8,1062.9,220
2015-12-16,1064.8,1078.7,1064.3,1078.0,81
2015-12-17,1072.6,1072.6,1050.5,1050.8,56
2015-12-18,1053.7,1070.3,1052.7,1066.2,253
2015-12-21,1070.2,1081.9,1070.2,1081.9,26
2015-12-22,1078.6,1078.6,1073.8,1074.8,106
2015-12-23,1074.5,1074.8,1069.4,1069.4,202
2015-12-24,1074.3,1077.8,1073.5,1077.2,24
2015-12-28,1077.9,1098.8,1070.5,1070.5,361
2015-12-29,1079.1,1079.7,1077.5,1077.5,252
2015-12-30,1068.6,1070.2,1059.7,1060.1,71
2015-12-31,1061.9,1062.0,1058.5,1060.3,10
2016-01-04,1063.4,1082.5,1063.2,1075.1,143
2016-01-05,1075.6,1081.5,1075.3,1078.4,82
2016-01-06,1081.6,1093.7,1081.6,1091.9,52
2016-01-07,1091.6,1109.4,1091.6,1107.7,122
2016-01-08,1111.1,1111.1,1093.0,1097.8,98
2016-01-11,1105.7,1107.9,1096.5,1096.5,43
2016-01-12,1093.8,1098.5,1084.0,1085.6,87
2016-01-13,1081.5,1093.9,1081.5,1087.5,50
2016-01-14,1091.5,1091.5,1073.7,1073.9,59
2016-01-15,1085.0,1095.8,1081.8,1091.5,44
2016-01-19,1089.8,1094.4,1084.9,1089.9,17
2016-01-20,1099.8,1109.8,1099.8,1107.1,30
2016-01-21,1103.6,1103.6,1094.1,1099.1,16
2016-01-22,1098.0,1103.2,1097.2,1097.2,4
2016-01-25,1099.3,1109.3,1099.3,1106.2,8
2016-01-26,1115.1,1121.7,1114.3,1121.7,181
2016-01-27,1117.8,1117.8,1115.8,1116.1,168706
2016-01-28,1125.4,1125.7,1109.8,1115.6,52861
2016-01-29,1114.4,1118.6,1108.8,1116.4,6955
2016-02-01,1116.7,1130.0,1115.3,1127.9,1682
2016-02-02,1128.3,1131.4,1123.0,1127.3,1230
2016-02-03,1128.5,1146.0,1125.0,1141.3,1630
2016-02-04,1142.5,1157.6,1141.0,1157.6,771
2016-02-05,1155.6,1174.8,1146.0,1157.8,877
2016-02-08,1173.5,1200.4,1165.0,1197.9,931
2016-02-09,1188.7,1199.2,1186.7,1198.7,700
2016-02-10,1189.8,1197.7,1182.1,1194.7,671
2016-02-11,1205.6,1260.8,1204.6,1247.9,995
2016-02-12,1247.8,1247.8,1233.5,1239.1,250
2016-02-16,1233.1,1233.6,1193.6,1207.9,422
2016-02-17,1196.5,1212.9,1196.5,1211.1,53
2016-02-18,1209.6,1239.2,1201.6,1226.1,315
2016-02-19,1230.8,1232.8,1221.8,1230.4,76
2016-02-22,1226.1,1226.1,1203.0,1209.5,280
2016-02-23,1207.4,1226.1,1207.4,1222.3,351
2016-02-24,1230.0,1250.1,1230.0,1238.7,111
2016-02-25,1239.4,1241.5,1235.0,1238.2,1349
2016-02-26,1232.4,1239.1,1212.2,1219.8,656
2016-02-29,1218.6,1241.0,1218.6,1233.9,580
2016-03-01,1240.5,1248.4,1229.0,1230.3,477
2016-03-02,1232.8,1242.6,1226.0,1241.1,267
2016-03-03,1238.4,1267.9,1238.0,1257.4,123
2016-03-04,1263.0,1279.9,1250.9,1269.9,268
2016-03-07,1259.8,1272.3,1259.7,1263.2,67
2016-03-08,1268.7,1276.3,1261.0,1262.1,43
2016-03-09,1254.5,1260.0,1244.8,1256.6,79
2016-03-10,1250.0,1273.0,1237.5,1272.0,119
2016-03-11,1270.0,1280.7,1249.4,1258.7,87
2016-03-14,1256.0,1258.0,1234.5,1244.4,58
2016-03-15,1228.3,1236.0,1228.0,1230.4,37
2016-03-16,1229.5,1263.8,1228.9,1229.3,45
2016-03-17,1261.5,1270.1,1255.9,1264.5,27
2016-03-18,1257.1,1264.4,1251.5,1253.8,542
2016-03-21,1256.2,1256.2,1243.4,1243.8,1061
2016-03-22,1244.0,1252.4,1243.8,1248.2,20
2016-03-23,1247.7,1247.7,1218.6,1223.7,28
2016-03-24,1214.2,1221.4,1214.2,1221.4,13
2016-03-28,1211.5,1222.2,1210.0,1219.9,33
2016-03-29,1217.8,1235.6,1217.7,1235.6,189732
2016-03-30,1241.4,1245.0,1223.4,1226.9,48248
2016-03-31,1225.6,1239.6,1224.5,1234.2,3377
2016-04-01,1232.3,1235.2,1209.2,1222.2,1602
2016-04-04,1221.7,1222.3,1215.0,1218.0,2038
2016-04-05,1215.4,1236.7,1215.4,1228.4,477
2016-04-06,1230.4,1230.4,1217.6,1222.5,248
2016-04-07,1224.8,1242.9,1224.6,1236.2,375
2016-04-08,1241.0,1242.8,1232.0,1242.5,409
2016-04-11,1241.5,1258.7,1241.5,1256.7,437
2016-04-12,1260.0,1261.7,1253.7,1259.4,185
2016-04-13,1256.5,1256.9,1241.3,1246.8,203
2016-04-14,1231.4,1243.7,1224.5,1225.0,264
2016-04-15,1225.7,1235.0,1225.7,1233.1,97
2016-04-18,1238.7,1241.1,1232.2,1233.6,304
2016-04-19,1231.6,1256.2,1228.8,1253.0,386
2016-04-20,1256.1,1256.1,1243.0,1253.2,180
2016-04-21,1247.7,1270.6,1247.6,1249.0,124
2016-04-22,1248.5,1248.5,1228.0,1228.7,188
2016-04-25,1231.6,1240.9,1231.6,1238.9,442
2016-04-26,1239.8,1244.2,1233.0,1242.2,97
2016-04-27,1248.6,1249.5,1248.6,1249.2,547
2016-04-28,1245.9,1270.1,1238.5,1265.5,887
2016-04-29,1267.3,1295.5,1267.2,1289.2,464
2016-05-02,1292.1,1304.4,1290.4,1294.7,192
2016-05-03,1292.7,1301.5,1284.5,1290.7,151
2016-05-04,1286.9,1290.0,1273.0,1273.3,109
2016-05-05,1282.9,1286.0,1270.8,1271.4,330
2016-05-06,1278.6,1295.6,1276.9,1292.9,305
2016-05-09,1286.5,1286.5,1262.3,1265.6,341
2016-05-10,1265.1,1267.4,1258.7,1263.9,23
2016-05-11,1266.9,1279.2,1266.9,1274.6,50
2016-05-12,1267.0,1281.2,1264.0,1270.3,101
2016-05-13,1271.4,1275.7,1264.6,1271.9,66
2016-05-16,1272.8,1287.8,1272.8,1273.4,44
2016-05-17,1272.5,1281.6,1270.8,1276.2,16
2016-05-18,1276.4,1276.4,1256.8,1273.7,17
2016-05-19,1248.0,1255.5,1247.5,1254.2,69
2016-05-20,1256.6,1256.6,1252.4,1252.4,44
2016-05-23,1251.6,1251.6,1247.5,1251.1,56
2016-05-24,1240.0,1240.0,1228.2,1228.9,20
2016-05-25,1219.3,1223.5,1218.6,1223.5,5
2016-05-26,1232.6,1232.6,1220.1,1220.1,199778
2016-05-27,1220.3,1223.2,1206.4,1213.8,63739
2016-05-31,1212.5,1217.6,1199.0,1214.8,6432
2016-06-01,1215.7,1219.8,1205.4,1211.9,2717
2016-06-02,1212.4,1217.0,1209.6,1209.8,1627
2016-06-03,1209.1,1244.5,1206.4,1240.1,1622
2016-06-06,1244.4,1247.3,1240.0,1244.6,1135
2016-06-07,1244.0,1244.9,1236.5,1244.4,281
2016-06-08,1247.6,1264.0,1247.3,1259.8,406
2016-06-09,1262.5,1271.4,1258.1,1270.2,381
2016-06-10,1267.6,1278.0,1265.3,1273.4,397
2016-06-13,1276.2,1287.3,1273.0,1284.4,328
2016-06-14,1281.8,1289.7,1277.8,1285.6,554
2016-06-15,1284.6,1296.2,1278.8,1285.8,162
2016-06-16,1296.3,1316.4,1281.1,1296.1,251
2016-06-17,1280.3,1300.1,1280.3,1292.5,129
2016-06-20,1288.9,1291.2,1280.3,1290.0,153
2016-06-21,1293.9,1293.9,1266.3,1270.5,134
2016-06-22,1267.0,1269.2,1264.9,1268.0,53
2016-06-23,1263.4,1270.5,1255.2,1261.2,218
2016-06-24,1253.7,1355.6,1253.7,1320.0,694
2016-06-27,1330.0,1331.7,1320.0,1322.5,92
2016-06-28,1314.8,1315.6,1314.1,1315.3,1072
2016-06-29,1311.6,1327.4,1311.6,1323.9,414
2016-06-30,1315.8,1323.5,1314.5,1318.4,560
2016-07-01,1324.5,1344.2,1321.9,1336.7,137
2016-07-05,1342.2,1356.8,1339.7,1356.4,90
2016-07-06,1359.0,1374.9,1359.0,1364.9,130
2016-07-07,1366.8,1368.6,1350.5,1360.1,207
2016-07-08,1361.3,1365.8,1335.0,1356.6,249
2016-07-11,1371.7,1371.8,1353.0,1355.0,26
2016-07-12,1353.6,1356.0,1330.3,1334.1,252
2016-07-13,1341.5,1342.4,1336.7,1342.4,7
2016-07-14,1341.4,1341.4,1322.7,1331.3,20
2016-07-15,1333.7,1333.7,1322.9,1326.5,52
2016-07-18,1327.5,1335.0,1326.2,1328.4,54
2016-07-19,1328.5,1333.2,1326.4,1331.5,322
2016-07-20,1331.0,1337.5,1315.5,1318.8,751
2016-07-21,1312.8,1330.5,1312.8,1330.5,318
2016-07-22,1330.7,1330.7,1320.4,1323.1,55
2016-07-25,1315.7,1319.3,1313.8,1319.3,548
2016-07-26,1315.2,1320.7,1315.2,1320.7,63
2016-07-27,1326.0,1326.6,1326.0,1326.6,215388
2016-07-28,1339.5,1344.3,1330.1,1332.3,56908
2016-07-29,1333.2,1353.3,1325.8,1349.0,6076
2016-08-01,1348.8,1353.5,1345.6,1351.4,1257
2016-08-02,1352.1,1366.0,1346.6,1364.4,2941
2016-08-03,1362.4,1364.7,1353.3,1356.1,715
2016-08-04,1354.4,1361.6,1347.0,1358.8,381
2016-08-05,1357.6,1360.8,1333.7,1336.4,1107
2016-08-08,1330.0,1335.4,1327.8,1333.4,587
2016-08-09,1331.8,1339.4,1328.5,1339.0,620
2016-08-10,1344.8,1354.2,1344.3,1344.3,110
2016-08-11,1341.6,1350.4,1334.8,1342.5,666
2016-08-12,1336.8,1351.8,1333.2,1335.8,113
2016-08-15,1336.5,1340.6,1333.6,1340.3,62
2016-08-16,1342.2,1355.0,1341.0,1350.5,338
2016-08-17,1345.5,1347.3,1338.6,1342.7,135
2016-08-18,1351.3,1354.4,1348.2,1351.2,140
2016-08-19,1350.1,1350.1,1338.6,1340.4,197
2016-08-22,1334.4,1337.7,1333.3,1337.7,117
2016-08-23,1337.0,1341.2,1334.3,1340.6,551
2016-08-24,1337.2,1337.2,1322.9,1324.4,262
2016-08-25,1321.4,1324.0,1317.0,1320.1,58
2016-08-26,1323.8,1340.5,1320.1,1321.5,141
2016-08-29,1315.0,1323.0,1315.0,1322.9,437
2016-08-30,1322.0,1322.1,1308.0,1311.7,705
2016-08-31,1310.3,1313.7,1306.3,1306.9,214
2016-09-01,1305.3,1313.1,1301.5,1312.2,225
2016-09-02,1309.6,1326.7,1309.2,1322.1,55
2016-09-06,1323.3,1349.4,1323.2,1349.4,46
2016-09-07,1348.4,1350.5,1343.9,1344.3,14
2016-09-08,1344.8,1345.4,1335.7,1336.8,30
2016-09-09,1338.5,1338.5,1328.0,1330.1,35
2016-09-12,1327.0,1329.3,1319.9,1321.0,177
2016-09-13,1324.6,1324.6,1315.0,1319.0,79
2016-09-14,1319.2,1322.3,1319.2,1321.5,73
2016-09-15,1320.7,1320.7,1310.8,1313.5,37
2016-09-16,1312.2,1312.6,1305.8,1305.8,4
2016-09-19,1313.5,1313.5,1313.5,1313.5,20
2016-09-20,1313.7,1313.7,1313.7,1313.7,97
2016-09-21,1326.3,1326.9,1324.0,1326.9,76
2016-09-22,1338.6,1340.4,1338.2,1340.4,23
2016-09-23,1337.2,1337.2,1337.2,1337.2,40
2016-09-26,1335.2,1341.8,1335.2,1339.7,24
2016-09-27,1328.0,1328.7,1325.9,1325.9,48
2016-09-28,1319.4,1319.4,1319.4,1319.4,10551
2016-09-29,1321.2,1325.0,1314.7,1321.7,6108
2016-09-30,1320.6,1327.7,1312.9,1313.3,868
2016-10-03,1313.5,1316.8,1308.2,1309.0,299
2016-10-04,1307.6,1310.2,1266.3,1266.3,1893
2016-10-05,1272.1,1274.0,1261.3,1265.2,246
2016-10-06,1265.3,1265.3,1249.8,1249.8,114
2016-10-07,1253.9,1263.6,1248.9,1248.9,169
2016-10-11,1258.9,1258.9,1253.0,1253.0,26
2016-10-12,1251.7,1254.0,1251.1,1251.1,127
2016-10-13,1258.7,1259.0,1255.0,1255.0,315
2016-10-14,1253.9,1253.9,1250.6,1253.1,311
2016-10-17,1249.9,1255.0,1249.9,1254.4,41
2016-10-18,1260.9,1261.7,1260.8,1260.8,11
2016-10-19,1262.9,1271.5,1262.9,1267.9,219
2016-10-20,1270.0,1270.5,1265.5,1265.6,415
2016-10-21,1265.9,1265.9,1265.9,1265.9,224
2016-10-24,1269.2,1269.2,1261.8,1262.0,42
2016-10-25,1264.1,1274.1,1264.1,1271.9,61
2016-10-26,1274.0,1274.0,1264.8,1264.8,279
2016-10-27,1269.4,1269.4,1267.9,1267.9,338
2016-10-28,1270.3,1281.5,1262.0,1275.5,560
2016-10-31,1276.6,1276.6,1271.5,1271.5,58
2016-11-01,1279.3,1290.7,1279.0,1286.4,49
2016-11-02,1288.3,1307.0,1288.3,1306.8,30
2016-11-03,1296.4,1303.1,1287.3,1302.1,73
2016-11-04,1300.0,1303.3,1296.7,1303.3,11
2016-11-07,1292.0,1294.5,1278.3,1278.3,34
2016-11-08,1284.1,1289.4,1273.2,1273.4,50
2016-11-09,1272.2,1318.6,1270.0,1272.6,108
2016-11-10,1274.4,1287.5,1253.3,1265.5,63
2016-11-14,1227.8,1229.5,1210.4,1221.2,216
2016-11-15,1224.3,1226.0,1222.5,1224.0,20
2016-11-16,1229.3,1229.3,1223.0,1223.4,66
2016-11-17,1224.6,1225.0,1211.0,1216.5,1139
2016-11-18,1211.9,1211.9,1207.2,1208.5,607
2016-11-21,1209.6,1209.6,1209.6,1209.6,19
2016-11-22,1210.4,1211.1,1207.6,1211.0,19
2016-11-23,1212.8,1213.8,1186.8,1189.1,309
2016-11-25,1177.0,1189.3,1177.0,1178.2,14
2016-11-28,1188.0,1190.6,1188.0,1190.6,189914
2016-11-29,1193.2,1194.8,1179.4,1187.9,42124
2016-11-30,1187.1,1193.3,1167.9,1170.8,7158
2016-12-01,1172.7,1174.6,1160.0,1166.9,1588
2016-12-02,1172.3,1177.3,1166.4,1175.1,1521
2016-12-05,1181.8,1186.7,1157.0,1174.0,358
2016-12-06,1170.9,1174.5,1167.1,1167.6,652
2016-12-07,1167.7,1178.5,1166.4,1175.0,182
2016-12-08,1173.8,1177.8,1169.1,1169.8,322
2016-12-09,1166.6,1168.8,1156.0,1159.4,365
2016-12-12,1158.3,1163.9,1153.0,1163.5,331
2016-12-13,1163.5,1164.0,1155.4,1156.7,637
2016-12-14,1159.8,1164.0,1142.0,1161.3,487
2016-12-15,1139.8,1143.3,1123.9,1127.8,244
2016-12-16,1126.9,1140.9,1126.9,1135.3,146
2016-12-19,1139.4,1140.7,1137.9,1140.5,249
2016-12-20,1133.5,1133.5,1126.5,1131.5,46
2016-12-21,1136.1,1136.1,1130.0,1131.1,50
2016-12-22,1131.2,1132.8,1128.3,1128.8,104
2016-12-23,1130.9,1132.8,1130.3,1131.9,70
2016-12-27,1134.3,1142.2,1134.3,1137.3,84
2016-12-28,1141.2,1141.2,1138.0,1139.4,1570
2016-12-29,1143.8,1158.8,1143.6,1156.4,950
2016-12-30,1162.0,1162.0,1150.0,1150.0,16
2017-01-03,1155.2,1160.8,1146.5,1160.4,52
2017-01-04,1156.3,1165.0,1156.3,1163.8,36
2017-01-05,1172.0,1183.3,1171.5,1179.7,500
2017-01-06,1176.5,1176.5,1171.9,1171.9,16
2017-01-09,1173.9,1183.6,1173.0,1183.5,62
2017-01-10,1184.3,1188.9,1182.3,1184.2,8
2017-01-11,1187.5,1197.0,1176.5,1195.6,20
2017-01-12,1192.7,1204.3,1192.3,1198.9,110
2017-01-13,1195.7,1196.0,1187.7,1195.3,65
2017-01-17,1205.5,1214.6,1200.8,1212.0,79
2017-01-18,1213.6,1214.7,1203.1,1211.3,114
2017-01-19,1200.5,1204.0,1195.8,1200.9,26
2017-01-20,1202.8,1212.1,1202.8,1204.3,38
2017-01-23,1212.0,1215.0,1210.0,1215.0,16
2017-01-24,1219.0,1219.0,1207.7,1210.3,24
2017-01-25,1202.0,1202.8,1194.9,1197.3,403
2017-01-26,1199.7,1199.7,1185.6,1189.5,19
2017-01-27,1187.9,1188.3,1187.9,1188.1,234352
2017-01-30,1191.7,1198.5,1187.1,1193.2,50503
2017-01-31,1194.9,1214.7,1193.5,1208.6,3212
2017-02-01,1211.9,1211.9,1197.9,1205.6,1145
2017-02-02,1209.7,1224.2,1208.9,1216.7,1512
2017-02-03,1214.9,1220.6,1206.2,1218.5,865
2017-02-06,1221.9,1235.4,1218.5,1230.0,908
2017-02-07,1234.2,1236.2,1228.5,1234.2,1177
2017-02-08,1232.1,1243.9,1231.0,1237.6,288
2017-02-09,1239.4,1243.5,1226.9,1235.1,885
2017-02-10,1227.6,1234.4,1221.5,1234.4,391
2017-02-13,1230.5,1231.1,1219.0,1224.4,398
2017-02-14,1225.9,1233.5,1222.1,1223.9,159
2017-02-15,1225.5,1231.7,1217.3,1231.7,175
2017-02-16,1234.5,1240.7,1233.2,1240.0,87
2017-02-17,1240.7,1241.2,1234.8,1237.6,301
2017-02-21,1237.3,1237.5,1228.1,1237.5,119
2017-02-22,1236.1,1238.6,1231.8,1232.0,36
2017-02-23,1236.1,1250.3,1236.1,1250.2,112
2017-02-24,1250.0,1258.8,1250.0,1256.9,1264
2017-02-27,1254.7,1263.1,1250.4,1257.4,544
2017-02-28,1253.6,1257.3,1247.2,1252.6,721
2017-03-01,1247.8,1248.9,1236.9,1248.9,138
2017-03-02,1247.2,1247.6,1230.7,1231.9,79
2017-03-03,1231.7,1235.2,1222.9,1225.5,121
2017-03-06,1235.2,1235.2,1224.5,1224.5,29
2017-03-07,1224.3,1225.4,1213.7,1215.1,53
2017-03-08,1212.2,1212.2,1206.7,1208.5,24
2017-03-09,1204.5,1205.6,1202.3,1202.4,37
2017-03-10,1196.2,1203.3,1196.2,1200.7,3
2017-03-13,1206.2,1210.0,1202.3,1202.4,35
2017-03-14,1203.1,1205.9,1196.8,1201.9,22
2017-03-15,1198.2,1221.2,1197.7,1200.1,36
2017-03-16,1222.2,1231.4,1222.2,1226.5,47
2017-03-17,1227.1,1230.9,1227.1,1229.8,26
2017-03-20,1229.3,1234.4,1229.3,1233.6,23
2017-03-21,1226.4,1246.1,1226.4,1246.1,11
2017-03-22,1247.9,1249.5,1247.7,1249.3,3
2017-03-23,1246.4,1247.5,1244.8,1246.9,16
2017-03-24,1248.0,1248.3,1247.6,1248.2,3
2017-03-27,1255.8,1257.7,1253.8,1255.4,72
2017-03-28,1255.9,1255.9,1255.3,1255.3,19
2017-03-29,1252.2,1253.4,1252.1,1253.4,190678
2017-03-30,1253.1,1253.6,1241.1,1245.0,51328
2017-03-31,1242.1,1248.8,1238.7,1247.3,8223
2017-04-03,1247.5,1252.4,1243.6,1250.8,1160
2017-04-04,1253.1,1260.3,1253.0,1255.0,724
2017-04-05,1255.4,1255.4,1243.0,1245.4,907
2017-04-06,1256.1,1257.5,1249.0,1250.3,169
2017-04-07,1249.5,1269.1,1249.5,1254.3,445
2017-04-10,1252.7,1255.2,1246.8,1251.1,182
2017-04-11,1254.5,1273.5,1254.5,1271.2,401
2017-04-12,1275.0,1285.1,1272.0,1275.3,492
2017-04-13,1285.3,1287.6,1282.0,1285.9,915
2017-04-17,1291.8,1294.8,1284.3,1289.4,73
2017-04-18,1283.9,1291.7,1278.6,1291.7,394
2017-04-19,1288.0,1288.0,1274.0,1281.4,194
2017-04-20,1279.7,1281.9,1276.2,1281.9,127
2017-04-21,1279.8,1287.4,1279.2,1287.4,474
2017-04-24,1275.0,1276.4,1265.0,1275.8,605
2017-04-25,1275.6,1276.9,1262.1,1265.6,356
2017-04-26,1266.0,1266.0,1262.1,1262.1,1156
2017-04-27,1266.7,1267.2,1262.2,1263.7,206
2017-04-28,1265.9,1267.2,1264.7,1266.1,85
2017-05-01,1268.7,1269.3,1253.3,1253.3,34
2017-05-02,1256.2,1256.2,1251.2,1255.1,90
2017-05-03,1255.1,1255.8,1238.7,1246.4,195
2017-05-04,1239.8,1239.8,1224.2,1226.5,72
2017-05-05,1227.0,1233.7,1224.8,1224.8,16
2017-05-08,1224.0,1234.0,1224.0,1225.3,43
2017-05-09,1226.1,1226.2,1214.0,1214.3,55
2017-05-10,1219.8,1220.2,1217.3,1217.3,23
2017-05-11,1218.5,1222.7,1218.3,1222.7,13
2017-05-12,1228.0,1229.5,1226.1,1226.2,29
2017-05-15,1227.5,1232.7,1227.5,1228.6,13
2017-05-16,1230.4,1237.3,1230.4,1235.0,20
2017-05-17,1241.0,1259.2,1240.7,1257.5,26
2017-05-18,1254.8,1260.0,1245.8,1251.7,43
2017-05-19,1252.7,1252.7,1252.7,1252.7,14
2017-05-22,1251.7,1260.7,1251.7,1260.7,14
2017-05-23,1261.5,1261.6,1250.6,1254.8,20
2017-05-24,1251.9,1257.8,1249.7,1252.4,14
2017-05-25,1257.1,1258.3,1255.8,1255.8,11
2017-05-26,1267.6,1267.6,1267.6,1267.6,271457
2017-05-30,1267.4,1270.0,1258.4,1262.1,129819
2017-05-31,1262.4,1273.2,1258.5,1272.0,2712
2017-06-01,1268.0,1269.2,1260.8,1267.0,825
2017-06-02,1265.2,1279.0,1259.0,1276.8,1732
2017-06-05,1279.2,1282.0,1277.0,1279.3,433
2017-06-06,1279.4,1295.2,1279.4,1294.4,942
2017-06-07,1291.6,1293.1,1284.3,1290.1,641
2017-06-08,1285.4,1287.6,1268.1,1276.3,319
2017-06-09,1277.9,1277.9,1264.6,1268.5,467
2017-06-12,1266.4,1269.3,1263.2,1266.1,255
2017-06-13,1264.1,1266.9,1259.7,1265.8,150
2017-06-14,1269.4,1278.0,1256.8,1272.8,336
2017-06-15,1263.2,1264.2,1250.3,1252.2,743
2017-06-16,1252.8,1255.3,1251.3,1254.0,34
2017-06-19,1252.1,1252.2,1241.9,1244.2,108
2017-06-20,1242.2,1245.5,1240.5,1241.0,75
2017-06-21,1244.1,1245.0,1240.0,1243.4,205
2017-06-22,1251.0,1252.7,1246.3,1247.6,156
2017-06-23,1250.0,1273.6,1249.8,1256.2,269
2017-06-26,1260.2,1260.2,1241.6,1246.3,194
2017-06-27,1251.6,1251.8,1245.9,1246.4,111
2017-06-28,1248.5,1248.5,1248.0,1248.0,370
2017-06-29,1248.2,1250.7,1238.1,1244.2,540
2017-06-30,1243.7,1243.7,1239.1,1240.7,43
2017-07-03,1236.0,1236.0,1217.9,1217.9,33
2017-07-05,1222.5,1225.0,1217.1,1220.4,40
2017-07-06,1225.1,1225.1,1222.2,1222.2,5
2017-07-07,1219.1,1220.4,1208.6,1208.6,116
2017-07-10,1211.4,1212.1,1209.6,1212.1,28
2017-07-11,1208.7,1214.9,1208.7,1213.6,12
2017-07-12,1218.3,1219.4,1217.9,1218.1,7
2017-07-13,1221.4,1221.4,1216.3,1216.3,7
2017-07-14,1214.9,1227.5,1214.8,1226.6,23
2017-07-17,1229.9,1233.4,1229.9,1232.8,7
2017-07-18,1236.2,1241.2,1236.2,1241.1,29
2017-07-19,1240.4,1241.2,1240.1,1241.2,3
2017-07-20,1236.6,1244.8,1236.6,1244.8,5
2017-07-21,1250.7,1254.3,1250.5,1254.3,16
2017-07-24,1256.0,1256.0,1253.9,1253.9,8
2017-07-25,1252.7,1253.6,1249.2,1251.7,18
2017-07-26,1244.8,1249.0,1244.8,1249.0,7
2017-07-27,1259.6,1259.6,1259.6,1259.6,220309
2017-07-28,1258.4,1270.0,1256.9,1268.4,64180
2017-07-31,1268.9,1270.8,1265.8,1266.6,7780
2017-08-01,1268.4,1273.3,1262.0,1272.6,1061
2017-08-02,1268.5,1272.1,1262.9,1271.8,393
2017-08-03,1265.9,1269.8,1256.6,1267.8,878
2017-08-04,1269.0,1269.6,1253.9,1258.3,521
2017-08-07,1258.7,1259.1,1255.3,1258.2,260
2017-08-08,1256.9,1264.1,1251.4,1256.4,555
2017-08-09,1260.2,1277.8,1260.2,1273.0,574
2017-08-10,1276.6,1287.4,1274.9,1283.7,608
2017-08-11,1286.3,1291.1,1282.0,1287.7,139
2017-08-14,1288.4,1288.4,1278.8,1284.2,338
2017-08-15,1280.5,1280.5,1267.4,1273.7,188
2017-08-16,1271.3,1282.6,1269.4,1276.9,110
2017-08-17,1283.8,1288.5,1283.2,1286.4,43
2017-08-18,1288.6,1300.7,1284.3,1285.7,358
2017-08-21,1285.2,1290.8,1284.7,1290.8,18
2017-08-22,1287.2,1288.4,1283.2,1285.1,100
2017-08-23,1289.4,1289.4,1286.9,1288.9,250
2017-08-24,1288.7,1288.7,1284.0,1286.5,550
2017-08-25,1285.4,1292.7,1280.3,1292.5,280
2017-08-28,1293.5,1311.3,1293.5,1309.7,145
2017-08-29,1318.8,1323.8,1313.1,1313.1,1178
2017-08-30,1308.2,1312.5,1304.9,1308.1,1178
2017-08-31,1306.6,1322.3,1301.7,1316.2,373
2017-09-01,1320.2,1327.7,1316.9,1324.5,313
2017-09-05,1335.2,1339.2,1328.6,1339.2,39
2017-09-06,1340.0,1340.3,1332.6,1333.9,20
2017-09-07,1336.4,1349.0,1336.4,1345.1,26
2017-09-08,1351.0,1355.8,1345.6,1346.0,37
2017-09-11,1331.0,1331.0,1327.3,1331.0,9
2017-09-12,1327.0,1328.0,1325.2,1328.0,15
2017-09-13,1323.4,1323.4,1323.4,1323.4,16
2017-09-14,1319.6,1329.3,1319.6,1324.7,316
2017-09-15,1320.6,1321.2,1319.8,1320.4,15
2017-09-18,1309.8,1310.4,1306.0,1306.3,129
2017-09-19,1307.9,1310.3,1305.1,1306.2,20
2017-09-20,1312.0,1312.0,1298.7,1312.0,12
2017-09-21,1299.1,1304.1,1290.3,1290.6,336
2017-09-22,1295.0,1295.7,1293.3,1293.3,209
2017-09-25,1293.1,1309.2,1291.0,1306.8,51
2017-09-26,1304.5,1305.6,1297.0,1297.0,39
2017-09-27,1283.4,1283.4,1283.4,1283.4,19488
2017-09-28,1283.1,1288.0,1277.0,1285.5,5226
2017-09-29,1284.2,1289.4,1281.5,1281.5,492
2017-10-02,1275.0,1276.1,1270.4,1272.7,136
2017-10-03,1269.7,1273.3,1268.6,1271.5,192
2017-10-04,1273.8,1280.8,1270.0,1273.7,218
2017-10-05,1277.8,1277.8,1267.6,1269.9,36
2017-10-06,1267.6,1272.0,1260.5,1271.6,46
2017-10-09,1280.6,1284.0,1279.0,1281.8,19
2017-10-10,1282.6,1293.0,1281.7,1290.6,18
2017-10-11,1287.3,1292.0,1284.9,1285.8,21
2017-10-12,1291.5,1294.5,1289.3,1293.3,14
2017-10-13,1293.3,1301.7,1291.7,1301.5,74
2017-10-16,1302.0,1303.8,1291.9,1299.9,173
2017-10-17,1295.1,1295.1,1283.0,1283.0,571
2017-10-18,1279.9,1279.9,1279.9,1279.9,163
2017-10-19,1286.4,1286.9,1285.1,1286.9,134
2017-10-20,1279.6,1279.6,1277.4,1277.4,304
2017-10-23,1274.7,1280.8,1271.5,1277.7,115
2017-10-24,1275.5,1275.5,1273.7,1275.0,111
2017-10-25,1269.9,1275.4,1269.9,1275.4,105
2017-10-26,1273.5,1273.5,1264.7,1266.3,39
2017-10-27,1268.4,1268.5,1267.1,1268.5,567
2017-10-30,1270.0,1274.1,1267.9,1274.1,222
2017-10-31,1273.1,1274.6,1266.1,1267.0,235
2017-11-01,1272.2,1274.8,1270.3,1274.1,78
2017-11-02,1274.9,1274.9,1274.9,1274.9,70
2017-11-03,1265.3,1267.9,1265.3,1266.5,75
2017-11-06,1269.0,1280.5,1269.0,1279.4,128
2017-11-07,1276.8,1276.8,1270.4,1273.7,11
2017-11-08,1275.9,1284.9,1274.7,1281.6,15
2017-11-09,1279.7,1286.9,1279.7,1285.6,18
2017-11-10,1283.5,1283.5,1272.4,1272.4,10
2017-11-13,1277.3,1277.3,1277.0,1277.3,3
2017-11-14,1276.9,1281.5,1276.9,1281.5,4
2017-11-15,1281.4,1284.7,1275.9,1276.5,13
2017-11-16,1277.5,1277.5,1277.4,1277.4,43
2017-11-17,1288.3,1295.8,1288.3,1295.8,1
2017-11-20,1274.6,1275.9,1274.6,1274.6,1
2017-11-21,1281.1,1281.1,1281.1,1281.1,4
2017-11-22,1284.7,1291.6,1282.9,1291.6,4
2017-11-24,1286.7,1286.7,1286.7,1286.7,0
2017-11-27,1293.8,1293.8,1293.8,1293.8,1
2017-11-28,1294.7,1294.7,1294.7,1294.7,275442
2017-11-29,1293.4,1296.2,1281.1,1282.1,47244
2017-11-30,1283.1,1284.5,1269.7,1273.2,3049
2017-12-01,1274.1,1288.6,1271.0,1278.8,823
2017-12-04,1272.5,1276.1,1270.3,1274.3,850
2017-12-05,1275.4,1275.8,1260.0,1261.6,1499
2017-12-06,1264.9,1267.8,1261.6,1262.8,373
2017-12-07,1262.3,1262.4,1243.9,1249.8,358
2017-12-08,1246.3,1249.3,1241.5,1245.2,157
2017-12-11,1248.4,1249.2,1239.9,1243.7,146
2017-12-12,1241.3,1244.4,1236.5,1238.5,692
2017-12-13,1241.9,1254.5,1239.8,1245.4,349
2017-12-14,1252.9,1257.7,1250.3,1253.8,139
2017-12-15,1253.1,1260.3,1253.1,1254.3,578
2017-12-18,1256.2,1262.4,1255.7,1262.2,45
2017-12-19,1261.1,1264.3,1259.5,1260.7,329
2017-12-20,1261.3,1266.6,1261.3,1266.1,63
2017-12-21,1266.4,1267.4,1264.3,1267.3,226
2017-12-22,1266.3,1276.3,1266.3,1275.4,119
2017-12-26,1282.4,1284.1,1281.8,1284.1,84
2017-12-27,1284.0,1287.0,1284.0,1287.0,456
2017-12-28,1288.2,1294.1,1288.2,1294.1,245
2017-12-29,1294.2,1306.3,1294.0,1306.3,65
2018-01-02,1302.3,1317.6,1302.3,1313.7,68
2018-01-03,1320.0,1320.1,1312.1,1316.2,42
2018-01-04,1319.4,1322.0,1319.4,1319.4,2
2018-01-05,1320.3,1320.3,1320.3,1320.3,1
2018-01-08,1319.9,1319.9,1314.6,1318.6,41
2018-01-09,1309.6,1311.7,1309.6,1311.7,16
2018-01-10,1320.3,1320.7,1315.3,1317.4,70
2018-01-11,1317.1,1320.6,1316.3,1320.6,9
2018-01-12,1327.8,1338.2,1327.8,1333.4,14
2018-01-16,1331.1,1335.4,1331.0,1335.4,13
2018-01-17,1334.4,1338.0,1326.8,1338.0,27
2018-01-18,1328.9,1328.9,1326.0,1326.0,211
2018-01-19,1330.1,1333.0,1330.1,1331.9,50
2018-01-22,1328.4,1330.9,1328.4,1330.9,162
2018-01-23,1335.8,1335.9,1335.7,1335.7,47
2018-01-24,1355.9,1357.2,1355.9,1355.9,18
2018-01-25,1356.3,1362.4,1346.7,1362.4,4
2018-01-26,1351.6,1352.0,1350.9,1351.6,280546
2018-01-30,1338.7,1347.8,1332.8,1335.4,52100
2018-01-31,1337.5,1346.9,1331.8,1339.0,4881
2018-02-01,1343.8,1350.6,1336.8,1344.3,1680
2018-02-02,1348.5,1352.1,1327.7,1333.7,2841
2018-02-05,1331.1,1340.2,1329.0,1333.0,641
2018-02-06,1338.2,1343.7,1319.5,1326.1,529
2018-02-07,1325.4,1331.1,1310.5,1311.6,491
2018-02-08,1317.1,1321.1,1307.0,1316.9,459
2018-02-09,1320.9,1322.0,1311.9,1313.1,451
2018-02-12,1323.8,1325.5,1318.0,1324.2,140
2018-02-13,1324.5,1329.6,1323.4,1328.1,71
2018-02-14,1332.8,1355.5,1324.0,1355.5,400
2018-02-15,1352.0,1355.9,1349.7,1352.1,111
2018-02-16,1354.0,1361.4,1344.9,1353.2,110
2018-02-20,1348.4,1350.2,1328.5,1328.8,283
2018-02-21,1326.8,1331.5,1324.4,1330.0,119
2018-02-22,1322.0,1331.4,1322.0,1330.6,70
2018-02-23,1328.0,1332.1,1327.7,1328.2,427
2018-02-26,1335.0,1340.5,1330.7,1330.7,652
2018-02-27,1331.7,1332.6,1312.7,1315.5,710
2018-02-28,1315.4,1321.0,1315.4,1315.5,58
2018-03-01,1310.4,1318.1,1301.8,1302.9,43
2018-03-02,1314.3,1323.2,1314.3,1321.1,155
2018-03-05,1323.5,1325.9,1318.1,1318.1,18
2018-03-06,1321.6,1333.6,1321.4,1333.6,18
2018-03-07,1338.1,1338.1,1326.0,1326.0,27
2018-03-08,1324.8,1326.8,1319.3,1319.9,62
2018-03-09,1316.8,1322.4,1313.0,1322.4,88
2018-03-12,1319.4,1319.4,1319.4,1319.4,0
2018-03-13,1325.9,1325.9,1325.3,1325.9,13
2018-03-14,1322.2,1324.4,1322.2,1324.4,19
2018-03-15,1316.8,1316.8,1316.8,1316.8,0
2018-03-16,1310.1,1311.3,1310.1,1311.3,34
2018-03-19,1309.4,1316.9,1307.3,1316.8,6
2018-03-20,1311.1,1311.1,1311.1,1311.1,4
2018-03-21,1312.4,1328.8,1312.4,1320.7,34
2018-03-22,1326.6,1326.6,1326.6,1326.6,0
2018-03-23,1343.2,1349.3,1343.2,1349.3,8
2018-03-26,1348.5,1354.4,1345.1,1354.4,10
2018-03-27,1341.0,1341.3,1341.0,1341.3,290889
2018-03-28,1345.0,1346.4,1322.4,1324.2,59284
2018-03-29,1324.0,1327.1,1321.7,1322.8,5585
2018-04-02,1327.0,1344.2,1324.7,1342.1,649
2018-04-03,1340.4,1341.5,1328.5,1332.8,702
2018-04-04,1331.8,1347.3,1331.6,1335.8,718
2018-04-05,1333.5,1333.7,1322.6,1324.3,258
2018-04-06,1326.5,1333.0,1319.0,1331.9,348
2018-04-09,1333.0,1337.5,1327.0,1336.3,290
2018-04-10,1335.2,1342.0,1333.0,1342.0,105
2018-04-11,1340.1,1365.4,1340.1,1356.5,118
2018-04-12,1351.2,1351.5,1334.6,1338.4,34
2018-04-13,1335.9,1346.0,1335.9,1344.8,67
2018-04-16,1341.0,1348.8,1341.0,1347.5,60
2018-04-17,1348.0,1348.1,1339.0,1347.2,409
2018-04-18,1343.5,1354.2,1343.5,1351.2,45
2018-04-19,1348.6,1355.2,1341.6,1346.8,387
2018-04-20,1342.5,1343.4,1335.3,1336.7,310
2018-04-23,1334.0,1334.4,1322.5,1322.5,68
2018-04-24,1326.4,1331.7,1326.2,1331.4,28
2018-04-25,1324.0,1325.0,1320.0,1321.2,278
2018-04-26,1315.7,1316.3,1315.7,1316.3,569
2018-04-27,1315.3,1321.7,1312.8,1320.3,622
2018-04-30,1309.6,1316.2,1309.6,1316.2,49
2018-05-01,1313.2,1313.8,1303.4,1303.8,28
2018-05-02,1309.0,1309.3,1302.6,1302.6,23
2018-05-03,1310.7,1310.7,1310.7,1310.7,4
2018-05-04,1312.7,1312.7,1312.7,1312.7,0
2018-05-07,1310.6,1312.5,1310.2,1312.2,4
2018-05-08,1310.1,1312.0,1308.5,1312.0,337
2018-05-09,1311.3,1311.3,1311.3,1311.3,70
2018-05-10,1312.2,1320.8,1312.2,1320.8,8
2018-05-11,1319.0,1319.0,1319.0,1319.0,3
2018-05-14,1319.9,1319.9,1316.5,1316.5,4
2018-05-15,1304.6,1304.7,1288.9,1288.9,8
2018-05-16,1290.9,1294.0,1285.4,1290.2,26
2018-05-17,1291.3,1291.3,1288.2,1288.2,2
2018-05-18,1285.2,1290.2,1285.2,1290.2,2
2018-05-21,1287.4,1292.1,1287.4,1290.2,52
2018-05-22,1291.7,1291.7,1291.7,1291.7,50
2018-05-23,1289.3,1289.3,1289.3,1289.3,10
2018-05-24,1303.7,1303.7,1303.7,1303.7,0
2018-05-25,1303.3,1303.3,1303.3,1303.3,1
2018-05-29,1298.7,1298.7,1298.7,1298.7,386334
2018-05-30,1298.0,1303.7,1295.2,1301.5,50845
2018-05-31,1301.0,1306.8,1296.6,1300.1,4082
2018-06-01,1298.6,1299.5,1288.9,1294.8,663
2018-06-04,1293.9,1297.1,1290.0,1293.1,144
2018-06-05,1292.1,1299.8,1289.9,1297.5,357
2018-06-06,1296.1,1300.4,1294.1,1297.1,373
2018-06-07,1298.4,1302.8,1296.2,1298.7,79
2018-06-08,1295.3,1299.4,1294.8,1298.1,650
2018-06-11,1299.3,1302.0,1295.2,1298.9,71
2018-06-12,1297.8,1298.1,1292.7,1295.1,153
2018-06-13,1294.0,1299.4,1290.9,1296.9,135
2018-06-14,1297.2,1307.7,1297.2,1304.0,42
2018-06-15,1297.2,1307.7,1274.0,1274.6,589
2018-06-18,1280.7,1280.7,1276.2,1276.2,35
2018-06-19,1278.7,1281.8,1269.9,1275.6,34
2018-06-20,1274.4,1274.4,1271.2,1271.2,7
2018-06-21,1262.7,1268.9,1260.0,1267.2,46
2018-06-22,1268.1,1270.2,1267.0,1267.4,74
2018-06-25,1270.6,1271.2,1265.6,1265.6,37
2018-06-26,1267.2,1267.2,1256.6,1256.6,89
2018-06-27,1255.5,1255.5,1252.3,1252.8,1162
2018-06-28,1251.7,1251.7,1244.8,1247.8,378
2018-06-29,1250.3,1253.3,1249.1,1251.3,48
2018-07-02,1249.9,1249.9,1239.8,1239.8,29
2018-07-03,1238.1,1254.1,1237.0,1251.6,36
2018-07-05,1255.5,1257.3,1253.6,1257.3,9
2018-07-06,1255.5,1255.5,1254.3,1254.3,7
2018-07-09,1258.2,1262.3,1257.7,1258.1,37
2018-07-10,1256.2,1256.9,1249.3,1253.8,65
2018-07-11,1253.2,1253.2,1242.8,1242.8,30
2018-07-12,1240.9,1246.7,1240.9,1245.0,7
2018-07-13,1244.7,1247.0,1239.6,1239.6,2
2018-07-16,1242.7,1243.8,1238.1,1238.1,2
2018-07-17,1225.7,1225.7,1225.7,1225.7,0
2018-07-18,1226.7,1226.7,1222.2,1226.3,67
2018-07-19,1227.2,1228.0,1211.7,1222.4,33
2018-07-20,1229.5,1229.5,1229.5,1229.5,0
2018-07-23,1222.0,1224.0,1222.0,1224.0,1
2018-07-24,1223.9,1223.9,1223.9,1223.9,0
2018-07-25,1231.4,1231.4,1231.4,1231.4,0
2018-07-26,1227.8,1227.8,1225.3,1225.3,1
2018-07-27,1222.6,1222.6,1222.6,1222.6,254428
2018-07-30,1222.5,1223.9,1218.1,1221.3,62239
2018-07-31,1220.4,1228.1,1213.0,1223.7,2722
2018-08-01,1222.9,1223.7,1214.4,1217.9,1026
2018-08-02,1214.7,1219.3,1205.8,1210.6,411
2018-08-03,1206.5,1218.6,1205.1,1214.2,784
2018-08-06,1214.4,1214.4,1206.6,1208.6,297
2018-08-07,1207.8,1214.8,1207.8,1209.6,715
2018-08-08,1212.0,1215.2,1205.9,1212.6,209
2018-08-09,1214.5,1215.3,1211.6,1211.9,44
2018-08-10,1212.5,1216.4,1205.6,1211.1,75
2018-08-13,1207.0,1207.4,1191.3,1191.3,78
2018-08-14,1193.1,1197.5,1192.8,1193.0,92
2018-08-15,1187.8,1188.1,1174.6,1177.5,71
2018-08-16,1173.2,1180.2,1161.4,1176.2,123
2018-08-17,1174.7,1181.2,1174.7,1176.5,66
2018-08-20,1184.8,1190.0,1184.4,1186.8,68
2018-08-21,1189.8,1192.6,1189.8,1192.6,22
2018-08-22,1194.7,1196.3,1194.7,1196.3,17
2018-08-23,1189.3,1190.3,1184.9,1187.0,95
2018-08-24,1185.3,1208.0,1185.3,1206.3,12
2018-08-27,1210.3,1211.4,1205.2,1209.0,154
2018-08-28,1209.7,1217.0,1202.3,1207.4,136
2018-08-29,1205.2,1205.2,1202.4,1204.5,817
2018-08-30,1205.4,1205.6,1196.0,1197.7,493
2018-08-31,1207.1,1208.2,1199.1,1200.3,191
2018-09-04,1193.8,1193.8,1189.9,1192.7,26
2018-09-05,1192.5,1196.0,1192.5,1194.9,21
2018-09-06,1202.0,1202.0,1197.9,1197.9,7
2018-09-07,1198.3,1198.3,1193.1,1193.6,29
2018-09-10,1193.0,1193.0,1193.0,1193.0,11
2018-09-11,1190.4,1196.3,1190.4,1195.4,21
2018-09-12,1205.0,1205.0,1204.7,1204.7,37
2018-09-13,1203.4,1203.4,1200.0,1202.0,22
2018-09-14,1195.0,1195.0,1195.0,1195.0,1
2018-09-17,1199.7,1199.7,1199.7,1199.7,0
2018-09-18,1198.7,1198.7,1196.8,1196.8,2
2018-09-19,1202.2,1202.2,1202.2,1202.2,0
2018-09-20,1206.2,1206.2,1206.2,1206.2,0
2018-09-21,1196.2,1196.2,1196.2,1196.2,0
2018-09-24,1199.3,1199.3,1199.3,1199.3,0
2018-09-25,1202.1,1202.8,1200.0,1200.0,21
2018-09-26,1194.0,1194.0,1194.0,1194.0,17857
2018-09-27,1194.6,1197.3,1180.5,1182.3,4947
2018-09-28,1181.7,1191.9,1180.0,1191.5,404
2018-10-01,1191.6,1191.6,1185.8,1187.1,180
2018-10-02,1193.0,1206.0,1190.3,1202.4,451
2018-10-03,1202.6,1202.6,1196.6,1198.3,76
2018-10-04,1199.3,1204.6,1197.2,1197.2,496
2018-10-05,1197.1,1205.3,1196.9,1201.2,34
2018-10-08,1201.0,1201.0,1183.7,1184.4,250
2018-10-09,1185.6,1189.1,1185.6,1187.2,9
2018-10-10,1189.3,1192.0,1189.3,1189.3,1078
2018-10-11,1198.1,1224.6,1196.3,1223.5,126
2018-10-12,1221.6,1221.6,1216.0,1218.1,122
2018-10-15,1222.4,1232.3,1222.4,1226.4,136
2018-10-16,1227.1,1230.5,1227.1,1227.3,426
2018-10-17,1225.9,1225.9,1223.7,1223.7,1
2018-10-18,1226.5,1226.5,1226.5,1226.5,165
2018-10-19,1225.3,1225.3,1225.3,1225.3,55
2018-10-22,1224.5,1224.5,1219.6,1221.2,18
2018-10-23,1224.8,1237.8,1224.8,1233.4,33
2018-10-24,1231.6,1231.6,1227.8,1227.8,36
2018-10-25,1238.6,1238.6,1229.1,1229.1,7
2018-10-26,1234.3,1234.8,1232.5,1232.5,20
2018-10-29,1224.5,1224.5,1224.5,1224.5,214
2018-10-30,1227.7,1227.7,1219.8,1222.6,72
2018-10-31,1216.0,1216.6,1212.0,1212.3,121
2018-11-01,1215.4,1236.0,1215.4,1236.0,14
2018-11-02,1233.3,1233.3,1230.9,1230.9,18
2018-11-05,1230.6,1231.5,1226.7,1229.8,15
2018-11-06,1230.7,1233.8,1223.8,1223.8,4
2018-11-07,1228.6,1228.6,1226.2,1226.2,1
2018-11-08,1222.9,1222.9,1222.9,1222.9,2
2018-11-09,1207.9,1207.9,1206.4,1206.4,14
2018-11-12,1201.6,1201.6,1201.3,1201.3,1
2018-11-13,1196.3,1201.3,1196.3,1199.2,5
2018-11-14,1207.9,1207.9,1207.9,1207.9,0
2018-11-15,1212.8,1212.8,1212.8,1212.8,0
2018-11-16,1216.7,1223.8,1216.7,1220.8,5
2018-11-19,1223.1,1223.1,1223.1,1223.1,0
2018-11-20,1225.3,1228.8,1219.0,1219.0,12
2018-11-21,1225.8,1225.8,1225.8,1225.8,0
2018-11-23,1224.8,1224.8,1221.0,1221.0,1
2018-11-26,1220.2,1222.0,1220.2,1220.2,2
2018-11-27,1221.9,1222.0,1211.2,1211.2,5
2018-11-28,1211.5,1221.4,1211.5,1221.4,247168
2018-11-29,1221.0,1228.7,1220.5,1224.1,55478
2018-11-30,1224.1,1225.0,1216.1,1220.2,2060
2018-12-03,1222.5,1234.1,1221.3,1233.9,751
2018-12-04,1231.0,1241.4,1230.4,1241.1,474
2018-12-06,1237.5,1244.4,1234.8,1238.1,434
2018-12-07,1238.3,1249.8,1237.6,1246.8,211
2018-12-10,1249.6,1249.6,1241.7,1243.7,131
2018-12-11,1245.8,1248.7,1241.5,1241.9,117
2018-12-12,1245.3,1245.6,1244.1,1244.4,84
2018-12-13,1243.5,1243.5,1241.0,1242.7,194
2018-12-14,1241.7,1241.7,1234.1,1237.0,33
2018-12-17,1239.3,1247.4,1239.3,1247.4,10
2018-12-18,1248.2,1249.2,1245.6,1249.2,31
2018-12-19,1255.8,1255.8,1252.1,1252.1,268
2018-12-20,1243.2,1263.6,1243.2,1263.6,49
2018-12-21,1260.3,1261.3,1253.8,1253.8,96
2018-12-24,1260.3,1268.5,1260.3,1267.5,27
2018-12-26,1269.3,1277.4,1269.2,1269.2,63
2018-12-27,1276.7,1277.3,1276.7,1277.3,480
2018-12-28,1273.5,1280.1,1273.5,1279.9,805
2018-12-31,1278.0,1281.3,1277.6,1278.3,19
2019-01-02,1286.0,1286.0,1277.6,1281.0,149
2019-01-03,1286.8,1292.0,1286.7,1291.8,10
2019-01-04,1294.2,1294.2,1275.3,1282.7,34
2019-01-07,1286.8,1286.8,1286.6,1286.8,2
2019-01-08,1280.5,1283.2,1278.2,1283.2,54
2019-01-09,1279.4,1289.3,1279.2,1289.3,102
2019-01-10,1284.7,1284.7,1284.7,1284.7,0
2019-01-11,1291.2,1291.2,1286.3,1287.1,11
2019-01-14,1292.4,1293.9,1289.1,1289.1,7
2019-01-15,1290.1,1292.7,1286.2,1286.2,3
2019-01-16,1291.6,1291.6,1291.6,1291.6,2
2019-01-17,1291.6,1292.7,1288.5,1291.0,10
2019-01-18,1281.3,1281.3,1281.3,1281.3,3
2019-01-22,1282.5,1283.3,1282.5,1282.5,7
2019-01-23,1281.7,1283.9,1278.7,1283.1,14
2019-01-24,1279.1,1279.1,1278.5,1279.1,1
2019-01-25,1297.4,1297.4,1297.4,1297.4,0
2019-01-28,1300.8,1307.1,1298.4,1302.4,54
2019-01-29,1308.2,1308.2,1308.2,1308.2,213607
2019-01-30,1310.4,1323.4,1308.1,1309.9,54958
2019-01-31,1320.0,1325.4,1316.7,1319.7,1970
2019-02-01,1320.3,1320.7,1315.4,1316.9,878
2019-02-04,1318.1,1318.1,1308.3,1314.3,675
2019-02-05,1311.1,1315.1,1311.0,1314.2,362
2019-02-06,1312.5,1313.5,1305.0,1309.5,358
2019-02-07,1302.9,1310.4,1302.2,1309.4,203
2019-02-08,1309.5,1314.0,1307.8,1313.7,122
2019-02-11,1313.4,1313.4,1304.7,1307.0,119
2019-02-12,1310.0,1312.0,1307.6,1309.2,109
2019-02-13,1311.6,1316.0,1308.1,1310.8,143
2019-02-14,1305.0,1311.8,1301.6,1309.8,858
2019-02-15,1313.6,1318.8,1313.6,1318.1,190
2019-02-19,1320.9,1340.1,1320.5,1340.1,390
2019-02-20,1342.2,1344.0,1338.0,1343.3,581
2019-02-21,1331.3,1334.9,1320.9,1323.5,414
2019-02-22,1324.2,1331.3,1321.0,1329.2,718
2019-02-25,1329.2,1331.6,1325.6,1325.9,185
2019-02-26,1323.3,1325.5,1323.3,1325.1,939
2019-02-27,1327.7,1327.9,1316.5,1317.7,604
2019-02-28,1321.1,1323.7,1311.5,1312.8,141
2019-03-01,1312.2,1312.2,1288.9,1296.4,110
2019-03-04,1285.5,1287.0,1281.9,1284.8,28
2019-03-05,1287.0,1287.0,1282.0,1282.0,114
2019-03-06,1287.1,1287.1,1282.6,1284.9,14
2019-03-07,1281.0,1284.6,1281.0,1283.8,11
2019-03-08,1292.1,1297.4,1291.6,1297.0,10
2019-03-11,1291.0,1291.0,1288.8,1288.8,9
2019-03-12,1294.7,1296.3,1294.7,1296.3,1
2019-03-13,1307.5,1307.5,1307.5,1307.5,0
2019-03-14,1293.4,1293.4,1293.4,1293.4,1
2019-03-15,1300.9,1304.7,1300.5,1301.8,26
2019-03-18,1297.3,1302.2,1297.3,1300.3,8
2019-03-19,1306.9,1306.9,1304.8,1305.0,20
2019-03-20,1300.7,1300.7,1300.5,1300.5,2
2019-03-21,1306.1,1306.1,1306.1,1306.1,0
2019-03-22,1311.6,1311.6,1311.6,1311.6,0
2019-03-25,1320.7,1322.9,1320.7,1321.9,19
2019-03-26,1315.6,1315.6,1314.3,1314.3,1
2019-03-27,1309.9,1309.9,1309.9,1309.9,206263
2019-03-28,1308.4,1311.1,1287.7,1289.8,87798
2019-03-29,1289.6,1298.5,1286.1,1293.0,1265
2019-04-01,1291.8,1295.9,1285.7,1288.4,675
2019-04-02,1286.3,1290.9,1284.5,1290.0,525
2019-04-03,1291.4,1293.1,1287.5,1289.9,172
2019-04-04,1290.6,1292.6,1279.5,1289.0,269
2019-04-05,1292.0,1292.0,1283.6,1290.4,181
2019-04-08,1292.2,1302.1,1291.8,1297.1,63
2019-04-09,1298.5,1304.9,1298.5,1303.5,30
2019-04-10,1304.0,1309.1,1301.5,1309.1,66
2019-04-11,1307.0,1307.1,1288.6,1288.6,420
2019-04-12,1293.4,1293.4,1289.2,1290.6,607
2019-04-15,1284.8,1287.3,1282.3,1286.8,523
2019-04-16,1285.2,1285.2,1272.2,1272.6,643
2019-04-17,1273.5,1273.5,1271.6,1272.2,308
2019-04-18,1270.8,1273.6,1270.1,1271.9,27
2019-04-22,1273.5,1273.5,1273.5,1273.5,147
2019-04-23,1266.4,1269.8,1266.0,1269.3,206
2019-04-24,1268.4,1275.5,1267.8,1275.5,518
2019-04-25,1280.6,1280.8,1275.8,1275.8,95
2019-04-26,1284.9,1284.9,1284.9,1284.9,804
2019-04-29,1284.8,1284.9,1277.1,1278.6,568
2019-04-30,1281.7,1283.3,1280.8,1282.8,114
2019-05-01,1278.7,1283.3,1278.7,1281.4,70
2019-05-02,1269.2,1270.8,1266.6,1269.7,63
2019-05-03,1270.1,1279.2,1270.1,1279.2,15
2019-05-06,1282.2,1282.2,1280.3,1281.7,12
2019-05-07,1280.5,1283.5,1280.5,1283.5,8
2019-05-08,1279.4,1279.4,1279.4,1279.4,5
2019-05-09,1278.9,1285.0,1278.8,1283.5,38
2019-05-10,1285.4,1286.5,1283.3,1285.7,6
2019-05-13,1286.7,1300.1,1281.8,1300.1,56
2019-05-14,1297.8,1297.8,1294.7,1294.7,6
2019-05-15,1296.9,1296.9,1296.0,1296.3,55
2019-05-16,1285.2,1285.4,1285.0,1285.0,3
2019-05-17,1280.0,1280.0,1274.5,1274.5,1
2019-05-20,1276.1,1276.1,1276.1,1276.1,20
2019-05-21,1272.0,1272.0,1272.0,1272.0,0
2019-05-22,1273.6,1273.6,1273.6,1273.6,0
2019-05-23,1284.8,1284.8,1284.8,1284.8,0
2019-05-24,1283.0,1283.0,1283.0,1283.0,9
2019-05-28,1276.5,1276.5,1276.5,1276.5,0
2019-05-29,1280.6,1280.6,1280.6,1280.6,189694
2019-05-30,1279.4,1288.3,1273.9,1287.1,55573
2019-05-31,1287.7,1306.4,1287.5,1305.8,2814
2019-06-03,1307.0,1327.8,1307.0,1322.7,812
2019-06-04,1324.3,1328.6,1320.8,1323.4,302
2019-06-05,1328.9,1343.3,1326.3,1328.3,622
2019-06-06,1330.8,1338.7,1326.2,1337.6,161
2019-06-07,1333.1,1347.7,1329.8,1341.2,240
2019-06-10,1335.8,1336.5,1324.1,1324.7,268
2019-06-11,1328.4,1328.4,1319.1,1326.4,201
2019-06-12,1326.9,1334.5,1326.9,1331.9,139
2019-06-13,1331.6,1341.1,1331.6,1339.2,157
2019-06-14,1345.4,1355.4,1339.3,1340.1,914
2019-06-17,1339.0,1340.3,1335.0,1338.7,76
2019-06-18,1349.3,1349.3,1341.6,1346.6,29
2019-06-19,1344.0,1344.6,1344.0,1344.6,129
2019-06-20,1381.5,1392.9,1379.5,1392.9,76
2019-06-21,1406.0,1406.0,1390.3,1396.2,35
2019-06-24,1406.0,1420.6,1402.1,1414.3,125
2019-06-25,1418.1,1433.3,1414.9,1414.9,105
2019-06-26,1407.2,1413.3,1405.8,1411.6,1333
2019-06-27,1407.0,1410.8,1399.8,1408.4,437
2019-06-28,1408.3,1422.0,1408.3,1409.7,356
2019-07-01,1386.6,1395.8,1382.8,1385.6,214
2019-07-02,1391.1,1418.4,1390.8,1404.6,38
2019-07-03,1431.0,1434.0,1413.1,1417.7,46
2019-07-05,1418.3,1418.3,1390.2,1396.7,20
2019-07-08,1395.9,1397.0,1393.6,1397.0,14
2019-07-09,1394.5,1397.5,1386.2,1397.5,53
2019-07-10,1409.9,1410.1,1409.9,1410.1,50
2019-07-11,1424.0,1424.0,1404.3,1404.3,6
2019-07-12,1405.6,1410.1,1405.6,1409.9,8
2019-07-15,1414.4,1415.0,1411.4,1411.4,25
2019-07-16,1413.6,1413.7,1405.0,1409.2,13
2019-07-17,1404.6,1421.3,1404.6,1421.3,6
2019-07-18,1422.3,1444.2,1419.5,1426.1,66
2019-07-19,1440.5,1442.0,1425.1,1425.1,22
2019-07-22,1425.3,1425.3,1424.0,1425.3,1
2019-07-23,1418.6,1421.3,1416.3,1420.1,5
2019-07-24,1422.8,1422.8,1422.8,1422.8,20
2019-07-25,1413.9,1413.9,1413.9,1413.9,4
2019-07-26,1422.8,1423.0,1418.5,1418.5,5
2019-07-29,1419.6,1419.6,1419.6,1419.6,224267
2019-07-30,1426.3,1433.9,1422.1,1429.7,73874
2019-07-31,1431.3,1435.8,1411.2,1426.1,3294
2019-08-01,1411.3,1445.2,1400.9,1420.9,2431
2019-08-02,1448.0,1448.0,1432.3,1445.6,1873
2019-08-05,1440.4,1469.7,1440.4,1464.6,1008
2019-08-06,1469.7,1475.0,1457.7,1472.4,460
2019-08-07,1473.5,1509.9,1473.2,1507.3,824
2019-08-08,1498.4,1508.5,1492.0,1497.7,367
2019-08-09,1506.2,1507.5,1495.6,1496.6,74
2019-08-12,1496.0,1514.9,1488.1,1505.3,257
2019-08-13,1510.4,1531.4,1483.7,1502.2,672
2019-08-14,1500.0,1520.5,1497.0,1515.9,328
2019-08-15,1519.8,1522.7,1510.6,1519.6,87
2019-08-16,1524.6,1524.6,1504.7,1512.5,1815
2019-08-19,1507.2,1507.6,1492.9,1500.4,205
2019-08-20,1497.5,1506.1,1497.5,1504.6,486
2019-08-21,1504.9,1505.0,1498.8,1504.6,350
2019-08-22,1495.1,1497.3,1493.8,1497.3,686
2019-08-23,1493.5,1527.6,1493.5,1526.6,983
2019-08-26,1543.2,1543.3,1524.3,1526.3,334
2019-08-27,1530.5,1542.1,1528.5,1541.0,166
2019-08-28,1538.1,1538.1,1537.8,1537.8,2756
2019-08-29,1537.5,1549.3,1519.6,1526.5,704
2019-08-30,1524.6,1530.4,1516.7,1519.1,276
2019-09-03,1522.9,1547.3,1521.0,1545.9,139
2019-09-04,1549.0,1553.2,1534.8,1550.3,46
2019-09-05,1551.0,1551.1,1511.1,1515.4,125
2019-09-06,1517.3,1526.0,1504.5,1506.2,54
2019-09-09,1509.0,1513.0,1498.0,1502.2,69
2019-09-10,1498.5,1498.5,1486.9,1490.3,23
2019-09-11,1491.7,1496.6,1490.2,1494.4,8
2019-09-12,1499.5,1515.4,1498.7,1498.7,27
2019-09-13,1490.9,1490.9,1486.9,1490.9,1
2019-09-16,1506.6,1506.8,1496.9,1503.1,21
2019-09-17,1497.9,1505.1,1497.9,1505.1,3
2019-09-18,1508.9,1509.4,1489.3,1507.5,8
2019-09-19,1496.1,1502.4,1496.1,1498.4,10
2019-09-20,1503.0,1507.3,1503.0,1507.3,2
2019-09-23,1515.5,1523.7,1515.5,1523.7,5
2019-09-24,1515.1,1533.0,1515.1,1532.1,25
2019-09-25,1527.6,1527.9,1504.6,1504.6,25
2019-09-26,1507.5,1507.5,1507.5,1507.5,8178
2019-09-27,1504.2,1506.1,1485.6,1499.1,7827
2019-09-30,1495.9,1495.9,1463.5,1465.7,1078
2019-10-01,1468.7,1485.5,1458.3,1482.0,219
2019-10-02,1476.6,1503.7,1474.1,1501.0,205
2019-10-03,1497.4,1518.2,1496.6,1507.1,1213
2019-10-04,1505.6,1508.7,1497.1,1506.2,233
2019-10-07,1504.8,1505.8,1489.1,1497.7,121
2019-10-08,1489.4,1506.3,1489.3,1497.2,46
2019-10-09,1507.7,1507.7,1498.4,1506.1,120
2019-10-10,1511.2,1511.2,1490.6,1494.8,78
2019-10-11,1491.9,1494.9,1476.9,1482.7,57
2019-10-14,1484.4,1493.5,1481.3,1491.7,400
2019-10-15,1488.9,1495.4,1476.6,1477.6,367
2019-10-16,1482.0,1488.0,1480.0,1488.0,383
2019-10-17,1486.2,1493.2,1485.8,1492.3,271
2019-10-18,1487.3,1489.1,1486.6,1488.2,82
2019-10-21,1489.9,1489.9,1481.5,1482.4,72
2019-10-22,1483.4,1483.5,1481.7,1481.7,99
2019-10-23,1486.4,1490.3,1486.4,1489.9,67
2019-10-24,1490.5,1501.2,1485.9,1498.9,115
2019-10-25,1501.4,1514.3,1499.0,1499.5,93
2019-10-28,1504.1,1504.1,1490.0,1490.0,37
2019-10-29,1485.9,1487.0,1485.9,1487.0,425
2019-10-30,1487.2,1495.4,1481.0,1493.2,320
2019-10-31,1496.1,1513.1,1496.1,1511.4,210
2019-11-01,1511.0,1511.6,1503.0,1508.0,235
2019-11-04,1511.6,1511.6,1508.0,1508.0,101
2019-11-05,1507.1,1507.1,1480.8,1480.8,31
2019-11-06,1483.2,1491.0,1483.2,1490.2,567
2019-11-07,1489.1,1489.1,1464.2,1464.2,581
2019-11-08,1469.1,1469.1,1461.3,1461.3,21
2019-11-11,1461.0,1461.0,1449.3,1455.5,22
2019-11-12,1454.9,1454.9,1447.1,1452.1,6
2019-11-13,1456.8,1463.3,1456.8,1461.7,56
2019-11-14,1463.8,1471.8,1463.7,1471.8,83
2019-11-15,1469.1,1469.1,1467.3,1467.3,13
2019-11-18,1472.0,1472.0,1469.7,1470.9,141
2019-11-19,1467.7,1474.3,1467.7,1473.3,18
2019-11-20,1472.6,1474.5,1467.3,1473.3,31
2019-11-21,1463.1,1463.1,1463.1,1463.1,16
2019-11-22,1468.6,1468.6,1463.1,1463.1,19
2019-11-25,1457.1,1457.1,1455.5,1456.6,14
2019-11-26,1459.8,1459.8,1459.8,1459.8,346362
2019-11-27,1461.1,1461.9,1452.0,1453.4,88364
2019-11-29,1453.6,1465.6,1452.1,1465.6,7020
2019-12-02,1462.8,1464.4,1453.3,1462.3,2172
2019-12-03,1461.6,1480.4,1459.5,1478.2,1460
2019-12-04,1477.5,1483.4,1471.2,1474.0,613
2019-12-05,1474.7,1478.0,1472.3,1476.9,907
2019-12-06,1475.0,1476.0,1458.2,1459.1,899
2019-12-09,1458.8,1464.2,1458.6,1459.3,1461
2019-12-10,1460.7,1467.2,1460.7,1462.6,367
2019-12-11,1463.1,1475.4,1463.1,1469.4,393
2019-12-12,1475.1,1483.9,1463.7,1466.7,955
2019-12-13,1463.1,1475.9,1463.1,1475.6,468
2019-12-16,1473.8,1475.3,1473.8,1475.0,99
2019-12-17,1474.1,1476.9,1474.0,1474.6,410
2019-12-18,1472.6,1472.6,1472.6,1472.6,250
2019-12-19,1475.9,1478.9,1473.3,1478.2,319
2019-12-20,1476.7,1478.1,1474.7,1474.7,118
2019-12-23,1482.3,1482.5,1479.9,1482.5,391
2019-12-24,1488.7,1499.1,1488.7,1499.1,52
2019-12-26,1505.2,1512.3,1505.0,1509.3,126
2019-12-27,1513.8,1513.8,1513.8,1513.8,839
2019-12-30,1512.6,1515.1,1510.0,1514.5,446
2019-12-31,1513.8,1523.4,1513.8,1519.5,301
2020-01-02,1518.1,1528.7,1518.0,1524.5,214
2020-01-03,1530.1,1552.7,1530.1,1549.2,107
2020-01-06,1580.0,1580.0,1560.4,1566.2,416
2020-01-07,1558.3,1576.3,1558.3,1571.8,47
2020-01-08,1579.7,1604.2,1552.3,1557.4,236
2020-01-09,1555.7,1555.7,1543.3,1551.7,54
2020-01-10,1551.2,1558.8,1545.4,1557.5,16
2020-01-13,1557.4,1558.0,1548.4,1548.4,48
2020-01-14,1546.7,1546.7,1534.9,1542.4,32
2020-01-15,1548.0,1553.9,1545.6,1552.1,11
2020-01-16,1555.7,1556.1,1548.5,1549.0,98
2020-01-17,1554.1,1558.8,1553.6,1558.8,108
2020-01-21,1559.3,1566.2,1551.0,1556.4,45
2020-01-22,1549.8,1557.1,1549.8,1555.3,42
2020-01-23,1553.1,1564.6,1552.2,1564.6,15
2020-01-24,1556.3,1571.1,1556.3,1571.1,43
2020-01-27,1584.3,1584.5,1576.8,1576.8,22
2020-01-28,1576.4,1576.4,1569.2,1569.2,3
2020-01-29,1569.8,1569.8,1569.8,1569.8,251274
2020-01-30,1576.8,1585.0,1571.4,1583.5,62336
2020-01-31,1573.4,1589.0,1570.0,1582.9,1095
2020-02-03,1592.9,1593.3,1568.2,1577.2,1062
2020-02-04,1577.7,1577.7,1547.8,1550.4,978
2020-02-05,1553.2,1560.7,1547.7,1557.8,1305
2020-02-06,1553.6,1565.6,1551.6,1565.1,110
2020-02-07,1564.9,1571.9,1560.5,1568.6,431
2020-02-10,1569.3,1574.7,1568.6,1574.7,128
2020-02-11,1570.9,1571.1,1561.9,1565.6,440
2020-02-12,1565.2,1568.7,1561.0,1567.4,36
2020-02-13,1570.2,1575.1,1570.2,1575.1,74
2020-02-14,1575.8,1582.7,1574.8,1582.7,68
2020-02-18,1579.8,1604.3,1579.8,1600.0,310
2020-02-19,1600.6,1610.5,1599.7,1607.5,542
2020-02-20,1606.5,1621.0,1603.0,1616.6,117
2020-02-21,1619.3,1645.0,1619.3,1644.6,186
2020-02-24,1657.0,1686.6,1650.0,1672.4,435
2020-02-25,1645.1,1653.7,1632.3,1646.9,409
2020-02-26,1644.0,1648.1,1636.4,1640.0,1990
2020-02-27,1641.1,1658.0,1638.5,1640.0,707
2020-02-28,1640.3,1642.5,1564.1,1564.1,289
2020-03-02,1583.9,1608.3,1574.3,1592.3,537
2020-03-03,1594.5,1645.3,1594.0,1642.1,610
2020-03-04,1645.4,1645.9,1631.3,1641.1,83
2020-03-05,1637.3,1672.9,1637.2,1666.4,154
2020-03-06,1670.8,1686.2,1647.2,1670.8,175
2020-03-09,1696.1,1701.6,1657.7,1674.5,161
2020-03-10,1671.6,1674.6,1643.0,1659.1,48
2020-03-11,1656.6,1666.5,1635.0,1641.4,47
2020-03-12,1637.0,1647.5,1566.4,1589.3,256
2020-03-13,1574.9,1589.8,1513.8,1515.7,89
2020-03-16,1569.1,1569.1,1452.1,1485.9,193
2020-03-17,1469.3,1537.7,1469.3,1524.9,122
2020-03-18,1537.5,1542.0,1477.3,1477.3,333
2020-03-19,1481.5,1491.6,1471.0,1478.6,262
2020-03-20,1483.5,1484.0,1483.5,1484.0,14
2020-03-23,1505.3,1567.0,1490.2,1567.0,51
2020-03-24,1592.7,1685.5,1592.7,1660.2,442
2020-03-25,1676.5,1676.5,1631.1,1632.3,476
2020-03-26,1660.5,1660.5,1650.1,1650.1,3
2020-03-27,1623.9,1623.9,1623.9,1623.9,100638
2020-03-30,1641.2,1652.8,1607.2,1622.0,16389
2020-03-31,1618.7,1621.0,1576.0,1583.4,2874
2020-04-01,1570.0,1600.0,1570.0,1578.2,2158
2020-04-02,1590.9,1631.2,1586.0,1625.7,1294
2020-04-03,1624.5,1636.0,1619.8,1633.7,643
2020-04-06,1629.1,1696.7,1625.9,1677.0,1063
2020-04-07,1695.7,1724.4,1658.0,1664.8,1144
2020-04-08,1669.7,1677.0,1662.5,1665.4,747
2020-04-09,1662.7,1736.2,1662.7,1736.2,825
2020-04-13,1722.0,1756.8,1710.7,1744.8,696
2020-04-14,1756.8,1775.0,1739.5,1756.7,675
2020-04-15,1739.4,1744.9,1722.7,1727.2,642
2020-04-16,1731.0,1750.6,1715.0,1720.4,162
2020-04-17,1715.7,1725.0,1684.9,1689.2,223
2020-04-20,1686.0,1701.6,1680.0,1701.6,106
2020-04-21,1697.0,1707.1,1659.9,1678.2,666
2020-04-22,1696.0,1728.7,1684.8,1728.7,453
2020-04-23,1734.0,1745.1,1733.3,1733.3,482
2020-04-24,1744.0,1744.0,1714.5,1723.5,221
2020-04-27,1731.9,1731.9,1711.9,1711.9,169
2020-04-28,1716.6,1716.6,1707.1,1710.5,1255
2020-04-29,1710.0,1713.5,1702.0,1703.4,373
2020-04-30,1719.3,1719.3,1680.8,1684.2,327
2020-05-01,1686.6,1701.5,1670.5,1694.5,337
2020-05-04,1702.6,1709.0,1699.6,1706.9,320
2020-05-05,1701.5,1704.4,1697.2,1704.4,82
2020-05-06,1704.0,1704.0,1684.2,1684.2,469
2020-05-07,1686.2,1721.8,1685.6,1721.8,853
2020-05-08,1726.2,1728.9,1703.8,1709.9,330
2020-05-11,1702.3,1704.5,1690.2,1695.3,749
2020-05-12,1699.3,1713.1,1699.3,1704.4,324
2020-05-13,1702.0,1721.3,1701.9,1713.9,431
2020-05-14,1724.3,1743.1,1720.5,1738.1,672
2020-05-15,1739.7,1753.4,1739.7,1753.4,719
2020-05-18,1755.7,1770.5,1731.8,1731.8,229
2020-05-19,1744.2,1749.5,1744.2,1744.2,167
2020-05-20,1751.6,1752.1,1745.6,1750.6,16
2020-05-21,1746.8,1746.8,1720.5,1720.5,528
2020-05-22,1726.6,1734.6,1726.6,1734.6,6
2020-05-26,1726.4,1726.4,1704.8,1704.8,39
2020-05-27,1685.6,1710.3,1685.6,1710.3,137416
2020-05-28,1709.3,1727.8,1705.0,1713.3,23355
2020-05-29,1718.8,1738.3,1715.1,1736.9,1526
2020-06-01,1740.4,1747.0,1727.1,1737.8,871
2020-06-02,1743.0,1745.5,1721.8,1725.2,741
2020-06-03,1726.3,1726.3,1684.5,1697.8,2755
2020-06-04,1694.5,1718.9,1694.5,1718.9,807
2020-06-05,1711.8,1711.8,1668.6,1676.2,1502
2020-06-08,1679.1,1699.4,1675.9,1698.3,587
2020-06-09,1694.6,1720.9,1692.0,1714.7,690
2020-06-10,1716.1,1740.8,1711.9,1713.3,718
2020-06-11,1737.2,1744.1,1720.0,1732.0,347
2020-06-12,1724.9,1743.0,1724.9,1729.3,318
2020-06-15,1730.0,1730.0,1703.3,1720.3,188
2020-06-16,1726.3,1729.6,1722.4,1729.6,22
2020-06-17,1714.7,1729.2,1714.7,1729.2,51
2020-06-18,1730.5,1734.1,1717.3,1724.8,110
2020-06-19,1723.7,1750.7,1723.5,1745.9,1329
2020-06-22,1755.2,1767.6,1750.5,1756.7,1356
2020-06-23,1755.4,1776.3,1754.2,1772.1,666
2020-06-24,1778.3,1783.1,1764.5,1765.8,961
2020-06-25,1761.7,1764.8,1759.8,1762.1,207
2020-06-26,1766.0,1772.5,1764.7,1772.5,640
2020-06-29,1779.8,1780.2,1774.3,1774.8,584
2020-06-30,1777.3,1793.2,1774.4,1793.0,986
2020-07-01,1793.6,1798.0,1765.8,1773.2,331
2020-07-02,1773.4,1784.0,1768.7,1784.0,215
2020-07-06,1788.2,1790.1,1788.2,1788.5,172
2020-07-07,1789.3,1804.2,1783.3,1804.2,751
2020-07-08,1801.5,1817.9,1801.5,1815.5,209
2020-07-09,1816.1,1819.8,1799.2,1799.2,396
2020-07-10,1805.5,1805.5,1797.7,1798.2,236
2020-07-13,1805.0,1811.0,1805.0,1811.0,164
2020-07-14,1791.0,1811.5,1791.0,1810.6,339
2020-07-15,1806.1,1813.5,1806.1,1811.4,167
2020-07-16,1810.9,1810.9,1794.3,1798.7,146
2020-07-17,1798.5,1810.1,1798.5,1808.3,24
2020-07-20,1807.0,1817.3,1807.0,1815.9,89
2020-07-21,1822.0,1842.4,1822.0,1842.4,117
2020-07-22,1858.1,1867.0,1854.7,1864.1,213
2020-07-23,1868.7,1890.3,1868.5,1889.1,133
2020-07-24,1884.3,1897.3,1884.3,1897.3,474
2020-07-27,1901.7,1938.0,1901.5,1931.0,364
2020-07-28,1931.5,1944.7,1928.6,1944.7,825
2020-07-29,1953.2,1953.5,1952.6,1953.5,209835
2020-07-30,1963.4,1965.1,1930.0,1942.3,28853
2020-07-31,1948.6,1981.1,1948.0,1962.8,2914
2020-08-03,1984.3,1984.3,1955.5,1966.0,683
2020-08-04,1971.0,2016.2,1968.8,2001.2,2010
2020-08-05,2024.0,2050.2,2011.0,2031.1,1422
2020-08-06,2045.5,2063.0,2040.0,2051.5,294
2020-08-07,2040.1,2055.0,2009.6,2010.1,808
2020-08-10,2026.4,2043.8,2017.5,2024.4,233
2020-08-11,2012.4,2016.0,1904.0,1932.6,971
2020-08-12,1923.0,1946.6,1871.6,1934.9,404
2020-08-13,1921.5,1957.4,1916.9,1956.7,71
2020-08-14,1938.7,1947.4,1937.0,1937.0,201
2020-08-17,1949.6,1985.0,1949.6,1985.0,97
2020-08-18,2001.1,2002.8,1972.1,1999.4,92
2020-08-19,1980.0,1980.0,1938.7,1958.7,347
2020-08-20,1941.2,1948.3,1922.3,1933.8,106
2020-08-21,1941.0,1945.0,1908.9,1934.6,184
2020-08-24,1930.2,1940.0,1922.2,1927.7,85
2020-08-25,1927.5,1928.5,1911.8,1911.8,176
2020-08-26,1909.7,1950.8,1909.7,1940.7,287
2020-08-27,1948.9,1972.5,1921.6,1921.6,2303
2020-08-28,1927.1,1971.3,1922.5,1964.6,778
2020-08-31,1970.0,1971.3,1953.3,1967.6,158
2020-09-01,1961.7,1986.3,1961.7,1968.2,186
2020-09-02,1967.3,1967.3,1934.4,1934.4,71
2020-09-03,1937.1,1938.8,1923.0,1927.6,179
2020-09-04,1927.9,1939.7,1917.7,1923.9,607
2020-09-08,1930.9,1937.9,1903.1,1933.0,271
2020-09-09,1926.9,1946.2,1924.6,1944.7,219
2020-09-10,1944.1,1962.7,1944.1,1954.2,722
2020-09-11,1944.0,1949.5,1937.8,1937.8,73
2020-09-14,1946.3,1953.1,1943.0,1953.1,55
2020-09-15,1955.8,1968.5,1955.8,1956.3,74
2020-09-16,1961.3,1961.4,1956.7,1960.2,124
2020-09-17,1939.0,1946.0,1933.7,1940.0,67
2020-09-18,1950.5,1952.1,1949.0,1952.1,38
2020-09-21,1946.2,1946.2,1883.4,1901.2,52
2020-09-22,1913.1,1913.1,1898.6,1898.6,331
2020-09-23,1875.5,1875.5,1859.9,1859.9,5
2020-09-24,1851.5,1868.3,1851.5,1868.3,365
2020-09-25,1856.3,1857.7,1856.3,1857.7,4
2020-09-28,1872.8,1872.8,1872.8,1872.8,10455
2020-09-29,1876.5,1895.4,1872.4,1894.3,3283
2020-09-30,1893.0,1899.7,1879.8,1887.5,600
2020-10-01,1884.1,1909.6,1882.5,1908.4,730
2020-10-02,1893.9,1913.0,1893.9,1900.2,530
2020-10-05,1898.9,1915.6,1884.7,1912.5,1360
2020-10-06,1906.6,1918.0,1874.4,1901.1,968
2020-10-07,1874.1,1889.8,1873.1,1883.6,50
2020-10-08,1893.0,1893.0,1882.7,1888.6,348
2020-10-09,1909.3,1929.1,1905.1,1919.5,580
2020-10-12,1924.0,1926.5,1921.6,1922.5,96
2020-10-13,1921.9,1922.2,1887.0,1888.5,191
2020-10-14,1889.7,1910.8,1882.5,1901.3,33
2020-10-15,1897.3,1906.3,1889.6,1903.2,254
2020-10-16,1898.5,1900.8,1898.5,1900.8,53
2020-10-19,1907.3,1907.8,1899.5,1906.4,43
2020-10-20,1901.3,1910.4,1896.1,1910.4,329
2020-10-21,1913.6,1927.3,1913.6,1924.6,1202
2020-10-22,1924.3,1924.3,1898.2,1901.1,899
2020-10-23,1899.9,1913.3,1896.2,1902.0,287
2020-10-26,1895.5,1907.0,1893.5,1902.7,242
2020-10-27,1904.6,1908.8,1904.4,1908.8,176
2020-10-28,1870.9,1876.2,1870.9,1876.2,277
2020-10-29,1876.1,1879.8,1858.8,1865.6,240
2020-10-30,1862.8,1886.6,1862.8,1877.4,725
2020-11-02,1872.9,1894.7,1872.9,1890.4,190
2020-11-03,1891.5,1908.5,1891.5,1908.5,712
2020-11-04,1893.8,1907.0,1885.3,1894.6,782
2020-11-05,1901.7,1948.0,1901.7,1945.3,135
2020-11-06,1940.8,1958.8,1940.8,1950.3,304
2020-11-09,1955.6,1963.2,1847.1,1853.2,745
2020-11-10,1879.3,1885.3,1871.2,1875.4,276
2020-11-11,1878.8,1878.8,1855.5,1860.7,222
2020-11-12,1869.0,1878.5,1866.6,1872.6,220
2020-11-13,1877.0,1890.1,1876.8,1885.7,240
2020-11-16,1874.6,1887.3,1871.0,1887.3,6
2020-11-17,1888.4,1888.4,1884.5,1884.5,59
2020-11-18,1873.5,1873.5,1873.5,1873.5,152
2020-11-19,1865.8,1865.8,1856.0,1861.1,59
2020-11-20,1871.2,1872.6,1871.2,1872.6,1900
2020-11-23,1834.8,1837.8,1829.2,1837.8,843
2020-11-24,1829.3,1829.3,1799.3,1804.8,1041
2020-11-25,1801.4,1805.7,1801.4,1805.7,205754
2020-11-27,1806.1,1817.0,1770.7,1781.9,71804
2020-11-30,1785.0,1787.2,1762.3,1775.7,3145
2020-12-01,1775.0,1815.9,1774.9,1814.1,1859
2020-12-02,1811.3,1830.0,1807.8,1825.7,771
2020-12-03,1829.2,1842.0,1825.3,1836.8,1765
2020-12-04,1840.7,1847.6,1828.2,1835.9,1213
2020-12-07,1836.5,1866.9,1820.8,1861.8,1427
2020-12-08,1863.0,1875.8,1861.8,1870.8,121
2020-12-09,1867.1,1867.1,1827.0,1834.6,215
2020-12-10,1833.2,1849.1,1828.0,1833.6,177
2020-12-11,1838.5,1846.0,1829.1,1839.8,109
2020-12-14,1835.5,1835.7,1822.7,1828.7,258
2020-12-15,1833.5,1853.6,1833.2,1852.3,961
2020-12-16,1856.5,1864.7,1850.5,1856.1,1090
2020-12-17,1874.2,1896.2,1874.2,1887.2,414
2020-12-18,1882.4,1889.5,1882.3,1885.7,276
2020-12-21,1884.8,1908.0,1869.1,1879.2,136
2020-12-22,1882.2,1882.2,1861.0,1866.6,233
2020-12-23,1867.0,1878.8,1864.5,1874.7,82
2020-12-24,1877.3,1879.9,1875.7,1879.9,46
2020-12-28,1895.5,1895.8,1873.7,1877.2,75
2020-12-29,1881.3,1881.3,1879.7,1879.7,343
2020-12-30,1879.9,1895.8,1877.3,1891.0,444
2020-12-31,1897.0,1901.3,1892.7,1893.1,127
2021-01-04,1912.2,1945.1,1912.2,1944.7,154
2021-01-05,1941.7,1952.7,1941.3,1952.7,113
2021-01-06,1952.0,1959.9,1901.5,1906.9,331
2021-01-07,1922.6,1926.7,1912.0,1912.3,122
2021-01-08,1908.0,1908.0,1834.1,1834.1,60
2021-01-11,1826.5,1849.6,1826.5,1849.6,20
2021-01-12,1849.0,1859.7,1839.4,1842.9,176
2021-01-13,1858.0,1858.6,1853.6,1853.6,189
2021-01-14,1836.7,1850.7,1836.7,1850.3,149
2021-01-15,1829.4,1829.4,1825.0,1829.3,31
2021-01-19,1802.0,1842.9,1802.0,1839.5,13
2021-01-20,1847.8,1866.6,1844.4,1865.9,16
2021-01-21,1865.3,1868.0,1865.3,1865.3,6
2021-01-22,1854.9,1855.7,1852.7,1855.7,8
2021-01-25,1864.7,1864.7,1851.8,1854.9,26
2021-01-26,1855.8,1855.8,1850.7,1850.7,59
2021-01-27,1844.9,1844.9,1844.9,1844.9,195540
2021-01-28,1843.4,1862.9,1831.5,1837.9,27283
2021-01-29,1842.0,1876.0,1838.7,1847.3,1634
2021-02-01,1866.6,1871.9,1850.0,1860.8,1494
2021-02-02,1859.6,1861.3,1827.6,1830.5,1293
2021-02-03,1834.8,1842.4,1829.8,1832.2,1195
2021-02-04,1832.2,1832.2,1782.8,1788.9,2375
2021-02-05,1794.3,1813.5,1790.9,1810.9,1278
2021-02-08,1816.3,1836.7,1809.0,1831.9,254
2021-02-09,1841.9,1843.3,1830.7,1835.3,184
2021-02-10,1842.6,1851.1,1837.0,1840.6,543
2021-02-11,1840.5,1845.0,1820.9,1824.9,602
2021-02-12,1825.0,1827.5,1809.2,1821.6,259
2021-02-16,1820.9,1823.4,1787.3,1797.2,1141
2021-02-17,1785.8,1789.7,1768.8,1771.1,614
2021-02-18,1776.1,1784.6,1766.0,1773.4,587
2021-02-19,1764.3,1787.6,1764.3,1775.8,118
2021-02-22,1784.0,1807.8,1784.0,1806.7,165
2021-02-23,1809.6,1811.3,1796.4,1804.4,569
2021-02-24,1805.8,1805.8,1796.4,1796.4,1500
2021-02-25,1801.5,1802.0,1766.7,1774.4,1049
2021-02-26,1768.1,1768.2,1718.8,1728.1,1593
2021-03-01,1737.1,1747.0,1720.3,1722.5,407
2021-03-02,1709.4,1733.1,1708.7,1733.1,867
2021-03-03,1730.0,1732.4,1703.5,1715.3,501
2021-03-04,1706.5,1717.4,1700.2,1700.2,521
2021-03-05,1690.6,1701.0,1685.0,1698.0,302
2021-03-08,1704.7,1705.4,1673.7,1677.7,1290
2021-03-09,1686.2,1717.5,1685.2,1716.6,335
2021-03-10,1713.6,1722.9,1711.0,1721.5,412
2021-03-11,1725.6,1737.5,1720.2,1722.3,18
2021-03-12,1715.9,1722.5,1699.0,1719.5,80
2021-03-15,1729.5,1731.9,1722.8,1728.9,147
2021-03-16,1732.3,1733.9,1726.0,1730.6,729
2021-03-17,1735.3,1750.1,1725.6,1726.8,488
2021-03-18,1745.8,1750.3,1721.8,1732.2,138
2021-03-19,1742.2,1742.2,1733.6,1741.4,13
2021-03-22,1737.8,1737.8,1737.8,1737.8,51
2021-03-23,1724.7,1724.7,1724.7,1724.7,6
2021-03-24,1727.5,1732.9,1727.5,1732.9,26
2021-03-25,1732.7,1733.2,1724.5,1724.9,15
2021-03-26,1721.3,1732.2,1721.3,1732.2,33
2021-03-29,1712.1,1712.1,1712.1,1712.1,135457
2021-03-30,1711.0,1712.6,1676.5,1683.9,25316
2021-03-31,1683.7,1713.8,1676.5,1713.8,762
2021-04-01,1706.8,1728.8,1706.4,1726.5,720
2021-04-05,1727.9,1729.7,1721.9,1727.0,275
2021-04-06,1726.9,1744.8,1726.9,1741.5,890
2021-04-07,1742.7,1742.7,1733.7,1740.1,557
2021-04-08,1736.0,1758.0,1734.6,1756.8,1298
2021-04-09,1750.8,1750.8,1733.3,1743.3,484
2021-04-12,1740.8,1740.8,1726.7,1731.2,40
2021-04-13,1733.8,1746.9,1722.1,1746.2,367
2021-04-14,1741.3,1745.9,1732.7,1734.9,1037
2021-04-15,1740.1,1767.9,1740.1,1765.4,368
2021-04-16,1770.4,1779.5,1770.1,1779.0,625
2021-04-19,1782.1,1788.5,1769.4,1769.4,144
2021-04-20,1769.3,1777.3,1765.5,1777.3,1464
2021-04-21,1783.0,1794.1,1777.7,1792.3,250
2021-04-22,1794.2,1794.2,1779.5,1781.2,159
2021-04-23,1786.1,1794.5,1772.0,1777.0,332
2021-04-26,1778.0,1779.7,1770.8,1779.2,549
2021-04-27,1780.0,1782.0,1777.7,1778.0,117
2021-04-28,1768.2,1774.0,1764.6,1773.2,756
2021-04-29,1781.0,1789.0,1758.6,1768.1,196
2021-04-30,1771.8,1771.8,1763.9,1767.3,18
2021-05-03,1788.5,1793.0,1788.5,1791.4,18
2021-05-04,1788.2,1788.5,1774.8,1775.8,182
2021-05-05,1781.5,1784.1,1779.2,1784.1,57
2021-05-06,1788.9,1815.5,1787.6,1815.5,13
2021-05-07,1842.9,1842.9,1831.1,1831.1,2
2021-05-10,1835.6,1845.6,1835.4,1837.5,13
2021-05-11,1837.2,1838.1,1831.6,1835.9,420
2021-05-12,1825.2,1825.2,1821.7,1822.6,3
2021-05-13,1814.7,1826.8,1814.1,1823.8,100
2021-05-14,1824.5,1842.9,1824.5,1837.9,41
2021-05-17,1849.9,1867.5,1847.2,1867.5,13
2021-05-18,1870.5,1870.5,1867.8,1867.8,3
2021-05-19,1866.4,1884.9,1863.6,1881.3,348
2021-05-20,1865.5,1885.0,1864.8,1881.8,85
2021-05-21,1872.1,1876.7,1872.1,1876.7,5
2021-05-24,1882.1,1884.6,1882.1,1884.6,39
2021-05-25,1882.5,1898.1,1882.5,1898.1,56
2021-05-26,1901.3,1901.3,1901.3,1901.3,170526
2021-05-27,1896.8,1903.9,1888.2,1895.7,35794
2021-05-28,1897.5,1905.4,1881.9,1902.5,2415
2021-06-01,1905.1,1916.2,1892.8,1902.9,640
2021-06-02,1899.2,1908.8,1896.0,1907.5,1267
2021-06-03,1908.8,1908.8,1865.0,1871.2,1021
2021-06-04,1869.3,1895.5,1854.0,1889.8,367
2021-06-07,1890.5,1899.7,1883.2,1896.8,87
2021-06-08,1896.5,1902.9,1890.0,1892.2,930
2021-06-09,1894.9,1897.7,1889.2,1893.2,148
2021-06-10,1887.7,1899.8,1871.5,1894.2,186
2021-06-11,1900.9,1902.3,1875.2,1877.4,349
2021-06-14,1866.2,1866.6,1846.5,1864.0,41
2021-06-15,1866.4,1867.2,1854.4,1854.5,78
2021-06-16,1859.4,1860.1,1809.2,1859.5,117
2021-06-17,1811.8,1823.3,1769.6,1773.8,1135
2021-06-18,1775.7,1792.4,1767.9,1767.9,354
2021-06-21,1768.8,1785.2,1766.8,1781.8,38
2021-06-22,1783.4,1786.9,1775.9,1776.3,101
2021-06-23,1780.7,1793.2,1780.6,1782.3,136
2021-06-24,1778.9,1786.4,1775.6,1775.6,78
2021-06-25,1777.7,1788.0,1775.2,1776.6,35
2021-06-28,1779.6,1779.6,1779.6,1779.6,888
2021-06-29,1776.8,1777.1,1752.1,1762.8,419
2021-06-30,1761.1,1770.8,1759.2,1770.8,51
2021-07-01,1775.7,1781.2,1768.8,1775.9,44
2021-07-02,1778.7,1787.9,1778.3,1782.6,23
2021-07-06,1786.7,1809.8,1786.7,1793.5,332
2021-07-07,1798.7,1808.4,1797.2,1801.5,244
2021-07-08,1797.0,1818.5,1797.0,1799.6,148
2021-07-09,1803.6,1810.1,1798.8,1810.0,218
2021-07-12,1802.6,1805.5,1799.5,1805.5,147
2021-07-13,1808.1,1812.0,1800.6,1809.4,78
2021-07-14,1813.1,1829.0,1813.1,1824.3,707
2021-07-15,1831.6,1833.0,1823.4,1828.4,99
2021-07-16,1830.1,1831.4,1814.5,1814.5,78
2021-07-19,1803.3,1813.4,1803.3,1808.7,33
2021-07-20,1812.9,1824.0,1810.9,1810.9,128
2021-07-21,1807.0,1807.0,1800.0,1802.9,135
2021-07-22,1793.6,1805.0,1793.6,1805.0,2
2021-07-23,1800.0,1801.4,1800.0,1801.4,1
2021-07-26,1802.5,1802.5,1797.2,1798.7,17
2021-07-27,1803.7,1803.7,1799.5,1799.5,1
2021-07-28,1799.5,1799.5,1799.5,1799.5,209783
2021-07-29,1806.6,1832.6,1806.1,1831.2,30496
2021-07-30,1828.0,1830.5,1808.9,1812.6,3100
2021-08-02,1812.4,1818.7,1804.8,1818.1,1334
2021-08-03,1812.3,1813.5,1806.0,1810.1,3341
2021-08-04,1809.3,1831.3,1806.3,1810.5,2860
2021-08-05,1810.8,1813.7,1796.0,1805.1,588
2021-08-06,1799.8,1800.1,1758.4,1760.0,859
2021-08-09,1753.5,1753.8,1692.6,1723.4,1621
2021-08-10,1728.6,1735.2,1720.1,1728.8,1363
2021-08-11,1727.3,1752.2,1727.3,1750.4,542
2021-08-12,1749.7,1752.4,1745.5,1749.0,739
2021-08-13,1758.3,1777.3,1757.4,1775.2,436
2021-08-16,1776.9,1787.8,1771.9,1786.9,219
2021-08-17,1787.7,1794.2,1780.0,1785.0,200
2021-08-18,1787.8,1791.5,1779.0,1781.6,263
2021-08-19,1780.0,1789.3,1775.5,1780.2,245
2021-08-20,1784.1,1787.5,1778.2,1781.0,235
2021-08-23,1776.8,1804.8,1776.8,1803.2,32
2021-08-24,1801.0,1805.6,1801.0,1805.6,22
2021-08-25,1792.0,1792.9,1784.0,1788.2,812
2021-08-26,1787.4,1792.2,1781.0,1792.2,61
2021-08-27,1803.4,1816.6,1803.1,1816.6,1219
2021-08-30,1818.2,1820.3,1807.8,1809.0,684
2021-08-31,1815.9,1815.9,1801.1,1815.0,82
2021-09-01,1813.5,1815.9,1809.5,1813.1,114
2021-09-02,1813.2,1813.9,1806.8,1808.7,26
2021-09-03,1820.9,1833.9,1818.9,1830.9,53
2021-09-07,1825.7,1825.7,1792.7,1795.9,48
2021-09-08,1781.7,1790.7,1781.7,1790.7,69
2021-09-09,1798.7,1798.7,1787.9,1797.4,49
2021-09-10,1789.6,1789.6,1789.6,1789.6,0
2021-09-13,1789.8,1796.0,1784.0,1792.0,533
2021-09-14,1791.4,1806.2,1783.0,1804.7,764
2021-09-15,1803.7,1803.7,1792.4,1792.4,59
2021-09-16,1792.9,1792.9,1743.9,1754.6,1645
2021-09-17,1758.8,1763.0,1749.4,1749.4,581
2021-09-20,1751.8,1761.8,1750.9,1761.8,185
2021-09-21,1762.2,1776.0,1759.0,1776.0,106
2021-09-22,1776.7,1784.3,1767.0,1776.7,17
2021-09-23,1766.8,1766.8,1738.2,1747.7,31
2021-09-24,1749.7,1749.7,1745.0,1749.7,76
2021-09-27,1751.7,1754.4,1747.5,1750.0,808
2021-09-28,1739.6,1741.7,1726.8,1735.8,15748
2021-09-29,1732.4,1744.1,1721.4,1721.5,6634
2021-09-30,1725.5,1760.3,1724.5,1755.3,997
2021-10-01,1754.3,1762.6,1748.5,1757.0,2220
2021-10-04,1764.5,1768.9,1749.5,1766.2,417
2021-10-05,1764.3,1764.3,1749.0,1759.6,98
2021-10-06,1759.3,1762.9,1744.7,1760.5,56
2021-10-07,1762.4,1762.4,1752.8,1757.9,336
2021-10-08,1757.0,1780.0,1754.2,1756.3,254
2021-10-11,1756.6,1757.8,1752.2,1754.6,128
2021-10-12,1751.9,1768.0,1749.8,1758.3,139
2021-10-13,1760.8,1794.5,1760.8,1793.7,150
2021-10-14,1792.2,1799.9,1792.0,1796.7,337
2021-10-15,1794.5,1795.4,1766.6,1767.2,874
2021-10-18,1761.6,1770.1,1759.5,1764.8,266
2021-10-19,1777.6,1785.0,1767.5,1769.7,51
2021-10-20,1774.6,1785.6,1774.0,1784.1,127
2021-10-21,1782.0,1785.7,1781.0,1781.2,146
2021-10-22,1787.1,1806.9,1784.0,1795.5,532
2021-10-25,1794.3,1809.0,1794.0,1806.0,140
2021-10-26,1808.8,1808.8,1788.6,1792.7,359
2021-10-27,1791.5,1798.1,1791.5,1797.9,543
2021-10-28,1795.5,1807.3,1795.5,1801.6,452
2021-10-29,1793.1,1797.0,1774.6,1783.0,583
2021-11-01,1787.5,1795.1,1786.7,1795.1,142
2021-11-02,1790.5,1795.5,1787.7,1788.7,213
2021-11-03,1768.0,1768.0,1761.8,1763.6,108
2021-11-04,1776.6,1798.2,1776.2,1793.0,103
2021-11-05,1794.9,1817.1,1794.9,1816.4,239
2021-11-08,1817.0,1827.4,1816.9,1827.4,261
2021-11-09,1826.1,1832.7,1820.7,1830.2,170
2021-11-10,1825.8,1865.0,1824.9,1847.6,795
2021-11-11,1853.9,1866.5,1853.9,1863.2,292
2021-11-12,1860.8,1867.9,1847.6,1867.9,210
2021-11-15,1864.5,1866.9,1864.5,1866.1,87
2021-11-16,1853.6,1853.6,1853.6,1853.6,1
2021-11-17,1862.6,1869.7,1862.6,1869.7,2
2021-11-18,1861.0,1861.0,1861.0,1861.0,9
2021-11-19,1851.2,1851.2,1851.2,1851.2,21
2021-11-22,1841.6,1841.6,1805.7,1806.0,14
2021-11-23,1795.5,1795.5,1783.5,1783.5,264
2021-11-24,1793.0,1793.0,1781.4,1784.1,188
2021-11-26,1791.1,1791.4,1785.3,1785.3,186800
2021-11-29,1791.7,1798.9,1779.1,1782.3,26926
2021-11-30,1783.9,1808.1,1768.7,1773.6,4903
2021-12-01,1774.8,1790.5,1772.3,1781.6,1128
2021-12-02,1780.9,1780.9,1760.6,1760.7,1557
2021-12-03,1767.5,1785.1,1766.5,1782.0,694
2021-12-06,1780.2,1783.0,1777.2,1777.5,381
2021-12-07,1779.5,1786.1,1772.3,1782.6,308
2021-12-08,1789.9,1789.9,1779.0,1783.4,1383
2021-12-09,1783.5,1783.5,1771.8,1774.6,455
2021-12-10,1773.8,1785.4,1769.1,1782.9,545
2021-12-13,1784.4,1787.1,1783.8,1786.3,206
2021-12-14,1787.0,1787.0,1769.0,1770.4,322
2021-12-15,1767.4,1778.7,1753.9,1762.6,283
2021-12-16,1781.0,1798.1,1781.0,1796.6,21
2021-12-17,1804.0,1812.9,1803.8,1803.8,654
2021-12-20,1796.8,1799.8,1792.0,1793.7,226
2021-12-21,1791.4,1796.5,1787.9,1787.9,575
2021-12-22,1786.0,1805.2,1785.5,1801.6,567
2021-12-23,1806.0,1811.2,1800.8,1811.2,193
2021-12-27,1810.0,1812.1,1807.0,1808.1,150
2021-12-28,1812.0,1818.0,1805.5,1810.2,146
2021-12-29,1803.2,1805.1,1791.4,1805.1,623
2021-12-30,1801.7,1816.0,1796.0,1812.7,306
2021-12-31,1825.1,1827.8,1821.4,1827.5,80
2022-01-03,1830.1,1830.1,1798.8,1799.4,116
2022-01-04,1800.5,1815.3,1800.0,1814.0,38
2022-01-05,1813.1,1824.6,1813.1,1824.6,8
2022-01-06,1787.1,1791.3,1787.1,1788.7,30
2022-01-07,1791.8,1797.0,1784.4,1797.0,17
2022-01-10,1794.9,1798.7,1790.4,1798.4,534
2022-01-11,1803.9,1822.5,1803.0,1818.6,743
2022-01-12,1819.0,1827.2,1816.9,1827.2,1547
2022-01-13,1819.8,1823.0,1815.4,1821.2,40
2022-01-14,1821.5,1822.0,1816.5,1816.5,816
2022-01-18,1816.8,1820.1,1812.3,1812.3,900
2022-01-19,1817.4,1843.1,1817.4,1843.1,4
2022-01-20,1840.6,1843.0,1838.2,1842.5,20
2022-01-21,1838.0,1842.4,1828.9,1831.8,19
2022-01-24,1837.9,1842.1,1837.9,1841.7,8
2022-01-25,1843.0,1852.7,1842.0,1852.7,11
2022-01-26,1829.9,1829.9,1829.9,1829.9,55
2022-01-27,1793.3,1793.3,1793.3,1793.3,196036
2022-01-28,1797.5,1798.4,1778.8,1784.9,28521
2022-01-31,1788.5,1798.5,1785.1,1795.0,1735
2022-02-01,1797.2,1806.1,1797.1,1800.3,223
2022-02-02,1797.8,1810.1,1795.1,1809.2,1690
2022-02-03,1805.8,1808.1,1787.9,1803.0,466
2022-02-04,1806.0,1813.7,1792.5,1806.6,571
2022-02-07,1812.2,1821.3,1809.1,1820.6,601
2022-02-08,1818.9,1827.6,1815.0,1826.6,108
2022-02-09,1825.4,1835.2,1825.3,1835.2,683
2022-02-10,1833.3,1842.1,1820.8,1836.2,365
2022-02-11,1822.0,1864.8,1822.0,1840.8,181
2022-02-14,1861.8,1870.6,1854.6,1868.0,79
2022-02-15,1872.6,1879.7,1847.4,1854.8,86
2022-02-16,1858.7,1870.2,1856.3,1870.2,34
2022-02-17,1876.3,1900.7,1876.2,1900.7,393
2022-02-18,1899.4,1899.4,1890.7,1898.6,51
2022-02-22,1908.1,1912.0,1890.8,1906.1,173
2022-02-23,1896.6,1910.6,1895.7,1909.2,73
2022-02-24,1911.9,1972.5,1911.7,1925.1,2706
2022-02-25,1906.9,1920.0,1883.6,1886.5,586
2022-02-28,1928.3,1928.4,1894.2,1899.4,390
2022-03-01,1908.3,1942.4,1903.8,1942.4,547
2022-03-02,1945.6,1948.2,1919.8,1920.9,109
2022-03-03,1930.5,1940.3,1924.8,1934.4,122
2022-03-04,1937.0,1970.9,1935.6,1965.1,47
2022-03-07,1989.0,2001.1,1963.0,1993.9,2516
2022-03-08,1999.4,2072.0,1998.0,2040.1,1813
2022-03-09,2053.6,2063.0,1980.8,1985.9,1022
2022-03-10,1978.1,2010.5,1978.1,1998.1,670
2022-03-11,1985.0,1996.0,1959.9,1982.7,865
2022-03-14,1976.5,1977.7,1959.6,1959.6,145
2022-03-15,1939.8,1939.9,1910.7,1928.5,71
2022-03-16,1922.4,1922.4,1907.2,1908.0,104
2022-03-17,1933.9,1947.2,1933.9,1942.1,39
2022-03-18,1934.5,1939.3,1928.2,1928.2,28
2022-03-21,1925.4,1928.6,1925.0,1928.6,5
2022-03-22,1920.7,1920.7,1920.7,1920.7,26
2022-03-23,1936.6,1936.6,1936.6,1936.6,204
2022-03-24,1963.6,1964.0,1961.6,1961.6,8
2022-03-25,1953.8,1953.8,1953.8,1953.8,83
2022-03-28,1932.6,1939.6,1932.6,1939.6,7
2022-03-29,1893.5,1912.0,1893.5,1912.0,128051
2022-03-30,1918.4,1937.0,1914.5,1933.5,17765
2022-03-31,1933.5,1949.9,1919.1,1949.2,3617
2022-04-01,1935.0,1938.0,1917.0,1919.1,1016
2022-04-04,1921.2,1936.1,1915.6,1929.2,371
2022-04-05,1927.1,1943.5,1918.4,1922.9,412
2022-04-06,1916.7,1931.8,1916.7,1918.4,138
2022-04-07,1919.5,1934.8,1919.5,1933.8,311
2022-04-08,1928.8,1947.7,1928.8,1941.6,153
2022-04-11,1946.6,1968.4,1941.8,1944.3,163
2022-04-12,1952.5,1977.1,1950.6,1972.1,246
2022-04-13,1969.5,1981.0,1969.5,1981.0,204
2022-04-14,1977.2,1978.7,1963.0,1970.9,101
2022-04-18,1973.4,1997.1,1972.8,1982.9,196
2022-04-19,1973.8,1978.3,1945.7,1955.7,130
2022-04-20,1945.5,1953.6,1945.5,1952.3,621
2022-04-21,1942.5,1944.9,1942.5,1944.9,4
2022-04-22,1949.6,1950.4,1930.2,1931.0,178
2022-04-25,1925.0,1925.0,1889.3,1893.2,748
2022-04-26,1900.5,1909.1,1894.0,1901.4,302
2022-04-27,1897.8,1900.6,1882.2,1885.9,1786
2022-04-28,1883.8,1893.0,1872.9,1888.7,513
2022-04-29,1902.7,1918.2,1902.4,1909.3,132
2022-05-02,1896.7,1896.8,1853.0,1861.8,385
2022-05-03,1868.8,1868.8,1868.8,1868.8,466
2022-05-04,1867.0,1867.0,1867.0,1867.0,1
2022-05-05,1897.0,1904.3,1874.0,1874.0,80
2022-05-06,1874.7,1890.3,1871.5,1881.2,214
2022-05-09,1866.6,1867.5,1854.0,1857.1,304
2022-05-10,1839.9,1839.9,1839.9,1839.9,1540
2022-05-11,1841.5,1852.6,1841.0,1852.6,892
2022-05-12,1849.8,1851.9,1822.2,1823.8,153
2022-05-13,1825.0,1825.0,1807.4,1807.4,335
2022-05-16,1790.5,1813.5,1787.0,1813.5,34
2022-05-17,1824.9,1828.6,1816.7,1818.2,121
2022-05-18,1815.0,1819.7,1805.0,1815.9,311
2022-05-19,1810.9,1841.2,1810.7,1841.2,138
2022-05-20,1839.1,1841.8,1836.3,1841.8,110
2022-05-23,1846.3,1863.0,1845.8,1847.8,216
2022-05-24,1852.5,1867.0,1852.5,1865.1,33
2022-05-25,1846.2,1846.2,1846.2,1846.2,0
2022-05-26,1840.4,1847.4,1840.4,1847.4,123355
2022-05-27,1848.3,1860.7,1845.9,1851.3,30091
2022-05-31,1850.3,1862.1,1832.8,1842.7,4073
2022-06-01,1831.0,1847.9,1825.3,1843.3,1623
2022-06-02,1845.4,1868.7,1842.1,1866.5,551
2022-06-03,1867.6,1871.8,1845.4,1845.4,53
2022-06-06,1849.0,1854.1,1839.2,1839.2,142
2022-06-07,1836.9,1851.6,1835.0,1847.5,1168
2022-06-08,1844.8,1855.0,1844.4,1851.9,218
2022-06-09,1846.1,1850.1,1837.9,1848.8,159
2022-06-10,1842.7,1875.6,1823.9,1871.5,1490
2022-06-13,1873.8,1873.8,1818.7,1828.0,127
2022-06-14,1825.0,1825.5,1805.3,1809.5,536
2022-06-15,1814.1,1839.0,1810.8,1815.3,108
2022-06-16,1819.2,1850.6,1814.9,1845.7,136
2022-06-17,1853.7,1853.7,1833.6,1835.6,170
2022-06-21,1835.3,1838.6,1830.1,1834.6,216
2022-06-22,1829.5,1842.7,1821.6,1834.3,115
2022-06-23,1835.5,1841.2,1825.7,1825.7,9
2022-06-24,1820.5,1826.5,1815.8,1826.5,61
2022-06-27,1830.5,1830.7,1819.9,1820.9,77
2022-06-28,1824.2,1826.0,1817.5,1817.5,391
2022-06-29,1818.3,1830.3,1812.8,1813.7,173
2022-06-30,1809.6,1817.3,1801.0,1804.1,328
2022-07-01,1795.5,1806.1,1791.6,1798.9,77
2022-07-05,1805.4,1805.4,1761.8,1761.8,64
2022-07-06,1762.5,1768.0,1734.0,1734.9,1729
2022-07-07,1745.2,1745.2,1737.0,1737.9,1869
2022-07-08,1738.1,1749.3,1732.1,1740.6,370
2022-07-11,1732.5,1736.7,1730.0,1730.0,75
2022-07-12,1734.2,1735.5,1723.3,1723.3,451
2022-07-13,1710.0,1734.2,1710.0,1734.2,368
2022-07-14,1710.3,1710.5,1704.5,1704.5,1289
2022-07-15,1705.4,1709.7,1701.1,1702.4,721
2022-07-18,1712.2,1712.4,1709.2,1709.2,264
2022-07-19,1712.3,1714.4,1706.1,1710.0,1684
2022-07-20,1707.1,1708.5,1699.5,1699.5,130
2022-07-21,1687.0,1715.5,1679.8,1712.7,183
2022-07-22,1713.3,1735.0,1713.0,1727.1,61
2022-07-25,1727.0,1732.0,1719.0,1719.0,67
2022-07-26,1718.0,1718.0,1717.7,1717.7,1
2022-07-27,1719.1,1719.1,1719.1,1719.1,144865
2022-07-28,1732.3,1755.0,1732.0,1750.3,37236
2022-07-29,1754.0,1765.7,1750.0,1762.9,3485
2022-08-01,1763.9,1772.5,1756.1,1769.0,705
2022-08-02,1772.1,1786.6,1759.4,1771.1,1078
2022-08-03,1756.7,1770.5,1753.0,1758.0,399
2022-08-04,1769.4,1792.1,1767.7,1788.5,285
2022-08-05,1791.2,1791.4,1764.2,1772.9,645
2022-08-08,1771.8,1786.8,1771.8,1786.8,127
2022-08-09,1790.0,1796.1,1789.0,1794.0,249
2022-08-10,1804.4,1804.9,1787.8,1795.6,601
2022-08-11,1794.3,1794.3,1785.7,1789.7,1235
2022-08-12,1786.3,1800.4,1784.3,1798.6,187
2022-08-15,1799.0,1799.0,1774.7,1781.4,64
2022-08-16,1777.4,1777.4,1771.4,1773.2,308
2022-08-17,1769.7,1769.7,1760.0,1760.3,23
2022-08-18,1762.9,1762.9,1753.4,1755.3,321
2022-08-19,1753.7,1754.3,1747.5,1747.6,49
2022-08-22,1740.5,1740.5,1726.5,1734.0,347
2022-08-23,1738.0,1748.9,1731.9,1746.8,509
2022-08-24,1745.0,1751.8,1743.6,1747.8,187
2022-08-25,1761.6,1761.8,1755.0,1757.7,172
2022-08-26,1754.0,1755.0,1736.1,1736.1,202
2022-08-29,1732.4,1741.2,1732.1,1736.6,950
2022-08-30,1736.4,1739.0,1720.7,1723.2,385
2022-08-31,1718.3,1720.9,1708.5,1712.8,2133
2022-09-01,1707.9,1707.9,1693.9,1696.6,683
2022-09-02,1703.4,1715.7,1703.1,1709.8,182
2022-09-06,1709.7,1717.4,1699.7,1700.4,697
2022-09-07,1694.8,1715.3,1694.7,1715.3,651
2022-09-08,1718.2,1718.2,1705.3,1708.0,1193
2022-09-09,1719.2,1720.0,1712.8,1716.2,635
2022-09-12,1727.4,1728.1,1727.4,1728.1,68
2022-09-13,1720.5,1720.5,1697.3,1705.0,432
2022-09-14,1698.7,1701.8,1696.5,1696.5,532
2022-09-15,1685.5,1686.0,1662.3,1665.4,1125
2022-09-16,1660.4,1674.9,1651.7,1671.7,464
2022-09-19,1661.8,1669.4,1658.5,1666.2,580
2022-09-20,1659.7,1659.7,1659.7,1659.7,2830
2022-09-21,1665.5,1680.1,1664.6,1664.6,2337
2022-09-22,1668.3,1670.8,1668.3,1670.8,973
2022-09-23,1667.0,1667.0,1645.3,1645.3,1224
2022-09-26,1623.3,1623.3,1623.3,1623.3,1205
2022-09-27,1632.2,1636.6,1626.7,1626.7,888
2022-09-28,1620.4,1660.4,1620.4,1660.4,18311
2022-09-29,1657.0,1662.6,1640.0,1658.5,6028
2022-09-30,1661.7,1672.7,1658.0,1662.4,548
2022-10-03,1667.2,1700.0,1661.9,1692.9,410
2022-10-04,1701.2,1728.0,1696.0,1721.1,291
2022-10-05,1724.1,1726.6,1703.0,1711.4,418
2022-10-06,1721.0,1723.3,1709.1,1711.7,133
2022-10-07,1710.1,1710.1,1693.7,1700.5,179
2022-10-10,1693.4,1693.4,1667.0,1667.3,195
2022-10-11,1661.8,1678.7,1661.0,1678.7,167
2022-10-12,1668.0,1672.7,1668.0,1670.3,149
2022-10-13,1675.2,1675.3,1641.5,1670.0,729
2022-10-14,1665.3,1667.0,1640.0,1641.7,82
2022-10-17,1650.2,1657.0,1646.8,1657.0,238
2022-10-18,1651.4,1655.2,1649.0,1649.0,597
2022-10-19,1637.5,1637.5,1627.5,1627.5,84
2022-10-20,1622.8,1641.4,1622.8,1630.8,477
2022-10-21,1634.1,1653.9,1634.1,1651.0,224
2022-10-24,1662.7,1662.7,1648.7,1648.7,29
2022-10-25,1648.2,1652.8,1637.3,1652.8,880
2022-10-26,1649.8,1667.0,1649.8,1664.0,89
2022-10-27,1660.7,1660.7,1660.7,1660.7,2298
2022-10-28,1661.0,1661.0,1638.7,1639.6,626
2022-10-31,1641.8,1641.8,1633.4,1635.9,522
2022-11-01,1630.8,1653.7,1630.8,1645.0,985
2022-11-02,1650.8,1664.7,1634.0,1645.7,612
2022-11-03,1629.2,1629.2,1615.1,1627.3,1427
2022-11-04,1630.2,1674.5,1629.0,1672.5,159
2022-11-07,1676.9,1677.9,1672.9,1676.5,42
2022-11-08,1703.2,1712.1,1703.2,1712.1,23
2022-11-09,1707.4,1720.2,1706.0,1710.1,497
2022-11-10,1708.2,1750.3,1708.2,1750.3,325
2022-11-11,1763.8,1766.0,1757.6,1766.0,257
2022-11-14,1762.0,1773.6,1761.6,1773.6,358
2022-11-15,1770.8,1773.8,1769.9,1773.8,57
2022-11-16,1776.6,1778.9,1773.0,1773.0,303
2022-11-17,1763.0,1763.0,1756.0,1760.8,18
2022-11-18,1763.3,1763.3,1747.6,1751.9,414
2022-11-21,1739.0,1744.9,1736.1,1737.4,544
2022-11-22,1741.7,1741.7,1738.3,1738.3,15
2022-11-23,1736.5,1750.9,1736.5,1744.9,39
2022-11-25,1753.0,1757.9,1749.2,1753.3,216
2022-11-28,1741.3,1741.3,1740.1,1740.1,132767
2022-11-29,1739.5,1758.2,1737.9,1748.4,19416
2022-11-30,1748.1,1769.4,1745.1,1746.0,3339
2022-12-01,1768.7,1803.7,1768.7,1801.1,1053
2022-12-02,1802.0,1802.3,1779.4,1795.9,1725
2022-12-05,1795.7,1808.0,1764.3,1767.4,1713
2022-12-06,1768.6,1779.4,1767.9,1769.3,105
2022-12-07,1769.3,1790.3,1769.3,1785.5,422
2022-12-08,1782.0,1790.9,1782.0,1788.7,713
2022-12-09,1794.9,1804.3,1791.1,1798.1,125
2022-12-12,1787.3,1793.9,1777.7,1780.5,85
2022-12-13,1780.7,1819.8,1780.5,1813.9,205
2022-12-14,1810.8,1812.8,1797.9,1807.5,1074
2022-12-15,1801.0,1801.0,1774.8,1777.2,421
2022-12-16,1777.9,1791.4,1777.9,1790.0,206
2022-12-19,1791.6,1796.3,1785.6,1787.7,79
2022-12-20,1786.5,1821.4,1786.5,1815.9,51
2022-12-21,1817.4,1821.4,1814.4,1815.9,35
2022-12-22,1818.1,1818.1,1785.0,1787.0,411
2022-12-23,1794.3,1802.8,1794.1,1795.9,49
2022-12-27,1803.4,1826.3,1803.4,1814.8,69
2022-12-28,1803.2,1807.9,1803.1,1807.9,434
2022-12-29,1805.8,1819.5,1805.8,1819.5,277
2022-12-30,1817.0,1822.3,1816.8,1819.7,95
2023-01-03,1836.2,1839.7,1836.2,1839.7,29
2023-01-04,1845.6,1859.1,1845.6,1852.8,25
2023-01-05,1855.2,1855.2,1834.8,1834.8,24
2023-01-06,1838.4,1868.2,1835.3,1864.2,26
2023-01-09,1867.0,1880.0,1867.0,1872.7,62
2023-01-10,1877.8,1878.1,1871.6,1871.6,101
2023-01-11,1873.1,1877.8,1873.1,1874.6,1236
2023-01-12,1877.2,1897.4,1877.2,1895.5,59
2023-01-13,1899.0,1920.9,1898.3,1918.4,512
2023-01-17,1920.1,1920.1,1905.2,1907.2,706
2023-01-18,1911.1,1911.1,1903.1,1904.4,1027
2023-01-19,1922.1,1931.8,1922.1,1922.1,371
2023-01-20,1922.1,1928.5,1921.4,1926.4,1346
2023-01-23,1926.5,1927.1,1915.0,1927.1,218
2023-01-24,1931.8,1936.8,1931.8,1933.9,201
2023-01-25,1941.2,1941.2,1939.8,1941.2,7
2023-01-26,1936.6,1937.1,1927.1,1929.1,131
2023-01-27,1928.6,1928.6,1928.6,1928.6,150902
2023-01-30,1928.3,1933.6,1920.3,1922.9,27220
2023-01-31,1923.0,1930.4,1900.6,1929.5,1910
2023-02-01,1927.2,1955.0,1922.0,1927.8,2290
2023-02-02,1952.3,1959.1,1911.3,1916.3,748
2023-02-03,1912.4,1917.0,1861.5,1862.9,992
2023-02-06,1865.6,1880.0,1863.4,1866.2,424
2023-02-07,1870.0,1875.7,1868.0,1871.7,297
2023-02-08,1872.1,1880.4,1872.1,1877.4,230
2023-02-09,1875.3,1884.6,1859.8,1866.2,223
2023-02-10,1861.6,1863.5,1852.4,1862.8,27
2023-02-13,1859.0,1861.0,1850.0,1851.9,569
2023-02-14,1854.1,1862.0,1846.2,1854.0,656
2023-02-15,1842.0,1842.0,1828.2,1834.2,368
2023-02-16,1838.6,1843.7,1827.2,1842.0,222
2023-02-17,1827.4,1842.2,1818.4,1840.4,35
2023-02-21,1842.6,1843.0,1833.0,1833.0,862
2023-02-22,1835.7,1836.2,1825.1,1832.0,278
2023-02-23,1826.4,1827.5,1818.0,1818.0,291
2023-02-24,1808.8,1808.8,1808.8,1808.8,404
2023-02-27,1811.6,1817.5,1808.9,1817.0,829
2023-02-28,1808.1,1830.0,1808.1,1828.9,618
2023-03-01,1827.1,1841.7,1827.1,1837.7,211
2023-03-02,1830.0,1836.3,1830.0,1833.5,154
2023-03-03,1837.3,1855.4,1837.3,1847.7,61
2023-03-06,1853.3,1853.8,1844.2,1847.9,5
2023-03-07,1840.9,1840.9,1813.9,1813.9,450
2023-03-08,1811.6,1812.9,1811.5,1812.7,75
2023-03-09,1816.4,1829.3,1815.6,1829.3,332
2023-03-10,1852.3,1868.5,1852.0,1862.0,248
2023-03-13,1890.8,1913.1,1875.1,1911.7,503
2023-03-14,1912.2,1912.2,1901.1,1906.2,107
2023-03-15,1903.9,1926.6,1898.5,1926.6,564
2023-03-16,1909.9,1931.7,1909.9,1919.0,394
2023-03-17,1946.0,1985.1,1946.0,1969.8,82
2023-03-20,1988.3,2003.9,1968.9,1979.2,389
2023-03-21,1973.8,1973.8,1938.0,1938.0,47
2023-03-22,1946.8,1974.0,1946.8,1946.8,50
2023-03-23,1990.5,1994.6,1990.5,1993.8,33
2023-03-24,1991.7,1995.4,1982.1,1982.1,19
2023-03-27,1957.2,1957.2,1952.4,1952.4,877
2023-03-28,1972.4,1972.4,1972.4,1972.4,21
2023-03-29,1966.1,1966.1,1966.1,1966.1,88563
2023-03-30,1965.9,1984.4,1954.9,1980.3,10119
2023-03-31,1981.3,1986.8,1968.0,1969.0,957
2023-04-03,1968.1,1991.7,1950.0,1983.9,737
2023-04-04,1984.6,2027.1,1979.0,2022.2,811
2023-04-05,2022.1,2033.8,2013.6,2020.9,525
2023-04-06,2022.2,2023.3,2005.0,2011.9,0
2023-04-10,2000.0,2006.6,1984.0,1989.1,652
2023-04-11,1991.4,2006.5,1991.4,2004.8,68
2023-04-12,2005.2,2025.7,2005.2,2010.9,172
2023-04-13,2015.6,2048.6,2015.6,2041.3,1043
2023-04-14,2041.0,2047.8,1995.0,2002.2,718
2023-04-17,2002.7,2007.6,1983.2,1994.2,554
2023-04-18,1996.9,2007.4,1996.9,2007.4,72
2023-04-19,2005.7,2006.4,1969.8,1995.2,61
2023-04-20,1998.0,2007.6,1998.0,2007.6,164
2023-04-21,1996.2,1996.2,1974.1,1979.5,132
2023-04-24,1981.3,1989.8,1977.4,1989.1,145
2023-04-25,1995.7,1999.1,1982.3,1994.0,306
2023-04-26,1997.8,1998.8,1985.6,1985.7,615
2023-04-27,1990.6,2002.3,1979.9,1989.9,355
2023-04-28,1986.9,1990.1,1977.7,1990.1,152
2023-05-01,1980.1,2005.0,1976.9,1983.4,210
2023-05-02,1994.7,2018.0,1994.7,2014.3,1896
2023-05-03,2017.1,2035.1,2015.2,2028.6,1349
2023-05-04,2045.0,2072.0,2040.0,2048.0,930
2023-05-05,2046.4,2046.4,2004.3,2017.4,59
2023-05-08,2022.5,2026.3,2022.5,2026.3,3
2023-05-09,2026.6,2037.3,2025.9,2036.2,241
2023-05-10,2032.3,2044.3,2029.5,2030.5,248
2023-05-11,2034.1,2038.3,2014.0,2014.7,90
2023-05-12,2014.5,2014.5,2014.5,2014.5,115
2023-05-15,2013.8,2018.0,2013.8,2018.0,3
2023-05-16,1988.4,1988.4,1988.4,1988.4,49
2023-05-17,1983.6,1983.6,1980.7,1980.7,13
2023-05-18,1956.5,1956.8,1956.5,1956.5,23
2023-05-19,1960.0,1978.7,1960.0,1978.7,106
2023-05-22,1980.5,1980.5,1974.8,1974.8,8
2023-05-23,1972.4,1972.4,1972.4,1972.4,1
2023-05-24,1975.4,1975.4,1962.8,1962.8,189
2023-05-25,1943.1,1943.1,1943.1,1943.1,1
2023-05-26,1948.2,1948.4,1944.1,1944.1,166036
2023-05-30,1942.7,1962.6,1931.0,1958.0,37838
2023-05-31,1958.2,1973.0,1953.0,1963.9,5959
2023-06-01,1963.2,1983.0,1954.3,1978.0,750
2023-06-02,1977.1,1982.5,1947.4,1952.4,356
2023-06-05,1947.5,1961.9,1937.8,1958.0,713
2023-06-06,1960.8,1965.5,1958.8,1965.5,164
2023-06-07,1959.0,1968.4,1940.7,1942.7,139
2023-06-08,1943.2,1969.0,1943.1,1963.6,433
2023-06-09,1965.1,1969.8,1960.3,1962.2,49
2023-06-12,1959.7,1963.5,1951.4,1955.3,212
2023-06-13,1960.6,1967.5,1940.3,1944.6,343
2023-06-14,1946.2,1958.2,1940.3,1955.3,202
2023-06-15,1941.7,1958.8,1926.0,1957.8,329
2023-06-16,1961.4,1962.9,1953.5,1958.4,119
2023-06-20,1958.6,1958.6,1931.3,1935.5,193
2023-06-21,1935.6,1936.8,1920.0,1933.3,557
2023-06-22,1920.0,1921.0,1912.1,1912.7,237
2023-06-23,1918.7,1932.5,1918.7,1919.1,105
2023-06-26,1922.9,1928.5,1922.5,1923.7,71
2023-06-27,1927.0,1929.4,1914.0,1914.0,49
2023-06-28,1912.3,1912.3,1912.3,1912.3,628
2023-06-29,1909.9,1909.9,1892.5,1909.2,289
2023-06-30,1908.6,1921.1,1900.6,1921.1,445
2023-07-03,1917.9,1929.5,1917.9,1921.7,41
2023-07-05,1923.5,1933.9,1914.7,1919.6,193
2023-07-06,1909.3,1910.2,1903.2,1908.7,81
2023-07-07,1913.4,1934.1,1913.4,1926.2,61
2023-07-10,1923.6,1926.1,1912.3,1925.0,269
2023-07-11,1925.0,1937.0,1924.2,1931.3,142
2023-07-12,1932.3,1958.0,1932.2,1956.2,132
2023-07-13,1961.1,1961.1,1953.0,1959.2,121
2023-07-14,1958.4,1960.6,1952.7,1960.1,94
2023-07-17,1954.0,1956.5,1946.6,1952.4,29
2023-07-18,1968.8,1978.4,1963.4,1977.2,83
2023-07-19,1977.0,1977.5,1973.0,1977.5,35
2023-07-20,1973.7,1973.7,1965.6,1968.3,638
2023-07-21,1961.8,1964.3,1961.8,1964.3,50
2023-07-24,1965.3,1965.5,1960.3,1960.3,2
2023-07-25,1953.0,1962.5,1953.0,1962.1,19
2023-07-26,1966.2,1972.0,1966.2,1968.9,51
2023-07-27,1945.4,1945.4,1945.4,1945.4,194253
2023-07-28,1945.5,1962.2,1944.2,1960.4,23155
2023-07-31,1959.2,1971.6,1950.0,1970.5,1025
2023-08-01,1964.9,1965.4,1940.7,1940.7,688
2023-08-02,1948.4,1953.6,1933.2,1937.4,652
2023-08-03,1934.2,1936.5,1928.0,1932.0,773
2023-08-04,1934.9,1945.0,1920.0,1939.6,290
2023-08-07,1941.0,1941.0,1929.8,1933.5,376
2023-08-08,1931.7,1933.2,1923.0,1924.1,555
2023-08-09,1925.4,1928.8,1913.7,1915.4,451
2023-08-10,1921.1,1927.8,1911.4,1914.4,178
2023-08-11,1913.0,1916.6,1911.8,1912.9,57
2023-08-14,1909.3,1912.6,1903.3,1910.6,46
2023-08-15,1906.0,1907.7,1895.0,1902.5,73
2023-08-16,1904.5,1904.5,1890.3,1896.1,22
2023-08-17,1893.7,1902.4,1884.0,1884.1,245
2023-08-18,1891.8,1891.8,1886.1,1886.1,19
2023-08-21,1893.6,1893.6,1893.3,1893.3,876
2023-08-22,1894.6,1896.8,1892.8,1896.4,46
2023-08-23,1909.6,1918.5,1909.6,1918.5,547
2023-08-24,1920.0,1920.8,1918.2,1918.2,337
2023-08-25,1919.8,1919.8,1911.1,1911.1,195
2023-08-28,1915.5,1921.5,1915.5,1917.9,99
2023-08-29,1917.9,1936.5,1916.9,1936.5,1674
2023-08-30,1936.0,1946.4,1934.6,1944.3,396
2023-08-31,1944.4,1944.4,1938.2,1938.2,491
2023-09-01,1950.0,1950.0,1936.6,1939.8,167
2023-09-05,1934.4,1934.4,1924.7,1926.2,113
2023-09-06,1924.1,1925.3,1916.3,1918.1,24
2023-09-07,1917.6,1921.5,1917.5,1917.5,41
2023-09-08,1924.0,1924.7,1918.4,1918.4,105
2023-09-11,1923.0,1928.3,1921.8,1923.3,50
2023-09-12,1920.8,1920.8,1911.3,1911.3,365
2023-09-13,1910.3,1914.6,1908.9,1909.1,15
2023-09-14,1903.0,1910.0,1903.0,1910.0,169
2023-09-15,1923.5,1927.3,1923.5,1923.7,8
2023-09-18,1928.2,1931.5,1926.4,1931.5,19
2023-09-19,1934.0,1934.0,1932.0,1932.0,6
2023-09-20,1945.6,1945.6,1929.2,1945.6,119
2023-09-21,1924.0,1924.0,1919.2,1919.2,9
2023-09-22,1925.4,1925.4,1925.4,1925.4,1
2023-09-25,1916.6,1916.6,1916.6,1916.6,114
2023-09-26,1905.0,1905.1,1900.4,1900.4,161
2023-09-27,1871.6,1871.6,1871.6,1871.6,12251
2023-09-28,1875.5,1878.2,1856.7,1860.4,4654
2023-09-29,1864.3,1872.3,1846.0,1848.1,1605
2023-10-02,1844.1,1845.9,1826.7,1830.0,2309
2023-10-03,1825.0,1830.9,1816.8,1824.6,310
2023-10-04,1821.8,1828.2,1816.4,1818.5,357
2023-10-05,1826.3,1826.3,1815.6,1816.6,393
2023-10-06,1819.0,1831.8,1809.4,1830.2,390
2023-10-09,1842.5,1861.5,1842.5,1849.5,232
2023-10-10,1857.0,1861.4,1852.8,1861.0,236
2023-10-11,1869.5,1874.6,1869.1,1872.8,65
2023-10-12,1874.7,1881.2,1867.0,1869.3,46
2023-10-13,1877.5,1930.1,1877.5,1927.4,43
2023-10-16,1910.4,1921.1,1910.3,1921.1,53
2023-10-17,1914.3,1925.8,1914.3,1922.7,103
2023-10-18,1935.0,1957.9,1935.0,1955.3,67
2023-10-19,1950.1,1977.7,1945.7,1968.4,1945
2023-10-20,1981.1,1988.6,1980.4,1982.5,557
2023-10-23,1976.2,1978.9,1972.9,1976.3,127
2023-10-24,1970.3,1975.0,1970.3,1975.0,10
2023-10-25,1971.2,1985.3,1971.2,1984.1,97
2023-10-26,1988.2,1988.2,1980.4,1987.2,521
2023-10-27,1988.6,1988.6,1988.6,1988.6,372
2023-10-30,2004.1,2004.1,1992.5,1996.2,157
2023-10-31,1996.5,2001.0,1983.7,1985.2,84
2023-11-01,1990.5,1990.5,1977.8,1978.8,41
2023-11-02,1989.1,1990.3,1979.5,1985.6,39
2023-11-03,1989.0,1991.5,1989.0,1991.5,12
2023-11-06,1981.6,1981.6,1977.4,1981.6,130
2023-11-07,1966.5,1966.8,1960.7,1966.8,20
2023-11-08,1967.8,1967.8,1947.7,1951.5,43
2023-11-09,1951.7,1964.2,1945.3,1964.2,10
2023-11-10,1959.6,1959.6,1932.6,1932.6,375
2023-11-13,1939.9,1947.2,1934.0,1945.5,191
2023-11-14,1965.8,1965.8,1961.8,1961.8,2
2023-11-15,1962.8,1962.8,1960.0,1960.1,6
2023-11-16,1965.3,1983.9,1964.6,1983.9,39
2023-11-17,1982.5,1984.0,1979.8,1981.6,32
2023-11-20,1978.7,1979.4,1969.7,1977.7,182
2023-11-21,1990.7,2005.5,1988.5,1999.3,16
2023-11-22,1999.1,1999.4,1991.0,1991.4,6075
2023-11-24,1991.9,2002.2,1991.5,2002.2,63
2023-11-27,2011.7,2011.8,2011.7,2011.8,228
2023-11-28,2040.6,2042.7,2039.7,2039.7,174665
2023-11-29,2041.7,2052.1,2036.0,2047.1,15290
2023-11-30,2046.1,2047.1,2033.1,2038.1,2506
2023-12-01,2038.3,2073.2,2036.0,2071.0,614
2023-12-04,2075.3,2130.2,2021.0,2024.1,1071
2023-12-05,2035.1,2037.0,2010.2,2018.5,289
2023-12-06,2019.9,2035.8,2019.0,2030.5,417
2023-12-07,2029.2,2034.9,2024.0,2029.9,67
2023-12-08,2031.7,2033.1,1995.0,1998.3,449
2023-12-11,2004.1,2004.2,1977.2,1978.0,651
2023-12-12,1984.2,1994.2,1977.8,1977.8,95
2023-12-13,1978.5,2024.8,1975.0,1982.3,2252
2023-12-14,2024.7,2040.1,2024.3,2030.2,236
2023-12-15,2032.6,2043.4,2018.3,2021.1,261
2023-12-18,2024.3,2032.8,2024.0,2026.3,100
2023-12-19,2025.2,2042.7,2025.2,2038.4,498
2023-12-20,2037.1,2037.1,2030.3,2034.5,258
2023-12-21,2035.8,2044.5,2033.0,2039.1,228
2023-12-22,2055.7,2068.7,2052.2,2057.1,202
2023-12-26,2060.0,2060.8,2054.2,2058.2,64
2023-12-27,2067.3,2081.9,2064.8,2081.9,586
2023-12-28,2081.6,2087.3,2066.5,2073.9,338
2023-12-29,2068.0,2068.9,2062.1,2062.4,47
2024-01-02,2063.5,2073.7,2057.1,2064.4,61
2024-01-03,2034.2,2044.0,2034.2,2034.2,54
2024-01-04,2041.6,2044.5,2038.0,2042.3,88
2024-01-05,2044.5,2048.1,2042.4,2042.4,12
2024-01-08,2019.1,2033.7,2019.1,2026.6,10
2024-01-09,2035.8,2035.8,2026.4,2026.4,27
2024-01-10,2029.0,2035.6,2021.7,2021.7,538
2024-01-11,2025.1,2025.1,2014.3,2014.3,97
2024-01-12,2031.1,2057.0,2031.1,2046.7,390
2024-01-16,2051.7,2054.8,2026.0,2026.0,46
2024-01-17,2026.5,2026.5,2002.6,2002.6,764
2024-01-18,2012.8,2018.6,2009.5,2018.6,1474
2024-01-19,2023.2,2036.0,2019.5,2026.5,50
2024-01-22,2021.3,2021.3,2019.8,2019.8,12
2024-01-23,2030.3,2030.3,2022.5,2023.7,15
2024-01-24,2023.2,2033.2,2013.9,2013.9,253
2024-01-25,2012.1,2022.4,2012.1,2016.9,548
2024-01-26,2021.7,2022.4,2016.8,2016.8,49
2024-01-29,2025.2,2025.2,2025.2,2025.2,150708
2024-01-30,2032.5,2048.5,2028.1,2031.5,26907
2024-01-31,2035.4,2055.0,2030.0,2048.4,2007
2024-02-01,2040.2,2064.5,2029.0,2053.0,947
2024-02-02,2054.8,2055.9,2027.7,2036.1,888
2024-02-05,2038.9,2040.8,2013.8,2025.7,412
2024-02-06,2025.9,2037.3,2025.9,2034.5,249
2024-02-07,2032.8,2039.5,2032.7,2035.2,71
2024-02-08,2028.0,2036.7,2020.3,2032.2,341
2024-02-09,2032.0,2032.0,2020.0,2023.3,62
2024-02-12,2025.5,2025.5,2011.6,2018.2,317
2024-02-13,2025.1,2025.8,1990.0,1992.9,198
2024-02-14,1990.3,1993.5,1984.8,1990.3,1916
2024-02-15,1993.6,2007.2,1993.6,2002.1,286
2024-02-16,2005.0,2011.5,1996.5,2011.5,32
2024-02-20,2015.6,2029.0,2015.6,2027.5,1326
2024-02-21,2028.2,2028.2,2022.3,2022.3,15
2024-02-22,2033.2,2033.2,2019.7,2019.7,964
2024-02-23,2026.0,2038.6,2014.9,2038.6,22
2024-02-26,2034.1,2035.4,2024.8,2028.5,143
2024-02-27,2035.9,2035.9,2034.0,2034.0,964
2024-02-28,2029.5,2037.0,2024.8,2033.0,581
2024-02-29,2034.3,2049.8,2034.3,2045.7,706
2024-03-01,2043.1,2086.9,2041.8,2086.9,1210
2024-03-04,2083.6,2119.8,2080.7,2117.7,805
2024-03-05,2114.9,2133.5,2111.4,2133.5,1287
2024-03-06,2125.5,2150.3,2125.5,2150.3,443
2024-03-07,2147.0,2163.0,2147.0,2158.0,152
2024-03-08,2167.3,2194.9,2166.3,2178.6,259
2024-03-11,2181.0,2184.0,2177.2,2182.5,738
2024-03-12,2182.5,2182.7,2160.4,2160.4,550
2024-03-13,2162.5,2175.4,2162.5,2175.4,20
2024-03-14,2163.0,2163.0,2162.3,2163.0,515
2024-03-15,2161.7,2161.7,2157.3,2157.3,100
2024-03-18,2146.2,2160.7,2146.2,2160.7,21
2024-03-19,2156.1,2156.3,2156.1,2156.3,12
2024-03-20,2157.3,2185.9,2150.9,2157.9,17
2024-03-21,2207.0,2211.6,2182.4,2182.4,63
2024-03-22,2179.2,2179.6,2157.5,2158.1,19
2024-03-25,2166.2,2179.4,2166.2,2174.8,79
2024-03-26,2182.7,2182.7,2175.6,2175.6,202373
2024-03-27,2179.4,2196.2,2172.1,2190.6,31200
2024-03-28,2193.6,2234.1,2187.1,2217.4,2040
2024-04-01,2235.7,2264.2,2230.0,2236.5,400
2024-04-02,2252.0,2279.2,2247.6,2261.0,435
2024-04-03,2281.7,2298.8,2267.9,2294.4,285
2024-04-04,2301.7,2302.9,2280.0,2288.8,251
2024-04-05,2289.2,2328.4,2267.4,2325.7,344
2024-04-08,2325.6,2341.8,2319.0,2331.7,202
2024-04-09,2337.8,2364.7,2337.8,2343.5,211
2024-04-10,2346.6,2358.1,2327.7,2329.6,377
2024-04-11,2341.5,2376.3,2330.6,2354.8,283
2024-04-12,2377.3,2429.0,2334.3,2356.2,584
2024-04-15,2362.1,2384.7,2326.0,2365.8,1801
2024-04-16,2384.0,2390.8,2371.4,2390.8,41
2024-04-17,2384.2,2391.4,2369.3,2371.7,37
2024-04-18,2368.4,2384.4,2368.4,2382.3,128
2024-04-19,2379.3,2399.8,2377.3,2398.4,160
2024-04-22,2383.3,2383.3,2326.9,2332.2,53
2024-04-23,2327.7,2330.8,2294.2,2327.7,171
2024-04-24,2321.3,2328.7,2314.6,2324.5,95
2024-04-25,2315.0,2329.8,2305.0,2329.8,1024
2024-04-26,2347.9,2347.9,2332.8,2334.8,717
2024-04-29,2334.8,2345.5,2327.9,2345.4,405
2024-04-30,2322.5,2322.5,2291.4,2291.4,113
2024-05-01,2287.7,2327.3,2283.8,2299.9,42
2024-05-02,2321.7,2324.7,2292.3,2299.2,56
2024-05-03,2300.0,2301.0,2277.6,2299.0,194
2024-05-06,2322.8,2325.5,2314.2,2321.6,9
2024-05-07,2324.3,2324.3,2315.2,2315.2,25
2024-05-08,2313.6,2313.6,2313.6,2313.6,4
2024-05-09,2310.7,2339.5,2310.7,2332.1,5
2024-05-10,2367.3,2367.3,2367.3,2367.3,126
2024-05-13,2358.3,2358.3,2336.1,2336.1,14
2024-05-14,2336.0,2358.0,2336.0,2353.4,6
2024-05-15,2361.6,2388.7,2356.0,2388.7,29
2024-05-16,2389.5,2392.2,2380.0,2380.0,7
2024-05-17,2380.7,2415.8,2380.7,2412.2,213
2024-05-20,2415.8,2435.8,2409.7,2433.9,40
2024-05-21,2429.5,2429.5,2421.0,2421.7,6
2024-05-22,2417.5,2417.6,2375.8,2389.2,180
2024-05-23,2371.2,2371.2,2335.0,2335.0,365
2024-05-24,2342.6,2345.4,2332.5,2332.5,25
2024-05-28,2336.9,2359.7,2336.9,2355.2,26
2024-05-29,2340.3,2340.3,2340.3,2340.3,119317
2024-05-30,2336.9,2349.5,2320.8,2342.9,32587
2024-05-31,2344.1,2354.0,2319.0,2322.9,941
2024-06-03,2322.6,2347.5,2312.0,2346.6,781
2024-06-04,2347.5,2347.7,2313.9,2325.5,890
2024-06-05,2326.4,2354.3,2326.2,2354.1,295
2024-06-06,2355.0,2375.8,2355.0,2370.3,179
2024-06-07,2379.9,2385.1,2285.4,2305.2,269
2024-06-10,2290.6,2309.3,2290.5,2307.7,69
2024-06-11,2300.0,2314.1,2300.0,2307.5,871
2024-06-12,2314.9,2338.7,2310.3,2336.0,132
2024-06-13,2309.4,2317.7,2296.2,2300.2,298
2024-06-14,2307.0,2331.4,2305.8,2331.4,948
2024-06-17,2320.2,2320.2,2309.6,2312.4,110
2024-06-18,2311.8,2330.4,2311.8,2330.4,43
2024-06-20,2328.9,2354.0,2328.3,2353.8,183
2024-06-21,2331.2,2331.2,2316.4,2316.4,76
2024-06-24,2323.3,2332.9,2322.7,2330.0,99
2024-06-25,2324.4,2333.0,2316.6,2316.6,105
2024-06-26,2307.9,2314.4,2298.0,2299.2,986
2024-06-27,2296.8,2329.0,2295.0,2324.5,1532
2024-06-28,2325.4,2338.3,2319.0,2327.7,92
2024-07-01,2323.8,2329.7,2321.7,2327.6,237
2024-07-02,2330.7,2334.6,2323.0,2323.0,30
2024-07-03,2330.9,2361.6,2330.9,2359.8,59
2024-07-05,2354.9,2388.5,2354.9,2388.5,72
2024-07-08,2381.7,2383.8,2352.8,2355.2,64
2024-07-09,2363.1,2363.7,2360.1,2360.1,9
2024-07-10,2366.3,2377.0,2365.8,2372.2,19
2024-07-11,2378.7,2416.7,2378.7,2415.0,72
2024-07-12,2399.8,2414.0,2391.3,2414.0,355
2024-07-15,2430.0,2436.0,2422.9,2422.9,540
2024-07-16,2427.4,2462.4,2427.4,2462.4,93
2024-07-17,2472.9,2473.1,2454.8,2454.8,10
2024-07-18,2466.0,2466.0,2451.8,2451.8,2
2024-07-19,2418.8,2419.2,2395.5,2395.5,15
2024-07-22,2402.1,2402.1,2392.0,2392.0,18
2024-07-23,2395.8,2404.6,2388.7,2404.6,41
2024-07-24,2421.0,2421.0,2411.6,2413.3,6
2024-07-25,2365.5,2365.5,2351.9,2351.9,31
2024-07-26,2368.7,2386.9,2368.7,2380.0,95
2024-07-29,2377.3,2377.3,2377.3,2377.3,126409
2024-07-30,2380.9,2409.3,2373.8,2405.0,25944
2024-07-31,2407.1,2447.6,2402.8,2426.5,1313
2024-08-01,2446.7,2455.1,2430.4,2435.0,690
2024-08-02,2444.0,2477.0,2416.0,2425.7,550
2024-08-05,2442.0,2449.8,2367.4,2401.7,334
2024-08-06,2414.5,2421.8,2380.0,2389.1,163
2024-08-07,2392.2,2401.0,2384.5,2390.5,130
2024-08-08,2384.3,2422.8,2384.3,2422.2,201
2024-08-09,2422.3,2432.1,2418.5,2432.1,611
2024-08-12,2432.7,2469.8,2432.0,2462.4,566
2024-08-13,2461.0,2470.0,2456.5,2466.7,510
2024-08-14,2468.0,2472.1,2439.4,2439.4,274
2024-08-15,2451.8,2467.7,2431.2,2453.1,285
2024-08-16,2453.5,2508.0,2451.4,2498.6,197
2024-08-19,2508.5,2508.5,2487.2,2501.8,88
2024-08-20,2503.5,2527.3,2500.7,2511.3,187
2024-08-21,2511.0,2515.4,2503.9,2508.4,96
2024-08-22,2504.1,2504.1,2471.1,2478.9,210
2024-08-23,2486.5,2508.4,2486.5,2508.4,94
2024-08-26,2509.9,2523.1,2509.1,2517.7,290
2024-08-27,2515.2,2523.1,2506.9,2516.0,100
2024-08-28,2501.0,2501.0,2501.0,2501.0,2353
2024-08-29,2504.1,2525.7,2503.9,2525.7,3966
2024-08-30,2519.5,2525.4,2493.8,2493.8,208
2024-09-03,2501.6,2501.8,2476.3,2489.9,206
2024-09-04,2490.9,2493.4,2483.5,2493.4,470
2024-09-05,2493.7,2513.3,2493.4,2511.4,54
2024-09-06,2510.3,2517.9,2483.7,2493.5,96
2024-09-09,2491.3,2504.7,2491.3,2501.8,96
2024-09-10,2512.3,2512.3,2512.3,2512.3,5
2024-09-11,2525.8,2525.8,2502.3,2512.1,90
2024-09-12,2529.1,2557.0,2523.4,2551.2,132
2024-09-13,2568.8,2581.8,2565.0,2581.3,31
2024-09-16,2580.4,2580.4,2580.4,2580.4,28
2024-09-17,2581.2,2581.8,2564.3,2564.3,22
2024-09-18,2570.7,2570.7,2549.2,2570.7,25
2024-09-19,2566.0,2588.0,2566.0,2588.0,99
2024-09-20,2590.4,2621.8,2590.4,2619.9,17
2024-09-23,2626.5,2626.5,2626.5,2626.5,9
2024-09-24,2636.8,2662.3,2625.5,2651.2,35
2024-09-25,2656.3,2664.2,2649.3,2659.2,175
2024-09-26,2662.3,2669.9,2660.8,2669.9,17216
2024-09-27,2670.0,2672.1,2641.7,2644.3,4228
2024-09-30,2660.9,2662.1,2623.2,2636.1,973
2024-10-01,2631.4,2670.9,2631.4,2667.3,153
2024-10-02,2650.6,2657.2,2640.0,2647.1,72
2024-10-03,2642.8,2657.1,2640.0,2657.1,354
2024-10-04,2656.0,2667.0,2639.0,2645.8,114
2024-10-07,2648.7,2657.4,2639.0,2644.8,284
2024-10-08,2639.0,2639.0,2609.3,2615.0,687
2024-10-09,2603.0,2607.7,2603.0,2606.0,152
2024-10-10,2602.5,2628.3,2602.5,2620.6,320
2024-10-11,2638.3,2658.1,2638.2,2657.6,12
2024-10-14,2655.0,2655.3,2647.8,2647.8,40
2024-10-15,2661.4,2661.4,2661.4,2661.4,39
2024-10-16,2674.0,2674.0,2674.0,2674.0,6
2024-10-17,2677.4,2691.7,2677.2,2691.0,30
2024-10-18,2713.7,2719.6,2713.7,2713.7,29
2024-10-21,2721.9,2738.4,2719.5,2723.1,52
2024-10-22,2731.7,2746.0,2728.6,2744.2,93
2024-10-23,2742.5,2742.5,2714.2,2714.4,18
2024-10-24,2729.0,2736.1,2729.0,2734.9,27
2024-10-25,2725.5,2742.4,2725.5,2740.9,29
2024-10-28,2736.1,2742.9,2729.5,2742.9,56
2024-10-29,2768.4,2768.4,2768.4,2768.4,848
2024-10-30,2774.6,2789.0,2774.6,2788.5,231
2024-10-31,2787.4,2787.5,2733.5,2738.3,849
2024-11-01,2745.5,2756.0,2734.2,2738.6,109
2024-11-04,2736.5,2737.1,2736.1,2736.1,16
2024-11-05,2743.0,2743.9,2740.3,2740.3,23
2024-11-06,2734.5,2734.5,2659.4,2667.6,427
2024-11-07,2662.5,2699.1,2662.5,2698.4,676
2024-11-08,2688.5,2694.6,2682.9,2687.5,1038
2024-11-11,2671.7,2671.7,2611.2,2611.2,20
2024-11-12,2605.5,2605.5,2592.8,2600.0,118
2024-11-13,2611.1,2611.8,2580.8,2580.8,53
2024-11-14,2555.1,2576.2,2554.2,2568.2,27
2024-11-15,2565.7,2565.7,2565.7,2565.7,20
2024-11-18,2591.7,2610.7,2589.4,2610.6,136
2024-11-19,2621.9,2627.7,2619.3,2627.1,87
2024-11-20,2638.5,2648.2,2638.5,2648.2,27
2024-11-21,2659.3,2672.1,2655.7,2672.1,33
2024-11-22,2687.5,2710.5,2685.6,2709.9,41
2024-11-25,2689.4,2689.4,2616.8,2616.8,94
2024-11-26,2625.6,2625.6,2620.3,2620.3,177858
2024-11-27,2633.5,2657.9,2627.2,2639.9,61653
2024-11-29,2636.4,2664.3,2620.7,2657.0,3861
2024-12-02,2649.0,2649.8,2621.7,2634.9,695
2024-12-03,2639.0,2654.7,2636.0,2644.7,1062
2024-12-04,2639.2,2658.3,2637.0,2653.8,249
2024-12-05,2652.4,2655.0,2625.7,2626.6,573
2024-12-06,2620.2,2643.1,2617.5,2638.6,571
2024-12-09,2632.1,2677.1,2630.8,2664.9,935
2024-12-10,2662.3,2698.2,2661.0,2697.6,437
2024-12-11,2701.8,2733.8,2693.1,2733.8,3387
2024-12-12,2725.1,2725.1,2677.4,2687.5,2365
2024-12-13,2688.2,2689.3,2647.9,2656.0,1125
2024-12-16,2658.3,2663.3,2651.0,2651.4,877
2024-12-17,2651.8,2652.3,2632.5,2644.4,705
2024-12-18,2644.3,2647.1,2590.2,2636.5,566
2024-12-19,2582.1,2610.3,2582.1,2592.2,238
2024-12-20,2605.3,2631.6,2604.9,2628.7,592
2024-12-23,2620.0,2627.7,2611.1,2612.3,451
2024-12-24,2613.0,2620.0,2609.5,2620.0,35
2024-12-26,2628.5,2638.8,2627.9,2638.8,84
2024-12-27,2617.7,2617.7,2616.4,2617.2,642
2024-12-30,2620.7,2626.9,2597.0,2606.1,794
2024-12-31,2608.4,2629.2,2604.9,2629.2,401
2025-01-02,2633.0,2663.1,2633.0,2658.9,1728
2025-01-03,2658.7,2658.7,2641.8,2645.0,591
2025-01-06,2645.5,2647.0,2617.3,2638.4,960
2025-01-07,2653.4,2657.5,2653.0,2656.7,643
2025-01-08,2655.5,2676.9,2653.5,2664.5,999
2025-01-09,2669.7,2686.3,2667.9,2683.8,1139
2025-01-10,2686.1,2720.1,2683.7,2708.5,403
2025-01-13,2711.1,2711.2,2673.5,2673.5,765
2025-01-14,2673.6,2688.3,2670.8,2677.5,794
2025-01-15,2690.8,2712.5,2690.8,2712.5,930
2025-01-16,2731.7,2749.8,2731.7,2746.4,1721
2025-01-17,2736.0,2751.6,2725.5,2744.3,1214
2025-01-21,2746.0,2755.0,2724.8,2755.0,1439
2025-01-22,2754.5,2768.8,2753.5,2767.6,2079
2025-01-23,2760.0,2765.0,2745.4,2763.1,2201
2025-01-24,2759.8,2792.0,2759.8,2777.3,1593
2025-01-27,2761.1,2762.2,2737.5,2737.5,984
2025-01-28,2738.0,2766.8,2738.0,2766.8,2307
2025-01-29,2769.1,2769.1,2769.1,2769.1,125692
2025-01-30,2772.5,2829.5,2770.0,2823.0,40141
2025-01-31,2829.0,2838.0,2804.0,2812.5,3443
2025-02-03,2818.2,2848.4,2780.9,2833.9,2649
2025-02-04,2827.6,2853.3,2816.1,2853.3,2187
2025-02-05,2850.0,2880.5,2848.0,2871.6,4519
2025-02-06,2865.2,2871.7,2836.3,2856.0,3116
2025-02-07,2859.9,2889.5,2857.8,2867.3,1822
2025-02-10,2864.2,2916.1,2863.8,2914.3,2237
2025-02-11,2925.5,2945.4,2890.0,2912.5,2554
2025-02-12,2902.0,2912.3,2868.6,2909.0,2504
2025-02-13,2911.3,2937.7,2910.6,2925.9,4670
2025-02-14,2937.3,2944.4,2874.8,2883.6,1992
2025-02-18,2879.2,2936.4,2873.8,2931.6,4010
2025-02-19,2938.7,2946.0,2917.1,2919.4,2630
2025-02-20,2949.1,2955.8,2924.2,2940.0,656
2025-02-21,2938.8,2940.0,2917.3,2937.6,570
2025-02-24,2933.1,2957.9,2933.1,2947.9,415
2025-02-25,2938.7,2943.2,2890.0,2904.5,1854
2025-02-26,2913.5,2917.0,2913.0,2916.8,2050
2025-02-27,2918.5,2922.8,2870.4,2883.2,3215
2025-02-28,2877.1,2877.1,2834.1,2836.8,990
2025-03-03,2872.7,2891.8,2863.4,2890.2,423
2025-03-04,2886.1,2927.9,2886.1,2909.6,885
2025-03-05,2916.7,2922.0,2893.0,2915.3,551
2025-03-06,2904.0,2918.6,2903.8,2916.6,870
2025-03-07,2900.9,2927.3,2900.5,2904.7,531
2025-03-10,2910.1,2915.1,2880.2,2891.0,55
2025-03-11,2884.4,2916.7,2880.4,2912.9,197
2025-03-12,2912.0,2939.1,2910.0,2939.1,213
2025-03-13,2937.1,2988.0,2935.2,2984.3,2366
2025-03-14,2994.4,3004.8,2986.0,2994.5,1800
2025-03-17,2991.0,3001.5,2989.0,3000.0,214
2025-03-18,3006.4,3039.2,3004.4,3035.1,428
2025-03-19,3035.2,3050.9,3030.9,3035.9,175
2025-03-20,3047.3,3047.3,3034.4,3040.0,185
2025-03-21,3034.5,3037.5,3000.9,3018.2,151
2025-03-24,3024.3,3024.3,3006.0,3013.1,137
2025-03-25,3026.4,3028.8,3023.7,3023.7,74
2025-03-26,3033.2,3033.2,3019.5,3020.9,83
2025-03-27,3025.5,3065.0,3025.5,3060.2,124359
2025-03-28,3069.7,3094.9,3066.8,3086.5,31206
2025-03-31,3091.0,3132.5,3086.0,3122.8,3438
2025-04-01,3129.7,3149.5,3104.0,3118.9,1721
2025-04-02,3120.7,3168.6,3117.4,3139.9,5946
2025-04-03,3150.0,3166.9,3052.0,3097.0,5516
2025-04-04,3110.5,3127.7,3011.0,3012.0,3247
2025-04-07,3016.4,3050.8,2949.7,2951.3,4424
2025-04-08,2994.0,3014.5,2968.4,2968.4,3213
2025-04-09,2965.8,3090.4,2965.8,3056.5,2175
2025-04-10,3073.9,3167.0,3072.1,3155.2,3456
2025-04-11,3182.1,3235.0,3182.1,3222.2,862
2025-04-14,3215.5,3228.8,3194.5,3204.8,263
2025-04-15,3216.0,3218.7,3214.0,3218.7,390
2025-04-16,3238.3,3334.9,3238.3,3326.6,1874
2025-04-17,3345.0,3345.0,3287.8,3308.7,824
2025-04-21,3342.2,3418.5,3342.2,3406.2,78
2025-04-22,3422.2,3485.6,3361.7,3400.8,785
2025-04-23,3321.2,3370.3,3256.2,3276.3,331
2025-04-24,3305.4,3353.9,3304.9,3332.0,560
2025-04-25,3355.5,3355.5,3266.1,3282.4,162
2025-04-28,3284.5,3332.5,3284.5,3332.5,1300
2025-04-29,3340.0,3340.0,3299.9,3318.8,1278
2025-04-30,3318.7,3318.7,3268.0,3305.0,207
2025-05-01,3272.9,3275.0,3198.6,3210.0,2131
2025-05-02,3239.9,3257.0,3225.0,3231.9,1349
2025-05-05,3242.7,3315.7,3239.7,3311.3,244
2025-05-06,3365.5,3430.9,3356.8,3411.4,2357
2025-05-07,3418.7,3418.7,3364.7,3381.4,1080
2025-05-08,3390.0,3390.0,3288.7,3296.6,200
2025-05-09,3299.0,3335.5,3299.0,3335.4,216
2025-05-12,3300.7,3300.7,3205.0,3220.0,886
2025-05-13,3232.0,3251.4,3223.5,3240.3,2424
2025-05-14,3233.0,3233.0,3171.7,3181.4,3518
2025-05-15,3151.0,3228.1,3125.0,3220.7,652
2025-05-16,3227.7,3228.1,3173.9,3182.0,199
2025-05-19,3234.4,3241.0,3228.3,3228.9,266
2025-05-20,3219.0,3293.2,3207.5,3280.3,356
2025-05-21,3293.4,3317.5,3290.2,3309.3,979
2025-05-22,3327.3,3328.0,3282.7,3292.3,1210
2025-05-23,3328.0,3363.6,3323.5,3363.6,47
2025-05-27,3332.5,3341.0,3296.3,3299.1,189
2025-05-28,3293.6,3293.6,3293.6,3293.6,127758
2025-05-29,3283.7,3328.8,3242.4,3317.1,24370
2025-05-30,3315.1,3318.0,3270.9,3288.9,2213
2025-06-02,3296.9,3380.8,3296.9,3370.6,976
2025-06-03,3385.1,3390.0,3331.3,3350.2,6410
2025-06-04,3355.0,3380.0,3344.0,3373.5,207
2025-06-05,3371.5,3400.0,3343.7,3350.7,731
2025-06-06,3364.3,3364.3,3306.0,3322.7,81
2025-06-09,3315.6,3334.6,3290.0,3332.1,1887
2025-06-10,3302.0,3344.3,3302.0,3320.9,65
2025-06-11,3328.0,3356.0,3321.3,3321.3,2106
2025-06-12,3363.0,3395.9,3353.4,3380.9,1818
2025-06-13,3407.3,3444.0,3407.3,3431.2,499
2025-06-16,3442.0,3442.0,3385.4,3396.4,480
2025-06-17,3398.3,3398.3,3376.1,3386.6,1477
2025-06-18,3385.3,3391.9,3365.1,3389.8,0
2025-06-20,3350.0,3372.9,3341.0,3368.1,709
2025-06-23,3365.9,3387.9,3350.0,3377.7,30
2025-06-24,3358.0,3358.0,3301.0,3317.4,538
2025-06-25,3321.6,3331.2,3310.6,3327.1,373
2025-06-26,3332.4,3333.5,3332.4,3333.5,2058
2025-06-27,3318.7,3318.7,3253.8,3273.7,284
2025-06-30,3265.9,3306.9,3262.0,3294.4,1242
2025-07-01,3310.1,3354.1,3310.1,3336.7,371
2025-07-02,3329.0,3357.5,3329.0,3348.0,39
2025-07-03,3362.0,3362.0,3322.3,3331.6,0
2025-07-04,3342.0,3342.0,3332.5,3332.5,0
2025-07-07,3305.5,3333.3,3299.2,3332.2,254
2025-07-08,3330.4,3334.5,3287.6,3307.0,909
2025-07-09,3289.4,3314.0,3282.0,3311.6,114
2025-07-10,3323.6,3330.5,3311.6,3317.4,209
2025-07-11,3330.5,3370.0,3330.5,3356.0,776
2025-07-14,3367.0,3375.5,3350.0,3351.5,583
2025-07-15,3341.0,3341.0,3329.8,3329.8,210
2025-07-16,3341.2,3352.9,3329.5,3352.5,10
2025-07-17,3313.8,3340.8,3313.8,3340.1,667
2025-07-18,3338.2,3353.0,3338.2,3353.0,602
2025-07-21,3350.3,3411.7,3350.3,3401.9,53
2025-07-22,3411.0,3441.0,3395.6,3439.2,39
2025-07-23,3430.3,3433.9,3388.1,3394.1,63
2025-07-24,3367.0,3371.0,3367.0,3371.0,1175
2025-07-25,3344.0,3345.0,3326.5,3334.0,67
2025-07-28,3326.6,3326.8,3309.1,3309.1,533
2025-07-29,3323.4,3323.4,3323.4,3323.4,113144
2025-07-30,3325.8,3331.8,3263.9,3295.8,19252
2025-07-31,3272.9,3312.0,3272.9,3293.2,3704
2025-08-01,3286.2,3360.6,3281.0,3347.7,3420
2025-08-04,3367.6,3386.5,3347.4,3374.4,351
2025-08-05,3378.5,3387.2,3351.2,3381.9,915
2025-08-06,3380.7,3383.3,3361.3,3380.0,1492
2025-08-07,3384.9,3422.9,3384.9,3400.3,5464
2025-08-08,3438.8,3477.0,3402.5,3439.1,7657
2025-08-11,3383.9,3383.9,3349.2,3353.1,1488
2025-08-12,3356.2,3356.2,3330.1,3348.9,1611
2025-08-13,3358.8,3363.4,3358.7,3358.7,1011
2025-08-14,3346.8,3356.0,3328.9,3335.2,592
2025-08-15,3346.8,3346.8,3335.9,3336.0,1185
2025-08-18,3333.5,3347.8,3331.7,3331.7,646
2025-08-19,3330.2,3343.5,3313.4,3313.4,1655
2025-08-20,3310.6,3343.5,3310.1,3343.4,1213
2025-08-21,3349.4,3349.4,3326.5,3336.9,142
2025-08-22,3349.4,3377.7,3349.4,3374.4,1240
2025-08-25,3366.0,3378.0,3366.0,3373.8,1044
2025-08-26,3378.9,3396.5,3371.1,3388.6,905
2025-08-27,3397.0,3404.6,3382.0,3404.6,3222
2025-08-28,3409.0,3434.6,3400.0,3431.8,1035
2025-08-29,3432.5,3475.6,3426.6,3473.7,0
2025-09-02,3485.7,3559.2,3485.7,3549.4,658
2025-09-03,3554.8,3593.7,3553.2,3593.2,72
2025-09-04,3549.9,3573.6,3549.9,3565.8,237
2025-09-05,3567.8,3613.2,3567.8,3613.2,925
2025-09-08,3594.5,3641.0,3590.0,3638.1,97
2025-09-09,3647.1,3670.4,3627.8,3643.3,535
2025-09-10,3625.0,3655.4,3620.8,3643.6,136
2025-09-11,3632.9,3636.9,3618.4,3636.9,307
2025-09-12,3655.5,3656.8,3643.0,3649.4,1300
2025-09-15,3640.0,3686.4,3635.1,3682.2,210
2025-09-16,3681.4,3698.6,3681.4,3688.9,373
2025-09-17,3669.0,3685.2,3661.6,3681.8,183
2025-09-18,3654.6,3667.4,3637.0,3643.7,80
2025-09-19,3659.0,3685.9,3658.2,3671.5,211
2025-09-22,3688.2,3748.2,3688.0,3740.7,410
2025-09-23,3747.0,3786.0,3740.0,3780.6,627
2025-09-24,3769.8,3772.5,3732.1,3732.1,588
2025-09-25,3742.8,3756.0,3724.7,3736.9,1899
2025-09-26,3775.3,3775.3,3775.3,3775.3,19308
2025-09-29,3754.8,3827.6,3754.8,3820.9,8860
2025-09-30,3827.5,3865.5,3793.4,3840.8,1611
2025-10-01,3863.5,3891.9,3853.3,3867.5,1778
2025-10-02,3856.2,3888.6,3823.7,3839.7,3418
2025-10-03,3855.2,3886.8,3853.7,3880.8,392
2025-10-06,3931.3,3960.0,3926.8,3948.5,1267
2025-10-07,3959.4,3981.5,3940.0,3976.6,2903
2025-10-08,3987.2,4049.2,3987.2,4043.3,2179
2025-10-09,4011.2,4046.2,3940.0,3946.3,3130
2025-10-10,3957.0,4012.0,3945.5,3975.9,1697
2025-10-13,4016.0,4111.0,4016.0,4108.6,1697
2025-10-14,4131.7,4160.1,4085.8,4138.7,2424
2025-10-15,4145.0,4210.6,4145.0,4176.9,3287
2025-10-16,4198.8,4307.0,4196.6,4280.2,4705
2025-10-17,4354.7,4358.0,4182.2,4189.9,4060
2025-10-20,4244.1,4356.6,4214.6,4336.4,1750
2025-10-21,4332.7,4332.7,4087.7,4087.7,2943
2025-10-22,4109.7,4148.5,4006.0,4044.4,1237
2025-10-23,4078.4,4136.8,4070.7,4125.5,354
2025-10-24,4117.5,4120.6,4074.9,4118.4,123
2025-10-27,4060.0,4078.6,3971.3,4001.9,220
2025-10-28,3929.7,3966.2,3923.6,3966.2,219
2025-10-29,3983.7,3983.7,3983.7,3983.7,1344
2025-10-30,3960.0,4027.2,3913.7,4001.3,935
2025-10-31,4034.5,4034.5,3976.6,3982.2,559
2025-11-03,3976.2,4020.0,3959.0,4000.3,0
2025-11-04,3994.2,3995.4,3927.4,3947.7,657
2025-11-05,3929.9,3983.5,3929.9,3980.3,559
2025-11-06,4004.0,4007.5,3979.9,3979.9,650
2025-11-07,3980.8,3999.4,3980.8,3999.4,245
2025-11-10,4060.0,4111.8,4060.0,4111.8,189
2025-11-11,4140.1,4140.1,4106.8,4106.8,569
2025-11-12,4115.6,4204.4,4102.9,4204.4,396
2025-11-13,4228.7,4228.7,4163.7,4186.9,167
2025-11-14,4197.7,4197.9,4047.0,4087.6,483
2025-11-17,4070.0,4099.5,4019.4,4068.3,1552
2025-11-18,4037.4,4063.4,4035.6,4061.3,1375
2025-11-19,4086.1,4122.7,4072.0,4077.7,486
2025-11-20,4045.0,4090.4,4040.2,4056.5,202
2025-11-21,4031.8,4085.2,4031.8,4076.7,171
2025-11-24,4060.5,4091.9,4060.5,4091.9,591
2025-11-25,4139.2,4139.2,4139.2,4139.2,132704
2025-11-26,4128.6,4171.0,4127.5,4165.2,25088
2025-11-28,4163.4,4223.9,4140.0,4218.3,3615
2025-12-01,4218.5,4262.1,4214.9,4239.3,913
2025-12-02,4230.5,4230.5,4167.0,4186.6,366
2025-12-03,4215.7,4234.1,4195.7,4199.3,1897
2025-12-04,4211.0,4211.8,4175.0,4211.8,616
2025-12-05,4204.1,4255.7,4194.5,4212.9,533
2025-12-08,4205.5,4215.8,4175.5,4187.2,318
2025-12-09,4190.7,4219.7,4177.7,4206.7,660
2025-12-10,4209.0,4234.5,4183.6,4196.4,692
2025-12-11,4224.0,4286.9,4214.3,4285.5,528
2025-12-12,4276.4,4355.0,4260.0,4300.1,1531
2025-12-15,4308.3,4349.2,4292.9,4306.7,854
2025-12-16,4270.5,4321.4,4270.5,4304.5,1796
2025-12-17,4308.5,4351.4,4308.5,4347.5,2169
2025-12-18,4331.0,4348.1,4328.2,4339.5,705
2025-12-19,4350.1,4361.4,4350.1,4361.4,1065
2025-12-22,4371.1,4447.6,4371.1,4444.6,449
2025-12-23,4503.3,4503.8,4450.4,4482.8,694
2025-12-24,4500.7,4503.4,4468.4,4480.6,500
2025-12-26,4512.0,4556.3,4502.0,4529.1,263
2025-12-29,4371.5,4379.0,4325.1,4325.1,2044
2025-12-30,4346.4,4403.6,4338.0,4370.1,1837
2025-12-31,4333.5,4363.8,4285.0,4325.6,785
2026-01-02,4350.6,4350.6,4314.4,4314.4,589
2026-01-05,4386.7,4443.5,4384.8,4436.9,618
2026-01-06,4449.7,4482.2,4449.0,4482.2,459
2026-01-07,4450.0,4450.0,4449.3,4449.3,972
2026-01-08,4460.2,4461.3,4418.0,4449.7,2423
2026-01-09,4473.0,4490.3,4473.0,4490.3,237
2026-01-12,4579.1,4620.0,4577.8,4604.3,156
2026-01-13,4578.6,4617.1,4578.6,4589.2,239
2026-01-14,4610.3,4635.0,4608.2,4626.3,1313
2026-01-15,4612.9,4616.3,4612.9,4616.3,4358
2026-01-16,4608.0,4608.0,4588.4,4588.4,352
2026-01-20,4662.2,4764.0,4661.8,4759.6,175
2026-01-21,4863.5,4872.3,4771.5,4831.8,1706
2026-01-22,4791.9,4908.8,4791.9,4908.8,1175
2026-01-23,4949.6,4976.2,4936.0,4976.2,169
2026-01-26,5081.5,5095.6,5052.2,5079.7,180
2026-01-27,5079.9,5079.9,5079.9,5079.9,34
2026-01-28,5301.6,5301.6,5301.6,5301.6,112054
2026-01-29,5415.7,5586.2,5097.5,5318.4,23709
2026-01-30,5376.4,5440.5,4700.0,4713.9,8374
2026-02-02,4807.7,4855.8,4400.0,4622.5,3588
2026-02-03,4680.0,4984.6,4674.3,4903.7,1213
2026-02-04,4923.3,5082.2,4897.9,4920.4,3886
2026-02-05,5008.7,5012.3,4786.0,4861.4,793
2026-02-06,4762.0,4958.5,4655.0,4951.2,1386
2026-02-09,5017.4,5065.7,4979.1,5050.9,170
2026-02-10,5013.5,5029.0,5002.7,5003.8,281
2026-02-11,5049.9,5111.3,5041.3,5071.6,2681
2026-02-12,5060.4,5078.1,4892.0,4923.7,484
2026-02-13,4953.0,5043.9,4946.2,5022.0,232
2026-02-17,5020.0,5020.0,4847.8,4882.9,540
2026-02-18,4872.2,4987.0,4869.5,4986.5,544
2026-02-19,5014.7,5014.7,4975.9,4975.9,37
2026-02-20,5015.0,5131.0,4999.3,5080.9,127969
2026-02-23,5120.3,5211.6,5120.3,5204.7,134
2026-02-24,5158.8,5159.0,5112.7,5155.8,779
2026-02-25,5166.0,5206.4,5166.0,5206.4,1772
2026-02-26,5177.2,5199.2,5143.9,5176.5,1520
2026-02-27,5186.7,5280.0,5176.7,5230.5,354
2026-03-02,5346.6,5405.0,5266.3,5294.4,72
2026-03-03,5298.7,5303.8,5023.0,5107.4,1776
2026-03-04,5155.7,5198.0,5152.0,5193.7,11101
2026-03-05,5169.5,5169.5,5054.7,5065.3,679
2026-03-06,5121.0,5146.1,5076.1,5146.1,1701
2026-03-09,5155.0,5160.6,5077.7,5091.5,148
2026-03-10,5194.0,5230.9,5191.3,5224.6,9404
2026-03-11,5185.4,5189.8,5130.0,5160.0,12535
2026-03-12,5084.0,5103.1,5074.6,5102.2,4736
2026-03-13,5084.0,5132.4,5014.1,5061.7,155259
2026-03-16,5012.2,5021.9,5003.9,5018.4,2484
2026-03-17,5010.6,5017.3,4996.9,5016.5,2649
2026-03-18,4828.0,4845.0,4806.0,4837.4,5936
2026-03-19,4653.9,4679.5,4635.8,4647.1,5356
2026-03-20,4653.9,4738.2,4478.4,4574.9,220773
2026-03-22,4450.0,4537.1,4446.3,4458.0,16347
2026-03-23,4414.8,4450.5,4363.5,4441.2,6380
2026-03-24,4473.5,4601.0,4458.2,4569.5,52982
2026-03-25,4508.9,4541.6,4485.6,4504.2,19839
2026-03-26,4371.8,4434.6,4369.1,4433.1,8006
2026-03-27,4371.8,4585.3,4400.6,4524.3,203551
2026-03-29,4520.0,4548.0,4444.7,4532.7,37566
2026-03-30,4538.9,4649.5,4510.0,4592.5,32987
2026-03-31,4698.4,4751.9,4690.0,4711.6,33384
2026-04-01,4783.0,4825.9,4675.7,4705.2,47343
2026-04-02,4783.0,4825.9,4580.4,4702.7,186430
2026-04-05,4675.0,4699.3,4626.2,4657.7,24233
2026-04-06,4678.6,4694.9,4641.4,4661.2,16510
2026-04-07,4747.2,4857.9,4740.5,4851.9,25075
2026-04-08,4744.8,4757.7,4718.6,4733.0,20617
2026-04-09,4790.5,4810.0,4779.8,4786.0,4196
2026-04-10,4790.5,4820.0,4752.7,4787.4,117744
2026-04-12,4710.0,4749.5,4626.0,4741.1,30740
2026-04-13,4769.3,4789.7,4767.6,4782.2,3738
2026-04-14,4862.7,4874.6,4857.2,4862.9,5350
2026-04-15,4813.6,4848.6,4812.4,4846.1,4964
2026-04-16,4811.8,4818.8,4811.4,4814.0,1830
2026-04-17,4811.8,4917.7,4785.9,4879.6,130225
2026-04-19,4811.8,4834.5,4752.0,4813.3,32827
2026-04-20,4842.4,4854.8,4840.8,4841.1,4695
2026-04-21,4738.7,4757.0,4733.1,4757.0,4826
2026-04-22,4759.2,4763.6,4740.6,4743.7,3358
2026-04-23,4715.6,4719.8,4702.0,4708.2,2596
2026-04-24,4715.6,4757.1,4672.2,4740.9,100809
2026-04-26,4713.1,4719.8,4689.1,4696.1,5247
2026-04-27,4697.5,4711.5,4697.0,4711.5,2524
2026-04-28,4611.4,4624.3,4593.7,4600.1,6567
2026-04-29,4557.0,4586.3,4550.8,4578.7,5726
2026-04-30,4636.9,4652.0,4635.5,4639.0,2847
2026-05-01,4636.9,4673.0,4570.0,4644.5,91619
2026-05-03,4644.0,4650.6,4619.2,4620.2,3864
2026-05-04,4534.0,4540.1,4522.7,4537.6,4690
2026-05-05,4569.3,4609.1,4556.1,4607.1,6645
2026-05-06,4702.2,4710.0,4698.0,4705.0,3179
2026-05-07,4682.5,4741.4,4671.0,4727.2,17924
2026-05-08,4682.5,4760.4,4671.0,4730.7,114845
2026-05-10,4690.0,4710.0,4680.1,4695.0,6174
2026-05-11,4745.3,4783.4,4745.2,4757.7,15732
2026-05-12,4722.3,4734.8,4715.4,4719.5,9207
2026-05-13,4696.8,4714.0,4690.7,4698.7,6052
2026-05-14,4654.5,4670.1,4612.6,4615.9,15735
2026-05-15,4654.5,4670.1,4513.8,4561.9,161086
2026-05-17,4547.6,4559.0,4483.5,4500.6,18278
2026-05-18,4570.6,4593.2,4560.7,4561.6,8961
2026-05-19,4486.6,4512.0,4480.0,4496.9,8940
2026-05-20,4548.0,4563.5,4535.6,4560.6,8711
2026-05-21,4544.2,4547.0,4524.1,4532.2,4533
2026-05-22,4544.2,4547.0,4488.0,4523.2,106230
2026-05-24,4532.0,4582.6,4531.3,4523.2,12916
2026-05-25,4532.0,4583.3,4531.3,4546.9,73075
2026-05-26,4507.4,4528.1,4498.9,4519.5,3716
2026-05-27,4488.0,4502.0,4471.0,4472.3,6717
2026-05-28,4527.6,4551.2,4519.5,4547.7,6935
2026-05-29,4527.6,4627.1,4519.5,4593.0,124293
2026-05-31,4575.2,4577.3,4545.5,4559.4,9374
2026-06-01,4515.8,4526.8,4501.0,4504.3,8901
2026-06-02,4520.0,4525.1,4490.5,4502.5,16746
2026-06-03,4462.6,4500.8,4450.1,4491.9,11145
2026-06-04,4503.0,4508.7,4475.8,4480.9,9972
2026-06-05,4503.0,4508.7,4336.6,4365.3,173440
2026-06-07,4354.0,4377.5,4323.6,4326.4,16894
2026-06-08,4354.7,4358.6,4336.0,4352.0,6772
2026-06-09,4276.1,4281.1,4210.7,4224.5,20181
2026-06-10,4094.4,4138.5,4046.2,4127.6,37443
2026-06-11,4234.9,4267.8,4192.9,4210.1,19430
2026-06-12,4234.9,4267.8,4191.1,4238.8,132801
2026-06-14,4289.4,4340.7,4283.4,4337.0,23998
2026-06-15,4331.3,4346.8,4326.7,4333.6,10212
2026-06-16,4352.6,4369.8,4348.2,4359.2,6282
2026-06-17,4275.1,4348.9,4273.3,4338.5,17076
2026-06-18,4231.2,4231.4,4197.7,4201.9,8124
2026-06-19,4231.2,4231.4,4138.7,4172.9,73110
2026-06-21,4163.9,4238.1,4138.7,4211.2,93485
2026-06-22,4210.8,4216.0,4188.1,4188.4,5820
2026-06-23,4130.0,4132.4,4086.0,4107.5,12878
2026-06-24,4019.0,4033.9,3994.2,4011.9,11850
2026-06-25,4044.4,4051.6,4026.3,4034.0,7870
2026-06-26,4044.4,4111.5,3998.1,4096.3,114770
2026-06-28,4101.1,4102.9,4062.6,4079.5,12360
2026-06-29,4032.5,4036.7,3955.4,3987.1,18146
2026-06-30,4025.0,4032.0,3988.6,3999.8,10109
2026-07-01,4049.2,4080.5,4042.8,4068.1,10014
2026-07-02,4138.0,4165.8,4133.8,4161.5,6742
2026-07-03,4138.0,4208.3,4133.8,4187.3,54673
2026-07-05,4187.5,4214.1,4133.8,4196.1,65524
2026-07-06,4176.4,4179.5,4151.9,4158.0,4731
2026-07-07,4106.5,4137.1,4104.0,4132.1,8697
2026-07-08,4087.6,4099.1,4079.2,4083.3,6344
2026-07-09,4135.4,4137.8,4123.5,4136.6,4076
2026-07-10,4135.4,4144.6,4081.7,4113.7,91801
2026-07-12,4106.6,4111.6,4069.4,4081.5,11346
2026-07-13,4005.9,4015.5,3990.4,4007.8,7301
2026-07-14,4059.8,4062.4,4052.7,4061.2,3469
2026-07-15,4068.9,4071.9,4059.6,4063.4,4764
2026-07-16,3980.1,3994.3,3976.8,3991.2,4516
2026-07-17,4087.7,4105.1,4086.6,4018.8,22196
2026-07-19,4005.6,4034.2,3986.5,4026.6,17851
2026-07-20,4003.4,4018.9,4002.7,4010.3,231
2026-07-21,4002.1,4071.1,3999.7,4071.1,87
2026-07-22,4096.2,4152.1,4096.2,4146.9,133
2026-07-23,4129.9,4130.9,4046.6,4046.6,59
2026-07-24,4067.6,4068.0,4067.6,4067.6,2
2026-07-27,4090.1,4107.9,4072.7,4074.5,36
2026-07-28,4025.7,4036.3,4025.7,4036.3,248
2026-07-29,4018.1,4034.7,4017.9,4034.7,89664
2026-07-30,4060.7,4118.5,4028.5,4100.1,16985
2026-07-31,4102.4,4102.4,4022.4,4049.1,1166
2026-08-03,4083.4,4083.5,4026.5,4033.7,698
2026-08-04,4050.5,4095.4,4048.8,4095.4,426
2026-08-05,4130.0,4262.2,4129.5,4245.8,1349
2026-08-06,4297.0,4297.0,4228.0,4242.0,3101
2026-08-07,4277.0,4371.5,4274.0,4340.7,422
2026-08-10,4336.1,4390.1,4336.1,4361.8,1303
2026-08-11,4408.6,4408.6,4365.1,4383.0,204
2026-08-12,4406.5,4434.0,4406.3,4408.9,660
2026-08-13,4403.5,4445.0,4350.0,4363.6,1491
2026-08-14,4322.1,4397.1,4315.0,4380.4,673
2026-08-17,4394.8,4428.5,4386.5,4417.8,673
2026-08-18,4391.4,4410.9,4378.0,4407.3,19784
2026-08-19,4580.0,4583.8,4546.1,4547.3,16891
2026-08-20,4577.0,4599.0,4565.5,4586.0,15827
2026-08-21,4577.0,4690.3,4565.5,4680.6,190436
2026-08-23,4673.4,4698.6,4651.8,4692.5,25580
2026-08-24,4710.1,4755.0,4708.4,4721.2,23062
2026-08-25,4715.7,4730.9,4686.3,4714.8,16564
2026-08-26,4615.3,4615.3,4598.2,4598.2,321
