Date,Price,Net_Score,Gross_Score,D1_Return,D2_Volume,D3_RSI,D4_MA,D5_DirVol,D6_External,Vol_Ratio,RSI,Volatility_Pct,Penalty_Scaled,Ret_1W,Ret_1M,Ret_3M,Golden_Cross,Z_Score_50d,Z_Zone,Z_Delta_5d,Warning_Flags,Tier,As_Of_Running
2021-12-31,1827.5,76.68,76.68,68.15,26.93,100,100,100,65.0,0.419,65.91,10.36,0.0,0.9,2.58,4.01,True,0.814,Normal,0.441,None,Strong ↑,backfill
2022-01-03,1799.4,65.04,65.04,49.06,26.2,100,65,70,80.0,0.812,53.97,11.27,0.0,-0.48,2.2,1.88,True,-0.149,Normal,-0.413,None,Moderate ↑,backfill
2022-01-04,1814.0,71.5,71.5,53.49,25.5,100,100,70,80.0,0.858,63.33,11.51,0.0,0.21,1.8,3.09,True,0.335,Normal,0.027,None,Moderate ↑,backfill
2022-01-05,1824.6,70.52,70.52,65.62,22.49,100,100,70,65.0,0.872,68.63,11.61,0.0,1.08,2.65,3.64,True,0.679,Normal,0.565,None,Moderate ↑,backfill
2022-01-06,1788.7,46.82,46.82,45.14,20.78,80,30,40,65.0,1.257,47.65,13.68,0.0,-1.32,0.34,1.75,True,-0.531,Normal,-0.876,None,Neutral →,backfill
2022-01-07,1797.0,47.79,47.79,52.95,18.8,80,30,40,65.0,1.369,47.99,13.63,0.0,-1.67,0.76,2.32,True,-0.25,Normal,-1.065,None,Neutral →,backfill
2022-01-10,1798.4,58.25,58.25,56.24,23.25,100,65,40,65.0,1.299,51.46,13.55,0.0,-0.06,1.34,2.5,True,-0.201,Normal,-0.052,None,Neutral →,backfill
2022-01-11,1818.6,65.41,65.41,60.5,26.97,100,100,40,65.0,1.288,58.77,14.05,0.0,0.25,2.0,3.43,True,0.458,Normal,0.123,None,Moderate ↑,backfill
2022-01-12,1827.2,66.15,66.15,59.12,32.79,100,100,40,65.0,1.42,57.53,13.63,0.0,0.14,2.29,1.87,True,0.725,Normal,0.046,None,Moderate ↑,backfill
2022-01-13,1821.2,68.6,68.6,64.36,32.25,100,100,40,75.0,1.439,53.0,13.58,0.0,1.82,2.87,1.36,True,0.501,Normal,1.033,None,Moderate ↑,backfill
2022-01-14,1816.5,62.68,62.68,66.81,34.28,100,100,10,65.0,2.232,52.5,12.02,0.0,1.09,3.06,2.79,True,0.313,Normal,0.564,None,Moderate ↑,backfill
2022-01-18,1812.3,63.4,63.4,60.2,35.22,100,100,10,75.0,2.095,50.62,11.99,0.0,0.77,0.87,2.69,True,0.156,Normal,0.356,None,Moderate ↑,backfill
2022-01-19,1843.1,66.97,66.97,72.35,34.44,100,100,20,75.0,1.55,59.7,13.1,0.0,1.35,2.18,4.15,True,1.185,Normal,0.726,None,Moderate ↑,backfill
2022-01-20,1842.5,66.34,66.34,70.66,32.41,100,100,20,75.0,1.606,57.89,13.0,0.0,0.84,2.72,3.27,True,1.143,Normal,0.418,None,Moderate ↑,backfill
2022-01-21,1831.8,69.03,69.03,67.69,31.49,100,100,40,75.0,1.455,51.16,13.04,0.0,0.58,2.46,2.84,True,0.78,Normal,0.279,None,Moderate ↑,backfill
2022-01-24,1841.7,69.0,69.0,71.08,27.91,100,100,40,75.0,1.455,62.7,13.04,0.0,1.39,2.23,2.57,True,1.124,Normal,0.811,None,Moderate ↑,backfill
2022-01-25,1852.7,67.52,67.52,74.44,25.7,100,100,20,85.0,1.566,61.88,13.12,0.0,2.23,2.29,2.59,True,1.522,Normal,1.367,None,Moderate ↑,backfill
2022-01-26,1829.9,65.07,65.07,61.71,8.69,100,100,20,100.0,1.59,51.51,13.94,0.0,-0.72,1.21,2.08,True,0.796,Normal,-0.388,None,Moderate ↑,backfill
2022-01-27,1793.3,40.15,40.15,43.39,37.49,100,30,20,10.0,1.813,51.31,15.63,0.0,-2.67,-0.93,-0.26,True,-0.479,Normal,-1.622,None,Weak ↓,backfill
2022-01-28,1784.9,39.45,39.45,41.49,50.22,80,30,20,15.0,1.706,46.56,15.61,0.0,-2.56,-1.12,-0.93,True,-0.762,Normal,-1.542,None,Weak ↓,backfill
2022-01-31,1795.0,30.3,34.84,43.63,50.44,80,0,20,15.0,1.703,49.08,15.45,-4.55,-2.54,-0.98,0.67,False,-0.339,Normal,-1.463,💀💀 Death Cross + Below MAs,Weak ↓,backfill
2022-02-01,1800.3,30.53,35.07,46.08,49.36,80,0,20,15.0,1.717,44.61,14.56,-4.55,-2.83,-1.49,0.29,False,-0.076,Normal,-1.599,💀💀 Death Cross + Below MAs,Weak ↓,backfill
2022-02-02,1809.2,53.35,57.9,52.69,49.68,80,70,20,75.0,1.72,44.71,14.38,-4.55,-1.13,0.54,1.15,False,0.367,Normal,-0.429,💀 Death Cross,Neutral →,backfill
2022-02-03,1803.0,42.74,47.29,60.64,48.09,80,35,20,40.0,1.587,44.65,14.25,-4.55,0.54,-0.61,2.23,False,0.085,Normal,0.564,💀 Death Cross,Weak ↓,backfill
2022-02-04,1806.6,52.45,57.0,64.84,47.15,80,70,40,40.0,1.355,47.07,12.45,-4.55,1.22,-0.99,0.76,False,0.231,Normal,0.993,💀 Death Cross,Neutral →,backfill
2022-02-07,1820.6,62.5,67.04,70.26,46.99,100,70,40,75.0,1.352,52.32,12.62,-4.55,1.43,1.78,0.23,False,0.844,Normal,1.183,💀 Death Cross,Moderate ↑,backfill
2022-02-08,1826.6,59.11,63.66,70.14,46.79,80,70,40,75.0,1.429,44.65,12.65,-4.55,1.46,1.65,-0.04,False,1.077,Normal,1.153,💀 Death Cross,Neutral →,backfill
2022-02-09,1835.2,53.98,58.53,70.48,45.7,80,70,20,65.0,1.531,47.75,12.17,-4.55,1.44,2.05,0.27,False,1.407,Normal,1.04,💀 Death Cross,Neutral →,backfill
2022-02-10,1836.2,62.19,66.74,70.52,44.9,100,70,40,75.0,1.423,51.44,12.07,-4.55,1.84,0.97,-0.62,False,1.396,Normal,1.31,💀 Death Cross,Moderate ↑,backfill
2022-02-11,1840.8,67.12,67.12,68.8,43.94,80,100,20,90.0,1.521,49.69,12.02,0.0,1.89,0.74,-1.2,True,1.531,Normal,1.3,None,Moderate ↑,backfill
2022-02-14,1868.0,74.64,74.64,78.05,39.82,100,100,40,90.0,1.374,54.68,12.92,0.0,2.6,2.57,0.01,True,2.581,Extreme Extended,1.737,None,Moderate ↑,backfill
2022-02-15,1854.8,73.9,73.9,74.68,38.75,100,100,40,90.0,1.312,58.1,13.19,0.0,1.54,2.11,-0.61,True,1.895,Normal,0.818,None,Moderate ↑,backfill
2022-02-16,1870.2,63.8,63.8,81.18,36.63,70,100,20,75.0,1.749,79.02,12.19,0.0,1.91,3.19,0.9,True,2.371,Extended,0.963,None,Moderate ↑,backfill
2022-02-17,1900.7,67.12,67.12,85.34,37.39,50,100,40,90.0,1.301,87.45,13.31,0.0,3.51,3.13,1.66,True,3.176,Extreme Extended,1.78,None,Moderate ↑,backfill
2022-02-18,1898.6,66.77,66.77,83.57,37.07,50,100,40,90.0,1.45,85.33,13.07,0.0,3.14,3.04,2.02,True,2.796,Extreme Extended,1.265,None,Moderate ↑,backfill
2022-02-22,1906.1,67.2,67.2,86.1,37.13,50,100,40,90.0,1.44,85.55,13.03,0.0,2.04,4.06,2.97,True,2.775,Extreme Extended,0.194,None,Moderate ↑,backfill
2022-02-23,1909.2,69.57,69.57,89.96,37.43,50,100,40,100.0,1.396,84.97,12.94,0.0,2.93,3.67,5.71,True,2.623,Extreme Extended,0.728,None,Moderate ↑,backfill
2022-02-24,1925.1,71.46,71.46,93.94,44.8,50,100,40,100.0,1.495,89.98,12.1,0.0,2.94,3.91,7.94,True,2.795,Extreme Extended,0.424,None,Moderate ↑,backfill
2022-02-25,1886.5,71.52,71.52,84.08,45.02,70,100,40,90.0,1.499,71.28,12.12,0.0,-0.75,3.09,5.74,True,1.648,Normal,-1.528,None,Moderate ↑,backfill
2022-02-28,1899.4,66.06,66.06,88.8,32.55,70,100,20,85.0,1.696,71.11,11.9,0.0,0.04,5.92,6.39,True,1.919,Normal,-0.877,None,Moderate ↑,backfill
2022-03-01,1942.4,72.27,72.27,96.95,26.69,70,100,40,100.0,1.237,75.89,13.67,0.0,1.9,8.82,8.98,True,2.792,Extreme Extended,0.016,None,Moderate ↑,backfill
2022-03-02,1920.9,78.83,78.83,93.03,24.98,100,100,55,100.0,1.109,68.12,14.63,0.0,0.61,7.01,8.31,True,2.095,Extended,-0.529,None,Strong ↑,backfill
2022-03-03,1934.4,78.33,78.33,93.05,21.93,100,100,55,100.0,1.114,69.72,14.68,0.0,0.48,7.45,8.58,True,2.251,Extended,-0.544,None,Strong ↑,backfill
2022-03-04,1965.1,73.94,73.94,99.64,19.0,70,100,55,100.0,1.12,72.59,15.06,0.0,4.17,8.62,11.61,True,2.696,Extreme Extended,1.048,None,Moderate ↑,backfill
2022-03-07,1993.9,75.2,75.2,100.22,25.96,70,100,55,100.0,1.119,72.75,15.44,0.0,4.98,10.59,11.89,True,2.954,Extreme Extended,1.035,None,Strong ↑,backfill
2022-03-08,2040.1,78.25,78.25,100.28,29.2,70,100,70,100.0,0.974,79.92,16.67,0.0,5.03,12.92,14.77,True,3.331,Extreme Extended,0.539,None,Strong ↑,backfill
2022-03-09,1985.9,78.18,78.18,98.67,30.4,100,100,40,100.0,1.281,66.6,20.08,0.0,3.38,9.08,11.4,True,2.211,Extended,0.116,None,Strong ↑,backfill
2022-03-10,1998.1,78.57,78.57,98.82,32.59,100,100,40,100.0,1.293,64.75,20.09,0.0,3.29,9.39,12.04,True,2.238,Extended,-0.013,None,Strong ↑,backfill
2022-03-11,1982.7,78.15,78.15,94.56,34.34,100,100,40,100.0,1.261,62.24,20.48,0.0,0.9,8.04,11.73,True,1.878,Normal,-0.818,None,Strong ↑,backfill
2022-03-14,1959.6,79.4,79.4,87.83,33.55,100,100,55,100.0,1.198,57.45,21.18,0.0,-1.72,6.72,9.91,True,1.453,Normal,-1.501,None,Strong ↑,backfill
2022-03-15,1928.5,76.49,76.49,83.78,30.18,100,100,55,90.0,1.103,52.49,21.72,0.0,-5.47,4.76,7.96,True,0.946,Normal,-2.385,None,Strong ↑,backfill
2022-03-16,1908.0,71.92,71.92,78.45,28.07,80,100,55,90.0,1.067,47.82,21.93,0.0,-3.92,2.14,7.77,True,0.609,Normal,-1.602,None,Moderate ↑,backfill
2022-03-17,1942.1,76.1,76.1,86.37,25.22,100,100,55,90.0,1.041,57.18,22.55,0.0,-2.8,4.71,10.18,True,1.08,Normal,-1.158,None,Strong ↑,backfill
2022-03-18,1928.2,77.5,77.5,82.35,22.67,100,100,70,90.0,0.991,53.71,22.13,0.0,-2.75,3.1,7.32,True,0.838,Normal,-1.04,None,Strong ↑,backfill
2022-03-21,1928.6,73.51,73.51,79.66,21.39,80,100,70,90.0,0.824,48.0,22.12,0.0,-1.58,1.47,6.92,True,0.81,Normal,-0.643,None,Moderate ↑,backfill
2022-03-22,1920.7,73.62,73.62,80.4,21.33,80,100,70,90.0,0.871,49.97,22.15,0.0,-0.4,1.16,7.08,True,0.659,Normal,-0.287,None,Moderate ↑,backfill
2022-03-23,1936.6,78.31,78.31,87.15,22.73,100,100,70,90.0,0.939,50.33,22.32,0.0,1.5,1.6,8.32,True,0.867,Normal,0.259,None,Strong ↑,backfill
2022-03-24,1961.6,75.35,75.35,90.02,22.05,80,100,70,90.0,0.951,49.47,22.57,0.0,1.0,2.74,8.88,True,1.202,Normal,0.122,None,Strong ↑,backfill
2022-03-25,1953.8,74.78,74.78,86.87,21.81,80,100,70,90.0,0.945,43.48,21.32,0.0,1.33,1.49,7.87,True,1.04,Normal,0.202,None,Moderate ↑,backfill
2022-03-28,1939.6,68.81,68.81,87.07,15.78,60,100,70,80.0,0.897,31.77,21.47,0.0,0.57,2.81,7.27,True,0.789,Normal,-0.02,None,Moderate ↑,backfill
2022-03-29,1912.0,72.25,72.25,79.12,44.36,60,100,70,80.0,0.927,35.17,20.58,0.0,-0.45,0.66,5.62,True,0.34,Normal,-0.319,None,Moderate ↑,backfill
2022-03-30,1933.5,56.41,60.96,79.2,46.55,60,100,55,25.0,1.025,37.5,20.62,-4.55,-0.16,-0.46,7.11,True,0.643,Normal,-0.224,⚠️ Mild Reversal,Neutral →,backfill
2022-03-31,1949.2,75.52,75.52,81.2,46.95,80,100,55,90.0,1.037,43.53,20.66,0.0,-0.63,1.47,7.53,True,0.856,Normal,-0.347,None,Strong ↑,backfill
2022-04-01,1919.1,61.24,65.79,72.49,47.25,80,100,70,25.0,0.982,42.38,20.56,-4.55,-1.78,-0.79,5.01,True,0.361,Normal,-0.679,⚠️ Mild Reversal,Moderate ↑,backfill
2022-04-04,1929.2,64.88,69.43,74.12,47.43,100,100,70,25.0,0.96,50.14,19.9,-4.55,-0.54,-1.83,7.21,True,0.494,Normal,-0.295,⚠️ Mild Reversal,Moderate ↑,backfill
2022-04-05,1922.9,62.66,62.66,73.9,47.07,100,100,40,15.0,1.283,53.23,17.75,0.0,0.57,-3.56,6.0,True,0.37,Normal,0.031,None,Moderate ↑,backfill
2022-04-06,1918.4,58.6,63.14,67.17,46.69,80,100,70,15.0,0.93,44.1,15.51,-4.55,-0.78,-5.97,5.14,True,0.279,Normal,-0.365,⚠️ Mild Reversal,Neutral →,backfill
2022-04-07,1933.8,62.66,67.2,73.63,44.58,100,100,70,15.0,0.946,51.38,15.65,-4.55,-0.79,-2.62,8.11,True,0.499,Normal,-0.357,⚠️ Mild Reversal,Moderate ↑,backfill
2022-04-08,1941.6,67.9,67.9,80.0,42.39,100,100,70,15.0,0.992,53.1,15.59,0.0,1.17,-2.83,8.05,True,0.596,Normal,0.235,None,Moderate ↑,backfill
2022-04-11,1944.3,67.64,67.64,79.0,41.81,100,100,70,15.0,0.979,55.77,15.12,0.0,0.78,-1.94,8.11,True,0.612,Normal,0.118,None,Moderate ↑,backfill
2022-04-12,1972.1,81.58,81.58,87.85,41.63,100,100,70,90.0,0.875,58.2,14.81,0.0,2.56,0.64,8.44,True,1.07,Normal,0.7,None,Strong ↑,backfill
2022-04-13,1981.0,81.98,81.98,90.22,41.67,100,100,70,90.0,0.922,54.84,14.21,0.0,3.26,2.72,8.42,True,1.201,Normal,0.923,None,Strong ↑,backfill
2022-04-14,1970.9,78.9,78.9,87.91,40.48,100,100,55,90.0,1.036,54.22,13.14,0.0,1.92,3.3,8.22,True,0.985,Normal,0.486,None,Strong ↑,backfill
2022-04-18,1982.9,79.04,79.04,88.67,40.6,100,100,55,90.0,1.145,60.8,12.93,0.0,2.13,2.1,9.16,True,1.194,Normal,0.599,None,Strong ↑,backfill
2022-04-19,1955.7,75.0,75.0,79.62,40.38,100,100,40,90.0,1.317,60.92,13.96,0.0,0.59,1.43,7.91,True,0.623,Normal,0.011,None,Strong ↑,backfill
2022-04-20,1952.3,74.2,74.2,72.95,42.27,100,100,40,90.0,1.381,55.16,13.88,0.0,-1.0,1.23,5.92,True,0.522,Normal,-0.548,None,Moderate ↑,backfill
2022-04-21,1944.9,70.41,70.41,70.8,41.63,80,100,40,90.0,1.281,48.76,13.69,0.0,-1.82,1.26,5.56,True,0.322,Normal,-0.88,None,Moderate ↑,backfill
2022-04-22,1931.0,50.39,54.94,67.49,42.13,100,65,40,15.0,1.298,53.78,13.1,-4.55,-2.02,-0.29,5.42,True,-0.056,Normal,-1.041,⚠️ Mild Reversal,Neutral →,backfill
2022-04-25,1893.2,42.28,46.82,55.7,45.24,80,65,20,15.0,1.582,40.28,14.61,-4.55,-4.52,-3.49,2.8,True,-1.087,Normal,-2.281,⚠️ Mild Reversal,Weak ↓,backfill
2022-04-26,1901.4,41.85,46.4,56.69,46.69,80,65,20,10.0,1.702,44.25,14.58,-4.55,-2.78,-2.68,2.63,True,-0.957,Normal,-1.58,⚠️ Mild Reversal,Weak ↓,backfill
2022-04-27,1885.9,42.4,46.94,56.57,50.08,80,65,20,10.0,1.622,41.8,14.03,-4.55,-3.4,-2.77,3.06,True,-1.425,Normal,-1.947,⚠️ Mild Reversal,Weak ↓,backfill
2022-04-28,1888.7,38.19,42.73,61.65,34.74,60,65,20,15.0,1.637,37.84,13.38,-4.55,-2.89,-1.22,5.32,True,-1.417,Normal,-1.738,⚠️ Mild Reversal,Weak ↓,backfill
2022-04-29,1909.3,41.04,45.59,66.73,31.79,80,65,20,10.0,1.521,41.86,13.65,-4.55,-1.12,-1.25,6.97,True,-0.86,Normal,-0.804,⚠️ Mild Reversal,Weak ↓,backfill
2022-05-02,1861.8,35.45,40.0,54.76,30.22,60,65,20,10.0,1.949,33.03,15.21,-4.55,-1.66,-4.48,3.72,True,-2.2,Extreme Depressed,-1.113,⚠️ Mild Reversal,Weak ↓,backfill
2022-05-03,1868.8,31.65,36.19,56.49,30.66,30,65,20,15.0,1.921,26.77,15.14,-4.55,-1.71,-2.62,3.8,True,-1.924,Depressed,-0.967,⚠️ Mild Reversal,Weak ↓,backfill
2022-05-04,1867.0,30.93,35.47,55.28,27.57,30,65,20,15.0,1.974,23.51,15.12,-4.55,-1.0,-3.22,3.19,True,-1.893,Depressed,-0.468,⚠️ Mild Reversal,Weak ↓,backfill
2022-05-05,1874.0,28.82,33.37,59.62,25.58,30,65,10,10.0,2.069,27.16,15.22,-4.55,-0.78,-2.54,3.94,True,-1.641,Depressed,-0.224,⚠️ Mild Reversal,Very Weak ↓↓,backfill
2022-05-06,1881.2,28.71,33.26,58.01,26.55,30,65,10,10.0,2.093,25.47,14.97,-4.55,-1.47,-1.94,4.13,True,-1.394,Normal,-0.534,⚠️ Mild Reversal,Very Weak ↓↓,backfill
2022-05-09,1857.1,29.12,33.67,50.08,26.93,30,65,20,10.0,1.922,25.86,15.34,-4.55,-0.25,-3.97,2.0,True,-1.968,Depressed,0.232,⚠️ Mild Reversal,Very Weak ↓↓,backfill
2022-05-10,1839.9,28.55,33.1,39.24,34.34,30,65,20,10.0,1.854,24.22,15.47,-4.55,-1.55,-5.24,0.73,True,-2.269,Extreme Depressed,-0.345,⚠️ Mild Reversal,Very Weak ↓↓,backfill
2022-05-11,1852.6,28.21,32.76,44.06,37.49,30,65,10,10.0,2.828,29.33,14.64,-4.55,-0.77,-4.72,0.95,True,-1.844,Depressed,0.049,⚠️ Mild Reversal,Very Weak ↓↓,backfill
2022-05-12,1823.8,24.31,24.31,29.78,36.06,30,30,10,10.0,2.63,27.5,14.97,0.0,-2.68,-7.52,-0.68,True,-2.339,Extreme Depressed,-0.698,None,Very Weak ↓↓,backfill
2022-05-13,1807.4,28.84,28.84,21.29,36.77,60,30,10,15.0,2.572,30.21,15.06,0.0,-3.92,-8.76,-1.81,True,-2.475,Extreme Depressed,-1.081,None,Very Weak ↓↓,backfill
2022-05-16,1813.5,23.48,23.48,20.24,35.66,30,30,10,15.0,2.544,29.53,14.85,0.0,-2.35,-7.99,-2.92,True,-2.183,Extreme Depressed,-0.215,None,Very Weak ↓↓,backfill
2022-05-17,1818.2,28.62,28.62,23.11,33.61,60,30,10,15.0,2.692,33.4,14.64,0.0,-1.18,-8.31,-1.97,True,-1.977,Depressed,0.292,None,Very Weak ↓↓,backfill
2022-05-18,1815.9,27.38,27.38,20.58,33.69,60,30,10,10.0,2.712,32.1,14.65,0.0,-1.98,-7.15,-2.9,True,-1.974,Depressed,-0.13,None,Very Weak ↓↓,backfill
2022-05-19,1841.2,37.13,37.13,29.0,33.78,60,65,20,15.0,1.908,33.64,15.85,0.0,0.95,-5.69,-3.13,True,-1.41,Normal,0.928,None,Weak ↓,backfill
2022-05-20,1841.8,41.06,41.06,32.89,33.47,80,65,20,15.0,1.92,43.8,15.79,0.0,1.9,-5.3,-2.99,True,-1.353,Normal,1.122,None,Weak ↓,backfill
2022-05-23,1847.8,41.59,41.59,35.06,34.46,80,65,20,15.0,1.938,43.45,14.58,0.0,1.89,-4.31,-3.06,True,-1.187,Normal,0.996,None,Weak ↓,backfill
2022-05-24,1865.1,43.7,43.7,48.59,33.63,80,65,20,15.0,1.844,49.46,14.92,0.0,2.58,-1.48,-2.31,True,-0.8,Normal,1.177,None,Weak ↓,backfill
2022-05-25,1846.2,45.75,45.75,42.85,26.65,80,65,20,40.0,1.833,42.59,15.05,0.0,1.67,-2.9,-4.1,True,-1.142,Normal,0.831,None,Neutral →,backfill
2022-05-26,1847.4,50.76,50.76,43.43,56.12,80,65,20,40.0,1.8,40.69,15.04,0.0,0.34,-2.04,-2.07,True,-1.08,Normal,0.331,None,Neutral →,backfill
2022-05-27,1851.3,49.14,49.14,43.67,46.16,80,65,20,40.0,1.953,48.2,14.45,0.0,0.52,-1.98,-2.53,True,-0.962,Normal,0.391,None,Neutral →,backfill
2022-05-31,1842.7,50.09,54.63,36.35,46.45,100,65,40,40.0,1.328,50.92,11.78,-4.55,-0.28,-3.49,-5.13,True,-1.091,Normal,0.097,⚠️ Mild Reversal,Neutral →,backfill
2022-06-01,1843.3,47.34,51.89,39.58,46.75,80,65,40,40.0,1.269,46.7,11.68,-4.55,-1.17,-0.99,-4.04,True,-1.037,Normal,-0.237,⚠️ Mild Reversal,Neutral →,backfill
2022-06-02,1866.5,60.11,60.11,53.84,46.81,100,65,55,40.0,1.021,65.8,12.54,0.0,1.1,-0.12,-3.51,True,-0.558,Normal,0.584,None,Moderate ↑,backfill
2022-06-03,1845.4,56.21,60.76,43.03,46.51,100,65,70,40.0,0.936,63.59,13.05,-4.55,-0.11,-1.16,-6.09,True,-0.936,Normal,0.144,⚠️ Mild Reversal,Neutral →,backfill
2022-06-06,1839.2,49.29,53.83,37.17,45.82,100,30,70,40.0,0.934,59.19,12.97,-4.55,-0.65,-1.86,-7.76,True,-1.018,Normal,-0.056,⚠️ Mild Reversal,Neutral →,backfill
2022-06-07,1847.5,60.35,60.35,41.75,45.32,100,65,70,40.0,0.973,60.21,12.37,0.0,0.26,-1.79,-9.44,True,-0.819,Normal,0.272,None,Moderate ↑,backfill
2022-06-08,1851.9,58.09,58.09,44.44,44.08,100,65,55,40.0,1.063,62.36,11.95,0.0,0.47,-0.28,-6.75,True,-0.7,Normal,0.337,None,Neutral →,backfill
2022-06-09,1848.8,63.3,63.3,41.93,42.89,100,65,55,75.0,1.067,53.08,11.72,0.0,-0.95,0.48,-7.47,True,-0.735,Normal,-0.177,None,Moderate ↑,backfill
2022-06-10,1871.5,71.13,71.13,55.98,45.82,100,65,70,90.0,0.805,60.21,11.03,0.0,1.41,1.02,-5.61,True,-0.256,Normal,0.68,None,Moderate ↑,backfill
2022-06-13,1828.0,53.02,53.02,42.21,45.9,80,30,20,100.0,1.509,44.59,13.52,0.0,-0.61,0.23,-6.72,True,-1.095,Normal,-0.077,None,Neutral →,backfill
2022-06-14,1809.5,51.95,51.95,36.0,45.68,60,30,40,100.0,1.373,34.91,13.97,0.0,-2.06,0.12,-6.17,True,-1.407,Normal,-0.588,None,Neutral →,backfill
2022-06-15,1815.3,54.39,54.39,40.58,45.74,80,30,40,90.0,1.38,40.97,13.99,0.0,-1.98,0.1,-4.86,True,-1.237,Normal,-0.537,None,Neutral →,backfill
2022-06-16,1845.7,67.3,67.3,58.33,45.5,80,65,55,100.0,1.194,49.58,15.13,0.0,-0.17,1.51,-4.96,True,-0.602,Normal,0.133,None,Moderate ↑,backfill
2022-06-17,1835.6,59.67,59.67,50.62,42.41,80,30,55,100.0,1.189,46.2,14.5,0.0,-1.92,1.08,-4.8,True,-0.773,Normal,-0.517,None,Neutral →,backfill
2022-06-21,1834.6,42.3,42.3,50.92,42.89,80,30,40,10.0,1.223,47.96,14.5,0.0,0.36,-0.36,-4.87,True,-0.76,Normal,0.335,None,Weak ↓,backfill
2022-06-22,1834.3,46.08,46.08,54.98,41.47,80,30,55,15.0,1.197,47.73,14.44,0.0,1.37,-0.41,-4.5,True,-0.734,Normal,0.673,None,Neutral →,backfill
2022-06-23,1825.7,41.67,41.67,49.42,40.58,60,30,55,15.0,1.107,38.91,14.07,0.0,0.57,-1.2,-5.73,True,-0.877,Normal,0.36,None,Weak ↓,backfill
2022-06-24,1826.5,39.21,43.76,41.89,40.66,80,30,55,15.0,1.153,44.23,13.68,-4.55,-1.04,-2.07,-6.89,True,-0.836,Normal,-0.234,⚠️ Mild Reversal,Weak ↓,backfill
2022-06-27,1820.9,39.1,43.64,41.02,40.84,80,30,55,15.0,1.101,44.39,13.7,-4.55,-0.8,-1.37,-6.8,True,-0.947,Normal,-0.174,⚠️ Mild Reversal,Weak ↓,backfill
2022-06-28,1817.5,38.66,43.2,40.28,38.92,80,30,55,15.0,1.044,40.52,13.66,-4.55,-0.93,-1.62,-6.3,True,-1.016,Normal,-0.256,⚠️ Mild Reversal,Weak ↓,backfill
2022-06-29,1813.7,32.75,37.29,39.18,24.56,60,30,55,15.0,1.058,37.88,13.6,-4.55,-1.12,-2.03,-5.14,True,-1.133,Normal,-0.399,⚠️ Mild Reversal,Weak ↓,backfill
2022-06-30,1804.1,32.35,36.9,36.69,24.68,60,30,55,15.0,1.036,36.38,13.69,-4.55,-1.18,-2.09,-6.69,True,-1.402,Normal,-0.525,⚠️ Mild Reversal,Weak ↓,backfill
2022-07-01,1798.9,29.05,33.6,33.45,23.13,30,30,70,15.0,0.998,25.24,12.76,-4.55,-1.51,-2.41,-7.71,True,-1.575,Depressed,-0.739,⚠️ Mild Reversal,Very Weak ↓↓,backfill
2022-07-05,1761.8,28.85,28.85,20.68,22.45,30,30,55,15.0,1.179,26.39,13.98,0.0,-3.25,-5.61,-8.2,True,-2.693,Extreme Depressed,-1.746,None,Very Weak ↓↓,backfill
2022-07-06,1734.9,17.19,21.73,14.86,30.54,30,0,40,15.0,1.236,24.9,14.69,-4.55,-4.54,-5.99,-10.07,False,-3.296,Extreme Depressed,-2.28,💀💀 Death Cross + Below MAs,Very Weak ↓↓,backfill
2022-07-07,1737.9,20.34,24.88,14.12,35.18,30,0,55,15.0,1.186,23.46,14.54,-4.55,-4.18,-5.51,-9.62,False,-2.901,Extreme Depressed,-1.768,💀💀 Death Cross + Below MAs,Very Weak ↓↓,backfill
2022-07-08,1740.6,20.41,24.95,14.98,34.74,30,0,55,15.0,1.168,5.5,14.51,-4.55,-3.52,-5.79,-9.27,False,-2.62,Extreme Depressed,-1.218,💀💀 Death Cross + Below MAs,Very Weak ↓↓,backfill
2022-07-11,1730.0,20.03,24.58,12.97,34.48,30,0,55,15.0,1.146,5.48,14.54,-4.55,-3.83,-6.58,-10.54,False,-2.666,Extreme Depressed,-1.091,💀💀 Death Cross + Below MAs,Very Weak ↓↓,backfill
2022-07-12,1723.3,20.27,24.81,13.31,35.56,30,0,55,15.0,1.141,5.23,13.39,-4.55,-2.19,-6.79,-11.24,False,-2.613,Extreme Depressed,0.08,💀💀 Death Cross + Below MAs,Very Weak ↓↓,backfill
2022-07-13,1734.2,20.69,25.23,17.87,33.53,30,0,55,15.0,1.004,12.9,11.88,-4.55,-0.04,-7.34,-10.81,False,-2.231,Extreme Depressed,1.066,💀💀 Death Cross + Below MAs,Very Weak ↓↓,backfill
2022-07-14,1704.5,19.32,23.86,8.76,34.42,30,0,55,15.0,1.118,11.15,12.66,-4.55,-1.92,-6.76,-13.57,False,-2.681,Extreme Depressed,0.22,💀💀 Death Cross + Below MAs,Very Weak ↓↓,backfill
2022-07-15,1702.4,19.19,23.74,7.71,34.72,30,0,55,15.0,1.018,10.55,12.48,-4.55,-2.19,-5.92,-14.06,False,-2.504,Extreme Depressed,0.116,💀💀 Death Cross + Below MAs,Very Weak ↓↓,backfill
2022-07-18,1709.2,12.55,17.09,11.93,35.64,30,0,10,15.0,2.924,14.76,10.54,-4.55,-1.2,-5.84,-13.28,False,-2.196,Extreme Depressed,0.47,💀💀 Death Cross + Below MAs,Very Weak ↓↓,backfill
2022-07-19,1710.0,13.26,17.81,13.51,38.35,30,0,10,15.0,3.018,15.52,10.62,-4.55,-0.77,-7.35,-13.76,False,-2.049,Extreme Depressed,0.564,💀💀 Death Cross + Below MAs,Very Weak ↓↓,backfill
2022-07-20,1699.5,12.65,17.19,10.26,37.91,30,0,10,15.0,2.93,14.88,10.6,-4.55,-2.0,-7.41,-13.1,False,-2.124,Extreme Depressed,0.106,💀💀 Death Cross + Below MAs,Very Weak ↓↓,backfill
2022-07-21,1712.7,13.48,18.02,16.29,36.85,30,0,10,15.0,2.275,22.5,11.28,-4.55,0.48,-6.64,-12.27,False,-1.768,Depressed,0.913,💀💀 Death Cross + Below MAs,Very Weak ↓↓,backfill
2022-07-22,1727.1,14.21,18.76,21.27,36.27,30,0,10,15.0,2.078,29.53,11.98,-4.55,1.45,-5.84,-11.2,False,-1.426,Normal,1.078,💀💀 Death Cross + Below MAs,Very Weak ↓↓,backfill
2022-07-25,1719.0,18.81,23.36,18.96,36.18,60,0,10,15.0,2.069,35.38,11.94,-4.55,0.57,-5.84,-10.98,False,-1.504,Depressed,0.692,💀💀 Death Cross + Below MAs,Very Weak ↓↓,backfill
2022-07-26,1717.7,21.27,25.81,18.33,31.55,80,0,10,15.0,2.116,42.88,11.96,-4.55,0.45,-5.96,-9.27,False,-1.459,Normal,0.59,💀💀 Death Cross + Below MAs,Very Weak ↓↓,backfill
2022-07-27,1719.1,31.1,35.64,20.2,88.67,80,0,10,15.0,2.118,42.11,12.03,-4.55,1.15,-5.59,-9.59,False,-1.374,Normal,0.75,💀💀 Death Cross + Below MAs,Weak ↓,backfill
2022-07-28,1750.3,36.68,41.22,30.92,61.41,100,0,40,15.0,1.219,53.28,14.04,-4.55,2.2,-3.7,-7.19,False,-0.795,Normal,0.972,💀💀 Death Cross + Below MAs,Weak ↓,backfill
2022-07-29,1762.9,34.68,39.22,31.22,49.12,100,0,40,15.0,1.332,60.99,14.3,-4.55,2.07,-2.8,-6.66,False,-0.553,Normal,0.873,💀💀 Death Cross + Below MAs,Weak ↓,backfill
2022-08-01,1769.0,35.77,40.31,37.57,49.3,100,0,40,15.0,1.416,65.33,14.37,-4.55,2.91,-1.95,-7.35,False,-0.43,Normal,1.075,💀💀 Death Cross + Below MAs,Weak ↓,backfill
2022-08-02,1771.1,38.61,43.16,39.42,49.52,100,0,55,15.0,1.186,63.15,12.43,-4.55,3.11,-1.55,-4.87,False,-0.37,Normal,1.088,💀💀 Death Cross + Below MAs,Weak ↓,backfill
2022-08-03,1758.0,35.86,40.4,38.33,49.08,70,0,70,15.0,0.993,71.62,11.45,-4.55,2.26,-0.22,-5.93,False,-0.575,Normal,0.799,💀💀 Death Cross + Below MAs,Weak ↓,backfill
2022-08-04,1788.5,47.88,52.43,51.31,48.27,70,0,70,75.0,0.831,78.3,12.82,-4.55,2.18,3.09,-4.2,False,-0.013,Normal,0.782,💀💀 Death Cross + Below MAs,Neutral →,backfill
2022-08-05,1772.9,53.62,58.16,42.13,46.83,100,0,85,75.0,0.79,69.79,13.3,-4.55,0.57,2.01,-5.39,False,-0.264,Normal,0.289,💀💀 Death Cross + Below MAs,Neutral →,backfill
2022-08-08,1786.8,53.3,57.85,51.24,45.86,70,35,70,75.0,0.874,72.07,13.24,-4.55,1.01,2.65,-5.02,False,0.011,Normal,0.441,💀 Death Cross,Neutral →,backfill
2022-08-09,1794.0,53.84,58.39,55.84,44.48,70,35,70,75.0,0.946,77.68,13.11,-4.55,1.29,3.7,-3.4,False,0.167,Normal,0.537,💀 Death Cross,Neutral →,backfill
2022-08-10,1795.6,52.61,57.16,57.79,45.16,70,35,70,65.0,0.91,76.05,13.02,-4.55,2.14,4.2,-2.41,False,0.221,Normal,0.796,💀 Death Cross,Neutral →,backfill
2022-08-11,1789.7,58.23,62.77,49.6,47.03,70,35,100,75.0,0.499,70.78,11.25,-4.55,0.07,3.2,-3.4,False,0.13,Normal,0.143,💀 Death Cross,Neutral →,backfill
2022-08-12,1798.6,57.85,62.4,57.83,46.57,70,35,100,65.0,0.487,76.29,11.19,-4.55,1.45,5.52,-1.38,False,0.324,Normal,0.588,💀 Death Cross,Neutral →,backfill
2022-08-15,1781.4,61.56,66.11,50.66,45.98,100,35,100,65.0,0.516,69.04,11.96,-4.55,-0.3,4.64,-1.44,False,0.021,Normal,0.01,💀 Death Cross,Moderate ↑,backfill
2022-08-16,1773.2,54.72,59.27,43.67,46.93,100,0,100,65.0,0.492,65.54,12.18,-4.55,-1.16,3.74,-2.22,False,-0.117,Normal,-0.283,💀💀 Death Cross + Below MAs,Neutral →,backfill
2022-08-17,1760.3,53.61,58.15,38.39,45.54,100,0,100,65.0,0.501,53.21,12.28,-4.55,-1.97,2.94,-3.18,False,-0.354,Normal,-0.575,💀💀 Death Cross + Below MAs,Neutral →,backfill
2022-08-18,1755.3,52.31,56.85,37.95,43.17,80,0,100,80.0,0.48,47.44,12.17,-4.55,-1.92,3.28,-3.34,False,-0.429,Normal,-0.559,💀💀 Death Cross + Below MAs,Neutral →,backfill
2022-08-19,1747.6,52.52,57.07,30.32,42.07,80,0,100,90.0,0.44,42.86,12.03,-4.55,-2.84,2.04,-5.08,False,-0.562,Normal,-0.885,💀💀 Death Cross + Below MAs,Neutral →,backfill
2022-08-22,1734.0,48.77,53.32,25.3,44.62,60,0,100,90.0,0.453,38.5,12.25,-4.55,-2.66,0.4,-5.85,False,-0.826,Normal,-0.847,💀💀 Death Cross + Below MAs,Neutral →,backfill
2022-08-23,1746.8,52.76,57.3,27.39,46.43,80,0,100,90.0,0.402,46.52,12.47,-4.55,-1.49,1.62,-5.47,False,-0.511,Normal,-0.394,💀💀 Death Cross + Below MAs,Neutral →,backfill
2022-08-24,1747.8,49.64,54.19,27.79,47.35,60,0,100,90.0,0.4,34.52,12.47,-4.55,-0.71,1.75,-6.29,False,-0.459,Normal,-0.104,💀💀 Death Cross + Below MAs,Neutral →,backfill
2022-08-25,1757.7,53.53,58.08,36.59,41.87,80,0,100,90.0,0.515,43.96,10.94,-4.55,0.14,2.25,-4.79,False,-0.199,Normal,0.229,💀💀 Death Cross + Below MAs,Neutral →,backfill
2022-08-26,1736.1,31.22,35.76,24.64,29.94,60,0,85,15.0,0.609,31.01,11.45,-4.55,-0.66,-0.81,-6.02,False,-0.689,Normal,-0.128,💀💀 Death Cross + Below MAs,Weak ↓,backfill
2022-08-29,1736.6,27.71,32.25,21.06,27.45,30,0,100,15.0,0.582,27.37,11.35,-4.55,0.15,-1.49,-6.2,False,-0.648,Normal,0.177,💀💀 Death Cross + Below MAs,Very Weak ↓↓,backfill
2022-08-30,1723.2,26.63,31.18,15.08,26.97,30,0,100,15.0,0.548,23.88,11.56,-4.55,-1.35,-2.59,-6.49,False,-0.957,Normal,-0.446,💀💀 Death Cross + Below MAs,Very Weak ↓↓,backfill
2022-08-31,1712.8,27.24,31.79,11.49,34.22,30,0,100,15.0,0.549,23.13,11.48,-4.55,-2.0,-3.29,-7.08,False,-1.195,Normal,-0.736,💀💀 Death Cross + Below MAs,Very Weak ↓↓,backfill
2022-09-01,1696.6,21.97,26.51,8.59,35.48,30,0,70,15.0,0.957,16.09,9.59,-4.55,-3.48,-3.49,-9.1,False,-1.584,Depressed,-1.384,💀💀 Death Cross + Below MAs,Very Weak ↓↓,backfill
2022-09-02,1709.8,22.53,27.08,11.75,35.7,30,0,70,15.0,0.95,25.55,9.96,-4.55,-1.51,-4.4,-7.35,False,-1.191,Normal,-0.502,💀💀 Death Cross + Below MAs,Very Weak ↓↓,backfill
2022-09-06,1700.4,21.6,26.15,7.79,34.1,30,0,70,15.0,0.952,25.34,9.39,-4.55,-2.08,-4.09,-7.55,False,-1.419,Normal,-0.77,💀💀 Death Cross + Below MAs,Very Weak ↓↓,backfill
2022-09-07,1715.3,28.09,32.64,16.06,34.78,60,0,70,15.0,0.83,34.96,9.93,-4.55,-0.46,-4.0,-7.16,False,-0.965,Normal,-0.008,💀💀 Death Cross + Below MAs,Very Weak ↓↓,backfill
2022-09-08,1708.0,27.89,32.44,14.96,34.68,60,0,70,15.0,0.849,34.43,9.88,-4.55,-0.28,-4.79,-7.77,False,-1.153,Normal,0.041,💀💀 Death Cross + Below MAs,Very Weak ↓↓,backfill
2022-09-09,1716.2,28.59,33.14,19.02,34.8,60,0,70,15.0,0.884,39.7,10.19,-4.55,1.16,-4.42,-7.17,False,-0.876,Normal,0.708,💀💀 Death Cross + Below MAs,Very Weak ↓↓,backfill
2022-09-12,1728.1,32.33,36.88,22.63,33.63,80,0,70,15.0,0.865,48.04,10.38,-4.55,1.07,-3.44,-7.66,False,-0.465,Normal,0.726,💀💀 Death Cross + Below MAs,Weak ↓,backfill
2022-09-13,1705.0,25.42,29.97,16.61,33.19,60,0,55,15.0,1.03,37.02,10.81,-4.55,0.27,-5.2,-6.73,False,-1.196,Normal,0.223,💀💀 Death Cross + Below MAs,Very Weak ↓↓,backfill
2022-09-14,1696.5,24.91,29.46,13.13,33.63,60,0,55,15.0,1.022,34.78,10.82,-4.55,-1.1,-4.77,-6.24,False,-1.417,Normal,-0.453,💀💀 Death Cross + Below MAs,Very Weak ↓↓,backfill
2022-09-15,1665.4,16.55,21.1,6.24,35.36,30,0,40,15.0,1.446,25.67,12.08,-4.55,-2.49,-6.08,-8.26,False,-2.276,Extreme Depressed,-1.122,💀💀 Death Cross + Below MAs,Very Weak ↓↓,backfill
2022-09-16,1671.7,22.36,26.9,11.0,35.42,60,0,40,15.0,1.474,31.54,12.29,-4.55,-2.59,-5.03,-9.43,False,-1.953,Depressed,-1.077,💀💀 Death Cross + Below MAs,Very Weak ↓↓,backfill
2022-09-19,1666.2,19.26,23.8,10.5,37.33,60,0,20,15.0,1.512,30.38,12.27,-4.55,-3.58,-5.08,-9.23,False,-1.987,Depressed,-1.522,💀💀 Death Cross + Below MAs,Very Weak ↓↓,backfill
2022-09-20,1659.7,19.78,24.33,8.92,42.03,60,0,20,15.0,1.578,31.59,12.13,-4.55,-2.66,-5.03,-9.53,False,-2.041,Extreme Depressed,-0.845,💀💀 Death Cross + Below MAs,Very Weak ↓↓,backfill
2022-09-21,1664.6,20.15,24.69,10.34,42.83,60,0,20,15.0,1.608,35.57,11.78,-4.55,-1.88,-4.0,-9.25,False,-1.809,Depressed,-0.392,💀💀 Death Cross + Below MAs,Very Weak ↓↓,backfill
2022-09-22,1670.8,24.18,28.73,14.28,43.09,80,0,20,15.0,1.833,41.78,11.93,-4.55,0.32,-4.35,-8.48,False,-1.567,Depressed,0.708,💀💀 Death Cross + Below MAs,Very Weak ↓↓,backfill
2022-09-23,1645.3,19.91,24.46,8.19,43.55,60,0,20,15.0,1.826,30.95,12.37,-4.55,-1.58,-5.86,-9.92,False,-2.108,Extreme Depressed,-0.155,💀💀 Death Cross + Below MAs,Very Weak ↓↓,backfill
2022-09-26,1623.3,13.3,17.85,3.25,43.84,30,0,20,10.0,1.855,28.81,12.48,-4.55,-2.57,-7.65,-10.85,False,-2.459,Extreme Depressed,-0.472,💀💀 Death Cross + Below MAs,Very Weak ↓↓,backfill
2022-09-27,1626.7,12.05,16.6,5.66,43.94,30,0,10,10.0,2.141,24.0,12.56,-4.55,-1.99,-6.3,-10.5,False,-2.222,Extreme Depressed,-0.181,💀💀 Death Cross + Below MAs,Very Weak ↓↓,backfill
2022-09-28,1660.4,27.07,31.61,18.57,31.12,60,0,70,10.0,0.947,37.91,14.91,-4.55,-0.25,-4.39,-8.45,False,-1.421,Normal,0.389,💀💀 Death Cross + Below MAs,Very Weak ↓↓,backfill
2022-09-29,1658.5,24.69,29.23,18.75,31.65,60,0,55,10.0,1.027,34.86,14.83,-4.55,-0.74,-3.75,-8.07,False,-1.418,Normal,0.149,💀💀 Death Cross + Below MAs,Very Weak ↓↓,backfill
2022-09-30,1662.4,24.82,29.37,19.54,31.65,60,0,55,10.0,1.095,32.0,14.6,-4.55,1.04,-2.94,-7.59,False,-1.291,Normal,0.817,💀💀 Death Cross + Below MAs,Very Weak ↓↓,backfill
2022-10-03,1692.9,33.2,37.75,35.2,31.29,80,0,70,10.0,0.903,46.81,15.81,-4.55,4.29,-0.22,-3.91,False,-0.631,Normal,1.828,💀💀 Death Cross + Below MAs,Weak ↓,backfill
2022-10-04,1721.1,51.45,55.99,44.94,31.02,100,0,70,90.0,0.903,55.87,16.75,-4.55,5.8,0.66,-0.8,False,-0.041,Normal,2.181,💀💀 Death Cross + Below MAs,Neutral →,backfill
2022-10-05,1711.4,51.01,55.56,42.35,31.0,100,0,70,90.0,0.827,62.22,16.61,-4.55,3.07,0.65,-1.52,False,-0.241,Normal,1.179,💀💀 Death Cross + Below MAs,Neutral →,backfill
2022-10-06,1711.7,36.86,41.41,41.33,27.11,100,0,70,10.0,0.839,60.98,16.54,-4.55,3.21,-0.21,-1.66,False,-0.232,Normal,1.186,💀💀 Death Cross + Below MAs,Weak ↓,backfill
2022-10-07,1700.5,38.56,43.1,37.87,25.74,100,0,85,10.0,0.77,59.13,16.6,-4.55,2.29,-0.44,-1.71,False,-0.446,Normal,0.845,💀💀 Death Cross + Below MAs,Weak ↓,backfill
2022-10-10,1667.3,32.69,37.23,18.33,25.06,100,0,70,10.0,0.808,51.77,17.62,-4.55,-1.51,-2.85,-3.25,False,-1.098,Normal,-0.466,💀💀 Death Cross + Below MAs,Weak ↓,backfill
2022-10-11,1678.7,33.05,37.6,20.76,24.84,100,0,70,10.0,0.876,53.19,17.33,-4.55,-2.46,-2.86,-3.2,False,-0.825,Normal,-0.785,💀💀 Death Cross + Below MAs,Weak ↓,backfill
2022-10-12,1670.3,29.31,33.85,19.48,23.65,80,0,70,10.0,0.876,49.89,17.33,-4.55,-2.4,-2.04,-2.01,False,-0.962,Normal,-0.721,💀💀 Death Cross + Below MAs,Very Weak ↓↓,backfill
2022-10-13,1670.0,32.84,37.38,17.01,27.29,100,0,70,10.0,0.837,56.23,16.1,-4.55,-2.44,-1.56,-1.9,False,-0.931,Normal,-0.699,💀💀 Death Cross + Below MAs,Weak ↓,backfill
2022-10-14,1641.7,32.02,36.57,12.79,26.63,100,0,70,10.0,0.851,54.5,17.08,-4.55,-3.46,-1.42,-3.95,False,-1.468,Normal,-1.022,💀💀 Death Cross + Below MAs,Weak ↓,backfill
2022-10-17,1657.0,33.14,37.69,20.52,25.62,100,0,70,10.0,0.912,57.0,17.41,-4.55,-0.62,-0.88,-3.1,False,-1.102,Normal,-0.005,💀💀 Death Cross + Below MAs,Weak ↓,backfill
2022-10-18,1649.0,29.9,34.45,18.55,28.13,80,0,70,10.0,0.903,47.01,17.43,-4.55,-1.77,-1.03,-2.97,False,-1.23,Normal,-0.404,💀💀 Death Cross + Below MAs,Very Weak ↓↓,backfill
2022-10-19,1627.5,28.7,33.24,12.07,27.39,80,0,70,10.0,0.859,42.63,17.93,-4.55,-2.56,-1.94,-4.97,False,-1.636,Depressed,-0.673,💀💀 Death Cross + Below MAs,Very Weak ↓↓,backfill
2022-10-20,1630.8,29.63,34.18,11.99,28.07,80,0,70,15.0,0.842,42.46,17.89,-4.55,-2.35,-2.03,-5.58,False,-1.522,Depressed,-0.591,💀💀 Death Cross + Below MAs,Very Weak ↓↓,backfill
2022-10-21,1651.0,27.88,32.42,20.92,28.63,60,0,70,15.0,0.877,39.49,17.69,-4.55,0.57,-1.19,-3.96,False,-1.046,Normal,0.422,💀💀 Death Cross + Below MAs,Very Weak ↓↓,backfill
2022-10-24,1648.7,32.63,37.17,21.89,26.14,30,0,70,75.0,0.894,29.12,17.01,-4.55,-0.5,0.21,-4.02,False,-1.08,Normal,0.022,💀💀 Death Cross + Below MAs,Weak ↓,backfill
2022-10-25,1652.8,37.56,42.11,25.62,22.03,60,0,70,75.0,0.898,32.54,17.01,-4.55,0.23,1.82,-3.86,False,-0.956,Normal,0.273,💀💀 Death Cross + Below MAs,Weak ↓,backfill
2022-10-26,1664.0,35.68,40.22,30.98,20.36,60,0,55,75.0,1.065,36.65,15.58,-4.55,2.24,2.29,-4.93,False,-0.65,Normal,0.986,💀💀 Death Cross + Below MAs,Weak ↓,backfill
2022-10-27,1660.7,35.49,40.03,25.02,25.18,60,0,55,75.0,1.052,38.35,15.59,-4.55,1.83,0.02,-5.8,False,-0.705,Normal,0.816,💀💀 Death Cross + Below MAs,Weak ↓,backfill
2022-10-28,1639.6,30.97,35.52,15.24,22.87,80,0,55,40.0,1.027,41.27,16.18,-4.55,-0.69,-1.14,-7.31,False,-1.231,Normal,-0.185,💀💀 Death Cross + Below MAs,Weak ↓,backfill
2022-10-31,1635.9,27.83,32.38,15.9,23.37,60,0,55,40.0,1.18,35.83,14.63,-4.55,-0.78,-1.59,-7.63,False,-1.289,Normal,-0.209,💀💀 Death Cross + Below MAs,Very Weak ↓↓,backfill
2022-11-01,1645.0,25.73,30.28,17.01,24.64,80,0,20,40.0,1.632,41.66,13.32,-4.55,-0.47,-2.83,-6.43,False,-0.999,Normal,-0.043,💀💀 Death Cross + Below MAs,Very Weak ↓↓,backfill
2022-11-02,1645.7,21.01,25.55,13.01,25.32,80,0,20,15.0,1.633,42.01,13.29,-4.55,-1.1,-4.38,-7.98,False,-0.949,Normal,-0.299,💀💀 Death Cross + Below MAs,Very Weak ↓↓,backfill
2022-11-03,1627.3,20.55,25.09,9.7,25.86,80,0,20,15.0,1.665,44.94,13.64,-4.55,-2.01,-4.91,-8.21,False,-1.437,Normal,-0.731,💀💀 Death Cross + Below MAs,Very Weak ↓↓,backfill
2022-11-04,1672.5,38.85,43.4,24.8,25.6,100,0,70,40.0,0.835,54.5,17.09,-4.55,2.01,-2.29,-6.4,False,-0.067,Normal,1.164,💀💀 Death Cross + Below MAs,Weak ↓,backfill
2022-11-07,1676.5,47.15,51.7,25.84,24.34,100,35,85,40.0,0.746,58.18,15.68,-4.55,2.48,-1.41,-6.55,False,0.099,Normal,1.387,💀 Death Cross,Neutral →,backfill
2022-11-08,1712.1,49.68,54.23,37.93,22.43,70,35,85,75.0,0.658,73.22,17.16,-4.55,4.08,2.69,-4.65,False,1.305,Normal,2.305,💀 Death Cross,Neutral →,backfill
2022-11-09,1710.1,49.39,53.94,36.16,22.47,70,35,85,75.0,0.686,71.92,17.04,-4.55,3.91,1.87,-4.45,False,1.264,Normal,2.213,💀 Death Cross,Neutral →,backfill
2022-11-10,1750.3,50.65,55.2,46.77,19.42,70,35,85,75.0,0.631,74.71,18.68,-4.55,7.56,4.79,-2.69,False,2.474,Extended,3.911,💀 Death Cross,Neutral →,backfill
2022-11-11,1766.0,53.74,58.29,50.38,19.34,70,35,100,75.0,0.564,77.37,17.41,-4.55,5.59,5.75,-0.86,False,2.716,Extreme Extended,2.783,💀 Death Cross,Neutral →,backfill
2022-11-14,1773.6,54.4,58.94,52.15,21.49,70,35,100,75.0,0.554,77.73,17.29,-4.55,5.79,8.03,0.02,False,2.705,Extreme Extended,2.606,💀 Death Cross,Neutral →,backfill
2022-11-15,1773.8,54.43,58.97,52.59,21.24,70,35,100,75.0,0.588,76.55,17.07,-4.55,3.6,7.05,0.77,False,2.501,Extreme Extended,1.196,💀 Death Cross,Neutral →,backfill
2022-11-16,1773.0,54.73,59.28,55.34,20.32,70,35,100,75.0,0.533,77.48,16.04,-4.55,3.68,7.52,1.01,False,2.331,Extended,1.067,💀 Death Cross,Neutral →,backfill
2022-11-17,1760.8,49.73,54.28,46.61,19.04,50,35,100,75.0,0.499,81.01,16.49,-4.55,0.6,8.19,0.76,False,1.934,Normal,-0.54,💀 Death Cross,Neutral →,backfill
2022-11-18,1751.9,52.87,57.42,43.53,21.0,70,35,100,75.0,0.453,78.91,16.47,-4.55,-0.8,7.43,1.03,False,1.668,Normal,-1.048,💀 Death Cross,Neutral →,backfill
2022-11-21,1737.4,52.25,56.79,38.39,22.37,70,35,100,75.0,0.446,72.43,16.87,-4.55,-2.04,5.23,-0.54,False,1.318,Normal,-1.387,💀 Death Cross,Neutral →,backfill
2022-11-22,1738.3,52.84,57.39,42.97,21.37,70,35,100,75.0,0.44,72.45,16.88,-4.55,-2.0,5.43,-0.54,False,1.304,Normal,-1.198,💀 Death Cross,Neutral →,backfill
2022-11-23,1744.9,50.57,55.11,51.47,19.2,50,35,100,75.0,0.435,80.25,16.82,-4.55,-1.58,5.57,-0.73,False,1.405,Normal,-0.927,💀 Death Cross,Neutral →,backfill
2022-11-25,1753.3,54.35,58.89,56.63,16.71,70,35,100,75.0,0.456,75.63,16.76,-4.55,-0.43,5.37,0.99,False,1.518,Normal,-0.416,💀 Death Cross,Neutral →,backfill
2022-11-28,1740.1,59.66,64.21,51.99,23.25,100,35,100,75.0,0.378,69.06,16.25,-4.55,-0.67,4.78,0.2,False,1.182,Normal,-0.486,💀 Death Cross,Neutral →,backfill
2022-11-29,1748.4,61.1,65.64,58.65,25.2,100,35,100,75.0,0.395,63.01,16.14,-4.55,0.63,6.64,1.46,False,1.305,Normal,-0.013,💀 Death Cross,Moderate ↑,backfill
2022-11-30,1746.0,61.31,65.86,59.44,25.7,100,35,100,75.0,0.388,62.83,16.2,-4.55,0.44,6.73,1.94,False,1.203,Normal,-0.101,💀 Death Cross,Moderate ↑,backfill
2022-12-01,1801.1,67.75,72.29,72.63,26.14,100,70,100,65.0,0.333,66.41,18.92,-4.55,3.22,9.49,6.16,False,2.192,Extended,0.787,💀 Death Cross,Moderate ↑,backfill
2022-12-02,1795.9,62.38,66.93,72.11,29.46,100,35,100,65.0,0.267,60.36,18.25,-4.55,2.43,9.13,5.04,False,1.958,Normal,0.44,💀 Death Cross,Moderate ↑,backfill
2022-12-05,1767.4,60.0,64.55,66.53,30.76,80,35,100,75.0,0.45,48.12,17.63,-4.55,1.57,8.61,3.94,False,1.35,Normal,0.168,💀 Death Cross,Moderate ↑,backfill
2022-12-06,1769.3,59.41,63.95,64.56,29.16,80,35,100,75.0,0.446,48.65,17.64,-4.55,1.2,5.79,3.15,False,1.333,Normal,0.028,💀 Death Cross,Neutral →,backfill
2022-12-07,1785.5,63.42,67.96,68.57,29.2,100,35,100,75.0,0.478,53.43,16.5,-4.55,2.26,6.5,4.54,False,1.572,Normal,0.369,💀 Death Cross,Moderate ↑,backfill
2022-12-08,1788.7,62.7,67.24,63.23,30.24,100,35,100,75.0,0.49,58.05,16.46,-4.55,-0.69,4.47,4.22,False,1.554,Normal,-0.638,💀 Death Cross,Moderate ↑,backfill
2022-12-09,1798.1,68.02,72.56,64.38,26.0,100,70,100,75.0,0.566,63.29,14.61,-4.55,0.12,5.15,4.05,False,1.642,Normal,-0.317,💀 Death Cross,Moderate ↑,backfill
2022-12-12,1780.5,61.36,65.9,62.51,22.91,100,35,100,75.0,0.532,62.18,14.82,-4.55,0.74,1.73,4.43,False,1.266,Normal,-0.084,💀 Death Cross,Moderate ↑,backfill
2022-12-13,1813.9,69.01,73.56,73.21,23.13,100,70,100,75.0,0.491,68.05,16.08,-4.55,2.52,2.71,6.92,False,1.766,Normal,0.434,💀 Death Cross,Moderate ↑,backfill
2022-12-14,1807.5,69.25,73.8,71.31,26.47,100,70,100,75.0,0.468,64.96,16.16,-4.55,1.23,1.91,8.53,False,1.582,Normal,0.01,💀 Death Cross,Moderate ↑,backfill
2022-12-15,1777.2,61.53,66.07,58.29,28.15,100,35,100,75.0,0.53,55.17,17.29,-4.55,-0.64,0.19,6.31,False,1.033,Normal,-0.521,💀 Death Cross,Moderate ↑,backfill
2022-12-16,1790.0,61.77,66.32,59.86,28.05,100,35,100,75.0,0.585,60.81,17.25,-4.55,-0.45,0.96,7.43,False,1.203,Normal,-0.439,💀 Death Cross,Moderate ↑,backfill
2022-12-19,1787.7,59.16,63.7,60.94,26.27,100,35,85,75.0,0.625,58.74,17.14,-4.55,0.4,1.53,7.71,False,1.122,Normal,-0.144,💀 Death Cross,Neutral →,backfill
2022-12-20,1815.9,66.3,70.85,70.2,24.88,100,70,85,75.0,0.67,63.95,17.5,-4.55,0.11,3.65,9.09,False,1.509,Normal,-0.257,💀 Death Cross,Moderate ↑,backfill
2022-12-21,1815.9,66.01,70.55,72.03,21.29,100,70,85,75.0,0.669,53.79,17.51,-4.55,0.46,4.52,8.68,False,1.44,Normal,-0.142,💀 Death Cross,Moderate ↑,backfill
2022-12-22,1787.0,61.74,66.29,65.2,22.53,80,70,85,75.0,0.683,47.97,18.59,-4.55,0.55,2.8,8.61,False,0.945,Normal,-0.088,💀 Death Cross,Moderate ↑,backfill
2022-12-23,1795.9,65.14,69.68,66.08,22.03,100,70,85,75.0,0.684,57.14,18.59,-4.55,0.33,2.92,10.63,False,1.043,Normal,-0.16,💀 Death Cross,Moderate ↑,backfill
2022-12-27,1814.8,66.17,70.72,73.47,20.86,100,70,85,75.0,0.76,60.51,18.56,-4.55,1.52,3.51,11.56,False,1.289,Normal,0.167,💀 Death Cross,Moderate ↑,backfill
2022-12-28,1807.9,65.17,69.71,68.65,19.64,100,70,85,75.0,0.716,55.41,18.65,-4.55,-0.44,3.9,8.88,False,1.134,Normal,-0.375,💀 Death Cross,Moderate ↑,backfill
2022-12-29,1819.5,65.61,70.15,72.67,18.25,100,70,85,75.0,0.733,57.14,18.68,-4.55,0.2,4.07,9.71,False,1.268,Normal,-0.172,💀 Death Cross,Moderate ↑,backfill
2022-12-30,1819.7,60.25,64.79,75.14,13.63,100,70,55,75.0,1.105,55.23,15.3,-4.55,1.83,4.22,9.46,False,1.232,Normal,0.287,💀 Death Cross,Moderate ↑,backfill
2023-01-03,1839.7,60.24,64.78,76.45,12.23,100,70,55,75.0,1.134,64.18,15.65,-4.55,2.44,2.14,8.67,False,1.505,Normal,0.462,💀 Death Cross,Moderate ↑,backfill
2023-01-04,1852.8,60.37,64.91,81.83,7.65,100,70,55,75.0,1.16,60.32,14.46,-4.55,2.09,3.17,7.65,False,1.649,Normal,0.36,💀 Death Cross,Moderate ↑,backfill
2023-01-05,1834.8,59.16,63.71,77.55,4.7,100,70,55,75.0,1.109,56.82,15.06,-4.55,1.49,3.81,7.21,False,1.31,Normal,0.176,💀 Death Cross,Neutral →,backfill
2023-01-06,1864.2,55.27,59.81,84.4,4.46,70,70,55,75.0,1.02,71.84,15.65,-4.55,2.46,5.36,8.91,False,1.723,Normal,0.455,💀 Death Cross,Neutral →,backfill
2023-01-09,1872.7,55.78,60.33,87.39,4.58,70,70,55,75.0,1.067,71.22,15.67,-4.55,2.91,4.88,10.13,False,1.781,Normal,0.549,💀 Death Cross,Neutral →,backfill
2023-01-10,1871.6,55.65,60.2,86.22,4.98,70,70,55,75.0,1.095,71.66,15.66,-4.55,1.73,4.63,12.25,False,1.693,Normal,0.188,💀 Death Cross,Neutral →,backfill
2023-01-11,1874.6,61.27,65.82,84.48,10.44,100,70,55,75.0,1.121,67.42,15.06,-4.55,1.18,4.25,11.67,False,1.694,Normal,0.046,💀 Death Cross,Moderate ↑,backfill
2023-01-12,1895.5,53.04,57.59,91.22,9.32,70,70,40,65.0,1.307,71.01,14.24,-4.55,3.31,6.46,13.48,False,1.983,Normal,0.673,💀 Death Cross,Neutral →,backfill
2023-01-13,1918.4,59.35,59.35,91.61,9.5,50,100,40,65.0,1.386,85.82,14.47,0.0,2.91,5.76,14.87,True,2.273,Extended,0.55,None,Neutral →,backfill
2023-01-17,1907.2,65.08,65.08,89.42,11.06,70,100,55,65.0,1.115,79.97,13.01,0.0,1.84,5.52,16.17,True,2.026,Extended,0.245,None,Moderate ↑,backfill
2023-01-18,1904.4,67.17,67.17,89.98,13.05,70,100,55,75.0,1.049,76.42,13.05,0.0,1.75,7.16,14.93,True,1.968,Normal,0.275,None,Moderate ↑,backfill
2023-01-19,1922.1,64.03,64.03,92.47,11.71,50,100,55,75.0,1.111,81.65,13.11,0.0,2.53,7.38,16.56,True,2.192,Extended,0.498,None,Moderate ↑,backfill
2023-01-20,1926.4,62.83,62.83,89.86,17.13,50,100,55,65.0,1.167,80.88,12.35,0.0,1.63,7.76,18.37,True,2.18,Extended,0.197,None,Moderate ↑,backfill
2023-01-23,1927.1,62.28,62.28,86.27,17.43,50,100,55,65.0,1.116,80.93,12.34,0.0,0.45,6.12,18.17,True,2.078,Extended,-0.196,None,Moderate ↑,backfill
2023-01-24,1933.9,71.16,71.16,89.58,17.39,70,100,85,65.0,0.707,79.36,10.24,0.0,1.4,6.5,17.14,True,2.085,Extended,0.059,None,Moderate ↑,backfill
2023-01-25,1941.2,71.18,71.18,91.45,15.62,70,100,85,65.0,0.701,78.59,10.23,0.0,1.93,8.63,17.74,True,2.072,Extended,0.104,None,Moderate ↑,backfill
2023-01-26,1929.1,66.58,66.58,85.76,13.75,50,100,85,65.0,0.652,81.71,10.5,0.0,0.36,7.42,16.72,True,1.77,Normal,-0.422,None,Moderate ↑,backfill
2023-01-27,1928.6,76.68,76.68,83.98,56.1,70,100,85,65.0,0.739,76.88,10.28,0.0,0.11,6.27,15.9,True,1.671,Normal,-0.509,None,Strong ↑,backfill
2023-01-30,1922.9,73.63,73.63,84.0,37.75,70,100,85,65.0,0.664,71.45,10.43,0.0,-0.22,6.36,15.79,True,1.506,Normal,-0.571,None,Moderate ↑,backfill
2023-01-31,1929.5,73.71,73.71,84.2,38.03,70,100,85,65.0,0.7,73.63,10.38,0.0,-0.23,6.05,17.68,True,1.532,Normal,-0.553,None,Moderate ↑,backfill
2023-02-01,1927.8,73.51,73.51,82.57,38.47,70,100,85,65.0,0.687,71.95,10.03,0.0,-0.69,5.94,17.84,True,1.44,Normal,-0.632,None,Moderate ↑,backfill
2023-02-02,1916.3,78.19,78.19,80.38,38.78,100,100,85,65.0,0.641,59.3,10.27,0.0,-0.66,4.16,16.49,True,1.217,Normal,-0.553,None,Strong ↑,backfill
2023-02-03,1862.9,57.84,57.84,63.98,38.07,60,100,20,65.0,1.676,30.5,14.04,0.0,-3.41,0.55,13.2,True,0.38,Normal,-1.29,None,Neutral →,backfill
2023-02-06,1866.2,56.58,56.58,67.17,37.29,60,100,10,65.0,2.11,34.75,12.91,0.0,-2.95,1.71,14.68,True,0.401,Normal,-1.105,None,Neutral →,backfill
2023-02-07,1871.7,56.1,56.1,64.34,37.25,60,100,10,65.0,2.088,38.07,12.86,0.0,-3.0,0.4,11.91,True,0.458,Normal,-1.074,None,Neutral →,backfill
2023-02-08,1877.4,58.13,58.13,63.94,34.84,60,100,10,80.0,2.236,32.13,12.9,0.0,-2.61,0.25,11.98,True,0.52,Normal,-0.92,None,Neutral →,backfill
2023-02-09,1866.2,41.13,45.68,59.78,34.28,30,100,10,40.0,2.08,27.2,13.06,-4.55,-2.61,-0.29,9.0,True,0.303,Normal,-0.913,⚠️ Mild Reversal,Weak ↓,backfill
2023-02-10,1862.8,36.91,41.45,62.47,31.25,30,100,10,15.0,2.239,26.13,12.39,-4.55,-0.01,-0.63,8.93,True,0.213,Normal,-0.167,⚠️ Mild Reversal,Weak ↓,backfill
2023-02-13,1851.9,29.76,34.31,53.59,32.27,30,65,10,15.0,3.142,20.46,11.56,-4.55,-0.77,-2.3,5.8,True,-0.016,Normal,-0.417,⚠️ Mild Reversal,Very Weak ↓↓,backfill
2023-02-14,1854.0,37.42,41.97,52.51,34.28,30,100,10,25.0,3.322,17.37,11.5,-4.55,-0.95,-3.36,4.98,True,0.003,Normal,-0.455,⚠️ Mild Reversal,Weak ↓,backfill
2023-02-15,1834.2,30.46,35.0,44.96,35.06,30,65,10,25.0,3.305,16.42,11.94,-4.55,-2.3,-3.83,3.42,True,-0.379,Normal,-0.899,⚠️ Mild Reversal,Weak ↓,backfill
2023-02-16,1842.0,29.82,34.37,50.82,35.38,30,65,10,15.0,6.446,20.86,11.47,-4.55,-1.3,-3.28,3.84,True,-0.269,Normal,-0.573,⚠️ Mild Reversal,Very Weak ↓↓,backfill
2023-02-17,1840.4,29.44,33.99,49.16,34.76,30,65,10,15.0,6.033,21.45,11.37,-4.55,-1.2,-4.25,3.8,True,-0.336,Normal,-0.549,⚠️ Mild Reversal,Very Weak ↓↓,backfill
2023-02-21,1833.0,29.03,33.57,44.12,37.31,30,65,10,15.0,7.337,16.79,11.34,-4.55,-1.02,-4.85,4.1,True,-0.51,Normal,-0.494,⚠️ Mild Reversal,Very Weak ↓↓,backfill
2023-02-22,1832.0,29.11,33.65,45.26,36.65,30,65,10,15.0,6.899,16.87,11.16,-4.55,-1.19,-4.93,4.57,True,-0.557,Normal,-0.559,⚠️ Mild Reversal,Very Weak ↓↓,backfill
2023-02-23,1818.0,28.15,32.7,39.98,36.22,30,65,10,15.0,6.58,16.59,11.02,-4.55,-0.88,-5.99,4.64,True,-0.857,Normal,-0.478,⚠️ Mild Reversal,Very Weak ↓↓,backfill
2023-02-24,1808.8,27.69,32.24,35.62,37.81,30,65,10,15.0,6.581,23.71,10.99,-4.55,-1.8,-6.82,4.06,True,-1.075,Normal,-0.806,⚠️ Mild Reversal,Very Weak ↓↓,backfill
2023-02-27,1817.0,27.9,32.44,36.81,37.85,30,65,10,15.0,6.038,27.18,11.27,-4.55,-1.27,-5.81,4.13,True,-0.906,Normal,-0.57,⚠️ Mild Reversal,Very Weak ↓↓,backfill
2023-02-28,1828.9,34.1,38.65,49.04,32.83,60,65,10,15.0,4.489,31.26,11.74,-4.55,-0.22,-5.17,4.31,True,-0.672,Normal,-0.162,⚠️ Mild Reversal,Weak ↓,backfill
2023-03-01,1837.7,37.53,37.53,51.25,23.94,60,65,10,15.0,4.32,33.08,11.84,0.0,0.31,-4.43,5.61,True,-0.528,Normal,0.029,None,Weak ↓,backfill
2023-03-02,1833.5,37.66,37.66,46.51,19.42,60,65,10,25.0,4.271,35.18,11.83,0.0,0.85,-4.98,4.87,True,-0.652,Normal,0.205,None,Weak ↓,backfill
2023-03-03,1847.7,41.36,41.36,54.28,13.88,80,65,10,25.0,3.632,43.77,12.26,0.0,2.15,-4.15,5.82,True,-0.374,Normal,0.701,None,Weak ↓,backfill
2023-03-06,1847.9,45.32,45.32,51.29,10.6,80,65,40,25.0,1.355,48.19,7.76,0.0,1.7,-3.57,2.6,True,-0.388,Normal,0.518,None,Neutral →,backfill
2023-03-07,1813.9,30.47,35.02,40.04,10.06,60,65,10,25.0,2.171,35.91,9.89,-4.55,-0.82,-2.63,1.0,True,-1.171,Normal,-0.499,⚠️ Mild Reversal,Weak ↓,backfill
2023-03-08,1812.7,33.29,37.84,38.31,8.71,80,65,10,25.0,2.067,41.31,9.77,-4.55,-1.36,-2.87,2.56,True,-1.234,Normal,-0.706,⚠️ Mild Reversal,Weak ↓,backfill
2023-03-09,1829.3,34.09,38.64,42.31,9.5,80,65,20,15.0,1.714,45.21,10.35,-4.55,-0.23,-2.27,3.39,True,-0.877,Normal,-0.225,⚠️ Mild Reversal,Weak ↓,backfill
2023-03-10,1862.0,49.6,49.6,52.33,10.26,100,65,55,15.0,1.047,56.6,12.12,0.0,0.77,-0.82,4.28,True,-0.117,Normal,0.257,None,Neutral →,backfill
2023-03-13,1911.7,75.82,75.82,67.87,12.03,100,100,85,90.0,0.686,69.11,15.22,0.0,3.45,2.44,6.88,True,1.054,Normal,1.442,None,Strong ↑,backfill
2023-03-14,1906.2,73.08,73.08,67.07,11.41,100,100,85,75.0,0.694,67.63,15.08,0.0,5.09,2.33,6.01,True,0.883,Normal,2.054,None,Moderate ↑,backfill
2023-03-15,1926.6,72.94,72.94,79.22,13.41,70,100,85,90.0,0.728,75.05,15.41,0.0,6.28,4.03,8.21,True,1.333,Normal,2.566,None,Moderate ↑,backfill
2023-03-16,1919.0,72.77,72.77,78.31,13.33,70,100,85,90.0,0.686,75.6,14.88,0.0,4.9,3.51,5.79,True,1.099,Normal,1.976,None,Moderate ↑,backfill
2023-03-17,1969.8,74.47,74.47,90.08,11.73,70,100,100,75.0,0.578,79.64,17.07,0.0,5.79,7.39,8.98,True,2.181,Extended,2.298,None,Moderate ↑,backfill
2023-03-20,1979.2,71.8,71.8,88.45,12.33,70,100,85,75.0,0.603,79.44,17.01,0.0,3.53,7.45,11.37,True,2.232,Extended,1.178,None,Moderate ↑,backfill
2023-03-21,1938.0,73.12,73.12,81.39,12.33,100,100,70,75.0,0.832,67.43,18.86,0.0,1.67,5.3,8.27,True,1.256,Normal,0.374,None,Moderate ↑,backfill
2023-03-22,1946.8,72.97,72.97,82.71,10.1,100,100,70,75.0,0.855,69.38,18.83,0.0,1.05,6.21,8.9,True,1.39,Normal,0.057,None,Moderate ↑,backfill
2023-03-23,1993.8,69.28,69.28,91.51,9.18,70,100,70,75.0,0.865,72.47,19.73,0.0,3.9,8.83,9.8,True,2.229,Extended,1.13,None,Moderate ↑,backfill
2023-03-24,1982.1,73.32,73.32,86.27,8.63,100,100,70,75.0,0.861,69.93,19.78,0.0,0.62,9.03,9.15,True,1.874,Normal,-0.308,None,Moderate ↑,backfill
2023-03-27,1952.4,67.27,67.27,77.35,11.29,70,100,70,75.0,0.837,70.84,20.92,0.0,-1.35,7.94,9.26,True,1.245,Normal,-0.987,None,Moderate ↑,backfill
2023-03-28,1972.4,66.91,66.91,85.7,10.76,70,100,70,65.0,0.849,72.74,21.02,0.0,1.78,8.55,9.83,True,1.576,Normal,0.319,None,Moderate ↑,backfill
2023-03-29,1966.1,73.65,73.65,83.41,53.47,70,100,70,65.0,0.816,70.07,21.16,0.0,0.99,7.5,8.34,True,1.406,Normal,0.016,None,Moderate ↑,backfill
2023-03-30,1980.3,77.31,77.31,85.36,43.51,100,100,70,65.0,0.852,68.35,21.08,0.0,-0.68,7.76,9.54,True,1.599,Normal,-0.63,None,Strong ↑,backfill
2023-03-31,1969.0,79.03,79.03,80.48,43.69,100,100,85,65.0,0.788,60.09,21.29,0.0,-0.66,7.39,8.22,True,1.355,Normal,-0.519,None,Strong ↑,backfill
2023-04-03,1983.9,77.34,77.34,85.12,43.92,100,100,70,65.0,0.859,63.25,21.31,0.0,1.61,7.37,9.02,True,1.564,Normal,0.319,None,Strong ↑,backfill
2023-04-04,2022.2,78.8,78.8,93.59,44.24,100,100,70,65.0,0.81,65.36,20.37,0.0,2.52,9.43,9.92,True,2.102,Extended,0.526,None,Strong ↑,backfill
2023-04-05,2020.9,78.48,78.48,91.81,44.04,100,100,70,65.0,0.81,66.71,20.36,0.0,2.79,11.41,9.07,True,1.974,Normal,0.568,None,Strong ↑,backfill
2023-04-06,2011.9,80.32,80.32,90.4,41.53,100,100,85,65.0,0.752,58.0,20.6,0.0,1.6,10.99,9.65,True,1.757,Normal,0.159,None,Strong ↑,backfill
2023-04-10,1989.1,79.47,79.47,84.46,42.33,100,100,85,65.0,0.703,51.79,20.75,0.0,1.02,8.74,6.7,True,1.359,Normal,0.005,None,Strong ↑,backfill
2023-04-11,2004.8,79.27,79.27,84.64,40.96,100,100,85,65.0,0.79,63.31,19.04,0.0,1.05,7.67,7.05,True,1.54,Normal,-0.024,None,Strong ↑,backfill
2023-04-12,2010.9,78.36,78.36,81.0,39.14,100,100,85,65.0,0.794,62.91,18.94,0.0,-0.56,5.19,7.44,True,1.565,Normal,-0.537,None,Strong ↑,backfill
2023-04-13,2041.3,80.16,80.16,89.06,41.89,100,100,85,65.0,0.787,60.25,19.24,0.0,1.01,7.09,8.89,True,1.903,Normal,-0.071,None,Strong ↑,backfill
2023-04-14,2002.2,75.68,75.68,75.46,43.65,100,100,70,65.0,0.881,53.88,20.6,0.0,-0.48,3.92,5.63,True,1.31,Normal,-0.447,None,Strong ↑,backfill
2023-04-17,1994.2,72.76,72.76,72.75,43.78,100,100,55,65.0,1.022,58.8,18.68,0.0,0.26,3.92,3.95,True,1.161,Normal,-0.198,None,Moderate ↑,backfill
2023-04-18,2007.4,73.18,73.18,75.64,43.47,100,100,55,65.0,1.043,57.59,18.75,0.0,0.13,1.91,5.25,True,1.284,Normal,-0.256,None,Moderate ↑,backfill
2023-04-19,1995.2,74.58,74.58,69.56,42.91,100,100,70,65.0,0.85,56.15,17.24,0.0,-0.78,0.81,4.77,True,1.077,Normal,-0.488,None,Moderate ↑,backfill
2023-04-20,2007.6,75.1,75.1,74.78,40.82,100,100,70,65.0,0.869,55.82,17.29,0.0,-1.65,3.59,4.45,True,1.192,Normal,-0.711,None,Strong ↑,backfill
2023-04-21,1979.5,71.39,71.39,69.76,38.57,100,100,55,65.0,1.178,52.09,16.01,0.0,-1.13,1.68,2.76,True,0.792,Normal,-0.518,None,Moderate ↑,backfill
2023-04-24,1989.1,62.18,66.73,72.69,37.69,100,100,40,50.0,1.239,51.06,15.97,-4.55,-0.26,-0.24,3.22,True,0.883,Normal,-0.278,⚠️ Mild Reversal,Moderate ↑,backfill
2023-04-25,1994.0,68.78,68.78,73.92,38.76,80,100,55,65.0,1.171,43.37,14.99,0.0,-0.67,0.6,3.11,True,0.91,Normal,-0.374,None,Moderate ↑,backfill
2023-04-26,1985.7,69.72,69.72,77.35,40.98,80,100,55,65.0,1.089,41.99,14.7,0.0,-0.48,1.71,2.29,True,0.77,Normal,-0.307,None,Moderate ↑,backfill
2023-04-27,1989.9,69.61,69.61,75.72,41.93,80,100,55,65.0,1.097,44.88,14.66,0.0,-0.88,0.89,3.15,True,0.791,Normal,-0.401,None,Moderate ↑,backfill
2023-04-28,1990.1,70.98,70.98,79.94,25.92,100,100,55,65.0,1.011,50.26,14.46,0.0,0.54,1.22,3.19,True,0.761,Normal,-0.031,None,Moderate ↑,backfill
2023-05-01,1983.4,68.74,68.74,76.41,21.0,80,100,55,80.0,1.037,44.17,14.36,0.0,-0.29,0.16,3.15,True,0.642,Normal,-0.241,None,Moderate ↑,backfill
2023-05-02,2014.3,74.5,74.5,84.66,27.31,100,100,70,65.0,0.942,50.82,15.11,0.0,1.02,2.3,4.39,True,1.016,Normal,0.106,None,Moderate ↑,backfill
2023-05-03,2028.6,69.73,69.73,87.89,30.52,80,100,55,65.0,1.193,46.69,13.76,0.0,2.16,2.25,5.23,True,1.165,Normal,0.396,None,Moderate ↑,backfill
2023-05-04,2048.0,74.93,74.93,88.39,31.18,100,100,55,75.0,1.177,63.28,14.13,0.0,2.92,1.28,6.87,True,1.376,Normal,0.585,None,Moderate ↑,backfill
2023-05-05,2017.4,67.57,67.57,85.36,30.04,100,100,40,50.0,1.214,55.95,15.05,0.0,1.37,-0.17,8.29,True,0.926,Normal,0.165,None,Moderate ↑,backfill
2023-05-08,2026.3,70.37,70.37,88.01,29.18,100,100,40,65.0,1.329,54.96,14.5,0.0,2.16,0.72,8.58,True,1.022,Normal,0.381,None,Moderate ↑,backfill
2023-05-09,2036.2,69.94,69.94,87.55,27.11,100,100,40,65.0,1.328,60.88,14.36,0.0,1.09,2.37,8.79,True,1.136,Normal,0.12,None,Moderate ↑,backfill
2023-05-10,2030.5,68.81,68.81,83.23,24.62,100,100,40,65.0,1.31,56.3,14.39,0.0,0.09,1.28,8.15,True,1.021,Normal,-0.144,None,Moderate ↑,backfill
2023-05-11,2014.7,69.51,69.51,76.75,20.28,100,100,40,80.0,1.429,60.39,13.62,0.0,-1.63,0.19,7.96,True,0.75,Normal,-0.626,None,Moderate ↑,backfill
2023-05-12,2014.5,55.7,60.25,77.75,18.75,100,100,40,25.0,1.204,57.94,11.83,-4.55,-0.14,-1.31,8.14,True,0.72,Normal,-0.206,⚠️ Mild Reversal,Neutral →,backfill
2023-05-15,2018.0,69.74,69.74,80.68,17.79,100,100,40,80.0,1.259,57.57,11.73,0.0,-0.41,0.79,8.97,True,0.751,Normal,-0.271,None,Moderate ↑,backfill
2023-05-16,1988.4,54.59,59.13,73.15,16.65,100,100,40,25.0,1.294,50.75,12.64,-4.55,-2.35,-0.29,7.25,True,0.2,Normal,-0.935,⚠️ Mild Reversal,Neutral →,backfill
2023-05-17,1980.7,45.14,49.68,71.61,16.49,80,65,40,25.0,1.321,47.49,12.54,-4.55,-2.45,-1.33,7.99,True,-0.001,Normal,-1.023,⚠️ Mild Reversal,Neutral →,backfill
2023-05-18,1956.5,44.48,49.02,67.85,16.27,80,65,40,25.0,1.245,41.9,12.94,-4.55,-2.89,-1.94,6.22,True,-0.627,Normal,-1.377,⚠️ Mild Reversal,Weak ↓,backfill
2023-05-19,1978.7,47.63,52.17,71.83,16.2,80,65,55,25.0,1.17,48.95,12.77,-4.55,-1.78,-1.44,7.51,True,-0.214,Normal,-0.934,⚠️ Mild Reversal,Neutral →,backfill
2023-05-22,1974.8,44.21,48.76,71.63,15.92,60,65,55,25.0,1.111,39.92,12.66,-4.55,-2.14,-0.24,7.74,True,-0.433,Normal,-1.185,⚠️ Mild Reversal,Weak ↓,backfill
2023-05-23,1972.4,44.34,48.88,72.89,15.42,60,65,55,25.0,1.086,34.73,12.62,-4.55,-0.8,-0.84,7.66,True,-0.577,Normal,-0.778,⚠️ Mild Reversal,Weak ↓,backfill
2023-05-24,1962.8,37.55,42.09,71.89,15.68,30,65,55,15.0,1.082,25.55,12.65,-4.55,-0.9,-1.56,7.96,True,-0.999,Normal,-0.998,⚠️ Mild Reversal,Weak ↓,backfill
2023-05-25,1943.1,38.44,42.99,67.49,15.44,30,65,55,25.0,1.051,27.25,13.02,-4.55,-0.68,-2.15,7.42,True,-1.745,Depressed,-1.117,⚠️ Mild Reversal,Weak ↓,backfill
2023-05-26,1944.1,49.89,54.44,66.41,85.2,30,65,55,25.0,1.067,23.55,13.02,-4.55,-1.75,-2.3,7.0,True,-1.8,Depressed,-1.586,⚠️ Mild Reversal,Neutral →,backfill
2023-05-30,1958.0,48.65,53.19,69.8,74.36,30,65,55,25.0,1.161,25.47,13.3,-4.55,-0.85,-1.61,7.06,True,-1.258,Normal,-0.824,⚠️ Mild Reversal,Neutral →,backfill
2023-05-31,1963.9,42.7,47.25,72.67,70.82,30,65,20,25.0,1.537,29.14,12.03,-4.55,-0.43,-0.98,6.87,True,-1.018,Normal,-0.441,⚠️ Mild Reversal,Weak ↓,backfill
2023-06-01,1978.0,51.7,51.7,75.94,64.24,60,65,20,25.0,1.535,38.38,12.03,0.0,0.77,-1.8,7.88,True,-0.549,Normal,0.45,None,Neutral →,backfill
2023-06-02,1952.4,50.58,50.58,68.96,64.5,60,65,20,25.0,1.615,33.06,12.01,0.0,0.48,-3.76,5.67,True,-1.546,Depressed,0.199,None,Neutral →,backfill
2023-06-05,1958.0,49.89,49.89,65.76,63.61,60,65,20,25.0,1.57,33.82,11.21,0.0,0.71,-4.39,5.96,True,-1.279,Normal,0.521,None,Neutral →,backfill
2023-06-06,1965.5,54.18,54.18,71.83,63.25,80,65,20,25.0,1.563,42.99,11.17,0.0,0.38,-2.57,8.36,True,-0.974,Normal,0.284,None,Neutral →,backfill
2023-06-07,1942.7,47.91,52.46,64.96,59.8,60,65,40,25.0,1.471,39.35,11.44,-4.55,-1.08,-4.13,7.17,True,-1.802,Depressed,-0.784,⚠️ Mild Reversal,Neutral →,backfill
2023-06-08,1963.6,54.81,59.36,67.31,58.82,100,65,40,25.0,1.348,52.03,12.3,-4.55,-0.73,-3.57,7.34,True,-1.013,Normal,-0.464,⚠️ Mild Reversal,Neutral →,backfill
2023-06-09,1962.2,55.79,55.79,67.15,57.57,80,65,40,25.0,1.444,44.65,12.09,0.0,0.5,-3.36,5.38,True,-1.059,Normal,0.487,None,Neutral →,backfill
2023-06-12,1955.3,50.27,54.81,62.97,55.92,80,65,40,25.0,1.361,43.8,12.11,-4.55,-0.14,-2.95,2.28,True,-1.275,Normal,0.005,⚠️ Mild Reversal,Neutral →,backfill
2023-06-13,1944.6,49.2,53.74,55.94,56.51,80,65,40,25.0,1.316,41.61,12.13,-4.55,-1.06,-3.47,2.01,True,-1.61,Depressed,-0.637,⚠️ Mild Reversal,Neutral →,backfill
2023-06-14,1955.3,55.38,55.38,65.48,56.77,80,65,40,25.0,1.275,47.75,11.42,0.0,0.65,-3.11,1.49,True,-1.193,Normal,0.61,None,Neutral →,backfill
2023-06-15,1957.8,58.17,62.72,65.28,56.04,100,65,40,50.0,1.284,54.92,11.39,-4.55,-0.3,-1.54,2.02,True,-1.062,Normal,-0.049,⚠️ Mild Reversal,Neutral →,backfill
2023-06-16,1958.4,60.62,65.16,64.88,56.1,100,65,55,50.0,1.183,54.8,10.57,-4.55,-0.19,-1.13,-0.58,True,-1.001,Normal,0.058,⚠️ Mild Reversal,Moderate ↑,backfill
2023-06-20,1935.5,53.73,58.28,58.63,56.04,80,65,40,50.0,1.399,42.88,10.47,-4.55,-1.01,-1.07,-2.21,True,-1.712,Depressed,-0.438,⚠️ Mild Reversal,Neutral →,backfill
2023-06-21,1933.3,54.13,58.68,58.98,58.07,80,65,40,50.0,1.427,40.09,10.47,-4.55,-0.58,-2.29,-0.24,True,-1.697,Depressed,-0.086,⚠️ Mild Reversal,Neutral →,backfill
2023-06-22,1912.7,44.74,49.29,51.97,58.76,30,65,40,50.0,1.371,29.71,10.99,-4.55,-2.18,-3.14,-1.75,True,-2.212,Extreme Depressed,-1.019,⚠️ Mild Reversal,Weak ↓,backfill
2023-06-23,1919.1,49.5,54.05,51.22,58.07,60,65,40,50.0,1.485,38.25,11.04,-4.55,-1.98,-2.7,-3.75,True,-1.892,Depressed,-0.83,⚠️ Mild Reversal,Neutral →,backfill
2023-06-26,1923.7,46.78,51.32,54.86,58.09,60,65,20,50.0,1.592,37.81,10.6,-4.55,-1.77,-1.99,-2.95,True,-1.69,Depressed,-0.689,⚠️ Mild Reversal,Neutral →,backfill
2023-06-27,1914.0,46.69,51.24,56.39,56.02,60,65,20,50.0,1.555,31.98,10.71,-4.55,-1.11,-1.5,-1.97,True,-1.875,Depressed,-0.163,⚠️ Mild Reversal,Neutral →,backfill
2023-06-28,1912.3,45.85,50.4,55.64,51.75,60,65,20,50.0,1.605,37.52,10.31,-4.55,-1.09,-1.64,-3.05,True,-1.817,Depressed,-0.12,⚠️ Mild Reversal,Neutral →,backfill
2023-06-29,1909.2,39.85,44.4,56.08,45.32,30,65,20,50.0,1.53,23.85,10.2,-4.55,-0.18,-2.49,-2.89,True,-1.803,Depressed,0.408,⚠️ Mild Reversal,Weak ↓,backfill
2023-06-30,1921.1,49.25,49.25,58.73,41.77,60,65,20,50.0,1.577,32.05,10.1,0.0,0.1,-2.18,-2.99,True,-1.4,Normal,0.492,None,Neutral →,backfill
2023-07-03,1921.7,47.78,52.32,58.51,40.42,60,65,40,50.0,1.422,34.47,9.2,-4.55,-0.1,-2.85,-2.4,True,-1.325,Normal,0.365,⚠️ Mild Reversal,Neutral →,backfill
2023-07-05,1919.6,52.58,52.58,59.4,41.1,60,65,40,50.0,1.346,37.45,9.11,0.0,0.29,-1.68,-3.24,True,-1.326,Normal,0.549,None,Neutral →,backfill
2023-07-06,1908.7,42.1,46.64,55.88,38.98,30,65,40,50.0,1.216,26.65,9.07,-4.55,-0.19,-2.52,-5.61,True,-1.544,Depressed,0.273,⚠️ Mild Reversal,Weak ↓,backfill
2023-07-07,1926.2,54.34,54.34,60.24,35.8,60,65,55,50.0,1.033,36.24,8.99,0.0,0.89,-2.0,-4.69,True,-1.037,Normal,0.766,None,Neutral →,backfill
2023-07-10,1925.0,51.98,51.98,61.55,35.34,60,65,40,50.0,1.249,35.53,8.01,0.0,0.2,-0.91,-4.32,True,-1.028,Normal,0.372,None,Neutral →,backfill
2023-07-11,1931.3,55.24,55.24,61.06,35.36,80,65,40,50.0,1.332,47.87,8.15,0.0,0.5,-1.64,-2.91,True,-0.83,Normal,0.495,None,Neutral →,backfill
2023-07-12,1956.2,61.88,61.88,65.74,35.52,100,65,55,50.0,1.008,59.42,9.34,0.0,1.91,-0.31,-2.42,True,-0.162,Normal,1.164,None,Moderate ↑,backfill
2023-07-13,1959.2,59.65,59.65,67.41,35.48,70,65,55,65.0,1.082,72.38,9.14,0.0,2.65,0.2,-2.57,True,-0.071,Normal,1.473,None,Neutral →,backfill
2023-07-14,1960.1,58.85,58.85,64.72,33.39,70,65,55,65.0,1.049,70.83,8.94,0.0,1.76,0.8,-3.98,True,-0.019,Normal,1.018,None,Neutral →,backfill
2023-07-17,1952.4,63.59,63.59,63.76,32.79,100,65,70,50.0,0.968,64.14,9.04,0.0,1.42,-0.15,-2.49,True,-0.192,Normal,0.836,None,Moderate ↑,backfill
2023-07-18,1977.2,67.46,67.46,67.37,32.37,70,100,70,65.0,0.852,77.1,10.07,0.0,2.38,0.99,-0.85,True,0.575,Normal,1.405,None,Moderate ↑,backfill
2023-07-19,1977.5,69.62,69.62,65.6,32.15,70,100,85,65.0,0.685,78.3,9.05,0.0,1.09,0.98,-1.49,True,0.626,Normal,0.788,None,Moderate ↑,backfill
2023-07-20,1968.3,69.66,69.66,64.32,33.63,70,100,85,65.0,0.665,74.36,9.24,0.0,0.46,1.69,-1.35,True,0.398,Normal,0.469,None,Moderate ↑,backfill
2023-07-21,1964.3,76.75,76.75,62.31,33.19,100,100,100,65.0,0.407,69.05,8.31,0.0,0.21,1.6,-2.16,True,0.34,Normal,0.359,None,Strong ↑,backfill
2023-07-24,1960.3,77.06,77.06,64.38,32.99,100,100,100,65.0,0.374,66.52,8.36,0.0,0.4,2.49,-0.97,True,0.27,Normal,0.462,None,Strong ↑,backfill
2023-07-25,1962.1,76.42,76.42,60.88,32.67,100,100,100,65.0,0.366,68.24,8.34,0.0,-0.76,2.24,-1.36,True,0.398,Normal,-0.176,None,Strong ↑,backfill
2023-07-26,1968.9,71.66,71.66,62.39,32.59,70,100,100,65.0,0.365,76.78,8.08,0.0,-0.43,2.35,-1.26,True,0.748,Normal,0.122,None,Moderate ↑,backfill
2023-07-27,1945.4,78.49,78.49,57.35,98.61,100,65,85,65.0,0.711,58.11,9.29,0.0,-1.16,1.64,-2.03,True,-0.195,Normal,-0.593,None,Strong ↑,backfill
2023-07-28,1960.4,83.65,83.65,62.33,89.54,100,100,85,65.0,0.753,63.39,9.54,0.0,-0.2,2.52,-1.48,True,0.536,Normal,0.196,None,Strong ↑,backfill
2023-07-31,1970.5,83.06,83.06,64.36,84.0,100,100,85,65.0,0.756,64.41,9.47,0.0,0.52,3.21,-0.98,True,1.038,Normal,0.768,None,Strong ↑,backfill
2023-08-01,1940.7,67.44,67.44,55.74,83.9,80,65,55,65.0,1.055,44.5,11.05,0.0,-1.09,1.02,-2.15,True,-0.378,Normal,-0.776,None,Moderate ↑,backfill
2023-08-02,1937.4,66.82,66.82,52.17,83.75,80,65,55,65.0,1.042,42.28,11.06,0.0,-1.6,0.82,-3.82,True,-0.506,Normal,-1.254,None,Moderate ↑,backfill
2023-08-03,1932.0,66.5,66.5,51.79,82.21,80,65,55,65.0,1.056,40.36,10.9,0.0,-0.69,0.65,-4.76,True,-0.738,Normal,-0.543,None,Moderate ↑,backfill
2023-08-04,1939.6,66.42,66.42,52.97,80.56,80,65,55,65.0,1.097,45.6,10.53,0.0,-1.06,1.62,-5.29,True,-0.334,Normal,-0.87,None,Moderate ↑,backfill
2023-08-07,1933.5,62.65,62.65,50.9,80.02,60,65,55,65.0,1.052,32.78,10.6,0.0,-1.88,0.38,-4.16,True,-0.614,Normal,-1.651,None,Moderate ↑,backfill
2023-08-08,1924.1,53.92,58.46,50.88,79.9,60,65,70,25.0,0.958,30.37,10.68,-4.55,-0.86,-0.05,-5.04,True,-1.057,Normal,-0.68,⚠️ Mild Reversal,Neutral →,backfill
2023-08-09,1915.4,50.75,55.3,46.79,79.98,60,65,55,25.0,1.073,30.48,9.64,-4.55,-1.14,-0.82,-5.93,True,-1.432,Normal,-0.926,⚠️ Mild Reversal,Neutral →,backfill
2023-08-10,1914.4,50.26,54.8,45.04,78.76,60,65,55,25.0,1.045,31.17,9.6,-4.55,-0.91,-2.14,-5.72,True,-1.414,Normal,-0.676,⚠️ Mild Reversal,Neutral →,backfill
2023-08-11,1912.9,49.86,54.4,44.28,77.13,60,65,55,25.0,1.044,31.77,9.58,-4.55,-1.38,-2.36,-5.05,True,-1.421,Normal,-1.086,⚠️ Mild Reversal,Neutral →,backfill
2023-08-14,1910.6,49.67,54.22,44.64,75.68,60,65,55,25.0,1.066,30.27,9.53,-4.55,-1.18,-2.53,-5.16,True,-1.476,Normal,-0.862,⚠️ Mild Reversal,Neutral →,backfill
2023-08-15,1902.5,38.17,42.72,42.65,73.67,30,65,20,25.0,1.61,24.81,8.15,-4.55,-1.12,-2.56,-5.72,True,-1.761,Depressed,-0.703,⚠️ Mild Reversal,Weak ↓,backfill
2023-08-16,1896.1,38.06,42.6,43.25,72.37,30,65,20,25.0,1.779,28.51,8.13,-4.55,-1.01,-4.1,-4.64,True,-1.934,Depressed,-0.502,⚠️ Mild Reversal,Weak ↓,backfill
2023-08-17,1884.1,32.0,36.55,41.27,73.01,30,30,20,25.0,1.794,15.85,8.22,-4.55,-1.58,-4.72,-4.88,True,-2.297,Extreme Depressed,-0.883,⚠️ Mild Reversal,Weak ↓,backfill
2023-08-18,1886.1,32.41,36.96,44.38,72.35,30,30,20,25.0,1.736,9.27,8.29,-4.55,-1.4,-4.18,-3.6,True,-2.066,Extreme Depressed,-0.645,⚠️ Mild Reversal,Weak ↓,backfill
2023-08-21,1893.3,33.43,37.97,46.41,76.41,30,30,20,25.0,1.919,20.74,8.53,-4.55,-0.91,-3.61,-4.32,True,-1.683,Depressed,-0.207,⚠️ Mild Reversal,Weak ↓,backfill
2023-08-22,1896.4,32.4,36.94,50.62,76.04,30,30,10,25.0,2.033,24.63,8.57,-4.55,-0.32,-3.26,-3.97,True,-1.489,Normal,0.272,⚠️ Mild Reversal,Weak ↓,backfill
2023-08-23,1918.5,58.01,58.01,59.52,78.53,80,65,40,25.0,1.225,43.08,9.59,0.0,1.18,-2.22,-2.73,True,-0.581,Normal,1.354,None,Neutral →,backfill
2023-08-24,1918.2,57.35,57.35,60.26,78.86,60,65,55,25.0,1.101,38.14,8.78,0.0,1.81,-2.58,-2.27,True,-0.571,Normal,1.727,None,Neutral →,backfill
2023-08-25,1911.1,56.33,56.33,61.61,71.37,60,65,55,25.0,1.039,37.72,8.27,0.0,1.33,-1.76,-1.65,True,-0.821,Normal,1.245,None,Neutral →,backfill
2023-08-28,1917.9,57.12,57.12,60.68,57.05,80,65,55,25.0,1.038,46.5,8.13,0.0,1.3,-2.17,-1.35,True,-0.521,Normal,1.162,None,Neutral →,backfill
2023-08-29,1936.5,75.24,75.24,64.76,61.67,100,100,100,25.0,0.486,60.71,7.33,0.0,2.11,-1.73,-1.1,True,0.252,Normal,1.74,None,Strong ↑,backfill
2023-08-30,1944.3,84.48,84.48,66.06,60.84,100,100,100,80.0,0.529,64.2,7.44,0.0,1.34,0.19,-1.0,True,0.562,Normal,1.143,None,Strong ↑,backfill
2023-08-31,1938.2,84.2,84.2,64.04,61.18,100,100,100,80.0,0.529,61.51,7.46,0.0,1.04,0.04,-2.01,True,0.309,Normal,0.88,None,Strong ↑,backfill
2023-09-01,1939.8,84.19,84.19,66.18,58.98,100,100,100,80.0,0.494,63.37,7.34,0.0,1.5,0.4,-0.65,True,0.354,Normal,1.174,None,Strong ↑,backfill
2023-09-05,1926.2,68.21,68.21,60.6,58.65,100,65,100,25.0,0.576,60.33,7.66,0.0,0.43,-0.69,-1.62,True,-0.21,Normal,0.311,None,Moderate ↑,backfill
2023-09-06,1918.1,62.27,66.82,57.67,53.23,100,65,100,25.0,0.567,59.45,7.61,-4.55,-0.95,-0.8,-2.41,True,-0.536,Normal,-0.788,⚠️ Mild Reversal,Moderate ↑,backfill
2023-09-07,1917.5,62.23,66.78,58.8,51.87,100,65,100,25.0,0.596,65.9,7.44,-4.55,-1.38,-0.34,-1.3,True,-0.565,Normal,-1.127,⚠️ Mild Reversal,Moderate ↑,backfill
2023-09-08,1918.4,75.28,75.28,56.41,50.24,100,65,100,80.0,0.588,65.54,7.44,0.0,-1.02,0.16,-2.3,True,-0.535,Normal,-0.844,None,Strong ↑,backfill
2023-09-11,1923.3,72.58,72.58,55.92,49.56,100,65,85,80.0,0.607,64.76,7.48,0.0,-0.85,0.46,-1.98,True,-0.347,Normal,-0.701,None,Moderate ↑,backfill
2023-09-12,1911.3,52.31,56.85,51.08,50.04,100,30,85,25.0,0.614,56.74,7.8,-4.55,-0.77,-0.08,-2.25,True,-0.832,Normal,-0.623,⚠️ Mild Reversal,Neutral →,backfill
2023-09-13,1909.1,49.05,53.6,51.99,49.6,80,30,85,25.0,0.652,44.81,7.66,-4.55,-0.47,-0.08,-1.83,True,-0.906,Normal,-0.37,⚠️ Mild Reversal,Neutral →,backfill
2023-09-14,1910.0,62.86,62.86,52.43,49.74,80,30,85,80.0,0.692,45.5,7.55,0.0,-0.39,0.39,-2.32,True,-0.857,Normal,-0.292,None,Moderate ↑,backfill
2023-09-15,1923.7,72.85,72.85,57.93,49.18,100,65,85,80.0,0.678,56.44,7.49,0.0,0.28,1.46,-1.74,True,-0.313,Normal,0.221,None,Moderate ↑,backfill
2023-09-18,1931.5,78.97,78.97,60.14,48.71,100,100,85,80.0,0.699,56.88,7.56,0.0,0.43,2.52,-1.37,True,0.003,Normal,0.35,None,Strong ↑,backfill
2023-09-19,1932.0,75.75,75.75,61.67,47.83,80,100,85,80.0,0.667,47.21,7.5,0.0,1.08,2.43,-0.18,True,0.017,Normal,0.85,None,Strong ↑,backfill
2023-09-20,1945.6,79.67,79.67,65.66,47.37,100,100,85,80.0,0.662,50.75,7.79,0.0,1.91,2.76,0.64,True,0.563,Normal,1.47,None,Strong ↑,backfill
2023-09-21,1919.2,56.05,56.05,59.5,46.77,80,30,40,80.0,1.305,41.1,8.42,0.0,0.48,1.2,0.34,True,-0.493,Normal,0.365,None,Neutral →,backfill
2023-09-22,1925.4,61.11,61.11,55.76,45.9,80,65,40,80.0,1.338,43.54,8.49,0.0,0.09,0.36,0.33,True,-0.211,Normal,0.102,None,Moderate ↑,backfill
2023-09-25,1916.6,41.03,45.57,52.07,46.37,80,30,40,25.0,1.33,45.5,8.55,-4.55,-0.77,-0.08,-0.37,True,-0.551,Normal,-0.553,⚠️ Mild Reversal,Weak ↓,backfill
2023-09-26,1900.4,40.56,45.1,49.34,46.27,80,30,40,25.0,1.252,42.28,8.95,-4.55,-1.64,-0.56,-0.71,True,-1.188,Normal,-1.205,⚠️ Mild Reversal,Weak ↓,backfill
2023-09-27,1871.6,36.2,40.75,41.14,68.37,60,30,20,25.0,1.879,33.94,9.51,-4.55,-3.8,-2.41,-2.13,True,-2.288,Extreme Depressed,-2.851,⚠️ Mild Reversal,Weak ↓,backfill
2023-09-28,1860.4,34.73,39.28,37.55,63.11,60,30,20,25.0,1.717,31.07,9.38,-4.55,-3.06,-3.93,-2.56,True,-2.591,Extreme Depressed,-2.098,⚠️ Mild Reversal,Weak ↓,backfill
2023-09-29,1848.1,18.2,27.29,32.53,56.22,30,0,20,25.0,1.671,26.59,9.51,-9.09,-4.01,-4.95,-3.8,False,-2.829,Extreme Depressed,-2.618,⚠️ Mild Reversal | 💀💀 Death Cross + Below MAs,Very Weak ↓↓,backfill
2023-10-02,1830.0,17.83,26.92,29.92,56.61,30,0,20,25.0,1.607,25.61,9.76,-9.09,-4.52,-5.58,-4.77,False,-3.14,Extreme Depressed,-2.589,⚠️ Mild Reversal | 💀💀 Death Cross + Below MAs,Very Weak ↓↓,backfill
2023-10-03,1824.6,17.56,26.65,28.9,56.0,30,0,20,25.0,1.66,25.13,9.65,-9.09,-3.99,-5.94,-4.95,False,-2.986,Extreme Depressed,-1.798,⚠️ Mild Reversal | 💀💀 Death Cross + Below MAs,Very Weak ↓↓,backfill
2023-10-04,1818.5,17.1,26.19,26.59,55.56,30,0,20,25.0,1.678,23.87,9.64,-9.09,-2.84,-5.59,-4.73,False,-2.879,Extreme Depressed,-0.591,⚠️ Mild Reversal | 💀💀 Death Cross + Below MAs,Very Weak ↓↓,backfill
2023-10-05,1816.6,16.39,25.48,22.39,55.52,30,0,20,25.0,1.646,17.21,9.62,-9.09,-2.35,-5.29,-5.69,False,-2.7,Extreme Depressed,-0.11,⚠️ Mild Reversal | 💀💀 Death Cross + Below MAs,Very Weak ↓↓,backfill
2023-10-06,1830.2,17.36,26.45,28.29,55.44,30,0,20,25.0,1.572,20.05,10.2,-9.09,-0.97,-4.55,-4.92,False,-2.154,Extreme Depressed,0.675,⚠️ Mild Reversal | 💀💀 Death Cross + Below MAs,Very Weak ↓↓,backfill
2023-10-09,1849.5,26.11,30.66,36.22,52.73,30,0,40,25.0,1.27,28.05,11.02,-4.55,1.07,-3.59,-4.24,False,-1.553,Depressed,1.586,💀💀 Death Cross + Below MAs,Very Weak ↓↓,backfill
2023-10-10,1861.0,26.63,31.18,39.16,52.91,30,0,40,25.0,1.397,27.23,11.25,-4.55,1.99,-3.24,-4.87,False,-1.199,Normal,1.787,💀💀 Death Cross + Below MAs,Very Weak ↓↓,backfill
2023-10-11,1872.8,32.38,36.93,45.46,51.1,60,0,40,25.0,1.418,36.45,11.55,-4.55,2.99,-2.01,-4.41,False,-0.832,Normal,2.047,💀💀 Death Cross + Below MAs,Weak ↓,backfill
2023-10-12,1869.3,28.24,32.78,43.51,48.19,60,0,20,25.0,1.597,33.35,11.55,-4.55,2.9,-2.08,-4.63,False,-0.894,Normal,1.806,💀💀 Death Cross + Below MAs,Very Weak ↓↓,backfill
2023-10-13,1927.4,71.38,75.93,58.86,46.69,100,70,100,80.0,0.526,52.48,15.85,-4.55,5.31,0.91,-1.28,False,0.753,Normal,2.907,💀 Death Cross,Moderate ↑,backfill
2023-10-16,1921.1,55.23,59.77,53.86,44.78,100,35,100,25.0,0.494,54.98,15.83,-4.55,3.87,-0.14,-2.84,False,0.59,Normal,2.143,💀 Death Cross,Neutral →,backfill
2023-10-17,1922.7,55.33,59.87,54.04,45.18,100,35,100,25.0,0.498,64.14,15.83,-4.55,3.32,-0.46,-2.77,False,0.645,Normal,1.844,💀 Death Cross,Neutral →,backfill
2023-10-18,1955.3,66.61,71.16,62.53,44.4,70,70,100,80.0,0.481,73.48,16.75,-4.55,4.41,1.21,-0.66,False,1.533,Normal,2.365,💀 Death Cross,Moderate ↑,backfill
2023-10-19,1968.4,70.18,74.72,63.21,55.14,70,70,100,90.0,0.458,79.65,16.09,-4.55,5.3,1.17,0.21,False,1.81,Normal,2.704,💀 Death Cross,Moderate ↑,backfill
2023-10-20,1982.5,67.69,72.23,66.45,56.93,50,70,100,90.0,0.472,88.34,16.2,-4.55,2.86,3.3,1.13,False,2.062,Extended,1.309,💀 Death Cross,Moderate ↑,backfill
2023-10-23,1976.3,64.86,69.41,64.7,56.73,50,70,100,75.0,0.479,87.98,16.14,-4.55,2.87,2.64,0.72,False,1.804,Normal,1.214,💀 Death Cross,Moderate ↑,backfill
2023-10-24,1975.0,65.43,69.98,64.24,55.64,50,70,100,80.0,0.494,90.15,15.75,-4.55,2.72,3.05,0.31,False,1.687,Normal,1.042,💀 Death Cross,Moderate ↑,backfill
2023-10-25,1984.1,65.26,69.8,65.36,43.47,50,70,100,90.0,0.329,91.44,14.47,-4.55,1.47,4.4,1.99,False,1.805,Normal,0.272,💀 Death Cross,Moderate ↑,backfill
2023-10-26,1987.2,61.61,66.16,65.2,36.75,50,70,100,75.0,0.336,90.97,14.12,-4.55,0.96,6.18,1.37,False,1.775,Normal,-0.035,💀 Death Cross,Moderate ↑,backfill
2023-10-27,1988.6,63.76,68.31,63.86,36.0,50,70,100,90.0,0.329,90.04,13.69,-4.55,0.31,6.89,0.92,False,1.711,Normal,-0.351,💀 Death Cross,Moderate ↑,backfill
2023-10-30,1996.2,59.52,64.07,68.47,30.96,50,70,100,65.0,0.132,89.81,12.78,-4.55,1.01,8.01,2.86,False,1.775,Normal,-0.029,💀 Death Cross,Neutral →,backfill
2023-10-31,1985.2,58.54,63.08,65.62,27.89,50,70,100,65.0,0.195,83.25,12.99,-4.55,0.52,8.48,2.47,False,1.468,Normal,-0.219,💀 Death Cross,Neutral →,backfill
2023-11-01,1978.8,57.88,62.43,62.61,26.95,50,70,100,65.0,0.194,81.85,12.98,-4.55,-0.27,8.45,2.42,False,1.279,Normal,-0.526,💀 Death Cross,Neutral →,backfill
2023-11-02,1985.6,60.76,65.3,62.77,24.04,70,70,100,65.0,0.193,74.13,12.84,-4.55,-0.08,9.19,2.37,False,1.365,Normal,-0.411,💀 Death Cross,Moderate ↑,backfill
2023-11-03,1991.5,60.82,65.36,65.6,21.57,70,70,100,65.0,0.191,79.28,12.81,-4.55,0.15,9.63,3.0,False,1.424,Normal,-0.287,💀 Death Cross,Moderate ↑,backfill
2023-11-06,1981.6,59.93,64.48,62.13,19.72,70,70,100,65.0,0.193,72.92,12.97,-4.55,-0.73,8.27,2.99,False,1.182,Normal,-0.594,💀 Death Cross,Neutral →,backfill
2023-11-07,1966.8,63.85,68.39,56.65,18.71,100,70,100,65.0,0.242,55.19,13.46,-4.55,-0.93,6.34,2.68,False,0.866,Normal,-0.603,💀 Death Cross,Moderate ↑,backfill
2023-11-08,1951.5,59.79,64.33,52.41,18.59,80,70,100,65.0,0.262,42.52,13.88,-4.55,-1.38,4.86,1.94,False,0.561,Normal,-0.718,💀 Death Cross,Neutral →,backfill
2023-11-09,1964.2,62.46,67.01,53.84,18.19,80,70,100,80.0,0.271,41.79,13.88,-4.55,-1.08,4.88,2.68,False,0.796,Normal,-0.569,💀 Death Cross,Moderate ↑,backfill
2023-11-10,1932.6,44.74,49.29,45.88,19.84,60,35,70,65.0,0.968,34.04,10.92,-4.55,-2.96,3.39,1.15,False,0.188,Normal,-1.236,💀 Death Cross,Weak ↓,backfill
2023-11-13,1945.5,51.17,55.71,43.55,20.74,80,70,55,65.0,1.042,40.07,11.07,-4.55,-1.82,0.94,2.26,False,0.435,Normal,-0.747,💀 Death Cross,Neutral →,backfill
2023-11-14,1961.8,52.52,57.07,52.59,19.8,80,70,55,65.0,1.076,42.84,11.39,-4.55,-0.25,2.12,3.47,False,0.731,Normal,-0.134,💀 Death Cross,Neutral →,backfill
2023-11-15,1960.1,46.78,51.32,53.76,19.16,80,70,20,65.0,1.871,41.22,9.81,-4.55,0.44,1.95,4.03,False,0.679,Normal,0.118,💀 Death Cross,Neutral →,backfill
2023-11-16,1983.9,51.1,55.65,59.38,19.5,80,70,40,65.0,1.405,48.67,10.43,-4.55,1.0,1.46,5.19,False,1.095,Normal,0.299,💀 Death Cross,Neutral →,backfill
2023-11-17,1981.6,50.4,54.95,58.45,16.25,80,70,40,65.0,1.355,45.74,10.15,-4.55,2.54,0.67,4.66,False,1.017,Normal,0.829,💀 Death Cross,Neutral →,backfill
2023-11-20,1977.7,47.64,52.18,55.82,17.27,80,70,40,50.0,1.375,47.72,10.11,-4.55,1.66,-0.24,4.29,False,0.915,Normal,0.481,💀 Death Cross,Neutral →,backfill
2023-11-21,1999.3,54.38,58.92,61.45,17.07,100,70,40,65.0,1.266,55.71,10.78,-4.55,1.91,1.16,4.21,False,1.262,Normal,0.531,💀 Death Cross,Neutral →,backfill
2023-11-22,1991.4,61.08,65.62,60.34,43.39,100,70,55,65.0,1.156,51.61,10.79,-4.55,1.6,0.83,3.82,False,1.077,Normal,0.398,💀 Death Cross,Moderate ↑,backfill
2023-11-24,2002.2,59.04,63.59,63.05,43.49,100,70,40,65.0,1.245,52.88,10.93,-4.55,0.92,0.91,4.77,False,1.221,Normal,0.126,💀 Death Cross,Neutral →,backfill
2023-11-27,2011.8,57.22,61.77,65.8,29.8,100,70,40,65.0,1.436,58.15,11.03,-4.55,1.52,1.24,4.9,False,1.335,Normal,0.318,💀 Death Cross,Neutral →,backfill
2023-11-28,2039.7,64.38,68.92,71.91,66.61,100,70,40,65.0,1.205,68.38,11.92,-4.55,3.13,2.57,5.33,False,1.727,Normal,0.812,💀 Death Cross,Moderate ↑,backfill
2023-11-29,2047.1,59.75,64.3,71.59,69.2,70,70,40,65.0,1.265,75.11,11.69,-4.55,2.39,2.55,5.29,False,1.755,Normal,0.492,💀 Death Cross,Neutral →,backfill
2023-11-30,2038.1,73.08,73.08,68.71,64.76,100,100,40,65.0,1.252,69.79,11.76,0.0,2.35,2.66,5.15,True,1.538,Normal,0.461,None,Moderate ↑,backfill
2023-12-01,2071.0,68.93,68.93,78.65,64.92,50,100,55,65.0,1.067,86.81,12.8,0.0,3.44,4.66,6.76,True,1.936,Normal,0.715,None,Moderate ↑,backfill
2023-12-04,2024.1,68.46,68.46,60.62,65.12,100,100,20,65.0,1.671,67.7,15.4,0.0,0.61,1.94,5.08,True,1.172,Normal,-0.163,None,Moderate ↑,backfill
2023-12-05,2018.5,67.35,67.35,54.92,64.2,100,100,20,65.0,1.697,63.42,15.31,0.0,-1.04,1.36,5.23,True,1.046,Normal,-0.681,None,Moderate ↑,backfill
2023-12-06,2030.5,68.75,68.75,63.8,63.69,100,100,20,65.0,1.832,65.88,15.08,0.0,-0.81,2.47,5.89,True,1.176,Normal,-0.578,None,Moderate ↑,backfill
2023-12-07,2029.9,68.42,68.42,63.49,62.01,100,100,20,65.0,1.902,61.59,14.71,0.0,-0.4,3.21,5.81,True,1.122,Normal,-0.416,None,Moderate ↑,backfill
2023-12-08,1998.3,66.18,66.18,49.84,62.25,100,100,20,65.0,1.885,53.67,15.8,0.0,-3.51,2.4,3.9,True,0.622,Normal,-1.314,None,Moderate ↑,backfill
2023-12-11,1978.0,65.2,65.2,44.72,61.49,100,100,20,65.0,1.756,50.06,15.11,0.0,-2.28,0.7,3.49,True,0.284,Normal,-0.888,None,Moderate ↑,backfill
2023-12-12,1977.8,62.17,62.17,47.27,60.74,80,100,20,65.0,1.67,45.17,14.99,0.0,-2.02,2.34,3.6,True,0.245,Normal,-0.801,None,Moderate ↑,backfill
2023-12-13,1982.3,66.26,66.26,47.91,64.68,80,100,40,65.0,1.487,47.93,14.75,0.0,-2.37,1.89,3.79,True,0.282,Normal,-0.894,None,Moderate ↑,backfill
2023-12-14,2030.2,74.38,74.38,61.39,64.86,100,100,55,65.0,1.097,55.46,16.84,0.0,0.01,3.49,5.54,True,1.092,Normal,-0.03,None,Moderate ↑,backfill
2023-12-15,2021.1,74.19,74.19,60.4,64.72,100,100,55,65.0,1.001,51.82,16.53,0.0,1.14,3.11,4.64,True,0.923,Normal,0.301,None,Moderate ↑,backfill
2023-12-18,2026.3,71.91,71.91,66.97,64.48,80,100,55,65.0,1.023,47.13,16.52,0.0,2.44,2.14,4.88,True,1.027,Normal,0.743,None,Moderate ↑,backfill
2023-12-19,2038.4,72.38,72.38,69.58,64.68,80,100,55,65.0,1.093,48.17,16.56,0.0,3.06,2.87,4.77,True,1.289,Normal,1.043,None,Moderate ↑,backfill
2023-12-20,2034.5,72.46,72.46,72.73,62.03,80,100,55,65.0,1.02,49.23,16.24,0.0,2.63,2.87,6.01,True,1.203,Normal,0.92,None,Moderate ↑,backfill
2023-12-21,2039.1,71.3,71.3,65.5,62.31,80,100,55,65.0,1.079,42.2,16.15,0.0,0.44,1.99,5.91,True,1.32,Normal,0.227,None,Moderate ↑,backfill
2023-12-22,2057.1,75.82,75.82,73.39,61.51,100,100,55,65.0,1.086,59.4,16.3,0.0,1.78,3.3,7.33,True,1.828,Normal,0.905,None,Strong ↑,backfill
2023-12-26,2058.2,76.25,76.25,76.43,61.04,100,100,55,65.0,1.039,61.6,16.25,0.0,1.57,2.8,8.3,True,1.789,Normal,0.762,None,Strong ↑,backfill
2023-12-27,2081.9,76.63,76.63,82.37,57.43,100,100,55,65.0,1.062,64.06,16.04,0.0,2.13,3.48,11.24,True,2.339,Extended,1.05,None,Strong ↑,backfill
2023-12-28,2073.9,77.75,77.75,76.67,54.8,100,100,70,65.0,0.986,61.57,16.1,0.0,1.94,1.68,11.48,True,2.038,Extended,0.835,None,Strong ↑,backfill
2023-12-29,2062.4,76.45,76.45,72.65,51.08,100,100,70,65.0,0.982,68.84,16.15,0.0,1.14,0.75,11.6,True,1.637,Normal,0.317,None,Strong ↑,backfill
2024-01-02,2064.4,68.52,68.52,71.63,49.5,70,100,55,65.0,1.023,78.46,15.14,0.0,0.35,1.29,12.81,True,1.61,Normal,-0.218,None,Moderate ↑,backfill
2024-01-03,2034.2,69.12,73.67,58.37,48.65,100,100,85,50.0,0.786,65.51,13.83,-4.55,-1.17,-1.78,11.49,True,0.758,Normal,-1.031,⚠️ Mild Reversal,Moderate ↑,backfill
2024-01-04,2042.3,73.92,73.92,61.77,46.73,100,100,70,65.0,0.847,66.18,13.84,0.0,-1.9,0.9,12.31,True,0.94,Normal,-1.399,None,Moderate ↑,backfill
2024-01-05,2042.4,73.34,73.34,60.3,44.76,100,100,70,65.0,0.817,54.43,13.71,0.0,-1.52,1.18,12.43,True,0.906,Normal,-1.132,None,Moderate ↑,backfill
2024-01-08,2026.6,67.71,72.25,55.16,43.37,100,100,85,50.0,0.755,51.91,13.99,-4.55,-1.74,-0.19,10.73,True,0.455,Normal,-1.182,⚠️ Mild Reversal,Moderate ↑,backfill
2024-01-09,2026.4,67.09,71.63,51.79,43.01,100,100,85,50.0,0.671,50.04,12.8,-4.55,-1.84,-0.17,9.56,True,0.429,Normal,-1.181,⚠️ Mild Reversal,Moderate ↑,backfill
2024-01-10,2021.7,71.27,71.27,51.2,46.41,80,100,85,65.0,0.633,43.67,12.23,0.0,-0.61,1.17,8.64,True,0.284,Normal,-0.474,None,Moderate ↑,backfill
2024-01-11,2014.3,73.12,73.12,47.81,45.9,80,100,100,65.0,0.593,42.54,12.34,0.0,-1.37,1.84,7.56,True,0.072,Normal,-0.868,None,Moderate ↑,backfill
2024-01-12,2046.7,78.77,78.77,61.55,46.08,100,100,100,65.0,0.552,52.33,13.4,0.0,0.21,3.48,9.49,True,0.922,Normal,0.017,None,Strong ↑,backfill
2024-01-16,2026.0,70.43,70.43,49.38,43.19,80,100,70,80.0,0.813,40.63,11.21,0.0,-0.03,2.2,5.12,True,0.334,Normal,-0.121,None,Moderate ↑,backfill
2024-01-17,2002.6,45.02,49.57,29.36,48.03,60,65,70,25.0,0.886,35.23,11.81,-4.55,-1.17,-1.36,4.24,True,-0.32,Normal,-0.75,⚠️ Mild Reversal,Neutral →,backfill
2024-01-18,2018.6,53.49,58.03,39.98,53.21,60,100,70,25.0,0.891,32.47,12.13,-4.55,-0.15,-0.12,4.99,True,0.107,Normal,-0.177,⚠️ Mild Reversal,Neutral →,backfill
2024-01-19,2026.5,67.06,67.06,41.97,50.36,60,100,70,80.0,0.886,36.86,12.02,0.0,0.61,0.01,3.64,True,0.304,Normal,0.232,None,Moderate ↑,backfill
2024-01-22,2019.8,51.24,55.79,31.55,48.19,60,100,70,25.0,0.863,37.87,12.05,-4.55,-1.31,-0.91,2.61,True,0.089,Normal,-0.833,⚠️ Mild Reversal,Neutral →,backfill
2024-01-23,2023.7,51.73,56.28,35.68,46.99,60,100,70,25.0,0.859,38.54,12.05,-4.55,-0.11,-0.53,2.08,True,0.165,Normal,-0.169,⚠️ Mild Reversal,Neutral →,backfill
2024-01-24,2013.9,55.77,55.77,33.05,46.55,80,65,85,25.0,0.799,43.54,11.66,0.0,0.56,-1.24,1.9,True,-0.159,Normal,0.161,None,Neutral →,backfill
2024-01-25,2016.9,48.06,52.61,30.86,44.78,80,65,70,25.0,0.813,41.64,11.68,-4.55,-0.08,-1.95,2.12,True,-0.129,Normal,-0.236,⚠️ Mild Reversal,Neutral →,backfill
2024-01-26,2016.8,46.84,51.39,31.73,36.59,80,65,70,25.0,0.88,41.58,10.77,-4.55,-0.48,-2.01,1.65,True,-0.192,Normal,-0.496,⚠️ Mild Reversal,Neutral →,backfill
2024-01-29,2025.2,62.71,62.71,33.23,68.05,80,100,70,25.0,0.967,49.52,10.91,0.0,0.27,-2.72,1.91,True,0.063,Normal,-0.026,None,Moderate ↑,backfill
2024-01-30,2031.5,64.58,64.58,35.88,71.61,100,100,55,25.0,1.064,51.69,10.88,0.0,0.39,-2.04,2.16,True,0.258,Normal,0.093,None,Moderate ↑,backfill
2024-01-31,2048.4,66.33,66.33,49.0,68.96,100,100,55,25.0,1.068,58.2,11.31,0.0,1.71,-0.68,2.61,True,0.888,Normal,1.048,None,Moderate ↑,backfill
2024-02-01,2053.0,69.0,69.0,51.04,67.95,100,100,70,25.0,0.908,62.09,10.07,0.0,1.79,-0.55,3.42,True,1.039,Normal,1.168,None,Moderate ↑,backfill
2024-02-02,2036.1,74.02,74.02,47.25,66.85,80,100,70,80.0,0.853,46.33,10.42,0.0,0.96,0.09,2.9,True,0.312,Normal,0.504,None,Moderate ↑,backfill
2024-02-05,2025.7,57.85,57.85,40.84,66.27,80,65,70,25.0,0.828,49.89,10.56,0.0,0.02,-0.81,2.02,True,-0.159,Normal,-0.222,None,Neutral →,backfill
2024-02-06,2034.5,68.36,68.36,49.88,65.3,100,100,70,25.0,0.89,63.32,10.32,0.0,0.15,-0.39,2.16,True,0.192,Normal,-0.065,None,Moderate ↑,backfill
2024-02-07,2035.2,77.65,77.65,52.21,63.67,100,100,70,80.0,0.835,57.95,10.32,0.0,-0.64,0.42,2.7,True,0.197,Normal,-0.691,None,Strong ↑,backfill
2024-02-08,2032.2,77.5,77.5,51.99,63.03,100,100,70,80.0,0.857,52.86,10.3,0.0,-1.01,0.29,3.33,True,0.042,Normal,-0.997,None,Strong ↑,backfill
2024-02-09,2023.3,70.89,70.89,50.46,59.9,100,65,70,80.0,0.85,51.72,10.34,0.0,-0.63,0.08,3.68,True,-0.352,Normal,-0.664,None,Moderate ↑,backfill
2024-02-12,2018.2,62.47,62.47,49.9,59.92,80,65,40,80.0,1.423,47.33,8.6,0.0,-0.37,0.19,2.75,True,-0.561,Normal,-0.402,None,Moderate ↑,backfill
2024-02-13,1992.9,43.35,47.9,37.49,59.9,80,65,20,25.0,1.58,41.13,8.97,-4.55,-2.04,-2.63,3.12,True,-1.64,Depressed,-1.833,⚠️ Mild Reversal,Weak ↓,backfill
2024-02-14,1990.3,44.55,49.1,39.0,65.58,60,65,40,25.0,1.41,38.73,8.08,-4.55,-2.21,-1.76,2.3,True,-1.696,Depressed,-1.893,⚠️ Mild Reversal,Weak ↓,backfill
2024-02-15,2002.1,45.46,50.0,44.84,65.18,80,65,20,25.0,1.594,44.33,7.84,-4.55,-1.48,-0.02,2.05,True,-1.128,Normal,-1.17,⚠️ Mild Reversal,Neutral →,backfill
2024-02-16,2011.5,46.75,51.29,53.35,64.4,80,65,20,25.0,1.576,44.76,7.9,-4.55,-0.58,-0.35,2.62,True,-0.701,Normal,-0.349,⚠️ Mild Reversal,Neutral →,backfill
2024-02-20,2027.5,70.5,70.5,56.95,66.08,80,100,40,80.0,1.499,48.58,8.32,0.0,0.46,0.05,2.2,True,0.013,Normal,0.574,None,Moderate ↑,backfill
2024-02-21,2022.3,61.35,61.35,57.33,65.76,60,65,40,80.0,1.428,39.86,8.35,0.0,1.48,0.12,2.05,True,-0.212,Normal,1.429,None,Moderate ↑,backfill
2024-02-22,2019.7,51.98,51.98,56.71,65.16,60,65,40,25.0,1.47,36.86,8.18,0.0,1.48,-0.2,2.12,True,-0.352,Normal,1.344,None,Neutral →,backfill
2024-02-23,2038.6,74.26,74.26,61.31,64.24,100,100,40,80.0,1.344,50.97,8.77,0.0,1.82,1.23,1.97,True,0.471,Normal,1.599,None,Moderate ↑,backfill
2024-02-26,2028.5,67.47,67.47,56.87,62.93,100,65,40,80.0,1.257,51.09,8.98,0.0,0.85,0.58,1.86,True,-0.062,Normal,0.639,None,Moderate ↑,backfill
2024-02-27,2034.0,70.61,70.61,59.9,63.75,80,100,40,80.0,1.221,49.8,8.91,0.0,0.32,0.85,1.59,True,0.176,Normal,0.163,None,Moderate ↑,backfill
2024-02-28,2033.0,72.21,72.21,56.89,61.37,80,100,55,80.0,1.197,49.12,8.85,0.0,0.53,0.39,1.05,True,0.119,Normal,0.33,None,Moderate ↑,backfill
2024-02-29,2045.7,70.8,70.8,56.43,48.35,100,100,40,80.0,1.282,55.0,8.64,0.0,1.29,0.7,0.29,True,0.776,Normal,1.128,None,Moderate ↑,backfill
2024-03-01,2086.9,80.49,80.49,68.21,49.74,100,100,85,80.0,0.646,69.0,11.1,0.0,2.37,1.88,1.94,True,2.702,Extreme Extended,2.231,None,Strong ↑,backfill
2024-03-04,2117.7,79.97,79.97,79.62,50.2,70,100,100,80.0,0.598,75.76,11.57,0.0,4.4,3.15,3.91,True,3.565,Extreme Extended,3.626,None,Strong ↑,backfill
2024-03-05,2133.5,72.2,72.2,79.58,53.63,50,100,85,65.0,0.654,88.29,11.42,0.0,4.89,4.78,3.02,True,3.563,Extreme Extended,3.387,None,Moderate ↑,backfill
2024-03-06,2150.3,73.35,73.35,86.35,53.75,50,100,85,65.0,0.667,90.44,11.55,0.0,5.77,6.15,6.23,True,3.526,Extreme Extended,3.408,None,Moderate ↑,backfill
2024-03-07,2158.0,73.49,73.49,88.11,52.85,50,100,85,65.0,0.716,90.24,11.52,0.0,5.49,6.07,6.91,True,3.277,Extreme Extended,2.501,None,Moderate ↑,backfill
2024-03-08,2178.6,73.71,73.71,89.54,52.71,50,100,85,65.0,0.774,90.78,11.61,0.0,4.39,7.05,7.29,True,3.327,Extreme Extended,0.625,None,Moderate ↑,backfill
2024-03-11,2182.5,71.22,71.22,89.34,52.99,50,100,70,65.0,0.801,90.2,11.28,0.0,3.06,7.4,7.52,True,3.057,Extreme Extended,-0.508,None,Moderate ↑,backfill
2024-03-12,2160.4,70.27,70.27,84.94,51.65,50,100,70,65.0,0.916,82.93,12.09,0.0,1.26,6.78,8.11,True,2.384,Extended,-1.179,None,Moderate ↑,backfill
2024-03-13,2175.4,72.47,72.47,84.6,50.22,50,100,85,65.0,0.712,85.05,10.64,0.0,1.17,7.79,9.98,True,2.478,Extended,-1.048,None,Moderate ↑,backfill
2024-03-14,2163.0,75.43,75.43,81.33,51.25,70,100,85,65.0,0.696,78.85,11.04,0.0,0.23,8.54,9.36,True,2.096,Extended,-1.181,None,Strong ↑,backfill
2024-03-15,2157.3,70.68,70.68,74.72,49.34,50,100,85,65.0,0.635,80.49,11.27,0.0,-0.98,8.39,8.83,True,1.873,Normal,-1.454,None,Moderate ↑,backfill
2024-03-18,2160.7,69.81,69.81,72.23,46.65,50,100,85,65.0,0.606,80.3,11.28,0.0,-1.0,7.92,6.43,True,1.826,Normal,-1.231,None,Moderate ↑,backfill
2024-03-19,2156.3,74.3,74.3,66.39,44.42,70,100,100,65.0,0.559,79.01,11.33,0.0,-0.19,7.2,6.69,True,1.661,Normal,-0.723,None,Moderate ↑,backfill
2024-03-20,2157.9,73.75,73.75,63.86,43.61,70,100,100,65.0,0.577,77.86,11.18,0.0,-0.8,6.43,6.49,True,1.604,Normal,-0.875,None,Moderate ↑,backfill
2024-03-21,2182.4,75.64,75.64,77.51,41.33,70,100,100,65.0,0.594,75.85,11.38,0.0,0.9,7.92,7.06,True,1.888,Normal,-0.209,None,Strong ↑,backfill
2024-03-22,2158.1,79.17,79.17,70.04,39.96,100,100,85,80.0,0.69,61.34,12.31,0.0,0.04,6.85,6.08,True,1.433,Normal,-0.44,None,Strong ↑,backfill
2024-03-25,2174.8,79.12,79.12,68.69,41.04,100,100,85,80.0,0.772,61.53,12.08,0.0,0.65,6.68,6.65,True,1.61,Normal,-0.216,None,Strong ↑,backfill
2024-03-26,2175.6,88.53,88.53,70.58,95.6,100,100,85,80.0,0.747,57.76,12.12,0.0,0.9,7.25,5.76,True,1.545,Normal,-0.116,None,Very Strong ↑↑,backfill
2024-03-27,2190.6,90.32,90.32,78.51,98.43,100,100,85,80.0,0.714,59.57,12.09,0.0,1.52,7.7,6.43,True,1.677,Normal,0.073,None,Very Strong ↑↑,backfill
2024-03-28,2217.4,90.72,90.72,81.0,98.33,100,100,85,80.0,0.695,60.99,12.42,0.0,1.6,9.07,6.51,True,1.947,Normal,0.059,None,Very Strong ↑↑,backfill
2024-04-01,2236.5,89.23,89.23,87.81,97.57,100,100,70,80.0,0.885,64.08,11.11,0.0,3.63,9.33,7.84,True,2.072,Extended,0.639,None,Very Strong ↑↑,backfill
2024-04-02,2261.0,84.76,84.76,91.41,97.17,70,100,70,80.0,0.976,75.9,10.7,0.0,3.96,8.34,9.63,True,2.231,Extended,0.621,None,Strong ↑,backfill
2024-04-03,2294.4,85.33,85.33,96.29,95.68,70,100,70,80.0,0.859,77.99,11.34,0.0,5.46,8.34,11.14,True,2.446,Extended,0.901,None,Very Strong ↑↑,backfill
2024-04-04,2288.8,81.33,81.33,93.92,94.08,50,100,70,80.0,0.824,80.56,11.42,0.0,4.48,7.28,12.52,True,2.209,Extended,0.532,None,Strong ↑,backfill
2024-04-05,2325.7,83.36,83.36,93.65,91.53,50,100,85,80.0,0.747,85.53,12.27,0.0,4.88,8.16,13.88,True,2.43,Extended,0.483,None,Strong ↑,backfill
2024-04-08,2331.7,83.37,83.37,94.28,90.96,50,100,85,80.0,0.725,85.68,12.09,0.0,4.26,8.05,14.16,True,2.311,Extended,0.238,None,Strong ↑,backfill
2024-04-09,2343.5,83.48,83.48,95.62,90.24,50,100,85,80.0,0.753,87.89,12.09,0.0,3.65,7.57,15.64,True,2.26,Extended,0.029,None,Strong ↑,backfill
2024-04-10,2329.6,83.14,83.14,93.69,90.16,50,100,85,80.0,0.641,83.11,11.56,0.0,1.53,6.74,14.96,True,1.991,Normal,-0.455,None,Strong ↑,backfill
2024-04-11,2354.8,83.64,83.64,96.51,90.32,50,100,85,80.0,0.633,83.15,11.77,0.0,2.88,9.0,16.48,True,2.09,Extended,-0.119,None,Strong ↑,backfill
2024-04-12,2356.2,83.46,83.46,94.1,91.63,50,100,85,80.0,0.668,91.78,11.31,0.0,1.31,8.31,16.97,True,1.973,Normal,-0.457,None,Strong ↑,backfill
2024-04-15,2365.8,83.77,83.77,93.15,94.48,50,100,85,80.0,0.722,91.52,11.03,0.0,1.46,9.38,15.59,True,1.935,Normal,-0.376,None,Strong ↑,backfill
2024-04-16,2390.8,84.16,84.16,96.16,93.8,50,100,85,80.0,0.745,92.33,11.15,0.0,2.02,10.82,18.01,True,2.019,Extended,-0.242,None,Strong ↑,backfill
2024-04-17,2371.7,83.75,83.75,95.1,92.39,50,100,85,80.0,0.645,85.06,11.8,0.0,1.81,9.77,18.43,True,1.761,Normal,-0.23,None,Strong ↑,backfill
2024-04-18,2382.3,83.51,83.51,93.86,92.17,50,100,85,80.0,0.681,84.06,11.71,0.0,1.17,10.48,18.02,True,1.752,Normal,-0.338,None,Strong ↑,backfill
2024-04-19,2398.4,83.76,83.76,95.7,91.85,50,100,85,80.0,0.692,83.86,11.5,0.0,1.79,11.15,18.35,True,1.782,Normal,-0.191,None,Strong ↑,backfill
2024-04-22,2332.2,76.33,76.33,82.03,85.96,100,100,10,80.0,2.145,62.68,15.19,0.0,-1.42,6.86,15.47,True,1.211,Normal,-0.724,None,Strong ↑,backfill
2024-04-23,2327.7,76.43,76.43,82.47,86.1,100,100,10,80.0,2.011,56.61,15.25,0.0,-2.64,7.86,15.02,True,1.13,Normal,-0.889,None,Strong ↑,backfill
2024-04-24,2324.5,76.25,76.25,81.81,85.72,100,100,10,80.0,2.054,57.15,15.31,0.0,-1.99,6.88,15.42,True,1.063,Normal,-0.698,None,Strong ↑,backfill
2024-04-25,2329.8,77.76,77.76,82.03,84.52,100,100,20,80.0,1.946,50.94,15.26,0.0,-2.2,7.09,15.51,True,1.067,Normal,-0.685,None,Strong ↑,backfill
2024-04-26,2334.8,77.42,77.42,81.87,82.67,100,100,20,80.0,1.927,50.71,14.89,0.0,-2.65,6.58,15.77,True,1.07,Normal,-0.712,None,Strong ↑,backfill
2024-04-29,2345.4,77.44,77.44,87.87,76.77,100,100,20,80.0,1.917,50.44,14.75,0.0,0.57,5.77,15.81,True,1.118,Normal,-0.093,None,Strong ↑,backfill
2024-04-30,2291.4,70.22,70.22,75.1,76.2,80,100,10,80.0,2.08,42.53,16.82,0.0,-1.56,2.45,12.79,True,0.64,Normal,-0.49,None,Moderate ↑,backfill
2024-05-01,2299.9,67.01,67.01,76.65,75.42,60,100,10,80.0,2.374,38.52,16.07,0.0,-1.06,1.72,12.28,True,0.681,Normal,-0.382,None,Moderate ↑,backfill
2024-05-02,2299.2,65.2,65.2,69.7,71.51,60,100,10,80.0,2.435,38.05,16.04,0.0,-1.31,0.21,11.99,True,0.644,Normal,-0.422,None,Moderate ↑,backfill
2024-05-03,2299.0,64.71,64.71,68.49,69.78,60,100,10,80.0,3.314,35.41,14.97,0.0,-1.53,0.45,12.91,True,0.613,Normal,-0.457,None,Moderate ↑,backfill
2024-05-06,2321.6,50.57,55.12,68.09,67.63,60,100,10,25.0,3.098,34.73,15.37,-4.55,-1.01,-0.18,14.61,True,0.791,Normal,-0.327,⚠️ Mild Reversal,Neutral →,backfill
2024-05-07,2315.2,56.03,56.03,74.28,66.91,60,100,10,25.0,2.849,36.79,15.27,0.0,1.04,-0.71,13.8,True,0.702,Normal,0.062,None,Neutral →,backfill
2024-05-08,2313.6,55.51,55.51,71.91,66.16,60,100,10,25.0,2.924,33.24,15.14,0.0,0.6,-1.28,13.68,True,0.658,Normal,-0.023,None,Neutral →,backfill
2024-05-09,2332.1,62.92,62.92,77.55,64.96,60,100,10,65.0,3.232,34.01,14.91,0.0,1.43,0.11,14.76,True,0.825,Normal,0.181,None,Moderate ↑,backfill
2024-05-10,2367.3,73.44,73.44,86.16,64.48,100,100,10,80.0,2.588,59.95,15.85,0.0,2.97,0.53,17.0,True,1.184,Normal,0.571,None,Moderate ↑,backfill
2024-05-13,2336.1,66.96,66.96,78.11,63.65,100,100,10,50.0,2.431,52.07,16.45,0.0,0.62,-0.85,15.75,True,0.805,Normal,0.014,None,Moderate ↑,backfill
2024-05-14,2353.4,67.23,67.23,82.75,60.64,100,100,10,50.0,2.559,56.66,16.21,0.0,1.65,-0.52,18.09,True,0.973,Normal,0.271,None,Moderate ↑,backfill
2024-05-15,2388.7,67.91,67.91,86.83,60.62,100,100,10,50.0,2.329,61.92,16.85,0.0,3.25,-0.09,20.02,True,1.346,Normal,0.688,None,Moderate ↑,backfill
2024-05-16,2380.0,70.51,70.51,87.73,60.34,100,100,10,65.0,2.168,59.01,16.84,0.0,2.05,0.35,18.88,True,1.198,Normal,0.373,None,Moderate ↑,backfill
2024-05-17,2412.2,71.31,71.31,91.2,61.67,100,100,10,65.0,2.015,62.26,17.34,0.0,1.9,1.26,19.92,True,1.526,Normal,0.342,None,Moderate ↑,backfill
2024-05-20,2433.9,68.18,68.18,92.79,61.31,70,100,20,65.0,1.601,79.68,14.25,0.0,4.19,1.48,20.04,True,1.705,Normal,0.9,None,Moderate ↑,backfill
2024-05-21,2421.7,68.29,68.29,94.24,60.52,70,100,20,65.0,1.582,74.98,14.4,0.0,2.9,3.84,19.75,True,1.493,Normal,0.52,None,Moderate ↑,backfill
2024-05-22,2389.2,72.26,72.26,87.07,61.51,100,100,20,65.0,1.628,66.33,15.34,0.0,0.02,2.64,18.29,True,1.068,Normal,-0.278,None,Moderate ↑,backfill
2024-05-23,2335.0,70.76,70.76,74.9,64.68,100,100,20,65.0,1.942,55.46,17.45,0.0,-1.89,0.45,14.54,True,0.382,Normal,-0.816,None,Moderate ↑,backfill
2024-05-24,2332.5,68.18,68.18,73.88,60.2,100,100,10,65.0,2.108,51.76,17.44,0.0,-3.3,0.12,14.99,True,0.319,Normal,-1.207,None,Moderate ↑,backfill
2024-05-28,2355.2,68.8,68.8,78.71,59.1,100,100,10,65.0,2.353,56.14,17.7,0.0,-3.23,0.87,15.79,True,0.58,Normal,-1.126,None,Moderate ↑,backfill
2024-05-29,2340.3,66.42,70.97,73.57,82.25,100,100,20,50.0,1.929,53.94,15.76,-4.55,-3.36,-0.22,15.12,True,0.349,Normal,-1.145,⚠️ Mild Reversal,Moderate ↑,backfill
2024-05-30,2342.9,73.58,73.58,77.33,79.16,100,100,20,65.0,1.664,51.67,15.74,0.0,-1.94,2.25,14.53,True,0.351,Normal,-0.718,None,Moderate ↑,backfill
2024-05-31,2322.9,69.79,69.79,74.68,79.06,80,100,20,65.0,1.604,42.79,16.07,0.0,-0.52,1.0,11.31,True,0.012,Normal,-0.37,None,Moderate ↑,backfill
2024-06-03,2346.6,73.88,73.88,79.3,78.98,100,100,20,65.0,1.672,51.75,16.41,0.0,0.6,2.06,10.81,True,0.345,Normal,0.026,None,Moderate ↑,backfill
2024-06-04,2325.5,63.54,63.54,72.15,79.06,80,65,20,65.0,1.515,45.42,16.44,0.0,-1.26,1.15,9.0,True,-0.058,Normal,-0.638,None,Moderate ↑,backfill
2024-06-05,2354.1,70.6,70.6,80.1,78.49,80,100,20,65.0,1.592,44.19,16.92,0.0,0.59,1.4,9.48,True,0.418,Normal,0.07,None,Moderate ↑,backfill
2024-06-06,2370.3,70.97,70.97,83.71,77.13,80,100,20,65.0,1.565,48.41,17.04,0.0,1.17,2.38,9.84,True,0.724,Normal,0.373,None,Moderate ↑,backfill
2024-06-07,2305.2,51.82,56.36,67.21,75.98,60,65,20,50.0,1.966,34.17,19.51,-4.55,-0.76,-0.36,5.81,True,-0.788,Normal,-0.8,⚠️ Mild Reversal,Neutral →,backfill
2024-06-10,2307.7,50.79,55.34,62.85,74.16,60,65,20,50.0,1.788,30.21,18.68,-4.55,-1.66,-1.05,5.74,True,-0.841,Normal,-1.186,⚠️ Mild Reversal,Neutral →,backfill
2024-06-11,2307.5,51.33,55.88,65.14,75.14,60,65,20,50.0,1.92,31.39,18.17,-4.55,-0.77,-2.53,6.81,True,-0.948,Normal,-0.89,⚠️ Mild Reversal,Neutral →,backfill
2024-06-12,2336.0,55.86,60.41,73.15,74.3,80,65,20,50.0,1.874,41.22,18.52,-4.55,-0.77,-0.0,7.38,True,-0.213,Normal,-0.631,⚠️ Mild Reversal,Neutral →,backfill
2024-06-13,2300.2,49.95,54.5,62.57,74.4,80,65,20,25.0,1.911,43.88,18.33,-4.55,-2.96,-2.26,6.34,True,-1.267,Normal,-1.991,⚠️ Mild Reversal,Neutral →,backfill
2024-06-14,2331.4,56.29,56.29,71.95,75.78,80,65,20,25.0,1.919,49.82,19.07,0.0,1.14,-2.4,8.07,True,-0.387,Normal,0.401,None,Neutral →,backfill
2024-06-17,2312.4,55.18,55.18,65.38,75.7,80,65,20,25.0,1.858,43.08,18.46,0.0,0.2,-2.84,7.02,True,-0.945,Normal,-0.104,None,Neutral →,backfill
2024-06-18,2330.4,55.55,55.55,69.1,74.18,80,65,20,25.0,1.857,48.42,18.37,0.0,0.99,-3.39,8.07,True,-0.406,Normal,0.542,None,Neutral →,backfill
2024-06-20,2353.8,65.28,65.28,72.43,74.26,100,100,20,25.0,1.988,51.64,18.8,0.0,0.76,-3.29,9.08,True,0.288,Normal,0.501,None,Moderate ↑,backfill
2024-06-21,2316.4,53.32,53.32,66.67,73.23,80,65,10,25.0,2.012,49.07,19.02,0.0,0.7,-4.35,6.14,True,-0.818,Normal,0.449,None,Neutral →,backfill
2024-06-24,2330.0,50.51,55.05,70.46,69.86,80,65,20,25.0,1.956,47.56,17.52,-4.55,-0.06,-2.48,7.97,True,-0.398,Normal,-0.012,⚠️ Mild Reversal,Neutral →,backfill
2024-06-25,2316.6,54.86,54.86,69.66,69.52,80,65,20,25.0,1.838,48.66,17.63,0.0,0.18,-0.79,6.52,True,-0.77,Normal,0.176,None,Neutral →,backfill
2024-06-26,2299.2,47.42,51.97,61.85,59.94,80,65,20,25.0,1.689,41.47,17.4,-4.55,-1.34,-1.43,5.68,True,-1.231,Normal,-0.825,⚠️ Mild Reversal,Neutral →,backfill
2024-06-27,2324.5,48.58,53.12,65.66,63.09,80,65,20,25.0,1.796,43.08,17.78,-4.55,-1.24,-1.3,6.11,True,-0.461,Normal,-0.749,⚠️ Mild Reversal,Neutral →,backfill
2024-06-28,2327.7,56.56,56.56,68.05,61.29,100,65,20,25.0,1.814,54.18,17.78,0.0,0.49,-0.54,4.97,True,-0.342,Normal,0.475,None,Neutral →,backfill
2024-07-01,2327.6,51.28,55.82,66.29,58.65,100,65,20,25.0,1.997,53.73,17.52,-4.55,-0.1,-0.65,4.07,True,-0.318,Normal,0.081,⚠️ Mild Reversal,Neutral →,backfill
2024-07-02,2323.0,64.8,64.8,65.9,57.91,100,65,20,80.0,1.909,52.86,17.15,0.0,0.28,0.0,2.74,True,-0.427,Normal,0.342,None,Moderate ↑,backfill
2024-07-03,2359.8,71.67,71.67,74.56,55.44,100,100,20,80.0,1.854,54.26,17.73,0.0,2.64,0.56,2.85,True,0.718,Normal,1.949,None,Moderate ↑,backfill
2024-07-05,2388.5,72.23,72.23,82.57,50.82,100,100,20,80.0,1.858,66.23,17.72,0.0,2.75,2.71,4.36,True,1.546,Normal,2.007,None,Moderate ↑,backfill
2024-07-08,2355.2,69.83,69.83,68.92,50.04,100,100,20,80.0,1.724,54.34,18.27,0.0,1.18,0.05,1.27,True,0.502,Normal,0.845,None,Moderate ↑,backfill
2024-07-09,2360.1,65.98,65.98,67.45,48.45,100,100,55,25.0,1.197,59.17,15.36,0.0,1.4,-0.43,1.22,True,0.632,Normal,0.95,None,Moderate ↑,backfill
2024-07-10,2372.2,74.21,74.21,77.13,48.15,100,100,40,80.0,1.311,58.22,15.41,0.0,2.12,2.91,1.22,True,0.971,Normal,1.398,None,Moderate ↑,backfill
2024-07-11,2415.0,75.3,75.3,83.47,48.31,100,100,55,65.0,1.119,61.18,16.43,0.0,2.34,4.65,3.67,True,2.121,Extended,1.403,None,Strong ↑,backfill
2024-07-12,2414.0,69.61,69.61,79.22,48.43,70,100,55,65.0,1.137,70.57,16.04,0.0,1.07,4.62,2.51,True,1.981,Normal,0.434,None,Moderate ↑,backfill
2024-07-15,2422.9,75.73,75.73,82.37,51.99,100,100,55,65.0,1.067,69.98,14.8,0.0,2.87,3.72,2.83,True,2.096,Extended,1.594,None,Strong ↑,backfill
2024-07-16,2462.4,71.22,71.22,86.45,50.84,70,100,55,65.0,1.018,78.19,15.08,0.0,4.33,7.05,4.08,True,2.865,Extreme Extended,2.232,None,Moderate ↑,backfill
2024-07-17,2454.8,67.02,67.02,83.09,49.0,50,100,55,65.0,1.034,81.27,14.72,0.0,3.48,5.29,2.68,True,2.466,Extended,1.495,None,Moderate ↑,backfill
2024-07-18,2451.8,72.58,72.58,82.17,48.29,70,100,70,65.0,0.973,78.1,14.68,0.0,1.52,6.03,3.38,True,2.22,Extended,0.1,None,Moderate ↑,backfill
2024-07-19,2395.5,70.0,70.0,68.57,46.41,100,100,40,65.0,1.244,62.12,16.85,0.0,-0.77,2.79,0.55,True,0.886,Normal,-1.094,None,Moderate ↑,backfill
2024-07-22,2392.0,71.14,71.14,64.56,42.29,100,100,55,65.0,1.173,61.38,15.74,0.0,-1.28,1.62,-0.27,True,0.772,Normal,-1.324,None,Moderate ↑,backfill
2024-07-23,2404.6,72.41,72.41,72.45,42.01,100,100,55,65.0,1.166,64.02,15.72,0.0,-2.35,3.81,3.1,True,1.024,Normal,-1.841,None,Moderate ↑,backfill
2024-07-24,2413.3,70.12,70.12,73.94,41.79,100,100,40,65.0,1.242,60.17,15.5,0.0,-1.69,3.58,3.68,True,1.185,Normal,-1.28,None,Moderate ↑,backfill
2024-07-25,2351.9,55.17,55.17,59.3,41.73,80,65,20,65.0,1.624,43.81,17.94,0.0,-4.07,1.52,1.18,True,-0.215,Normal,-2.436,None,Neutral →,backfill
2024-07-26,2380.0,66.01,66.01,69.52,41.53,100,100,20,65.0,1.613,54.27,18.01,0.0,-0.65,3.51,2.15,True,0.411,Normal,-0.475,None,Moderate ↑,backfill
2024-07-29,2377.3,71.46,71.46,68.45,75.3,100,100,20,65.0,1.62,52.98,18.03,0.0,-0.61,2.27,1.82,True,0.356,Normal,-0.416,None,Moderate ↑,backfill
2024-07-30,2405.0,71.19,71.19,73.98,68.17,100,100,20,65.0,1.72,55.4,18.39,0.0,0.02,3.32,2.54,True,0.968,Normal,-0.056,None,Moderate ↑,backfill
2024-07-31,2426.5,72.31,72.31,81.2,67.67,100,100,20,65.0,1.857,52.04,18.5,0.0,0.55,4.25,5.9,True,1.435,Normal,0.25,None,Moderate ↑,backfill
2024-08-01,2435.0,73.09,73.09,85.56,67.97,100,100,20,65.0,1.901,53.62,17.84,0.0,3.53,4.82,5.87,True,1.623,Normal,1.839,None,Moderate ↑,backfill
2024-08-02,2425.7,74.05,74.05,81.29,68.03,100,100,20,75.0,1.78,50.48,17.5,0.0,1.92,2.79,5.5,True,1.41,Normal,0.999,None,Moderate ↑,backfill
2024-08-05,2401.7,67.62,67.62,73.35,67.37,60,100,20,85.0,1.744,38.96,17.12,0.0,1.03,0.55,4.47,True,0.865,Normal,0.509,None,Moderate ↑,backfill
2024-08-06,2389.1,65.03,65.03,69.14,66.06,60,100,20,75.0,1.7,38.26,17.25,0.0,-0.66,1.44,2.91,True,0.561,Normal,-0.407,None,Moderate ↑,backfill
2024-08-07,2390.5,64.37,64.37,67.37,63.86,60,100,20,75.0,1.556,38.99,17.18,0.0,-1.48,1.29,3.25,True,0.567,Normal,-0.867,None,Moderate ↑,backfill
2024-08-08,2422.2,72.26,72.26,75.54,63.03,100,100,20,75.0,1.768,55.26,16.63,0.0,-0.53,2.11,4.69,True,1.225,Normal,-0.398,None,Moderate ↑,backfill
2024-08-09,2432.1,72.18,72.18,74.46,63.61,100,100,20,75.0,1.836,57.71,16.68,0.0,0.26,0.71,4.29,True,1.379,Normal,-0.031,None,Moderate ↑,backfill
2024-08-12,2462.4,73.32,73.32,80.64,64.3,100,100,20,75.0,1.827,60.4,17.17,0.0,2.53,2.0,4.02,True,1.91,Normal,1.045,None,Moderate ↑,backfill
2024-08-13,2466.7,72.29,72.29,83.25,65.52,100,100,20,65.0,1.982,59.77,16.23,0.0,3.25,1.81,5.59,True,1.886,Normal,1.325,None,Moderate ↑,backfill
2024-08-14,2439.4,68.21,68.21,73.27,66.0,100,100,20,50.0,1.946,68.28,16.66,0.0,2.05,-0.93,3.65,True,1.278,Normal,0.711,None,Moderate ↑,backfill
2024-08-15,2453.1,66.36,66.36,72.61,65.56,100,100,10,50.0,2.035,66.25,16.78,0.0,1.28,-0.07,2.7,True,1.481,Normal,0.256,None,Moderate ↑,backfill
2024-08-16,2498.6,67.16,67.16,82.89,65.08,70,100,20,65.0,1.513,72.66,15.71,0.0,2.73,1.91,4.98,True,2.205,Extended,0.826,None,Moderate ↑,backfill
2024-08-19,2501.8,71.94,71.94,82.57,64.04,100,100,20,65.0,1.503,69.9,15.66,0.0,1.6,4.44,3.71,True,2.111,Extended,0.2,None,Moderate ↑,backfill
2024-08-20,2511.3,75.05,75.05,81.97,63.31,100,100,40,65.0,1.488,68.34,15.63,0.0,1.81,4.99,3.18,True,2.142,Extended,0.256,None,Strong ↑,backfill
2024-08-21,2508.4,74.95,74.95,82.75,61.97,100,100,40,65.0,1.453,66.27,15.66,0.0,2.83,4.32,3.58,True,1.978,Normal,0.7,None,Moderate ↑,backfill
2024-08-22,2478.9,81.7,81.7,78.17,62.03,100,100,85,65.0,0.781,60.82,13.16,0.0,1.05,2.72,3.75,True,1.421,Normal,-0.06,None,Strong ↑,backfill
2024-08-23,2508.4,77.59,77.59,84.64,60.9,70,100,85,65.0,0.781,71.23,13.16,0.0,0.39,6.65,7.43,True,1.816,Normal,-0.389,None,Strong ↑,backfill
2024-08-26,2517.7,77.9,77.9,85.86,61.51,70,100,85,65.0,0.747,75.93,13.09,0.0,0.64,5.79,7.94,True,1.879,Normal,-0.232,None,Strong ↑,backfill
2024-08-27,2516.0,74.47,74.47,83.29,58.53,70,100,70,65.0,0.805,75.27,12.74,0.0,0.19,5.83,6.83,True,1.757,Normal,-0.385,None,Moderate ↑,backfill
2024-08-28,2501.0,80.5,80.5,80.6,52.39,100,100,85,65.0,0.728,67.01,12.8,0.0,-0.3,3.99,6.87,True,1.458,Normal,-0.52,None,Strong ↑,backfill
2024-08-29,2525.7,81.77,81.77,85.98,54.62,100,100,85,65.0,0.731,68.99,13.11,0.0,1.89,4.09,7.8,True,1.764,Normal,0.343,None,Strong ↑,backfill
2024-08-30,2493.8,77.44,77.44,75.8,53.86,100,100,70,65.0,0.801,56.33,13.92,0.0,-0.58,2.41,7.36,True,1.208,Normal,-0.608,None,Strong ↑,backfill
2024-09-03,2489.9,78.17,78.17,70.8,53.23,100,100,70,75.0,0.844,54.68,13.36,0.0,-1.1,2.65,6.11,True,1.107,Normal,-0.771,None,Strong ↑,backfill
2024-09-04,2493.4,78.54,78.54,73.41,52.85,100,100,70,75.0,0.899,62.06,13.11,0.0,-0.9,3.82,7.22,True,1.121,Normal,-0.636,None,Strong ↑,backfill
2024-09-05,2511.4,77.16,77.16,76.2,51.77,100,100,70,65.0,0.95,62.78,13.21,0.0,0.42,5.12,6.68,True,1.364,Normal,-0.094,None,Strong ↑,backfill
2024-09-06,2493.5,73.49,73.49,68.86,47.05,80,100,70,75.0,0.905,48.73,13.0,0.0,-1.27,4.31,5.2,True,1.047,Normal,-0.717,None,Moderate ↑,backfill
2024-09-09,2501.8,76.02,76.02,74.4,46.69,100,100,70,65.0,0.898,50.0,12.98,0.0,0.32,3.29,8.53,True,1.151,Normal,-0.057,None,Strong ↑,backfill
2024-09-10,2512.3,76.05,76.05,76.02,45.28,100,100,70,65.0,0.946,50.24,12.4,0.0,0.9,3.3,8.87,True,1.293,Normal,0.186,None,Strong ↑,backfill
2024-09-11,2512.1,75.58,75.58,74.6,43.9,100,100,70,65.0,0.974,50.91,12.4,0.0,0.75,2.02,8.87,True,1.255,Normal,0.134,None,Strong ↑,backfill
2024-09-12,2551.2,76.51,76.51,80.88,43.19,100,100,70,65.0,0.879,66.93,12.57,0.0,1.58,3.43,9.21,True,1.899,Normal,0.535,None,Strong ↑,backfill
2024-09-13,2581.3,77.73,77.73,88.82,42.55,100,100,70,65.0,0.86,67.02,12.96,0.0,3.52,5.82,12.22,True,2.294,Extended,1.248,None,Strong ↑,backfill
2024-09-16,2580.4,74.86,74.86,87.73,41.43,100,100,55,65.0,1.019,65.24,11.6,0.0,3.14,5.19,10.68,True,2.131,Extended,0.98,None,Moderate ↑,backfill
2024-09-17,2564.3,76.49,76.49,82.39,41.53,100,100,70,65.0,0.999,60.97,11.92,0.0,2.07,2.63,10.89,True,1.78,Normal,0.487,None,Strong ↑,backfill
2024-09-18,2570.7,76.47,76.47,82.87,40.94,100,100,70,65.0,0.974,66.48,11.89,0.0,2.33,2.75,10.31,True,1.809,Normal,0.554,None,Strong ↑,backfill
2024-09-19,2588.0,73.92,73.92,82.81,40.72,100,100,55,65.0,1.037,65.26,12.01,0.0,1.44,3.05,9.95,True,1.993,Normal,0.094,None,Moderate ↑,backfill
2024-09-20,2619.9,68.51,68.51,86.2,39.84,50,100,70,65.0,0.934,80.89,11.51,0.0,1.5,4.45,13.1,True,2.33,Extended,0.036,None,Moderate ↑,backfill
2024-09-23,2626.5,68.77,68.77,88.37,39.28,50,100,70,65.0,0.936,83.03,11.03,0.0,1.79,5.95,12.73,True,2.258,Extended,0.127,None,Moderate ↑,backfill
2024-09-24,2651.2,69.15,69.15,90.64,39.24,50,100,70,65.0,0.946,84.61,11.29,0.0,3.39,5.69,14.44,True,2.416,Extended,0.635,None,Moderate ↑,backfill
2024-09-25,2659.2,69.95,69.95,91.85,27.87,50,100,70,80.0,0.959,83.9,11.23,0.0,3.44,5.62,15.66,True,2.331,Extended,0.522,None,Moderate ↑,backfill
2024-09-26,2669.9,69.62,69.62,90.9,41.85,50,100,55,80.0,1.052,91.84,10.77,0.0,3.16,6.12,14.86,True,2.285,Extended,0.293,None,Moderate ↑,backfill
2024-09-27,2644.3,66.1,66.1,84.26,42.31,50,100,55,65.0,1.038,81.24,11.36,0.0,0.93,5.73,13.6,True,1.848,Normal,-0.482,None,Moderate ↑,backfill
2024-09-30,2636.1,73.58,73.58,79.72,41.77,70,100,85,65.0,0.786,77.41,10.2,0.0,0.37,4.37,13.25,True,1.664,Normal,-0.593,None,Moderate ↑,backfill
2024-10-01,2667.3,68.42,68.42,83.82,41.67,50,100,70,65.0,0.8,80.22,10.52,0.0,0.61,6.96,14.82,True,1.928,Normal,-0.488,None,Moderate ↑,backfill
2024-10-02,2647.1,70.4,70.4,75.88,41.53,70,100,70,65.0,0.802,70.16,11.18,0.0,-0.46,6.31,12.17,True,1.612,Normal,-0.719,None,Moderate ↑,backfill
2024-10-03,2657.1,81.99,81.99,75.84,41.1,100,100,85,90.0,0.784,67.4,11.08,0.0,-0.48,6.57,11.25,True,1.644,Normal,-0.641,None,Strong ↑,backfill
2024-10-04,2645.8,79.46,79.46,74.22,37.55,100,100,85,80.0,0.756,64.33,10.8,0.0,0.06,5.35,12.34,True,1.468,Normal,-0.38,None,Strong ↑,backfill
2024-10-07,2644.8,80.85,80.85,74.08,36.02,100,100,85,90.0,0.763,68.89,10.86,0.0,0.33,6.07,12.06,True,1.404,Normal,-0.26,None,Strong ↑,backfill
2024-10-08,2615.0,77.35,77.35,65.84,38.25,100,100,70,90.0,0.869,59.37,11.88,0.0,-1.96,4.52,10.24,True,1.023,Normal,-0.905,None,Strong ↑,backfill
2024-10-09,2606.0,79.51,79.51,63.76,38.31,100,100,85,90.0,0.799,53.94,12.01,0.0,-1.55,3.73,7.91,True,0.881,Normal,-0.731,None,Strong ↑,backfill
2024-10-10,2620.6,77.14,77.14,64.26,38.59,100,100,70,90.0,0.958,50.17,11.03,0.0,-1.37,4.32,8.56,True,1.017,Normal,-0.627,None,Strong ↑,backfill
2024-10-11,2657.6,77.9,77.9,70.06,37.31,100,100,70,90.0,0.881,56.44,11.33,0.0,0.45,4.17,9.69,True,1.405,Normal,-0.063,None,Strong ↑,backfill
2024-10-14,2647.8,74.2,74.2,63.76,36.43,80,100,85,80.0,0.795,49.25,11.46,0.0,0.11,2.58,7.53,True,1.239,Normal,-0.166,None,Moderate ↑,backfill
2024-10-15,2661.4,77.02,77.02,67.57,34.56,100,100,70,90.0,0.871,50.47,11.19,0.0,1.77,3.14,8.42,True,1.359,Normal,0.336,None,Strong ↑,backfill
2024-10-16,2674.0,76.03,76.03,72.29,33.88,100,100,70,80.0,0.906,50.88,11.23,0.0,2.61,4.28,9.06,True,1.473,Normal,0.591,None,Strong ↑,backfill
2024-10-17,2691.0,76.33,76.33,75.86,32.13,100,100,70,80.0,0.906,60.36,11.21,0.0,2.69,4.68,12.34,True,1.641,Normal,0.624,None,Strong ↑,backfill
2024-10-18,2713.7,76.3,76.3,75.94,31.89,100,100,70,80.0,0.99,66.18,10.83,0.0,2.11,4.86,13.45,True,1.852,Normal,0.446,None,Strong ↑,backfill
2024-10-21,2723.1,73.9,73.9,78.88,29.54,100,100,55,80.0,1.014,62.8,10.85,0.0,2.84,3.94,13.25,True,1.886,Normal,0.647,None,Moderate ↑,backfill
2024-10-22,2744.2,69.58,69.58,82.17,30.34,70,100,55,80.0,1.039,72.18,10.72,0.0,3.11,4.48,13.71,True,2.033,Extended,0.675,None,Moderate ↑,backfill
2024-10-23,2714.4,73.41,73.41,75.14,30.34,100,100,55,80.0,1.117,62.0,11.55,0.0,1.51,2.38,15.41,True,1.593,Normal,0.121,None,Moderate ↑,backfill
2024-10-24,2734.9,73.74,73.74,77.49,29.92,100,100,55,80.0,1.16,67.97,11.73,0.0,1.63,2.85,14.91,True,1.774,Normal,0.133,None,Moderate ↑,backfill
2024-10-25,2740.9,73.73,73.73,75.64,21.71,100,100,55,90.0,1.099,69.0,11.05,0.0,1.0,2.66,15.29,True,1.772,Normal,-0.08,None,Moderate ↑,backfill
2024-10-28,2742.9,66.4,66.4,75.08,18.35,70,100,55,80.0,1.058,78.41,10.91,0.0,0.73,3.73,14.05,True,1.708,Normal,-0.178,None,Moderate ↑,backfill
2024-10-29,2768.4,64.85,64.85,83.11,21.02,50,100,55,80.0,1.136,83.61,10.66,0.0,0.88,5.02,14.09,True,1.906,Normal,-0.128,None,Moderate ↑,backfill
2024-10-30,2788.5,64.66,64.66,85.88,22.09,50,100,40,90.0,1.248,83.97,10.22,0.0,2.73,4.54,14.52,True,2.014,Extended,0.421,None,Moderate ↑,backfill
2024-10-31,2738.3,68.29,68.29,75.16,24.56,100,100,20,90.0,1.743,65.5,12.45,0.0,0.12,3.45,12.89,True,1.38,Normal,-0.393,None,Moderate ↑,backfill
2024-11-01,2738.6,68.33,68.33,75.44,24.54,100,100,20,90.0,1.695,68.1,12.28,0.0,-0.08,3.07,14.03,True,1.335,Normal,-0.437,None,Moderate ↑,backfill
2024-11-04,2736.1,67.89,67.89,73.09,24.24,100,100,20,90.0,1.664,65.58,12.3,0.0,-0.25,3.41,14.52,True,1.255,Normal,-0.453,None,Moderate ↑,backfill
2024-11-05,2740.3,67.66,67.66,73.57,22.37,100,100,20,90.0,1.743,64.33,11.35,0.0,-1.02,3.61,14.63,True,1.252,Normal,-0.653,None,Moderate ↑,backfill
2024-11-06,2667.6,58.88,58.88,58.78,24.5,80,100,10,80.0,2.613,45.92,15.05,0.0,-4.34,2.01,10.13,True,0.391,Normal,-1.624,None,Neutral →,backfill
2024-11-07,2698.4,60.21,60.21,64.76,26.51,80,100,10,80.0,2.416,47.41,15.41,0.0,-1.46,3.55,10.95,True,0.718,Normal,-0.662,None,Moderate ↑,backfill
2024-11-08,2687.5,59.92,59.92,58.57,30.96,80,100,10,80.0,2.717,44.0,14.8,0.0,-1.87,2.55,9.14,True,0.559,Normal,-0.776,None,Neutral →,backfill
2024-11-11,2611.2,34.36,38.91,42.65,30.8,60,65,10,25.0,3.135,31.1,17.86,-4.55,-4.56,-1.75,5.86,True,-0.405,Normal,-1.661,⚠️ Mild Reversal,Weak ↓,backfill
2024-11-12,2600.0,34.29,38.84,43.61,29.42,60,65,10,25.0,2.992,32.83,17.77,-4.55,-5.12,-1.81,6.58,True,-0.594,Normal,-1.846,⚠️ Mild Reversal,Weak ↓,backfill
2024-11-13,2580.8,28.41,32.95,39.52,28.19,30,65,10,25.0,2.748,26.79,17.76,-4.55,-3.25,-3.03,5.21,True,-0.895,Normal,-1.285,⚠️ Mild Reversal,Very Weak ↓↓,backfill
2024-11-14,2568.2,27.26,31.81,34.12,26.71,30,65,10,25.0,2.568,24.49,17.54,-4.55,-4.83,-3.96,2.79,True,-1.104,Normal,-1.822,⚠️ Mild Reversal,Very Weak ↓↓,backfill
2024-11-15,2565.7,26.34,30.88,32.09,23.21,30,65,10,25.0,2.546,23.86,17.12,-4.55,-4.53,-4.66,2.55,True,-1.199,Normal,-1.757,⚠️ Mild Reversal,Very Weak ↓↓,backfill
2024-11-18,2610.6,29.5,34.05,39.66,24.62,30,65,20,25.0,1.847,27.99,18.4,-4.55,-0.02,-3.8,3.95,True,-0.619,Normal,-0.214,⚠️ Mild Reversal,Very Weak ↓↓,backfill
2024-11-19,2627.1,34.87,34.87,44.16,25.08,30,65,20,25.0,1.852,27.25,18.31,0.0,1.04,-3.53,4.73,True,-0.427,Normal,0.166,None,Weak ↓,backfill
2024-11-20,2648.2,39.16,39.16,51.81,23.15,60,65,10,25.0,2.039,36.17,18.34,0.0,2.61,-3.5,6.83,True,-0.15,Normal,0.745,None,Weak ↓,backfill
2024-11-21,2672.1,49.26,49.26,57.37,23.21,80,100,10,25.0,2.021,40.48,18.44,0.0,4.05,-1.56,6.53,True,0.208,Normal,1.312,None,Neutral →,backfill
2024-11-22,2709.9,50.59,50.59,62.65,15.9,80,100,20,25.0,1.944,46.59,19.15,0.0,5.62,-0.91,7.63,True,0.813,Normal,2.012,None,Neutral →,backfill
2024-11-25,2616.8,35.95,35.95,39.82,15.86,60,65,10,25.0,2.412,36.96,22.44,0.0,0.24,-4.53,4.01,True,-0.803,Normal,-0.184,None,Weak ↓,backfill
2024-11-26,2620.3,42.79,47.34,40.26,63.76,80,65,10,25.0,2.223,44.15,22.09,-4.55,-0.26,-4.47,4.77,True,-0.781,Normal,-0.354,⚠️ Mild Reversal,Weak ↓,backfill
2024-11-27,2639.9,43.26,47.8,40.4,66.41,80,65,10,25.0,2.224,42.56,22.1,-4.55,-0.31,-4.64,4.52,True,-0.47,Normal,-0.32,⚠️ Mild Reversal,Weak ↓,backfill
2024-11-29,2657.0,44.15,48.7,45.68,66.51,80,65,10,25.0,2.429,46.18,21.57,-4.55,-0.57,-4.72,6.54,True,-0.186,Normal,-0.394,⚠️ Mild Reversal,Weak ↓,backfill
2024-12-02,2634.9,46.34,50.89,38.98,66.33,100,65,10,25.0,2.484,53.43,21.69,-4.55,-2.77,-3.78,5.82,True,-0.607,Normal,-1.42,⚠️ Mild Reversal,Neutral →,backfill
2024-12-03,2644.7,52.25,52.25,46.89,66.59,100,65,10,25.0,2.509,56.5,21.78,0.0,1.07,-3.43,6.07,True,-0.432,Normal,0.371,None,Neutral →,backfill
2024-12-04,2653.8,52.13,52.13,47.45,65.32,100,65,10,25.0,2.621,60.94,21.82,0.0,1.28,-3.01,5.67,True,-0.261,Normal,0.52,None,Neutral →,backfill
2024-12-05,2626.6,46.12,50.66,39.0,64.96,100,65,10,25.0,2.414,58.39,20.13,-4.55,-0.5,-4.15,5.34,True,-0.757,Normal,-0.288,⚠️ Mild Reversal,Neutral →,backfill
2024-12-06,2638.6,47.06,51.6,45.12,64.5,100,65,10,25.0,2.434,60.19,19.74,-4.55,-0.69,-1.09,5.47,True,-0.519,Normal,-0.333,⚠️ Mild Reversal,Neutral →,backfill
2024-12-09,2664.9,53.02,53.02,53.29,64.84,100,65,10,25.0,2.588,58.01,20.06,0.0,1.14,-1.24,6.07,True,-0.036,Normal,0.571,None,Neutral →,backfill
2024-12-10,2697.6,69.64,69.64,64.0,63.82,100,100,10,80.0,2.341,59.92,17.69,0.0,2.0,0.38,7.38,True,0.553,Normal,0.985,None,Moderate ↑,backfill
2024-12-11,2733.8,71.45,71.45,73.01,65.72,100,100,10,80.0,2.427,61.56,17.99,0.0,3.01,4.7,7.16,True,1.188,Normal,1.449,None,Moderate ↑,backfill
2024-12-12,2687.5,69.88,69.88,63.29,66.02,100,100,10,80.0,2.438,51.96,18.94,0.0,2.32,3.37,4.11,True,0.32,Normal,1.077,None,Moderate ↑,backfill
2024-12-13,2656.0,59.05,59.05,53.33,66.0,80,65,10,80.0,2.321,43.03,19.4,0.0,0.66,2.91,2.93,True,-0.261,Normal,0.258,None,Neutral →,backfill
2024-12-16,2651.4,61.71,61.71,49.22,66.06,100,65,10,80.0,2.287,55.81,19.41,0.0,-0.51,3.24,3.4,True,-0.348,Normal,-0.313,None,Moderate ↑,backfill
2024-12-17,2644.4,60.99,60.99,44.72,66.2,100,65,10,80.0,2.678,54.0,18.58,0.0,-1.97,3.07,2.87,True,-0.478,Normal,-1.031,None,Moderate ↑,backfill
2024-12-18,2636.5,57.69,57.69,35.16,65.98,80,65,10,90.0,2.542,49.41,18.51,0.0,-3.56,0.99,1.87,True,-0.636,Normal,-1.823,None,Neutral →,backfill
2024-12-19,2592.2,36.15,40.7,28.63,65.56,60,65,10,15.0,2.335,39.78,19.17,-4.55,-3.55,-1.33,-1.06,True,-1.444,Normal,-1.763,⚠️ Mild Reversal,Weak ↓,backfill
2024-12-20,2628.7,42.01,46.55,33.9,65.42,80,65,10,25.0,2.141,49.06,19.58,-4.55,-1.03,-0.74,0.08,True,-0.775,Normal,-0.514,⚠️ Mild Reversal,Weak ↓,backfill
2024-12-23,2612.3,41.38,45.92,30.74,64.8,80,65,10,25.0,2.161,45.21,18.89,-4.55,-1.47,-2.24,-1.47,True,-1.05,Normal,-0.702,⚠️ Mild Reversal,Weak ↓,backfill
2024-12-24,2620.0,46.49,51.03,33.05,63.15,80,65,40,25.0,1.265,44.98,14.73,-4.55,-0.92,-3.32,-1.47,True,-0.893,Normal,-0.416,⚠️ Mild Reversal,Neutral →,backfill
2024-12-26,2638.8,64.03,64.03,38.88,60.28,100,65,40,80.0,1.401,51.86,14.93,0.0,0.09,0.84,-1.16,True,-0.541,Normal,0.094,None,Moderate ↑,backfill
2024-12-27,2617.2,50.2,50.2,36.16,55.06,80,65,40,25.0,1.268,46.83,14.97,0.0,0.96,-0.12,-1.02,True,-0.905,Normal,0.539,None,Neutral →,backfill
2024-12-30,2606.1,46.95,51.5,29.88,54.1,80,65,55,25.0,1.19,40.89,14.81,-4.55,-0.86,-1.28,-1.14,True,-1.063,Normal,-0.288,⚠️ Mild Reversal,Neutral →,backfill
2024-12-31,2629.2,46.75,46.75,36.08,54.4,60,65,40,25.0,1.312,39.07,14.92,0.0,0.65,-1.05,-1.43,True,-0.624,Normal,0.426,None,Neutral →,backfill
2025-01-02,2658.9,57.28,57.28,41.59,57.07,60,65,40,80.0,1.371,37.78,15.39,0.0,1.48,0.91,0.45,True,-0.072,Normal,0.822,None,Neutral →,backfill
2025-01-03,2645.0,59.57,59.57,35.24,57.19,80,65,40,80.0,1.414,42.25,15.46,0.0,0.23,0.01,-0.46,True,-0.293,Normal,0.248,None,Neutral →,backfill
2025-01-06,2638.4,50.61,50.61,36.24,57.43,80,65,40,25.0,1.457,46.47,15.05,0.0,0.81,-0.58,-0.28,True,-0.39,Normal,0.514,None,Neutral →,backfill
2025-01-07,2656.7,61.01,61.01,43.61,57.45,100,65,20,80.0,1.579,51.01,15.15,0.0,1.94,1.15,0.45,True,-0.021,Normal,1.042,None,Moderate ↑,backfill
2025-01-08,2664.5,70.47,70.47,45.06,57.75,100,100,40,80.0,1.341,53.81,14.78,0.0,1.34,0.98,1.89,True,0.161,Normal,0.785,None,Moderate ↑,backfill
2025-01-09,2683.8,70.42,70.42,44.76,57.77,100,100,40,80.0,1.399,58.6,14.36,0.0,0.94,0.71,2.99,True,0.577,Normal,0.648,None,Moderate ↑,backfill
2025-01-10,2708.5,62.97,62.97,50.32,57.53,70,100,20,80.0,1.573,72.76,13.92,0.0,2.4,0.4,3.35,True,1.145,Normal,1.439,None,Moderate ↑,backfill
2025-01-13,2673.5,60.07,60.07,37.29,58.13,100,100,40,25.0,1.404,58.82,13.38,0.0,1.33,-2.21,0.6,True,0.502,Normal,0.892,None,Moderate ↑,backfill
2025-01-14,2677.5,60.01,60.01,36.2,58.88,100,100,40,25.0,1.263,63.49,12.71,0.0,0.78,-0.37,1.12,True,0.646,Normal,0.667,None,Moderate ↑,backfill
2025-01-15,2712.5,73.66,73.66,46.37,60.56,100,100,55,80.0,1.193,67.2,13.41,0.0,1.8,2.13,1.92,True,1.526,Normal,1.365,None,Moderate ↑,backfill
2025-01-16,2746.4,75.41,75.41,54.56,62.89,100,100,55,80.0,1.184,68.94,13.88,0.0,2.33,3.58,2.71,True,2.321,Extended,1.744,None,Strong ↑,backfill
2025-01-17,2744.3,68.33,68.33,56.29,63.69,70,100,40,80.0,1.261,74.03,13.8,0.0,1.32,3.78,1.98,True,2.258,Extended,1.113,None,Moderate ↑,backfill
2025-01-21,2755.0,73.9,73.9,59.14,64.26,70,100,70,80.0,0.923,78.19,11.98,0.0,3.05,4.49,1.52,True,2.333,Extended,1.831,None,Moderate ↑,backfill
2025-01-22,2767.6,69.43,69.43,61.69,64.88,70,100,55,65.0,1.014,77.29,11.31,0.0,3.37,6.77,1.63,True,2.448,Extended,1.803,None,Moderate ↑,backfill
2025-01-23,2763.1,71.24,71.24,57.13,65.3,70,100,55,80.0,1.083,72.81,10.96,0.0,1.87,5.11,0.69,True,2.211,Extended,0.685,None,Moderate ↑,backfill
2025-01-24,2777.3,70.38,70.38,66.89,65.4,70,100,55,65.0,1.129,78.92,10.99,0.0,1.13,6.32,2.32,True,2.312,Extended,-0.008,None,Moderate ↑,backfill
2025-01-27,2737.5,70.26,70.26,51.16,65.4,100,100,40,65.0,1.319,68.92,12.38,0.0,-0.25,4.48,0.1,True,1.473,Normal,-0.786,None,Moderate ↑,backfill
2025-01-28,2766.8,64.32,64.32,57.03,53.86,70,100,40,65.0,1.402,70.17,12.17,0.0,0.43,4.85,0.94,True,1.934,Normal,-0.399,None,Moderate ↑,backfill
2025-01-29,2769.1,70.04,70.04,54.14,61.12,100,100,40,65.0,1.395,69.56,11.92,0.0,0.05,5.8,0.96,True,1.896,Normal,-0.552,None,Moderate ↑,backfill
2025-01-30,2823.0,71.83,71.83,67.19,73.78,70,100,55,65.0,1.078,73.05,13.08,0.0,2.17,8.32,1.97,True,2.701,Extreme Extended,0.49,None,Moderate ↑,backfill
2025-01-31,2812.5,78.52,78.52,59.36,76.75,100,100,70,65.0,0.995,68.07,13.0,0.0,1.27,6.97,0.86,True,2.328,Extended,0.016,None,Strong ↑,backfill
2025-02-03,2833.9,73.02,73.02,69.52,78.59,70,100,55,65.0,1.114,79.25,12.75,0.0,3.52,6.58,3.49,True,2.473,Extended,1.001,None,Moderate ↑,backfill
2025-02-04,2853.3,68.5,68.5,77.31,78.71,50,100,40,65.0,1.21,80.35,12.61,0.0,3.13,7.88,4.19,True,2.541,Extreme Extended,0.606,None,Moderate ↑,backfill
2025-02-05,2871.6,72.5,72.5,81.49,78.51,70,100,40,65.0,1.209,79.15,12.59,0.0,3.7,8.84,4.95,True,2.563,Extreme Extended,0.667,None,Moderate ↑,backfill
2025-02-06,2856.0,73.92,73.92,75.0,78.51,70,100,55,65.0,1.106,71.52,13.0,0.0,1.17,7.5,4.22,True,2.186,Extended,-0.515,None,Moderate ↑,backfill
2025-02-07,2867.3,74.67,74.67,79.42,78.59,70,100,55,65.0,1.083,73.31,12.93,0.0,1.95,7.61,7.49,True,2.179,Extended,-0.149,None,Moderate ↑,backfill
2025-02-10,2914.3,78.1,78.1,85.04,78.55,70,100,70,65.0,0.983,76.54,13.57,0.0,2.84,8.59,8.0,True,2.545,Extreme Extended,0.072,None,Strong ↑,backfill
2025-02-11,2912.5,77.39,77.39,80.82,78.55,70,100,70,65.0,0.882,75.04,12.27,0.0,2.07,7.53,8.37,True,2.329,Extended,-0.211,None,Strong ↑,backfill
2025-02-12,2909.0,77.47,77.47,81.37,78.47,70,100,70,65.0,0.863,75.3,12.39,0.0,1.3,8.81,11.4,True,2.131,Extended,-0.432,None,Strong ↑,backfill
2025-02-13,2925.9,78.68,78.68,88.63,78.47,70,100,70,65.0,0.884,75.53,11.98,0.0,2.45,9.28,12.53,True,2.158,Extended,-0.029,None,Strong ↑,backfill
2025-02-14,2883.6,74.07,74.07,75.86,78.57,70,100,55,65.0,1.061,74.89,13.1,0.0,0.57,6.31,11.73,True,1.628,Normal,-0.551,None,Moderate ↑,backfill
2025-02-18,2931.6,74.46,74.46,78.09,78.65,70,100,55,65.0,1.01,76.39,13.91,0.0,0.59,6.74,14.15,True,1.988,Normal,-0.558,None,Moderate ↑,backfill
2025-02-19,2919.4,76.31,76.31,74.2,78.65,70,100,70,65.0,0.939,73.33,14.15,0.0,0.24,6.38,13.79,True,1.769,Normal,-0.56,None,Strong ↑,backfill
2025-02-20,2940.0,76.68,76.68,76.75,78.31,70,100,70,65.0,0.958,70.26,14.21,0.0,1.07,6.72,12.62,True,1.857,Normal,-0.274,None,Strong ↑,backfill
2025-02-21,2937.6,76.13,76.13,73.8,77.99,70,100,70,65.0,0.974,72.28,14.18,0.0,0.4,6.14,11.82,True,1.736,Normal,-0.422,None,Strong ↑,backfill
2025-02-24,2947.9,77.5,77.5,82.57,77.45,70,100,70,65.0,0.954,71.14,14.16,0.0,2.23,6.69,11.32,True,1.732,Normal,0.104,None,Strong ↑,backfill
2025-02-25,2904.5,79.28,79.28,63.33,77.35,100,100,70,65.0,0.969,58.72,14.22,0.0,-0.92,4.58,8.7,True,1.293,Normal,-0.694,None,Strong ↑,backfill
2025-02-26,2916.8,79.66,79.66,65.76,77.21,100,100,70,65.0,0.952,57.86,13.96,0.0,-0.09,6.55,7.63,True,1.34,Normal,-0.429,None,Strong ↑,backfill
2025-02-27,2883.2,80.43,80.43,59.84,77.75,100,100,70,75.0,0.994,54.45,14.79,0.0,-1.93,4.21,10.18,True,1.01,Normal,-0.847,None,Strong ↑,backfill
2025-02-28,2836.8,67.24,67.24,50.82,67.61,80,100,40,65.0,1.308,45.52,14.64,0.0,-3.43,2.44,8.26,True,0.584,Normal,-1.152,None,Moderate ↑,backfill
2025-03-03,2890.2,71.33,71.33,55.34,62.65,80,100,55,75.0,1.144,46.53,15.88,0.0,-1.96,2.38,9.48,True,1.004,Normal,-0.727,None,Moderate ↑,backfill
2025-03-04,2909.6,72.42,72.42,62.89,61.65,80,100,55,75.0,1.139,49.6,15.84,0.0,0.18,3.45,9.51,True,1.126,Normal,-0.167,None,Moderate ↑,backfill
2025-03-05,2915.3,75.42,75.42,61.49,61.04,100,100,55,75.0,1.073,50.86,15.72,0.0,-0.05,2.87,10.64,True,1.136,Normal,-0.204,None,Strong ↑,backfill
2025-03-06,2916.6,74.34,74.34,61.22,59.82,80,100,70,75.0,0.999,48.68,15.6,0.0,1.16,2.22,10.28,True,1.105,Normal,0.095,None,Moderate ↑,backfill
2025-03-07,2904.7,74.54,74.54,57.41,59.82,100,100,55,75.0,1.01,53.29,15.54,0.0,2.39,1.15,9.45,True,0.964,Normal,0.38,None,Moderate ↑,backfill
2025-03-10,2891.0,72.78,72.78,52.99,58.67,80,100,70,75.0,0.941,42.92,15.61,0.0,0.03,1.23,10.07,True,0.809,Normal,-0.195,None,Moderate ↑,backfill
2025-03-11,2912.9,70.39,70.39,54.62,57.71,80,100,55,75.0,1.046,48.9,14.75,0.0,0.11,1.59,10.4,True,0.973,Normal,-0.153,None,Moderate ↑,backfill
2025-03-12,2939.1,70.73,70.73,57.77,56.59,80,100,55,75.0,1.069,49.85,15.07,0.0,0.82,0.85,10.29,True,1.18,Normal,0.044,None,Moderate ↑,backfill
2025-03-13,2984.3,79.35,79.35,70.84,60.26,100,100,70,75.0,0.994,56.77,15.91,0.0,2.32,2.47,10.63,True,1.563,Normal,0.458,None,Strong ↑,backfill
2025-03-14,2994.5,78.62,78.62,66.71,60.02,100,100,70,75.0,0.973,56.76,15.84,0.0,3.09,2.94,9.54,True,1.607,Normal,0.643,None,Strong ↑,backfill
2025-03-17,3000.0,78.59,78.59,66.99,59.54,100,100,70,75.0,0.962,65.57,14.78,0.0,3.77,2.53,11.63,True,1.598,Normal,0.789,None,Strong ↑,backfill
2025-03-18,3035.1,78.1,78.1,79.66,58.94,100,100,55,75.0,1.048,67.95,14.25,0.0,4.2,5.25,14.27,True,1.866,Normal,0.892,None,Strong ↑,backfill
2025-03-19,3035.9,71.1,71.1,78.57,58.05,70,100,55,65.0,1.066,75.73,14.1,0.0,3.29,3.56,14.5,True,1.811,Normal,0.631,None,Moderate ↑,backfill
2025-03-20,3040.0,67.46,67.46,78.37,56.39,50,100,55,65.0,1.035,89.94,13.98,0.0,1.87,4.13,14.96,True,1.787,Normal,0.224,None,Moderate ↑,backfill
2025-03-21,3018.2,70.8,70.8,66.24,53.55,70,100,70,65.0,0.846,78.73,14.3,0.0,0.79,2.66,14.48,True,1.524,Normal,-0.083,None,Moderate ↑,backfill
2025-03-24,3013.1,69.92,69.92,61.39,53.15,70,100,70,65.0,0.906,74.82,14.31,0.0,0.44,2.57,16.24,True,1.428,Normal,-0.17,None,Moderate ↑,backfill
2025-03-25,3023.7,69.81,69.81,61.43,52.41,70,100,70,65.0,0.88,75.4,13.11,0.0,-0.38,2.57,15.03,True,1.483,Normal,-0.383,None,Moderate ↑,backfill
2025-03-26,3020.9,69.77,69.77,61.81,51.81,70,100,70,65.0,0.886,74.27,13.12,0.0,-0.49,4.01,15.64,True,1.422,Normal,-0.39,None,Moderate ↑,backfill
2025-03-27,3060.2,70.38,70.38,69.16,68.09,50,100,70,65.0,0.871,82.09,12.72,0.0,0.66,4.92,16.8,True,1.792,Normal,0.005,None,Moderate ↑,backfill
2025-03-28,3086.5,79.02,79.02,76.77,72.37,50,100,100,75.0,0.398,88.35,10.77,0.0,2.26,7.05,16.97,True,1.993,Normal,0.469,None,Strong ↑,backfill
2025-03-31,3122.8,80.9,80.9,87.45,72.97,50,100,100,75.0,0.462,88.97,9.8,0.0,3.64,10.08,19.32,True,2.247,Extended,0.819,None,Strong ↑,backfill
2025-04-01,3118.9,80.54,80.54,84.98,73.27,50,100,100,75.0,0.447,86.4,9.9,0.0,3.15,7.91,19.68,True,2.094,Extended,0.612,None,Strong ↑,backfill
2025-04-02,3139.9,80.29,80.29,83.09,73.67,50,100,100,75.0,0.462,84.92,9.94,0.0,3.94,7.92,19.42,True,2.184,Extended,0.762,None,Strong ↑,backfill
2025-04-03,3097.0,77.97,77.97,69.52,73.33,70,100,70,85.0,0.89,70.06,11.59,0.0,1.2,6.23,16.48,True,1.677,Normal,-0.115,None,Strong ↑,backfill
2025-04-04,3012.0,70.55,70.55,44.98,73.31,100,100,20,85.0,1.901,51.79,15.54,0.0,-2.41,3.27,13.88,True,0.785,Normal,-1.208,None,Moderate ↑,backfill
2025-04-07,2951.3,59.95,59.95,31.08,73.63,60,100,10,85.0,2.063,38.38,17.2,0.0,-5.49,1.6,11.86,True,0.123,Normal,-2.124,None,Neutral →,backfill
2025-04-08,2968.4,63.93,63.93,34.58,73.98,80,100,10,85.0,2.057,41.05,17.12,0.0,-4.83,2.68,11.73,True,0.27,Normal,-1.825,None,Moderate ↑,backfill
2025-04-09,3056.5,75.79,75.79,55.54,74.2,100,100,40,85.0,1.265,51.79,19.65,0.0,-2.66,4.93,14.71,True,1.227,Normal,-0.957,None,Strong ↑,backfill
2025-04-10,3155.2,85.35,85.35,81.59,75.52,100,100,70,85.0,0.987,62.74,21.84,0.0,1.88,7.35,17.56,True,2.257,Extended,0.581,None,Very Strong ↑↑,backfill
2025-04-11,3222.2,86.41,86.41,88.05,75.42,100,100,70,85.0,0.964,67.43,22.75,0.0,6.98,7.97,18.97,True,2.759,Extreme Extended,1.974,None,Very Strong ↑↑,backfill
2025-04-14,3204.8,85.83,85.83,85.02,74.98,100,100,70,85.0,0.916,64.93,22.96,0.0,8.59,7.02,19.87,True,2.402,Extended,2.279,None,Very Strong ↑↑,backfill
2025-04-15,3218.7,85.9,85.9,86.25,74.12,100,100,70,85.0,0.895,66.01,22.77,0.0,8.43,7.29,20.21,True,2.371,Extended,2.101,None,Very Strong ↑↑,backfill
2025-04-16,3326.6,87.47,87.47,94.6,75.2,100,100,70,85.0,0.815,69.41,25.05,0.0,8.84,9.6,22.64,True,3.062,Extreme Extended,1.835,None,Very Strong ↑↑,backfill
2025-04-17,3308.7,88.07,88.07,94.04,74.38,100,100,85,75.0,0.793,66.39,25.27,0.0,4.86,8.99,20.47,True,2.639,Extreme Extended,0.382,None,Very Strong ↑↑,backfill
2025-04-21,3406.2,87.88,87.88,98.33,73.94,100,100,70,85.0,0.823,69.17,26.32,0.0,5.71,12.05,24.12,True,3.075,Extreme Extended,0.316,None,Very Strong ↑↑,backfill
2025-04-22,3400.8,87.88,87.88,97.67,74.58,100,100,70,85.0,0.824,69.03,26.32,0.0,6.12,12.68,23.44,True,2.745,Extreme Extended,0.342,None,Very Strong ↑↑,backfill
2025-04-23,3276.3,82.0,82.0,87.49,74.52,100,100,55,75.0,1.108,58.08,30.21,0.0,1.79,8.74,18.38,True,1.745,Normal,-0.626,None,Strong ↑,backfill
2025-04-24,3332.0,82.16,82.16,88.8,74.14,100,100,55,75.0,1.157,63.71,30.46,0.0,0.16,10.2,20.59,True,2.004,Extended,-1.058,None,Strong ↑,backfill
2025-04-25,3282.4,81.15,81.15,83.55,73.37,100,100,55,75.0,1.055,66.46,31.07,0.0,-0.79,8.66,18.19,True,1.586,Normal,-1.053,None,Strong ↑,backfill
2025-04-28,3332.5,76.13,76.13,85.96,70.82,70,100,55,75.0,1.092,73.51,31.29,0.0,-2.16,8.9,21.74,True,1.812,Normal,-1.263,None,Strong ↑,backfill
2025-04-29,3318.8,75.74,75.74,83.15,71.27,70,100,55,75.0,1.047,71.7,31.28,0.0,-2.41,7.53,19.95,True,1.64,Normal,-1.104,None,Strong ↑,backfill
2025-04-30,3305.0,80.1,80.1,83.65,66.93,100,100,55,75.0,1.022,66.95,31.34,0.0,0.88,5.83,19.35,True,1.481,Normal,-0.264,None,Strong ↑,backfill
2025-05-01,3210.0,75.5,75.5,58.37,64.62,100,100,55,75.0,1.091,53.76,33.18,0.0,-3.66,2.92,13.71,True,0.85,Normal,-1.153,None,Strong ↑,backfill
2025-05-02,3231.9,76.09,76.09,61.71,64.82,100,100,55,75.0,1.109,50.71,32.76,0.0,-1.54,2.93,14.91,True,0.949,Normal,-0.636,None,Strong ↑,backfill
2025-05-05,3311.3,79.41,79.41,83.55,62.93,100,100,55,75.0,1.137,57.14,31.73,0.0,-0.64,6.92,16.85,True,1.383,Normal,-0.429,None,Strong ↑,backfill
2025-05-06,3411.4,81.87,81.87,97.29,63.92,100,100,55,75.0,1.188,61.57,31.5,0.0,2.79,13.26,19.56,True,1.887,Normal,0.246,None,Strong ↑,backfill
2025-05-07,3381.4,81.28,81.28,94.64,63.03,100,100,55,75.0,1.199,53.63,31.99,0.0,2.31,14.57,17.75,True,1.626,Normal,0.145,None,Strong ↑,backfill
2025-05-08,3296.6,76.58,76.58,87.89,61.59,80,100,55,75.0,1.184,49.26,32.65,0.0,2.7,11.06,15.43,True,1.08,Normal,0.23,None,Strong ↑,backfill
2025-05-09,3335.4,75.08,75.08,94.48,61.02,80,100,40,75.0,1.226,45.36,31.15,0.0,3.2,9.12,16.33,True,1.261,Normal,0.311,None,Strong ↑,backfill
2025-05-12,3220.0,66.81,66.81,58.39,62.49,60,100,40,80.0,1.264,39.64,32.96,0.0,-2.76,2.05,10.49,True,0.544,Normal,-0.839,None,Moderate ↑,backfill
2025-05-13,3240.3,70.52,70.52,56.2,66.93,80,100,40,80.0,1.254,47.66,32.96,0.0,-5.02,0.56,11.25,True,0.637,Normal,-1.249,None,Moderate ↑,backfill
2025-05-14,3181.4,56.79,61.33,53.76,69.22,80,100,40,25.0,1.265,40.24,33.56,-4.55,-5.91,-0.73,9.36,True,0.242,Normal,-1.384,⚠️ Mild Reversal,Neutral →,backfill
2025-05-15,3220.7,71.39,71.39,59.02,69.3,80,100,40,80.0,1.442,45.95,31.61,0.0,-2.3,0.06,10.08,True,0.462,Normal,-0.618,None,Moderate ↑,backfill
2025-05-16,3182.0,53.0,57.55,51.29,68.98,60,100,40,25.0,1.395,39.97,31.8,-4.55,-4.6,-4.35,10.35,True,0.181,Normal,-1.08,⚠️ Mild Reversal,Neutral →,backfill
2025-05-19,3228.9,58.88,58.88,59.58,68.71,80,100,20,25.0,1.623,44.26,30.36,0.0,0.28,-2.41,10.14,True,0.462,Normal,-0.082,None,Neutral →,backfill
2025-05-20,3280.3,59.5,59.5,63.92,68.09,80,100,20,25.0,1.634,48.5,31.02,0.0,1.23,-3.7,12.36,True,0.783,Normal,0.146,None,Neutral →,backfill
2025-05-21,3309.3,64.92,64.92,67.81,66.73,100,100,40,15.0,1.479,56.58,28.43,0.0,4.02,-2.69,12.56,True,0.956,Normal,0.714,None,Moderate ↑,backfill
2025-05-22,3292.3,77.52,77.52,67.39,67.75,100,100,40,90.0,1.427,54.03,27.86,0.0,2.22,0.49,12.07,True,0.802,Normal,0.34,None,Strong ↑,backfill
2025-05-23,3363.6,73.75,73.75,80.16,67.37,100,100,20,75.0,1.515,53.52,28.34,0.0,5.71,0.95,14.1,True,1.281,Normal,1.1,None,Moderate ↑,backfill
2025-05-27,3299.1,73.87,73.87,76.2,67.05,80,100,40,80.0,1.377,42.05,28.71,0.0,2.17,0.51,13.59,True,0.768,Normal,0.306,None,Moderate ↑,backfill
2025-05-28,3293.6,67.01,67.01,68.63,88.41,80,100,40,25.0,1.418,43.56,28.68,0.0,0.41,-1.17,12.92,True,0.695,Normal,-0.088,None,Moderate ↑,backfill
2025-05-29,3317.1,75.98,75.98,74.5,91.35,100,100,40,50.0,1.388,51.65,28.76,0.0,0.24,-0.05,15.05,True,0.842,Normal,-0.114,None,Strong ↑,backfill
2025-05-30,3288.9,67.19,71.74,72.85,87.57,80,100,40,50.0,1.308,46.19,26.97,-4.55,-0.1,-0.49,15.94,True,0.591,Normal,-0.21,⚠️ Mild Reversal,Moderate ↑,backfill
2025-06-02,3370.6,78.94,78.94,86.18,82.49,100,100,40,65.0,1.292,63.07,28.13,0.0,0.21,5.0,16.62,True,1.193,Normal,-0.088,None,Strong ↑,backfill
2025-06-03,3350.2,79.02,79.02,85.96,83.17,100,100,40,65.0,1.294,59.53,27.04,0.0,1.55,3.66,15.14,True,0.994,Normal,0.226,None,Strong ↑,backfill
2025-06-04,3373.5,75.17,75.17,83.94,82.05,100,100,20,65.0,1.618,67.76,24.96,0.0,2.43,1.88,15.72,True,1.146,Normal,0.451,None,Strong ↑,backfill
2025-06-05,3350.7,71.29,71.29,76.85,80.9,100,100,20,50.0,1.638,62.4,24.89,0.0,1.01,-1.78,14.88,True,0.925,Normal,0.084,None,Moderate ↑,backfill
2025-06-06,3322.7,70.44,70.44,72.53,80.12,100,100,20,50.0,1.526,63.7,23.42,0.0,1.03,-1.74,14.39,True,0.659,Normal,0.068,None,Moderate ↑,backfill
2025-06-09,3332.1,76.46,76.46,72.15,81.61,100,100,40,65.0,1.359,60.84,23.08,0.0,-1.14,1.08,15.26,True,0.71,Normal,-0.483,None,Strong ↑,backfill
2025-06-10,3320.9,73.92,78.47,72.67,78.13,100,100,70,50.0,0.826,54.66,19.41,-4.55,-0.87,-0.43,14.01,True,0.579,Normal,-0.415,⚠️ Mild Reversal,Moderate ↑,backfill
2025-06-11,3321.3,84.12,84.12,74.56,80.18,100,100,85,65.0,0.744,51.47,19.34,0.0,-1.55,3.15,13.0,True,0.554,Normal,-0.592,None,Strong ↑,backfill
2025-06-12,3380.9,85.7,85.7,83.71,80.52,100,100,85,65.0,0.664,59.85,18.78,0.0,0.9,4.34,13.29,True,1.063,Normal,0.138,None,Very Strong ↑↑,backfill
2025-06-13,3431.2,88.79,88.79,93.09,79.68,100,100,85,75.0,0.66,57.88,18.96,0.0,3.27,7.85,14.58,True,1.466,Normal,0.807,None,Very Strong ↑↑,backfill
2025-06-16,3396.4,86.02,86.02,87.33,78.76,100,100,85,65.0,0.641,62.19,18.78,0.0,1.93,5.46,13.21,True,1.106,Normal,0.396,None,Very Strong ↑↑,backfill
2025-06-17,3386.6,87.66,87.66,86.22,79.76,100,100,85,75.0,0.611,61.53,18.42,0.0,1.98,6.43,11.58,True,1.001,Normal,0.422,None,Very Strong ↑↑,backfill
2025-06-18,3389.8,89.75,89.75,85.58,77.91,100,100,100,75.0,0.571,59.49,17.75,0.0,2.06,4.98,11.66,True,1.065,Normal,0.511,None,Very Strong ↑↑,backfill
2025-06-20,3368.1,87.74,87.74,73.82,77.63,100,100,100,75.0,0.519,60.52,17.76,0.0,-0.38,2.68,10.79,True,0.856,Normal,-0.208,None,Very Strong ↑↑,backfill
2025-06-23,3377.7,85.44,85.44,71.27,76.39,100,100,100,65.0,0.546,51.17,17.63,0.0,-1.56,2.07,11.91,True,1.003,Normal,-0.462,None,Very Strong ↑↑,backfill
2025-06-24,3317.4,78.89,78.89,66.85,76.51,80,100,85,65.0,0.667,45.24,17.19,0.0,-2.33,0.76,10.1,True,0.077,Normal,-1.028,None,Strong ↑,backfill
2025-06-25,3327.1,73.6,78.15,63.35,75.54,80,100,100,50.0,0.554,42.99,15.84,-4.55,-1.76,-1.09,10.03,True,0.199,Normal,-0.802,⚠️ Mild Reversal,Moderate ↑,backfill
2025-06-26,3333.5,82.05,82.05,68.37,78.94,80,100,100,65.0,0.541,47.26,15.82,0.0,-1.66,1.04,10.35,True,0.268,Normal,-0.798,None,Strong ↑,backfill
2025-06-27,3273.7,63.37,67.92,58.65,68.84,80,65,85,50.0,0.616,42.92,16.87,-4.55,-2.8,-0.6,6.98,True,-0.741,Normal,-1.597,⚠️ Mild Reversal,Moderate ↑,backfill
2025-06-30,3294.4,62.6,67.14,57.55,65.32,80,65,85,50.0,0.68,44.73,16.78,-4.55,-2.47,-0.68,6.74,True,-0.385,Normal,-1.388,⚠️ Mild Reversal,Moderate ↑,backfill
2025-07-01,3336.7,77.81,77.81,67.49,64.38,100,100,70,65.0,0.903,52.03,14.97,0.0,0.58,1.45,6.85,True,0.309,Normal,0.232,None,Strong ↑,backfill
2025-07-02,3348.0,74.98,74.98,66.89,62.97,100,100,70,50.0,0.972,53.34,14.88,0.0,0.63,-0.67,7.35,True,0.527,Normal,0.328,None,Moderate ↑,backfill
2025-07-03,3331.6,65.64,70.19,62.51,58.61,80,100,70,50.0,0.908,43.08,14.75,-4.55,-0.06,-0.56,6.11,True,0.278,Normal,0.01,⚠️ Mild Reversal,Moderate ↑,backfill
2025-07-04,3332.5,66.69,66.69,63.15,56.97,60,100,70,50.0,0.959,33.92,14.57,0.0,1.8,-1.22,7.6,True,0.275,Normal,1.016,None,Moderate ↑,backfill
2025-07-07,3332.2,63.96,63.96,63.11,55.66,60,100,55,50.0,1.084,38.22,14.27,0.0,1.15,-0.55,10.63,True,0.27,Normal,0.655,None,Moderate ↑,backfill
2025-07-08,3307.0,55.99,60.53,61.37,56.83,60,65,70,50.0,0.989,36.17,14.48,-4.55,-0.89,-0.47,12.05,True,-0.177,Normal,-0.487,⚠️ Mild Reversal,Neutral →,backfill
2025-07-09,3311.6,52.99,57.53,58.82,56.37,60,65,55,50.0,1.032,36.48,14.45,-4.55,-1.09,-0.62,11.56,True,-0.09,Normal,-0.617,⚠️ Mild Reversal,Neutral →,backfill
2025-07-10,3317.4,61.71,66.25,56.1,56.43,80,100,55,50.0,1.051,40.72,14.46,-4.55,-0.43,-0.11,8.54,True,0.012,Normal,-0.266,⚠️ Mild Reversal,Moderate ↑,backfill
2025-07-11,3356.0,66.47,66.47,56.63,57.17,80,100,40,65.0,1.249,46.41,13.61,0.0,0.71,1.04,6.36,True,0.665,Normal,0.39,None,Moderate ↑,backfill
2025-07-14,3351.5,62.79,62.79,49.94,56.77,100,100,20,50.0,1.515,56.92,12.44,0.0,0.58,-0.87,4.01,True,0.556,Normal,0.287,None,Moderate ↑,backfill
2025-07-15,3329.8,57.84,57.84,46.65,55.4,100,100,20,25.0,1.502,50.52,12.16,0.0,0.69,-2.96,3.9,True,0.134,Normal,0.312,None,Neutral →,backfill
2025-07-16,3352.5,57.99,57.99,48.19,54.74,100,100,20,25.0,1.583,53.46,12.43,0.0,1.24,-1.29,4.16,True,0.537,Normal,0.627,None,Neutral →,backfill
2025-07-17,3340.1,56.77,56.77,40.2,55.42,100,100,20,25.0,1.516,64.6,12.47,0.0,0.68,-1.37,0.41,True,0.344,Normal,0.332,None,Neutral →,backfill
2025-07-18,3353.0,56.26,60.81,39.62,55.24,100,100,20,50.0,1.673,63.34,12.38,-4.55,-0.09,-1.09,1.34,True,0.605,Normal,-0.06,⚠️ Mild Reversal,Neutral →,backfill
2025-07-21,3401.9,69.3,69.3,56.85,53.94,100,100,40,65.0,1.38,64.41,13.37,0.0,1.5,1.0,-0.13,True,1.469,Normal,0.913,None,Moderate ↑,backfill
2025-07-22,3439.2,72.89,72.89,63.86,53.45,100,100,55,65.0,1.161,68.08,12.07,0.0,3.29,1.82,1.13,True,2.036,Extended,1.902,None,Moderate ↑,backfill
2025-07-23,3394.1,71.78,71.78,57.63,53.05,100,100,55,65.0,1.17,61.12,13.12,0.0,1.24,2.31,3.6,True,1.194,Normal,0.656,None,Moderate ↑,backfill
2025-07-24,3371.0,70.64,70.64,49.56,54.28,100,100,55,65.0,1.099,56.35,13.39,0.0,0.93,1.32,1.17,True,0.739,Normal,0.394,None,Moderate ↑,backfill
2025-07-25,3334.0,66.66,66.66,47.83,52.13,100,65,70,65.0,0.823,50.26,12.35,0.0,-0.57,0.01,1.57,True,-0.014,Normal,-0.619,None,Moderate ↑,backfill
2025-07-28,3309.1,70.57,70.57,40.84,52.61,100,65,85,80.0,0.749,50.31,12.51,0.0,-2.73,1.08,-0.7,True,-0.595,Normal,-2.064,None,Moderate ↑,backfill
2025-07-29,3323.4,72.2,72.2,41.08,77.15,100,65,70,80.0,0.813,51.69,11.76,0.0,-3.37,0.88,0.14,True,-0.394,Normal,-2.431,None,Moderate ↑,backfill
2025-07-30,3295.8,54.93,59.47,31.33,70.5,80,65,85,25.0,0.757,47.09,12.01,-4.55,-2.9,-1.23,-0.28,True,-1.193,Normal,-2.387,⚠️ Mild Reversal,Neutral →,backfill
2025-07-31,3293.2,51.46,56.01,25.7,70.34,80,65,70,25.0,0.826,40.63,11.91,-4.55,-2.31,-1.64,2.59,True,-1.283,Normal,-2.021,⚠️ Mild Reversal,Neutral →,backfill
2025-08-01,3347.7,77.79,77.79,41.02,70.7,80,100,85,90.0,0.752,49.51,13.3,0.0,0.41,0.48,3.58,True,0.164,Normal,0.178,None,Strong ↑,backfill
2025-08-04,3374.4,80.48,80.48,47.49,70.42,100,100,85,80.0,0.733,55.72,13.57,0.0,1.97,1.26,1.91,True,0.852,Normal,1.447,None,Strong ↑,backfill
2025-08-05,3381.9,80.49,80.49,47.91,70.02,100,100,85,80.0,0.763,53.92,13.24,0.0,1.76,1.49,-0.86,True,1.039,Normal,1.434,None,Strong ↑,backfill
2025-08-06,3380.0,78.35,78.35,50.92,69.18,100,100,70,80.0,0.83,55.48,13.25,0.0,2.55,2.21,-0.04,True,0.949,Normal,2.143,None,Strong ↑,backfill
2025-08-07,3400.3,79.96,79.96,58.98,70.8,100,100,70,80.0,0.903,56.36,13.36,0.0,3.25,2.68,3.15,True,1.445,Normal,2.727,None,Strong ↑,backfill
2025-08-08,3439.1,81.21,81.21,60.9,76.37,100,100,70,80.0,0.906,55.14,13.34,0.0,2.73,3.67,3.11,True,2.315,Extended,2.151,None,Strong ↑,backfill
2025-08-11,3353.1,51.08,55.62,32.01,76.71,60,100,40,25.0,1.49,39.51,16.14,-4.55,-0.63,-0.09,4.13,True,0.052,Normal,-0.8,⚠️ Mild Reversal,Neutral →,backfill
2025-08-12,3348.9,44.33,48.88,26.73,76.53,80,65,20,25.0,1.561,43.88,15.97,-4.55,-0.98,-0.08,3.35,True,-0.048,Normal,-1.088,⚠️ Mild Reversal,Weak ↓,backfill
2025-08-13,3358.7,65.59,65.59,32.15,76.39,80,100,40,65.0,1.468,48.27,15.83,0.0,-0.63,0.87,5.57,True,0.209,Normal,-0.74,None,Moderate ↑,backfill
2025-08-14,3335.2,54.86,59.4,26.06,75.36,100,65,40,50.0,1.443,50.18,15.97,-4.55,-1.91,-0.52,3.56,True,-0.399,Normal,-1.844,⚠️ Mild Reversal,Neutral →,backfill
2025-08-15,3336.0,54.97,59.52,28.53,73.59,100,65,40,50.0,1.326,54.22,15.91,-4.55,-3.0,-0.12,4.84,True,-0.369,Normal,-2.684,⚠️ Mild Reversal,Neutral →,backfill
2025-08-18,3331.7,53.65,58.19,21.1,73.07,100,65,40,50.0,1.392,51.35,14.97,-4.55,-0.64,-0.64,3.18,True,-0.49,Normal,-0.543,⚠️ Mild Reversal,Neutral →,backfill
2025-08-19,3313.4,48.67,53.22,15.5,73.8,100,65,40,25.0,1.316,52.94,14.38,-4.55,-1.06,-2.6,1.01,True,-0.964,Normal,-0.915,⚠️ Mild Reversal,Neutral →,backfill
2025-08-20,3343.4,49.17,53.72,17.79,74.5,100,65,40,25.0,1.386,57.69,14.23,-4.55,-0.46,-2.79,1.03,True,-0.178,Normal,-0.387,⚠️ Mild Reversal,Neutral →,backfill
2025-08-21,3336.9,50.49,50.49,19.28,73.69,80,65,40,25.0,1.416,48.06,14.07,0.0,0.05,-1.69,1.35,True,-0.362,Normal,0.036,None,Neutral →,backfill
2025-08-22,3374.4,70.56,70.56,29.12,74.26,100,100,40,80.0,1.467,50.0,14.08,0.0,1.15,0.1,0.32,True,0.651,Normal,1.02,None,Moderate ↑,backfill
2025-08-25,3373.8,64.66,64.66,32.87,75.1,80,100,20,80.0,1.504,48.57,13.77,0.0,1.26,1.19,2.26,True,0.698,Normal,1.188,None,Moderate ↑,backfill
2025-08-26,3388.6,64.58,64.58,36.39,66.12,100,100,20,65.0,1.505,51.46,13.77,0.0,2.27,2.4,2.88,True,1.127,Normal,2.09,None,Moderate ↑,backfill
2025-08-27,3404.6,65.0,65.0,40.62,64.36,100,100,20,65.0,1.627,50.74,13.4,0.0,1.83,2.44,2.64,True,1.55,Normal,1.728,None,Moderate ↑,backfill
2025-08-28,3431.8,64.15,64.15,55.68,64.22,80,100,20,65.0,1.765,48.69,13.54,0.0,2.84,4.13,4.34,True,2.2,Extended,2.563,None,Moderate ↑,backfill
2025-08-29,3473.7,60.32,60.32,55.44,61.45,70,100,10,65.0,2.08,75.62,13.03,0.0,2.94,5.48,3.06,True,2.965,Extreme Extended,2.314,None,Moderate ↑,backfill
2025-09-02,3549.4,64.74,64.74,72.65,60.8,50,100,40,65.0,1.385,82.67,14.62,0.0,5.2,6.03,5.95,True,3.917,Extreme Extended,3.219,None,Moderate ↑,backfill
2025-09-03,3593.2,65.42,65.42,77.61,59.92,50,100,40,65.0,1.424,84.39,15.01,0.0,6.04,6.48,6.51,True,3.901,Extreme Extended,2.775,None,Moderate ↑,backfill
2025-09-04,3565.8,64.15,64.15,73.07,56.85,50,100,40,65.0,1.388,83.44,15.41,0.0,4.73,5.44,6.42,True,3.032,Extreme Extended,1.482,None,Moderate ↑,backfill
2025-09-05,3613.2,65.25,65.25,79.44,57.07,50,100,40,65.0,1.37,85.41,15.81,0.0,5.29,6.9,8.74,True,3.247,Extreme Extended,1.047,None,Moderate ↑,backfill
2025-09-08,3638.1,65.99,65.99,84.5,56.45,50,100,40,65.0,1.371,87.18,15.59,0.0,4.73,6.99,9.18,True,3.158,Extreme Extended,0.194,None,Moderate ↑,backfill
2025-09-09,3643.3,74.98,74.98,80.9,54.0,50,100,100,65.0,0.501,91.35,11.87,0.0,2.65,5.94,9.71,True,2.884,Extreme Extended,-1.033,None,Moderate ↑,backfill
2025-09-10,3643.6,74.4,74.4,79.2,52.21,50,100,100,65.0,0.494,90.66,11.8,0.0,1.4,8.66,9.7,True,2.618,Extreme Extended,-1.283,None,Moderate ↑,backfill
2025-09-11,3636.9,73.71,73.71,75.84,51.41,50,100,100,65.0,0.469,90.61,11.98,0.0,1.99,8.6,7.57,True,2.346,Extended,-0.686,None,Moderate ↑,backfill
2025-09-12,3649.4,72.84,72.84,69.62,52.39,50,100,100,65.0,0.447,89.92,11.3,0.0,1.0,8.66,6.36,True,2.282,Extended,-0.965,None,Moderate ↑,backfill
2025-09-15,3682.2,73.33,73.33,72.89,52.07,50,100,100,65.0,0.479,90.95,11.29,0.0,1.21,10.4,8.41,True,2.38,Extended,-0.778,None,Moderate ↑,backfill
2025-09-16,3688.9,73.13,73.13,72.27,51.51,50,100,100,65.0,0.494,90.75,11.12,0.0,1.25,10.58,8.93,True,2.258,Extended,-0.626,None,Moderate ↑,backfill
2025-09-17,3681.8,73.13,73.13,72.43,51.33,50,100,100,65.0,0.462,88.54,10.75,0.0,1.05,10.51,8.61,True,2.058,Extended,-0.56,None,Moderate ↑,backfill
2025-09-18,3643.7,72.44,72.44,64.46,50.18,70,100,85,65.0,0.645,78.6,11.93,0.0,0.19,9.97,8.18,True,1.664,Normal,-0.683,None,Moderate ↑,backfill
2025-09-19,3671.5,72.85,72.85,68.94,48.17,70,100,85,65.0,0.708,77.75,11.75,0.0,0.61,9.81,8.7,True,1.781,Normal,-0.502,None,Moderate ↑,backfill
2025-09-22,3740.7,74.79,74.79,79.8,48.92,70,100,85,65.0,0.639,77.34,12.55,0.0,1.59,12.1,12.76,True,2.151,Extended,-0.229,None,Moderate ↑,backfill
2025-09-23,3780.6,75.81,75.81,85.58,49.3,70,100,85,65.0,0.619,77.08,12.52,0.0,2.49,12.04,13.63,True,2.261,Extended,0.003,None,Strong ↑,backfill
2025-09-24,3732.1,73.75,73.75,72.87,49.62,70,100,85,65.0,0.732,72.65,14.08,0.0,1.37,10.62,11.96,True,1.817,Normal,-0.241,None,Moderate ↑,backfill
2025-09-25,3736.9,80.78,80.78,75.3,44.4,100,100,85,80.0,0.708,69.06,14.13,0.0,2.56,10.28,14.15,True,1.75,Normal,0.086,None,Strong ↑,backfill
2025-09-26,3775.3,76.0,76.0,79.56,56.43,70,100,85,65.0,0.706,70.3,14.22,0.0,2.83,10.89,14.6,True,1.887,Normal,0.106,None,Strong ↑,backfill
2025-09-29,3820.9,79.55,79.55,84.72,57.55,70,100,85,80.0,0.707,73.47,14.21,0.0,2.14,11.34,14.51,True,2.039,Extended,-0.112,None,Strong ↑,backfill
2025-09-30,3840.8,74.78,74.78,86.14,57.57,70,100,70,65.0,0.845,74.77,12.8,0.0,1.59,10.57,14.72,True,2.022,Extended,-0.24,None,Moderate ↑,backfill
2025-10-01,3867.5,75.06,75.06,87.85,57.51,70,100,70,65.0,0.871,77.58,12.49,0.0,3.63,8.96,16.09,True,2.037,Extended,0.22,None,Strong ↑,backfill
2025-10-02,3839.7,74.76,74.76,85.98,57.61,70,100,70,65.0,0.869,71.96,12.44,0.0,2.75,6.86,15.22,True,1.776,Normal,0.027,None,Moderate ↑,backfill
2025-10-03,3880.8,76.07,76.07,94.5,56.91,70,100,70,65.0,0.898,72.49,12.22,0.0,2.79,8.83,16.46,True,1.885,Normal,-0.002,None,Strong ↑,backfill
2025-10-06,3948.5,81.35,81.35,97.29,55.82,70,100,85,80.0,0.795,75.83,13.1,0.0,3.34,9.28,19.4,True,2.099,Extended,0.061,None,Strong ↑,backfill
2025-10-07,3976.6,78.99,78.99,97.77,56.16,70,100,70,80.0,0.834,78.15,13.09,0.0,3.54,9.3,20.08,True,2.103,Extended,0.081,None,Strong ↑,backfill
2025-10-08,4043.3,75.89,75.89,98.92,56.41,50,100,70,80.0,0.844,86.18,13.66,0.0,4.55,10.98,21.88,True,2.262,Extended,0.225,None,Strong ↑,backfill
2025-10-09,3946.3,72.8,72.8,90.66,56.16,70,100,40,80.0,1.403,72.11,16.88,0.0,2.78,8.31,17.59,True,1.716,Normal,-0.06,None,Moderate ↑,backfill
2025-10-10,3975.9,74.28,74.28,89.04,56.61,70,100,40,90.0,1.461,70.21,16.92,0.0,2.45,9.32,18.63,True,1.765,Normal,-0.12,None,Moderate ↑,backfill
2025-10-13,4108.6,79.28,79.28,98.8,56.85,70,100,70,80.0,0.944,74.31,19.64,0.0,4.05,12.58,23.39,True,2.214,Extended,0.115,None,Strong ↑,backfill
2025-10-14,4138.7,77.72,77.72,99.04,57.27,50,100,70,90.0,0.986,80.98,19.6,0.0,4.08,12.4,23.45,True,2.188,Extended,0.085,None,Strong ↑,backfill
2025-10-15,4176.9,77.26,77.26,96.04,57.51,50,100,70,90.0,0.876,81.9,19.42,0.0,3.3,13.23,25.05,True,2.19,Extended,-0.073,None,Strong ↑,backfill
2025-10-16,4280.2,78.02,78.02,100.02,58.11,50,100,70,90.0,0.909,83.46,19.4,0.0,8.46,16.25,27.65,True,2.407,Extended,0.691,None,Strong ↑,backfill
2025-10-17,4189.9,80.17,80.17,91.83,59.16,70,100,70,90.0,0.85,73.09,21.89,0.0,5.38,14.99,23.16,True,1.937,Normal,0.173,None,Strong ↑,backfill
2025-10-20,4336.4,82.17,82.17,98.31,59.74,70,100,85,80.0,0.704,76.77,23.65,0.0,5.54,18.11,26.09,True,2.3,Extended,0.086,None,Strong ↑,backfill
2025-10-21,4087.7,73.93,73.93,82.77,60.82,100,100,20,80.0,1.795,59.59,32.55,0.0,-1.23,9.28,20.44,True,1.356,Normal,-0.832,None,Moderate ↑,backfill
2025-10-22,4044.4,72.57,72.57,74.94,60.46,100,100,20,80.0,1.828,58.8,32.41,0.0,-3.17,6.98,19.98,True,1.156,Normal,-1.033,None,Moderate ↑,backfill
2025-10-23,4125.5,74.16,74.16,85.22,59.72,100,100,20,80.0,1.922,60.17,32.84,0.0,-3.61,10.54,23.74,True,1.386,Normal,-1.021,None,Moderate ↑,backfill
2025-10-24,4118.4,73.32,73.32,82.29,57.61,100,100,20,80.0,1.921,57.43,32.87,0.0,-1.71,10.21,24.46,True,1.31,Normal,-0.628,None,Moderate ↑,backfill
2025-10-27,4001.9,69.96,69.96,70.68,49.1,100,100,20,80.0,1.745,51.03,34.63,0.0,-7.71,6.0,20.42,True,0.861,Normal,-1.44,None,Moderate ↑,backfill
2025-10-28,3966.2,65.49,65.49,67.21,45.76,80,100,20,80.0,1.699,46.79,34.84,0.0,-2.97,3.8,20.34,True,0.7,Normal,-0.656,None,Moderate ↑,backfill
2025-10-29,3983.7,69.63,69.63,72.43,45.38,100,100,20,80.0,1.661,51.67,34.8,0.0,-1.5,3.72,20.97,True,0.734,Normal,-0.422,None,Moderate ↑,backfill
2025-10-30,4001.3,68.99,68.99,68.31,45.64,100,100,20,80.0,1.681,51.15,34.66,0.0,-3.01,3.46,19.52,True,0.77,Normal,-0.617,None,Moderate ↑,backfill
2025-10-31,3982.2,65.44,65.44,67.07,45.56,80,100,20,80.0,1.616,43.65,34.6,0.0,-3.31,3.71,18.01,True,0.665,Normal,-0.644,None,Moderate ↑,backfill
2025-11-03,4000.3,65.0,65.0,66.16,43.82,80,100,20,80.0,1.554,42.96,34.14,0.0,-0.04,3.08,18.29,True,0.708,Normal,-0.153,None,Moderate ↑,backfill
2025-11-04,3947.7,49.86,54.41,57.33,44.12,60,100,40,25.0,1.446,38.51,34.39,-4.55,-0.47,-0.02,16.8,True,0.46,Normal,-0.24,⚠️ Mild Reversal,Neutral →,backfill
2025-11-05,3980.3,64.67,64.67,65.04,42.97,60,100,40,80.0,1.425,33.82,33.99,0.0,-0.09,0.09,17.06,True,0.569,Normal,-0.165,None,Moderate ↑,backfill
2025-11-06,3979.9,46.95,51.5,61.47,42.51,60,100,20,25.0,1.505,37.45,32.9,-4.55,-0.53,-1.57,15.73,True,0.537,Normal,-0.232,⚠️ Mild Reversal,Neutral →,backfill
2025-11-07,3999.4,61.02,61.02,75.14,40.98,30,100,40,80.0,1.482,26.26,32.84,0.0,0.43,1.35,19.27,True,0.598,Normal,-0.068,None,Moderate ↑,backfill
2025-11-10,4111.8,71.38,71.38,87.95,40.36,100,100,20,80.0,1.584,52.1,32.22,0.0,2.79,3.42,22.78,True,1.104,Normal,0.397,None,Moderate ↑,backfill
2025-11-11,4106.8,61.96,61.96,86.87,39.86,100,100,20,25.0,1.516,55.83,32.12,0.0,4.03,-0.04,22.27,True,1.044,Normal,0.584,None,Moderate ↑,backfill
2025-11-12,4204.4,74.99,74.99,90.68,39.26,100,100,40,80.0,1.491,57.15,33.04,0.0,5.63,1.59,26.06,True,1.474,Normal,0.905,None,Moderate ↑,backfill
2025-11-13,4186.9,76.05,76.05,88.51,37.77,100,100,40,90.0,1.425,56.09,31.87,0.0,5.2,0.24,25.51,True,1.342,Normal,0.804,None,Strong ↑,backfill
2025-11-14,4087.6,63.29,63.29,78.19,36.57,100,100,40,25.0,1.436,57.86,32.09,0.0,2.21,-4.5,22.69,True,0.804,Normal,0.206,None,Moderate ↑,backfill
2025-11-17,4068.3,52.58,57.13,69.86,37.91,100,100,20,15.0,1.69,59.66,29.29,-4.55,-1.06,-2.9,22.78,True,0.673,Normal,-0.432,⚠️ Mild Reversal,Neutral →,backfill
2025-11-18,4061.3,60.27,64.82,65.48,38.43,100,100,70,15.0,0.934,57.49,21.61,-4.55,-1.11,-6.34,21.47,True,0.605,Normal,-0.439,⚠️ Mild Reversal,Moderate ↑,backfill
2025-11-19,4077.7,60.81,65.35,69.38,37.73,100,100,70,15.0,0.99,57.39,21.31,-4.55,-3.01,-0.24,22.2,True,0.663,Normal,-0.811,⚠️ Mild Reversal,Moderate ↑,backfill
2025-11-20,4056.5,76.98,76.98,64.68,37.19,100,100,70,90.0,0.953,57.16,20.15,0.0,-3.11,0.3,20.21,True,0.515,Normal,-0.827,None,Strong ↑,backfill
2025-11-21,4076.7,58.02,62.56,68.78,36.59,100,100,55,15.0,1.011,57.33,20.25,-4.55,-0.27,-1.18,20.83,True,0.6,Normal,-0.204,⚠️ Mild Reversal,Neutral →,backfill
2025-11-24,4091.9,67.5,67.5,71.55,33.45,100,100,85,15.0,0.785,64.91,17.54,0.0,0.58,-0.64,20.75,True,0.66,Normal,-0.013,None,Moderate ↑,backfill
2025-11-25,4139.2,81.04,81.04,82.05,54.16,100,100,70,80.0,0.86,65.94,17.49,0.0,1.92,3.43,21.58,True,0.916,Normal,0.311,None,Strong ↑,backfill
2025-11-26,4165.2,82.21,82.21,86.73,56.51,100,100,70,80.0,0.869,67.68,17.53,0.0,2.15,5.02,21.37,True,1.048,Normal,0.385,None,Strong ↑,backfill
2025-11-28,4218.3,80.34,80.34,87.21,44.8,100,100,70,80.0,0.883,69.63,17.89,0.0,3.99,5.89,21.44,True,1.367,Normal,0.853,None,Strong ↑,backfill
2025-12-01,4239.3,77.47,77.47,87.29,42.51,100,100,70,65.0,0.957,63.68,17.7,0.0,3.99,5.95,19.44,True,1.481,Normal,0.881,None,Strong ↑,backfill
2025-12-02,4186.6,76.09,76.09,78.98,42.57,100,100,70,65.0,0.91,57.77,18.49,0.0,2.31,5.13,16.51,True,1.087,Normal,0.427,None,Strong ↑,backfill
2025-12-03,4199.3,73.04,73.04,80.52,42.73,80,100,70,65.0,0.936,49.41,17.61,0.0,1.45,4.97,17.77,True,1.142,Normal,0.226,None,Moderate ↑,backfill
2025-12-04,4211.8,76.26,76.26,82.27,40.3,100,100,70,65.0,0.911,52.94,17.51,0.0,1.12,6.69,16.57,True,1.211,Normal,0.163,None,Strong ↑,backfill
2025-12-05,4212.9,75.32,75.32,78.73,38.19,100,100,70,65.0,0.912,69.24,17.5,0.0,-0.13,5.84,15.8,True,1.203,Normal,-0.164,None,Strong ↑,backfill
2025-12-08,4187.2,74.49,74.49,74.74,37.21,100,100,70,65.0,0.829,67.9,17.76,0.0,-1.23,5.21,14.93,True,0.979,Normal,-0.503,None,Moderate ↑,backfill
2025-12-09,4206.7,67.56,67.56,77.91,37.47,70,100,55,65.0,1.14,71.1,15.13,0.0,0.48,5.18,15.45,True,1.114,Normal,0.026,None,Moderate ↑,backfill
2025-12-10,4196.4,70.69,70.69,67.95,36.22,100,100,55,65.0,1.119,67.53,15.16,0.0,-0.07,2.06,15.38,True,0.998,Normal,-0.144,None,Moderate ↑,backfill
2025-12-11,4285.5,64.43,64.43,76.95,34.64,70,100,40,65.0,1.235,78.17,14.7,0.0,1.75,4.35,17.43,True,1.731,Normal,0.52,None,Moderate ↑,backfill
2025-12-12,4300.1,65.33,65.33,79.56,37.39,70,100,40,65.0,1.331,77.87,14.6,0.0,2.07,2.28,16.78,True,1.818,Normal,0.614,None,Moderate ↑,backfill
2025-12-15,4306.7,73.5,73.5,83.03,37.99,70,100,85,65.0,0.652,77.38,11.4,0.0,2.85,2.86,16.75,True,1.817,Normal,0.838,None,Moderate ↑,backfill
2025-12-16,4304.5,74.32,74.32,85.0,40.94,70,100,85,65.0,0.739,73.81,11.14,0.0,2.32,5.31,16.91,True,1.717,Normal,0.604,None,Moderate ↑,backfill
2025-12-17,4347.5,75.67,75.67,90.8,43.21,70,100,85,65.0,0.774,75.03,11.27,0.0,3.6,6.86,19.32,True,1.993,Normal,0.996,None,Strong ↑,backfill
2025-12-18,4339.5,79.96,79.96,86.59,43.19,100,100,85,65.0,0.729,69.0,11.42,0.0,1.26,6.85,18.19,True,1.814,Normal,0.082,None,Strong ↑,backfill
2025-12-19,4361.4,77.6,77.6,86.39,44.2,100,100,70,65.0,0.824,69.08,11.02,0.0,1.43,6.96,16.59,True,1.909,Normal,0.091,None,Strong ↑,backfill
2025-12-22,4444.6,72.68,72.68,92.09,43.98,50,100,85,65.0,0.708,86.82,12.24,0.0,3.2,9.57,17.56,True,2.432,Extended,0.615,None,Moderate ↑,backfill
2025-12-23,4482.8,73.06,73.06,95.28,43.07,50,100,85,65.0,0.717,87.71,12.33,0.0,4.14,9.96,20.11,True,2.506,Extreme Extended,0.788,None,Moderate ↑,backfill
2025-12-24,4480.6,72.47,72.47,93.53,41.29,50,100,85,65.0,0.69,86.76,12.17,0.0,3.06,9.5,19.9,True,2.299,Extended,0.306,None,Moderate ↑,backfill
2025-12-26,4529.1,71.03,71.03,94.78,31.39,50,100,85,65.0,0.684,88.28,12.38,0.0,4.37,9.42,19.97,True,2.434,Extended,0.62,None,Moderate ↑,backfill
2025-12-29,4325.1,63.2,63.2,74.1,30.08,100,100,10,65.0,2.387,61.66,20.71,0.0,-0.83,3.84,13.2,True,1.039,Normal,-0.87,None,Moderate ↑,backfill
2025-12-30,4370.1,63.52,63.52,73.41,32.73,100,100,10,65.0,2.383,63.25,20.91,0.0,-1.68,3.6,13.78,True,1.295,Normal,-1.137,None,Moderate ↑,backfill
2025-12-31,4325.6,62.66,62.66,68.31,32.65,100,100,10,65.0,2.378,59.92,20.74,0.0,-3.51,2.04,11.84,True,1.003,Normal,-1.502,None,Moderate ↑,backfill
2026-01-02,4314.4,62.86,62.86,69.64,32.53,100,100,10,65.0,2.219,52.52,20.78,0.0,-3.71,3.05,12.36,True,0.895,Normal,-1.404,None,Moderate ↑,backfill
2026-01-05,4436.9,65.58,65.58,76.16,32.31,100,100,20,65.0,1.713,60.04,22.79,0.0,-2.04,5.66,14.33,True,1.619,Normal,-0.815,None,Moderate ↑,backfill
2026-01-06,4482.2,66.56,66.56,84.14,30.2,100,100,20,65.0,1.84,62.19,22.91,0.0,3.63,6.42,13.52,True,1.804,Normal,0.765,None,Moderate ↑,backfill
2026-01-07,4449.3,65.55,65.55,78.47,29.82,100,100,20,65.0,1.838,59.65,22.98,0.0,1.81,5.61,11.89,True,1.523,Normal,0.227,None,Moderate ↑,backfill
2026-01-08,4449.7,66.29,66.29,78.59,34.18,100,100,20,65.0,1.743,57.22,22.99,0.0,2.87,6.27,10.05,True,1.46,Normal,0.456,None,Moderate ↑,backfill
2026-01-09,4490.3,66.89,66.89,84.06,32.29,100,100,20,65.0,1.908,60.18,23.0,0.0,4.08,6.74,13.79,True,1.634,Normal,0.739,None,Moderate ↑,backfill
2026-01-12,4604.3,70.22,70.22,90.48,30.86,100,100,20,80.0,1.793,64.59,23.45,0.0,3.77,9.72,15.81,True,2.181,Extended,0.562,None,Moderate ↑,backfill
2026-01-13,4589.2,68.7,68.7,82.25,29.94,100,100,20,80.0,1.689,59.46,23.57,0.0,2.39,7.09,11.7,True,1.977,Normal,0.173,None,Moderate ↑,backfill
2026-01-14,4626.3,69.27,69.27,84.5,31.14,100,100,20,80.0,1.792,59.4,23.62,0.0,3.98,7.59,11.78,True,2.068,Extended,0.546,None,Moderate ↑,backfill
2026-01-15,4616.3,69.77,69.77,82.19,36.43,100,100,20,80.0,1.778,58.8,23.66,0.0,3.74,7.19,10.52,True,1.91,Normal,0.45,None,Moderate ↑,backfill
2026-01-16,4588.4,68.28,68.28,74.2,35.5,100,100,20,80.0,1.614,53.95,23.77,0.0,2.18,6.6,7.2,True,1.691,Normal,0.057,None,Moderate ↑,backfill
2026-01-20,4759.6,66.79,66.79,87.31,33.41,50,100,40,90.0,1.315,80.27,26.5,0.0,3.37,9.48,13.6,True,2.456,Extended,0.276,None,Moderate ↑,backfill
2026-01-21,4831.8,65.41,65.41,87.33,35.1,50,100,40,80.0,1.365,80.99,26.75,0.0,5.29,11.34,11.42,True,2.624,Extreme Extended,0.647,None,Moderate ↑,backfill
2026-01-22,4908.8,64.34,64.34,96.89,34.12,50,100,40,65.0,1.374,87.51,26.56,0.0,6.11,12.55,20.09,True,2.756,Extreme Extended,0.687,None,Moderate ↑,backfill
2026-01-23,4976.2,63.68,63.68,98.51,28.55,50,100,40,65.0,1.398,89.7,26.71,0.0,7.8,11.96,23.04,True,2.777,Extreme Extended,0.867,None,Moderate ↑,backfill
2026-01-26,5079.7,63.45,63.45,99.2,26.47,50,100,40,65.0,1.488,89.45,27.13,0.0,10.71,13.32,23.13,True,2.897,Extreme Extended,1.206,None,Moderate ↑,backfill
2026-01-27,5079.9,63.18,63.18,99.0,25.08,50,100,40,65.0,1.369,88.84,27.17,0.0,6.73,13.38,23.35,True,2.627,Extreme Extended,0.171,None,Moderate ↑,backfill
2026-01-28,5301.6,80.75,80.75,100.3,69.2,50,100,100,65.0,0.232,94.47,23.26,0.0,9.72,17.06,32.48,True,3.055,Extreme Extended,0.432,None,Strong ↑,backfill
2026-01-29,5318.4,78.22,78.22,100.16,54.18,50,100,100,65.0,0.225,94.56,23.39,0.0,8.34,22.97,34.09,True,2.805,Extreme Extended,0.05,None,Strong ↑,backfill
2026-01-30,4713.9,66.17,66.17,78.29,43.75,100,100,10,65.0,3.183,57.27,48.52,0.0,-5.27,7.87,18.33,True,0.852,Normal,-1.925,None,Moderate ↑,backfill
2026-02-02,4622.5,65.48,65.48,73.39,44.5,100,100,10,65.0,3.113,50.6,49.19,0.0,-9.0,6.86,15.52,True,0.532,Normal,-2.365,None,Moderate ↑,backfill
2026-02-03,4903.7,67.91,67.91,87.83,44.6,100,100,10,65.0,2.347,58.82,52.4,0.0,-3.47,13.66,23.14,True,1.382,Normal,-1.246,None,Moderate ↑,backfill
2026-02-04,4920.4,67.69,67.69,85.94,45.2,100,100,10,65.0,2.301,58.35,52.37,0.0,-7.19,10.9,23.0,True,1.379,Normal,-1.677,None,Moderate ↑,backfill
2026-02-05,4861.4,68.65,68.65,82.55,44.32,100,100,10,75.0,2.283,56.77,52.54,0.0,-8.59,8.46,23.15,True,1.144,Normal,-1.661,None,Moderate ↑,backfill
2026-02-06,4951.2,70.68,70.68,96.18,42.93,100,100,10,75.0,2.387,59.69,52.71,0.0,5.03,11.28,24.39,True,1.378,Normal,0.525,None,Moderate ↑,backfill
2026-02-09,5050.9,69.09,69.09,98.45,41.12,100,100,10,65.0,2.425,58.09,52.93,0.0,9.27,13.51,26.91,True,1.622,Normal,1.09,None,Moderate ↑,backfill
2026-02-10,5003.8,68.03,68.03,92.79,40.4,100,100,10,65.0,2.198,54.84,52.73,0.0,2.04,11.44,25.11,True,1.41,Normal,0.028,None,Moderate ↑,backfill
2026-02-11,5071.6,68.16,68.16,93.13,40.84,100,100,10,65.0,2.389,54.61,52.73,0.0,3.07,10.15,23.34,True,1.55,Normal,0.171,None,Moderate ↑,backfill
2026-02-12,4923.7,64.79,64.79,83.37,40.38,80,100,10,75.0,2.173,48.58,54.06,0.0,1.28,7.29,19.89,True,1.044,Normal,-0.1,None,Moderate ↑,backfill
2026-02-13,5022.0,64.74,64.74,84.98,38.49,80,100,10,75.0,2.335,48.43,54.3,0.0,1.43,8.55,19.45,True,1.299,Normal,-0.079,None,Moderate ↑,backfill
2026-02-17,4882.9,62.8,62.8,73.71,38.09,80,100,10,75.0,2.234,45.03,55.35,0.0,-3.33,5.78,16.62,True,0.829,Normal,-0.793,None,Moderate ↑,backfill
2026-02-18,4986.5,62.97,62.97,84.34,38.49,80,100,10,65.0,2.334,41.54,54.39,0.0,-0.35,8.68,21.99,True,1.113,Normal,-0.297,None,Moderate ↑,backfill
2026-02-19,4975.9,63.12,63.12,79.18,34.56,80,100,10,75.0,2.211,40.78,54.23,0.0,-1.89,4.54,22.31,True,1.039,Normal,-0.512,None,Moderate ↑,backfill
2026-02-20,5080.9,75.29,75.29,88.61,88.11,100,100,10,65.0,2.216,63.52,54.43,0.0,3.19,5.16,25.11,True,1.324,Normal,0.28,None,Strong ↑,backfill
2026-02-23,5204.7,72.38,72.38,91.51,87.79,70,100,10,75.0,2.226,70.95,54.83,0.0,3.64,6.03,27.64,True,1.65,Normal,0.351,None,Moderate ↑,backfill
2026-02-24,5155.8,77.89,77.89,89.62,87.69,100,100,10,80.0,2.045,60.89,54.58,0.0,5.59,3.61,27.1,True,1.438,Normal,0.61,None,Strong ↑,backfill
2026-02-25,5206.4,77.79,77.79,88.57,88.15,100,100,10,80.0,2.153,62.0,54.66,0.0,4.41,2.49,27.71,True,1.533,Normal,0.421,None,Strong ↑,backfill
2026-02-26,5176.5,77.43,77.43,86.69,87.87,100,100,10,80.0,2.199,63.56,52.53,0.0,4.03,1.9,26.51,True,1.381,Normal,0.343,None,Strong ↑,backfill
2026-02-27,5230.5,65.36,65.36,82.15,75.0,100,100,10,25.0,2.292,62.4,52.65,0.0,2.94,-1.34,26.36,True,1.491,Normal,0.166,None,Moderate ↑,backfill
2026-03-02,5294.4,74.91,74.91,81.93,67.55,100,100,85,15.0,0.682,61.16,32.74,0.0,1.72,-0.45,27.11,True,1.622,Normal,-0.027,None,Moderate ↑,backfill
2026-03-03,5107.4,85.34,85.34,82.11,69.94,100,100,70,90.0,0.848,54.21,34.7,0.0,-0.94,8.35,21.08,True,0.991,Normal,-0.447,None,Very Strong ↑↑,backfill
2026-03-04,5193.7,78.89,78.89,86.51,76.83,100,100,20,90.0,1.989,54.89,28.63,0.0,-0.24,12.36,22.51,True,1.221,Normal,-0.312,None,Strong ↑,backfill
2026-03-05,5065.3,75.27,75.27,74.68,76.95,100,100,10,90.0,2.421,55.76,30.2,0.0,-2.15,3.3,20.99,True,0.774,Normal,-0.607,None,Strong ↑,backfill
2026-03-06,5146.1,75.8,75.8,77.71,77.07,100,100,10,90.0,2.638,55.12,30.16,0.0,-1.61,4.59,22.55,True,1.0,Normal,-0.491,None,Strong ↑,backfill
2026-03-09,5091.5,75.16,75.16,74.4,76.53,100,100,10,90.0,2.444,59.25,29.96,0.0,-3.83,4.73,20.89,True,0.786,Normal,-0.837,None,Strong ↑,backfill
2026-03-10,5224.6,77.39,77.39,85.22,79.12,100,100,10,90.0,2.142,60.29,30.49,0.0,2.29,5.52,24.01,True,1.182,Normal,0.191,None,Strong ↑,backfill
2026-03-11,5160.0,76.58,76.58,76.16,83.33,100,100,10,90.0,2.105,57.6,30.65,0.0,-0.65,2.16,23.23,True,0.928,Normal,-0.293,None,Strong ↑,backfill
2026-03-12,5102.2,78.16,78.16,74.26,84.72,100,100,20,90.0,1.988,50.92,30.65,0.0,0.73,1.97,21.29,True,0.705,Normal,-0.069,None,Strong ↑,backfill
2026-03-13,5061.7,59.1,63.64,66.65,100.2,80,100,20,15.0,1.884,43.38,28.89,-4.55,-1.64,-0.2,20.62,True,0.534,Normal,-0.465,⚠️ Mild Reversal,Neutral →,backfill
2026-03-16,5018.4,75.76,75.76,64.36,100.2,80,100,20,90.0,1.747,43.61,28.28,0.0,-1.44,1.92,17.1,True,0.346,Normal,-0.44,None,Strong ↑,backfill
2026-03-17,5016.5,57.81,62.35,59.0,100.12,80,100,20,15.0,1.697,40.75,26.41,-4.55,-3.98,-0.11,16.66,True,0.303,Normal,-0.879,⚠️ Mild Reversal,Neutral →,backfill
2026-03-18,4837.4,47.01,51.55,49.22,100.08,60,65,20,15.0,1.94,35.57,28.32,-4.55,-6.25,-0.93,12.32,True,-0.459,Normal,-1.388,⚠️ Mild Reversal,Neutral →,backfill
2026-03-19,4647.1,33.89,42.98,37.83,100.08,30,65,10,15.0,2.183,27.76,31.23,-9.09,-8.92,-6.81,7.96,True,-1.29,Normal,-1.995,🔴 Strong Reversal,Weak ↓,backfill
2026-03-20,4574.9,33.45,42.54,34.82,100.4,30,65,10,15.0,2.031,22.74,30.19,-9.09,-9.62,-8.06,5.23,True,-1.64,Depressed,-2.174,🔴 Strong Reversal,Weak ↓,backfill
2026-03-22,4458.0,31.84,40.93,25.22,100.34,30,65,10,15.0,2.175,24.02,28.97,-9.09,-11.17,-12.26,2.73,True,-2.149,Extreme Depressed,-2.495,🔴 Strong Reversal,Weak ↓,backfill
2026-03-23,4441.2,31.23,40.32,21.57,100.34,30,65,10,15.0,2.237,18.12,28.99,-9.09,-11.47,-14.67,1.83,True,-2.198,Extreme Depressed,-2.5,🔴 Strong Reversal,Weak ↓,backfill
2026-03-24,4569.5,33.63,42.72,25.98,100.34,30,65,20,15.0,1.813,29.0,31.09,-9.09,-5.54,-11.37,2.81,True,-1.636,Depressed,-1.177,🔴 Strong Reversal,Weak ↓,backfill
2026-03-25,4504.2,33.37,42.46,24.44,100.34,30,65,20,15.0,1.76,22.44,31.21,-9.09,-3.08,-13.49,0.48,True,-1.884,Depressed,-0.594,🔴 Strong Reversal,Weak ↓,backfill
2026-03-26,4433.1,32.08,41.17,18.86,98.15,30,65,20,15.0,1.823,22.13,30.7,-9.09,-3.1,-14.36,-1.06,True,-2.106,Extreme Depressed,-0.467,🔴 Strong Reversal,Weak ↓,backfill
2026-03-27,4524.3,40.23,40.23,26.08,100.32,30,65,10,10.0,2.29,19.27,31.52,0.0,1.49,-13.5,-0.11,True,-1.705,Depressed,0.444,None,Weak ↓,backfill
2026-03-29,4532.7,45.42,45.42,27.15,100.4,30,65,40,10.0,1.257,21.04,30.0,0.0,2.06,-14.39,4.8,True,-1.655,Depressed,0.543,None,Neutral →,backfill
2026-03-30,4592.5,45.56,45.56,28.07,100.32,30,65,40,10.0,1.227,26.51,29.67,0.0,0.5,-10.08,5.09,True,-1.381,Normal,0.256,None,Neutral →,backfill
2026-03-31,4711.6,53.21,53.21,38.96,100.32,60,65,40,15.0,1.269,34.96,30.79,0.0,4.6,-9.28,8.92,True,-0.893,Normal,0.991,None,Neutral →,backfill
2026-04-01,4705.2,53.73,53.73,41.97,100.4,60,65,40,15.0,1.207,36.1,29.99,0.0,6.14,-7.11,9.06,True,-0.895,Normal,1.212,None,Neutral →,backfill
2026-04-02,4702.7,53.09,53.09,38.19,100.36,60,65,40,15.0,1.264,36.08,29.92,0.0,3.94,-8.62,5.99,True,-0.876,Normal,0.829,None,Neutral →,backfill
2026-04-05,4657.7,58.07,58.07,33.09,100.32,80,65,55,15.0,1.181,40.95,27.9,0.0,2.76,-8.52,3.92,True,-1.011,Normal,0.644,None,Neutral →,backfill
